ISO-10303-21;
HEADER;
FILE_DESCRIPTION(('Open CASCADE Model'),'2;1');
FILE_NAME('Open CASCADE Shape Model','2026-01-27T22:11:50',('Author'),(
    'Open CASCADE'),'Open CASCADE STEP processor 7.8','Open CASCADE 7.8'
  ,'Unknown');
FILE_SCHEMA(('AUTOMOTIVE_DESIGN { 1 0 10303 214 1 1 1 1 }'));
ENDSEC;
DATA;
#1 = APPLICATION_PROTOCOL_DEFINITION('international standard',
  'automotive_design',2000,#2);
#2 = APPLICATION_CONTEXT(
  'core data for automotive mechanical design processes');
#3 = SHAPE_DEFINITION_REPRESENTATION(#4,#10);
#4 = PRODUCT_DEFINITION_SHAPE('','',#5);
#5 = PRODUCT_DEFINITION('design','',#6,#9);
#6 = PRODUCT_DEFINITION_FORMATION('','',#7);
#7 = PRODUCT('Open CASCADE STEP translator 7.8 16',
  'Open CASCADE STEP translator 7.8 16','',(#8));
#8 = PRODUCT_CONTEXT('',#2,'mechanical');
#9 = PRODUCT_DEFINITION_CONTEXT('part definition',#2,'design');
#10 = SHAPE_REPRESENTATION('',(#11,#15,#19,#23,#27,#31,#35),#39);
#11 = AXIS2_PLACEMENT_3D('',#12,#13,#14);
#12 = CARTESIAN_POINT('',(0.,0.,0.));
#13 = DIRECTION('',(0.,0.,1.));
#14 = DIRECTION('',(1.,0.,-0.));
#15 = AXIS2_PLACEMENT_3D('',#16,#17,#18);
#16 = CARTESIAN_POINT('',(0.,0.,0.));
#17 = DIRECTION('',(0.,0.,1.));
#18 = DIRECTION('',(1.,0.,-0.));
#19 = AXIS2_PLACEMENT_3D('',#20,#21,#22);
#20 = CARTESIAN_POINT('',(0.,0.,0.));
#21 = DIRECTION('',(0.,0.,1.));
#22 = DIRECTION('',(1.,0.,-0.));
#23 = AXIS2_PLACEMENT_3D('',#24,#25,#26);
#24 = CARTESIAN_POINT('',(0.,0.,0.));
#25 = DIRECTION('',(0.,0.,1.));
#26 = DIRECTION('',(1.,0.,-0.));
#27 = AXIS2_PLACEMENT_3D('',#28,#29,#30);
#28 = CARTESIAN_POINT('',(0.,0.,0.));
#29 = DIRECTION('',(0.,0.,1.));
#30 = DIRECTION('',(1.,0.,-0.));
#31 = AXIS2_PLACEMENT_3D('',#32,#33,#34);
#32 = CARTESIAN_POINT('',(0.,0.,0.));
#33 = DIRECTION('',(0.,0.,1.));
#34 = DIRECTION('',(1.,0.,-0.));
#35 = AXIS2_PLACEMENT_3D('',#36,#37,#38);
#36 = CARTESIAN_POINT('',(0.,0.,0.));
#37 = DIRECTION('',(0.,0.,1.));
#38 = DIRECTION('',(1.,0.,-0.));
#39 = ( GEOMETRIC_REPRESENTATION_CONTEXT(3) 
GLOBAL_UNCERTAINTY_ASSIGNED_CONTEXT((#43)) GLOBAL_UNIT_ASSIGNED_CONTEXT(
(#40,#41,#42)) REPRESENTATION_CONTEXT('Context #1',
  '3D Context with UNIT and UNCERTAINTY') );
#40 = ( LENGTH_UNIT() NAMED_UNIT(*) SI_UNIT(.MILLI.,.METRE.) );
#41 = ( NAMED_UNIT(*) PLANE_ANGLE_UNIT() SI_UNIT($,.RADIAN.) );
#42 = ( NAMED_UNIT(*) SI_UNIT($,.STERADIAN.) SOLID_ANGLE_UNIT() );
#43 = UNCERTAINTY_MEASURE_WITH_UNIT(LENGTH_MEASURE(2.E-07),#40,
  'distance_accuracy_value','confusion accuracy');
#44 = PRODUCT_RELATED_PRODUCT_CATEGORY('part',$,(#7));
#45 = SHAPE_DEFINITION_REPRESENTATION(#46,#52);
#46 = PRODUCT_DEFINITION_SHAPE('','',#47);
#47 = PRODUCT_DEFINITION('design','',#48,#51);
#48 = PRODUCT_DEFINITION_FORMATION('','',#49);
#49 = PRODUCT('Open CASCADE STEP translator 7.8 16.1',
  'Open CASCADE STEP translator 7.8 16.1','',(#50));
#50 = PRODUCT_CONTEXT('',#2,'mechanical');
#51 = PRODUCT_DEFINITION_CONTEXT('part definition',#2,'design');
#52 = ADVANCED_BREP_SHAPE_REPRESENTATION('',(#11,#53),#1265);
#53 = MANIFOLD_SOLID_BREP('',#54);
#54 = CLOSED_SHELL('',(#55,#143,#458,#733,#760,#787,#814,#841,#868,#923,
    #950,#977,#1004,#1059,#1114,#1153,#1208,#1258));
#55 = ADVANCED_FACE('',(#56),#70,.T.);
#56 = FACE_BOUND('',#57,.F.);
#57 = EDGE_LOOP('',(#58,#88,#115,#116));
#58 = ORIENTED_EDGE('',*,*,#59,.T.);
#59 = EDGE_CURVE('',#60,#62,#64,.T.);
#60 = VERTEX_POINT('',#61);
#61 = CARTESIAN_POINT('',(114.3,0.,25.4));
#62 = VERTEX_POINT('',#63);
#63 = CARTESIAN_POINT('',(114.3,-2.914659381971E-15,1.6));
#64 = SEAM_CURVE('',#65,(#69,#81),.PCURVE_S1.);
#65 = LINE('',#66,#67);
#66 = CARTESIAN_POINT('',(114.3,0.,25.4));
#67 = VECTOR('',#68,1.);
#68 = DIRECTION('',(0.,-1.224646799147E-16,-1.));
#69 = PCURVE('',#70,#75);
#70 = CYLINDRICAL_SURFACE('',#71,114.3);
#71 = AXIS2_PLACEMENT_3D('',#72,#73,#74);
#72 = CARTESIAN_POINT('',(0.,0.,25.4));
#73 = DIRECTION('',(-0.,1.224646799147E-16,1.));
#74 = DIRECTION('',(1.,0.,0.));
#75 = DEFINITIONAL_REPRESENTATION('',(#76),#80);
#76 = LINE('',#77,#78);
#77 = CARTESIAN_POINT('',(-0.,0.));
#78 = VECTOR('',#79,1.);
#79 = DIRECTION('',(-0.,-1.));
#80 = ( GEOMETRIC_REPRESENTATION_CONTEXT(2) 
PARAMETRIC_REPRESENTATION_CONTEXT() REPRESENTATION_CONTEXT('2D SPACE',''
  ) );
#81 = PCURVE('',#70,#82);
#82 = DEFINITIONAL_REPRESENTATION('',(#83),#87);
#83 = LINE('',#84,#85);
#84 = CARTESIAN_POINT('',(-6.28318530718,0.));
#85 = VECTOR('',#86,1.);
#86 = DIRECTION('',(-0.,-1.));
#87 = ( GEOMETRIC_REPRESENTATION_CONTEXT(2) 
PARAMETRIC_REPRESENTATION_CONTEXT() REPRESENTATION_CONTEXT('2D SPACE',''
  ) );
#88 = ORIENTED_EDGE('',*,*,#89,.T.);
#89 = EDGE_CURVE('',#62,#62,#90,.T.);
#90 = SURFACE_CURVE('',#91,(#96,#103),.PCURVE_S1.);
#91 = CIRCLE('',#92,114.3);
#92 = AXIS2_PLACEMENT_3D('',#93,#94,#95);
#93 = CARTESIAN_POINT('',(0.,-2.914659381971E-15,1.6));
#94 = DIRECTION('',(0.,-1.224646799147E-16,-1.));
#95 = DIRECTION('',(1.,0.,0.));
#96 = PCURVE('',#70,#97);
#97 = DEFINITIONAL_REPRESENTATION('',(#98),#102);
#98 = LINE('',#99,#100);
#99 = CARTESIAN_POINT('',(-0.,-23.8));
#100 = VECTOR('',#101,1.);
#101 = DIRECTION('',(-1.,0.));
#102 = ( GEOMETRIC_REPRESENTATION_CONTEXT(2) 
PARAMETRIC_REPRESENTATION_CONTEXT() REPRESENTATION_CONTEXT('2D SPACE',''
  ) );
#103 = PCURVE('',#104,#109);
#104 = PLANE('',#105);
#105 = AXIS2_PLACEMENT_3D('',#106,#107,#108);
#106 = CARTESIAN_POINT('',(-3.062683061506E-15,-4.374121200231E-15,1.6)
  );
#107 = DIRECTION('',(0.,-1.224646799147E-16,-1.));
#108 = DIRECTION('',(1.,0.,0.));
#109 = DEFINITIONAL_REPRESENTATION('',(#110),#114);
#110 = CIRCLE('',#111,114.3);
#111 = AXIS2_PLACEMENT_2D('',#112,#113);
#112 = CARTESIAN_POINT('',(3.062683061506E-15,-1.45946181826E-15));
#113 = DIRECTION('',(1.,0.));
#114 = ( GEOMETRIC_REPRESENTATION_CONTEXT(2) 
PARAMETRIC_REPRESENTATION_CONTEXT() REPRESENTATION_CONTEXT('2D SPACE',''
  ) );
#115 = ORIENTED_EDGE('',*,*,#59,.F.);
#116 = ORIENTED_EDGE('',*,*,#117,.F.);
#117 = EDGE_CURVE('',#60,#60,#118,.T.);
#118 = SURFACE_CURVE('',#119,(#124,#131),.PCURVE_S1.);
#119 = CIRCLE('',#120,114.3);
#120 = AXIS2_PLACEMENT_3D('',#121,#122,#123);
#121 = CARTESIAN_POINT('',(0.,0.,25.4));
#122 = DIRECTION('',(0.,-1.224646799147E-16,-1.));
#123 = DIRECTION('',(1.,0.,0.));
#124 = PCURVE('',#70,#125);
#125 = DEFINITIONAL_REPRESENTATION('',(#126),#130);
#126 = LINE('',#127,#128);
#127 = CARTESIAN_POINT('',(-0.,0.));
#128 = VECTOR('',#129,1.);
#129 = DIRECTION('',(-1.,0.));
#130 = ( GEOMETRIC_REPRESENTATION_CONTEXT(2) 
PARAMETRIC_REPRESENTATION_CONTEXT() REPRESENTATION_CONTEXT('2D SPACE',''
  ) );
#131 = PCURVE('',#132,#137);
#132 = PLANE('',#133);
#133 = AXIS2_PLACEMENT_3D('',#134,#135,#136);
#134 = CARTESIAN_POINT('',(-3.062683061506E-15,-1.45946181826E-15,25.4)
  );
#135 = DIRECTION('',(0.,-1.224646799147E-16,-1.));
#136 = DIRECTION('',(1.,0.,0.));
#137 = DEFINITIONAL_REPRESENTATION('',(#138),#142);
#138 = CIRCLE('',#139,114.3);
#139 = AXIS2_PLACEMENT_2D('',#140,#141);
#140 = CARTESIAN_POINT('',(3.062683061506E-15,-1.45946181826E-15));
#141 = DIRECTION('',(1.,0.));
#142 = ( GEOMETRIC_REPRESENTATION_CONTEXT(2) 
PARAMETRIC_REPRESENTATION_CONTEXT() REPRESENTATION_CONTEXT('2D SPACE',''
  ) );
#143 = ADVANCED_FACE('',(#144,#147,#182,#217,#252,#287,#322,#353,#388,
    #423),#132,.F.);
#144 = FACE_BOUND('',#145,.F.);
#145 = EDGE_LOOP('',(#146));
#146 = ORIENTED_EDGE('',*,*,#117,.T.);
#147 = FACE_BOUND('',#148,.F.);
#148 = EDGE_LOOP('',(#149));
#149 = ORIENTED_EDGE('',*,*,#150,.T.);
#150 = EDGE_CURVE('',#151,#151,#153,.T.);
#151 = VERTEX_POINT('',#152);
#152 = CARTESIAN_POINT('',(-74.10479066835,74.10479066835,25.4));
#153 = SURFACE_CURVE('',#154,(#159,#170),.PCURVE_S1.);
#154 = CIRCLE('',#155,9.55);
#155 = AXIS2_PLACEMENT_3D('',#156,#157,#158);
#156 = CARTESIAN_POINT('',(-67.35192090801,67.351920908019,25.4));
#157 = DIRECTION('',(1.232595164408E-32,1.224646799147E-16,1.));
#158 = DIRECTION('',(-0.707106781187,0.707106781187,-8.659560562355E-17)
  );
#159 = PCURVE('',#132,#160);
#160 = DEFINITIONAL_REPRESENTATION('',(#161),#169);
#161 = ( BOUNDED_CURVE() B_SPLINE_CURVE(2,(#162,#163,#164,#165,#166,#167
,#168),.UNSPECIFIED.,.T.,.F.) B_SPLINE_CURVE_WITH_KNOTS((1,2,2,2,2,1),(
    -2.094395102393,0.,2.094395102393,4.188790204786,6.28318530718,
8.377580409573),.UNSPECIFIED.) CURVE() GEOMETRIC_REPRESENTATION_ITEM() 
RATIONAL_B_SPLINE_CURVE((1.,0.5,1.,0.5,1.,0.5,1.)) REPRESENTATION_ITEM(
  '') );
#162 = CARTESIAN_POINT('',(-74.10479066835,-74.10479066835));
#163 = CARTESIAN_POINT('',(-85.80110419014,-62.40847714656));
#164 = CARTESIAN_POINT('',(-69.82364278874,-58.12732926695));
#165 = CARTESIAN_POINT('',(-53.84618138735,-53.84618138735));
#166 = CARTESIAN_POINT('',(-58.12732926695,-69.82364278874));
#167 = CARTESIAN_POINT('',(-62.40847714656,-85.80110419014));
#168 = CARTESIAN_POINT('',(-74.10479066835,-74.10479066835));
#169 = ( GEOMETRIC_REPRESENTATION_CONTEXT(2) 
PARAMETRIC_REPRESENTATION_CONTEXT() REPRESENTATION_CONTEXT('2D SPACE',''
  ) );
#170 = PCURVE('',#171,#176);
#171 = CYLINDRICAL_SURFACE('',#172,9.55);
#172 = AXIS2_PLACEMENT_3D('',#173,#174,#175);
#173 = CARTESIAN_POINT('',(-67.35192090801,67.351920908019,26.4));
#174 = DIRECTION('',(-0.,1.224646799147E-16,1.));
#175 = DIRECTION('',(-0.707106781187,0.707106781187,-8.659560562355E-17)
  );
#176 = DEFINITIONAL_REPRESENTATION('',(#177),#181);
#177 = LINE('',#178,#179);
#178 = CARTESIAN_POINT('',(-6.28318530718,-1.));
#179 = VECTOR('',#180,1.);
#180 = DIRECTION('',(1.,-0.));
#181 = ( GEOMETRIC_REPRESENTATION_CONTEXT(2) 
PARAMETRIC_REPRESENTATION_CONTEXT() REPRESENTATION_CONTEXT('2D SPACE',''
  ) );
#182 = FACE_BOUND('',#183,.F.);
#183 = EDGE_LOOP('',(#184));
#184 = ORIENTED_EDGE('',*,*,#185,.T.);
#185 = EDGE_CURVE('',#186,#186,#188,.T.);
#186 = VERTEX_POINT('',#187);
#187 = CARTESIAN_POINT('',(-1.961766711985E-14,104.8,25.4));
#188 = SURFACE_CURVE('',#189,(#194,#205),.PCURVE_S1.);
#189 = CIRCLE('',#190,9.55);
#190 = AXIS2_PLACEMENT_3D('',#191,#192,#193);
#191 = CARTESIAN_POINT('',(-1.749714114282E-14,95.25,25.4));
#192 = DIRECTION('',(0.,1.224646799147E-16,1.));
#193 = DIRECTION('',(-2.22044604925E-16,1.,-1.224646799147E-16));
#194 = PCURVE('',#132,#195);
#195 = DEFINITIONAL_REPRESENTATION('',(#196),#204);
#196 = ( BOUNDED_CURVE() B_SPLINE_CURVE(2,(#197,#198,#199,#200,#201,#202
,#203),.UNSPECIFIED.,.T.,.F.) B_SPLINE_CURVE_WITH_KNOTS((1,2,2,2,2,1),(
    -2.094395102393,0.,2.094395102393,4.188790204786,6.28318530718,
8.377580409573),.UNSPECIFIED.) CURVE() GEOMETRIC_REPRESENTATION_ITEM() 
RATIONAL_B_SPLINE_CURVE((1.,0.5,1.,0.5,1.,0.5,1.)) REPRESENTATION_ITEM(
  '') );
#197 = CARTESIAN_POINT('',(-1.655498405835E-14,-104.8));
#198 = CARTESIAN_POINT('',(-16.54108521228,-104.8));
#199 = CARTESIAN_POINT('',(-8.270542606141,-90.475));
#200 = CARTESIAN_POINT('',(-1.253248151362E-14,-76.15));
#201 = CARTESIAN_POINT('',(8.270542606141,-90.475));
#202 = CARTESIAN_POINT('',(16.541085212283,-104.8));
#203 = CARTESIAN_POINT('',(-1.655498405835E-14,-104.8));
#204 = ( GEOMETRIC_REPRESENTATION_CONTEXT(2) 
PARAMETRIC_REPRESENTATION_CONTEXT() REPRESENTATION_CONTEXT('2D SPACE',''
  ) );
#205 = PCURVE('',#206,#211);
#206 = CYLINDRICAL_SURFACE('',#207,9.55);
#207 = AXIS2_PLACEMENT_3D('',#208,#209,#210);
#208 = CARTESIAN_POINT('',(-1.749714114282E-14,95.25,26.4));
#209 = DIRECTION('',(-0.,1.224646799147E-16,1.));
#210 = DIRECTION('',(-2.22044604925E-16,1.,-1.224646799147E-16));
#211 = DEFINITIONAL_REPRESENTATION('',(#212),#216);
#212 = LINE('',#213,#214);
#213 = CARTESIAN_POINT('',(-6.28318530718,-1.));
#214 = VECTOR('',#215,1.);
#215 = DIRECTION('',(1.,-0.));
#216 = ( GEOMETRIC_REPRESENTATION_CONTEXT(2) 
PARAMETRIC_REPRESENTATION_CONTEXT() REPRESENTATION_CONTEXT('2D SPACE',''
  ) );
#217 = FACE_BOUND('',#218,.F.);
#218 = EDGE_LOOP('',(#219));
#219 = ORIENTED_EDGE('',*,*,#220,.T.);
#220 = EDGE_CURVE('',#221,#221,#223,.T.);
#221 = VERTEX_POINT('',#222);
#222 = CARTESIAN_POINT('',(74.10479066835,74.10479066835,25.4));
#223 = SURFACE_CURVE('',#224,(#229,#240),.PCURVE_S1.);
#224 = CIRCLE('',#225,9.55);
#225 = AXIS2_PLACEMENT_3D('',#226,#227,#228);
#226 = CARTESIAN_POINT('',(67.351920908019,67.351920908019,25.4));
#227 = DIRECTION('',(0.,1.224646799147E-16,1.));
#228 = DIRECTION('',(0.707106781187,0.707106781187,-8.659560562355E-17)
  );
#229 = PCURVE('',#132,#230);
#230 = DEFINITIONAL_REPRESENTATION('',(#231),#239);
#231 = ( BOUNDED_CURVE() B_SPLINE_CURVE(2,(#232,#233,#234,#235,#236,#237
,#238),.UNSPECIFIED.,.T.,.F.) B_SPLINE_CURVE_WITH_KNOTS((1,2,2,2,2,1),(
    -2.094395102393,0.,2.094395102393,4.188790204786,6.28318530718,
8.377580409573),.UNSPECIFIED.) CURVE() GEOMETRIC_REPRESENTATION_ITEM() 
RATIONAL_B_SPLINE_CURVE((1.,0.5,1.,0.5,1.,0.5,1.)) REPRESENTATION_ITEM(
  '') );
#232 = CARTESIAN_POINT('',(74.10479066835,-74.10479066835));
#233 = CARTESIAN_POINT('',(62.40847714656,-85.80110419014));
#234 = CARTESIAN_POINT('',(58.127329266958,-69.82364278874));
#235 = CARTESIAN_POINT('',(53.846181387356,-53.84618138735));
#236 = CARTESIAN_POINT('',(69.823642788748,-58.12732926695));
#237 = CARTESIAN_POINT('',(85.80110419014,-62.40847714656));
#238 = CARTESIAN_POINT('',(74.10479066835,-74.10479066835));
#239 = ( GEOMETRIC_REPRESENTATION_CONTEXT(2) 
PARAMETRIC_REPRESENTATION_CONTEXT() REPRESENTATION_CONTEXT('2D SPACE',''
  ) );
#240 = PCURVE('',#241,#246);
#241 = CYLINDRICAL_SURFACE('',#242,9.55);
#242 = AXIS2_PLACEMENT_3D('',#243,#244,#245);
#243 = CARTESIAN_POINT('',(67.351920908019,67.351920908019,26.4));
#244 = DIRECTION('',(0.,1.224646799147E-16,1.));
#245 = DIRECTION('',(0.707106781187,0.707106781187,-8.659560562355E-17)
  );
#246 = DEFINITIONAL_REPRESENTATION('',(#247),#251);
#247 = LINE('',#248,#249);
#248 = CARTESIAN_POINT('',(-6.28318530718,-1.));
#249 = VECTOR('',#250,1.);
#250 = DIRECTION('',(1.,-0.));
#251 = ( GEOMETRIC_REPRESENTATION_CONTEXT(2) 
PARAMETRIC_REPRESENTATION_CONTEXT() REPRESENTATION_CONTEXT('2D SPACE',''
  ) );
#252 = FACE_BOUND('',#253,.F.);
#253 = EDGE_LOOP('',(#254));
#254 = ORIENTED_EDGE('',*,*,#255,.T.);
#255 = EDGE_CURVE('',#256,#256,#258,.T.);
#256 = VERTEX_POINT('',#257);
#257 = CARTESIAN_POINT('',(-104.8,-1.283429845506E-14,25.4));
#258 = SURFACE_CURVE('',#259,(#264,#275),.PCURVE_S1.);
#259 = CIRCLE('',#260,9.55);
#260 = AXIS2_PLACEMENT_3D('',#261,#262,#263);
#261 = CARTESIAN_POINT('',(-95.25,-1.166476076188E-14,25.4));
#262 = DIRECTION('',(0.,1.224646799147E-16,1.));
#263 = DIRECTION('',(-1.,-1.224646799147E-16,1.499759782662E-32));
#264 = PCURVE('',#132,#265);
#265 = DEFINITIONAL_REPRESENTATION('',(#266),#274);
#266 = ( BOUNDED_CURVE() B_SPLINE_CURVE(2,(#267,#268,#269,#270,#271,#272
,#273),.UNSPECIFIED.,.T.,.F.) B_SPLINE_CURVE_WITH_KNOTS((1,2,2,2,2,1),(
    -2.094395102393,0.,2.094395102393,4.188790204786,6.28318530718,
8.377580409573),.UNSPECIFIED.) CURVE() GEOMETRIC_REPRESENTATION_ITEM() 
RATIONAL_B_SPLINE_CURVE((1.,0.5,1.,0.5,1.,0.5,1.)) REPRESENTATION_ITEM(
  '') );
#267 = CARTESIAN_POINT('',(-104.8,1.13748366368E-14));
#268 = CARTESIAN_POINT('',(-104.8,16.541085212283));
#269 = CARTESIAN_POINT('',(-90.475,8.270542606141));
#270 = CARTESIAN_POINT('',(-76.15,1.020529894362E-14));
#271 = CARTESIAN_POINT('',(-90.475,-8.270542606141));
#272 = CARTESIAN_POINT('',(-104.8,-16.54108521228));
#273 = CARTESIAN_POINT('',(-104.8,1.13748366368E-14));
#274 = ( GEOMETRIC_REPRESENTATION_CONTEXT(2) 
PARAMETRIC_REPRESENTATION_CONTEXT() REPRESENTATION_CONTEXT('2D SPACE',''
  ) );
#275 = PCURVE('',#276,#281);
#276 = CYLINDRICAL_SURFACE('',#277,9.55);
#277 = AXIS2_PLACEMENT_3D('',#278,#279,#280);
#278 = CARTESIAN_POINT('',(-95.25,-1.154229608196E-14,26.4));
#279 = DIRECTION('',(-0.,1.224646799147E-16,1.));
#280 = DIRECTION('',(-1.,-1.224646799147E-16,1.499759782662E-32));
#281 = DEFINITIONAL_REPRESENTATION('',(#282),#286);
#282 = LINE('',#283,#284);
#283 = CARTESIAN_POINT('',(-6.28318530718,-1.));
#284 = VECTOR('',#285,1.);
#285 = DIRECTION('',(1.,-0.));
#286 = ( GEOMETRIC_REPRESENTATION_CONTEXT(2) 
PARAMETRIC_REPRESENTATION_CONTEXT() REPRESENTATION_CONTEXT('2D SPACE',''
  ) );
#287 = FACE_BOUND('',#288,.F.);
#288 = EDGE_LOOP('',(#289));
#289 = ORIENTED_EDGE('',*,*,#290,.T.);
#290 = EDGE_CURVE('',#291,#291,#293,.T.);
#291 = VERTEX_POINT('',#292);
#292 = CARTESIAN_POINT('',(-74.10479066835,-74.10479066835,25.4));
#293 = SURFACE_CURVE('',#294,(#299,#310),.PCURVE_S1.);
#294 = CIRCLE('',#295,9.55);
#295 = AXIS2_PLACEMENT_3D('',#296,#297,#298);
#296 = CARTESIAN_POINT('',(-67.35192090801,-67.35192090801,25.4));
#297 = DIRECTION('',(0.,1.224646799147E-16,1.));
#298 = DIRECTION('',(-0.707106781187,-0.707106781187,8.659560562355E-17)
  );
#299 = PCURVE('',#132,#300);
#300 = DEFINITIONAL_REPRESENTATION('',(#301),#309);
#301 = ( BOUNDED_CURVE() B_SPLINE_CURVE(2,(#302,#303,#304,#305,#306,#307
,#308),.UNSPECIFIED.,.T.,.F.) B_SPLINE_CURVE_WITH_KNOTS((1,2,2,2,2,1),(
    -2.094395102393,0.,2.094395102393,4.188790204786,6.28318530718,
8.377580409573),.UNSPECIFIED.) CURVE() GEOMETRIC_REPRESENTATION_ITEM() 
RATIONAL_B_SPLINE_CURVE((1.,0.5,1.,0.5,1.,0.5,1.)) REPRESENTATION_ITEM(
  '') );
#302 = CARTESIAN_POINT('',(-74.10479066835,74.10479066835));
#303 = CARTESIAN_POINT('',(-62.40847714656,85.80110419014));
#304 = CARTESIAN_POINT('',(-58.12732926695,69.823642788748));
#305 = CARTESIAN_POINT('',(-53.84618138735,53.846181387356));
#306 = CARTESIAN_POINT('',(-69.82364278874,58.127329266958));
#307 = CARTESIAN_POINT('',(-85.80110419014,62.40847714656));
#308 = CARTESIAN_POINT('',(-74.10479066835,74.10479066835));
#309 = ( GEOMETRIC_REPRESENTATION_CONTEXT(2) 
PARAMETRIC_REPRESENTATION_CONTEXT() REPRESENTATION_CONTEXT('2D SPACE',''
  ) );
#310 = PCURVE('',#311,#316);
#311 = CYLINDRICAL_SURFACE('',#312,9.55);
#312 = AXIS2_PLACEMENT_3D('',#313,#314,#315);
#313 = CARTESIAN_POINT('',(-67.35192090801,-67.35192090801,26.4));
#314 = DIRECTION('',(-0.,1.224646799147E-16,1.));
#315 = DIRECTION('',(-0.707106781187,-0.707106781187,8.659560562355E-17)
  );
#316 = DEFINITIONAL_REPRESENTATION('',(#317),#321);
#317 = LINE('',#318,#319);
#318 = CARTESIAN_POINT('',(-6.28318530718,-1.));
#319 = VECTOR('',#320,1.);
#320 = DIRECTION('',(1.,-0.));
#321 = ( GEOMETRIC_REPRESENTATION_CONTEXT(2) 
PARAMETRIC_REPRESENTATION_CONTEXT() REPRESENTATION_CONTEXT('2D SPACE',''
  ) );
#322 = FACE_BOUND('',#323,.F.);
#323 = EDGE_LOOP('',(#324));
#324 = ORIENTED_EDGE('',*,*,#325,.F.);
#325 = EDGE_CURVE('',#326,#326,#328,.T.);
#326 = VERTEX_POINT('',#327);
#327 = CARTESIAN_POINT('',(71.45,0.,25.4));
#328 = SURFACE_CURVE('',#329,(#334,#341),.PCURVE_S1.);
#329 = CIRCLE('',#330,71.45);
#330 = AXIS2_PLACEMENT_3D('',#331,#332,#333);
#331 = CARTESIAN_POINT('',(0.,0.,25.4));
#332 = DIRECTION('',(0.,-1.224646799147E-16,-1.));
#333 = DIRECTION('',(1.,0.,0.));
#334 = PCURVE('',#132,#335);
#335 = DEFINITIONAL_REPRESENTATION('',(#336),#340);
#336 = CIRCLE('',#337,71.45);
#337 = AXIS2_PLACEMENT_2D('',#338,#339);
#338 = CARTESIAN_POINT('',(3.062683061506E-15,-1.45946181826E-15));
#339 = DIRECTION('',(1.,0.));
#340 = ( GEOMETRIC_REPRESENTATION_CONTEXT(2) 
PARAMETRIC_REPRESENTATION_CONTEXT() REPRESENTATION_CONTEXT('2D SPACE',''
  ) );
#341 = PCURVE('',#342,#347);
#342 = CYLINDRICAL_SURFACE('',#343,71.45);
#343 = AXIS2_PLACEMENT_3D('',#344,#345,#346);
#344 = CARTESIAN_POINT('',(0.,0.,25.4));
#345 = DIRECTION('',(-0.,1.224646799147E-16,1.));
#346 = DIRECTION('',(1.,0.,0.));
#347 = DEFINITIONAL_REPRESENTATION('',(#348),#352);
#348 = LINE('',#349,#350);
#349 = CARTESIAN_POINT('',(-0.,0.));
#350 = VECTOR('',#351,1.);
#351 = DIRECTION('',(-1.,0.));
#352 = ( GEOMETRIC_REPRESENTATION_CONTEXT(2) 
PARAMETRIC_REPRESENTATION_CONTEXT() REPRESENTATION_CONTEXT('2D SPACE',''
  ) );
#353 = FACE_BOUND('',#354,.F.);
#354 = EDGE_LOOP('',(#355));
#355 = ORIENTED_EDGE('',*,*,#356,.T.);
#356 = EDGE_CURVE('',#357,#357,#359,.T.);
#357 = VERTEX_POINT('',#358);
#358 = CARTESIAN_POINT('',(104.8,0.,25.4));
#359 = SURFACE_CURVE('',#360,(#365,#376),.PCURVE_S1.);
#360 = CIRCLE('',#361,9.55);
#361 = AXIS2_PLACEMENT_3D('',#362,#363,#364);
#362 = CARTESIAN_POINT('',(95.25,0.,25.4));
#363 = DIRECTION('',(-0.,1.224646799147E-16,1.));
#364 = DIRECTION('',(1.,0.,0.));
#365 = PCURVE('',#132,#366);
#366 = DEFINITIONAL_REPRESENTATION('',(#367),#375);
#367 = ( BOUNDED_CURVE() B_SPLINE_CURVE(2,(#368,#369,#370,#371,#372,#373
,#374),.UNSPECIFIED.,.T.,.F.) B_SPLINE_CURVE_WITH_KNOTS((1,2,2,2,2,1),(
    -2.094395102393,0.,2.094395102393,4.188790204786,6.28318530718,
8.377580409573),.UNSPECIFIED.) CURVE() GEOMETRIC_REPRESENTATION_ITEM() 
RATIONAL_B_SPLINE_CURVE((1.,0.5,1.,0.5,1.,0.5,1.)) REPRESENTATION_ITEM(
  '') );
#368 = CARTESIAN_POINT('',(104.8,-1.45946181826E-15));
#369 = CARTESIAN_POINT('',(104.8,-16.54108521228));
#370 = CARTESIAN_POINT('',(90.475,-8.270542606141));
#371 = CARTESIAN_POINT('',(76.15,-3.798537204631E-15));
#372 = CARTESIAN_POINT('',(90.475,8.270542606141));
#373 = CARTESIAN_POINT('',(104.8,16.541085212283));
#374 = CARTESIAN_POINT('',(104.8,-1.45946181826E-15));
#375 = ( GEOMETRIC_REPRESENTATION_CONTEXT(2) 
PARAMETRIC_REPRESENTATION_CONTEXT() REPRESENTATION_CONTEXT('2D SPACE',''
  ) );
#376 = PCURVE('',#377,#382);
#377 = CYLINDRICAL_SURFACE('',#378,9.55);
#378 = AXIS2_PLACEMENT_3D('',#379,#380,#381);
#379 = CARTESIAN_POINT('',(95.25,1.224646799147E-16,26.4));
#380 = DIRECTION('',(-0.,1.224646799147E-16,1.));
#381 = DIRECTION('',(1.,0.,0.));
#382 = DEFINITIONAL_REPRESENTATION('',(#383),#387);
#383 = LINE('',#384,#385);
#384 = CARTESIAN_POINT('',(-6.28318530718,-1.));
#385 = VECTOR('',#386,1.);
#386 = DIRECTION('',(1.,-0.));
#387 = ( GEOMETRIC_REPRESENTATION_CONTEXT(2) 
PARAMETRIC_REPRESENTATION_CONTEXT() REPRESENTATION_CONTEXT('2D SPACE',''
  ) );
#388 = FACE_BOUND('',#389,.F.);
#389 = EDGE_LOOP('',(#390));
#390 = ORIENTED_EDGE('',*,*,#391,.T.);
#391 = EDGE_CURVE('',#392,#392,#394,.T.);
#392 = VERTEX_POINT('',#393);
#393 = CARTESIAN_POINT('',(6.892643369456E-15,-104.8,25.4));
#394 = SURFACE_CURVE('',#395,(#400,#411),.PCURVE_S1.);
#395 = CIRCLE('',#396,9.55);
#396 = AXIS2_PLACEMENT_3D('',#397,#398,#399);
#397 = CARTESIAN_POINT('',(5.832380380939E-15,-95.25,25.4));
#398 = DIRECTION('',(0.,1.224646799147E-16,1.));
#399 = DIRECTION('',(1.110223024625E-16,-1.,1.224646799147E-16));
#400 = PCURVE('',#132,#401);
#401 = DEFINITIONAL_REPRESENTATION('',(#402),#410);
#402 = ( BOUNDED_CURVE() B_SPLINE_CURVE(2,(#403,#404,#405,#406,#407,#408
,#409),.UNSPECIFIED.,.T.,.F.) B_SPLINE_CURVE_WITH_KNOTS((1,2,2,2,2,1),(
    -2.094395102393,0.,2.094395102393,4.188790204786,6.28318530718,
8.377580409573),.UNSPECIFIED.) CURVE() GEOMETRIC_REPRESENTATION_ITEM() 
RATIONAL_B_SPLINE_CURVE((1.,0.5,1.,0.5,1.,0.5,1.)) REPRESENTATION_ITEM(
  '') );
#403 = CARTESIAN_POINT('',(9.955326430962E-15,104.8));
#404 = CARTESIAN_POINT('',(16.541085212283,104.8));
#405 = CARTESIAN_POINT('',(8.270542606141,90.475));
#406 = CARTESIAN_POINT('',(9.113612851782E-15,76.15));
#407 = CARTESIAN_POINT('',(-8.270542606141,90.475));
#408 = CARTESIAN_POINT('',(-16.54108521228,104.8));
#409 = CARTESIAN_POINT('',(9.955326430962E-15,104.8));
#410 = ( GEOMETRIC_REPRESENTATION_CONTEXT(2) 
PARAMETRIC_REPRESENTATION_CONTEXT() REPRESENTATION_CONTEXT('2D SPACE',''
  ) );
#411 = PCURVE('',#412,#417);
#412 = CYLINDRICAL_SURFACE('',#413,9.55);
#413 = AXIS2_PLACEMENT_3D('',#414,#415,#416);
#414 = CARTESIAN_POINT('',(5.832380380939E-15,-95.25,26.4));
#415 = DIRECTION('',(0.,1.224646799147E-16,1.));
#416 = DIRECTION('',(1.110223024625E-16,-1.,1.224646799147E-16));
#417 = DEFINITIONAL_REPRESENTATION('',(#418),#422);
#418 = LINE('',#419,#420);
#419 = CARTESIAN_POINT('',(-6.28318530718,-1.));
#420 = VECTOR('',#421,1.);
#421 = DIRECTION('',(1.,-0.));
#422 = ( GEOMETRIC_REPRESENTATION_CONTEXT(2) 
PARAMETRIC_REPRESENTATION_CONTEXT() REPRESENTATION_CONTEXT('2D SPACE',''
  ) );
#423 = FACE_BOUND('',#424,.F.);
#424 = EDGE_LOOP('',(#425));
#425 = ORIENTED_EDGE('',*,*,#426,.T.);
#426 = EDGE_CURVE('',#427,#427,#429,.T.);
#427 = VERTEX_POINT('',#428);
#428 = CARTESIAN_POINT('',(74.10479066835,-74.10479066835,25.4));
#429 = SURFACE_CURVE('',#430,(#435,#446),.PCURVE_S1.);
#430 = CIRCLE('',#431,9.55);
#431 = AXIS2_PLACEMENT_3D('',#432,#433,#434);
#432 = CARTESIAN_POINT('',(67.351920908019,-67.35192090801,25.4));
#433 = DIRECTION('',(0.,1.224646799147E-16,1.));
#434 = DIRECTION('',(0.707106781187,-0.707106781187,8.659560562355E-17)
  );
#435 = PCURVE('',#132,#436);
#436 = DEFINITIONAL_REPRESENTATION('',(#437),#445);
#437 = ( BOUNDED_CURVE() B_SPLINE_CURVE(2,(#438,#439,#440,#441,#442,#443
,#444),.UNSPECIFIED.,.T.,.F.) B_SPLINE_CURVE_WITH_KNOTS((1,2,2,2,2,1),(
    -2.094395102393,0.,2.094395102393,4.188790204786,6.28318530718,
8.377580409573),.UNSPECIFIED.) CURVE() GEOMETRIC_REPRESENTATION_ITEM() 
RATIONAL_B_SPLINE_CURVE((1.,0.5,1.,0.5,1.,0.5,1.)) REPRESENTATION_ITEM(
  '') );
#438 = CARTESIAN_POINT('',(74.10479066835,74.10479066835));
#439 = CARTESIAN_POINT('',(85.80110419014,62.40847714656));
#440 = CARTESIAN_POINT('',(69.823642788748,58.127329266958));
#441 = CARTESIAN_POINT('',(53.846181387356,53.846181387356));
#442 = CARTESIAN_POINT('',(58.127329266958,69.823642788748));
#443 = CARTESIAN_POINT('',(62.40847714656,85.80110419014));
#444 = CARTESIAN_POINT('',(74.10479066835,74.10479066835));
#445 = ( GEOMETRIC_REPRESENTATION_CONTEXT(2) 
PARAMETRIC_REPRESENTATION_CONTEXT() REPRESENTATION_CONTEXT('2D SPACE',''
  ) );
#446 = PCURVE('',#447,#452);
#447 = CYLINDRICAL_SURFACE('',#448,9.55);
#448 = AXIS2_PLACEMENT_3D('',#449,#450,#451);
#449 = CARTESIAN_POINT('',(67.351920908019,-67.35192090801,26.4));
#450 = DIRECTION('',(0.,1.224646799147E-16,1.));
#451 = DIRECTION('',(0.707106781187,-0.707106781187,8.659560562355E-17)
  );
#452 = DEFINITIONAL_REPRESENTATION('',(#453),#457);
#453 = LINE('',#454,#455);
#454 = CARTESIAN_POINT('',(-6.28318530718,-1.));
#455 = VECTOR('',#456,1.);
#456 = DIRECTION('',(1.,-0.));
#457 = ( GEOMETRIC_REPRESENTATION_CONTEXT(2) 
PARAMETRIC_REPRESENTATION_CONTEXT() REPRESENTATION_CONTEXT('2D SPACE',''
  ) );
#458 = ADVANCED_FACE('',(#459,#462,#492,#522,#552,#582,#612,#643,#673,
    #703),#104,.T.);
#459 = FACE_BOUND('',#460,.T.);
#460 = EDGE_LOOP('',(#461));
#461 = ORIENTED_EDGE('',*,*,#89,.T.);
#462 = FACE_BOUND('',#463,.T.);
#463 = EDGE_LOOP('',(#464));
#464 = ORIENTED_EDGE('',*,*,#465,.T.);
#465 = EDGE_CURVE('',#466,#466,#468,.T.);
#466 = VERTEX_POINT('',#467);
#467 = CARTESIAN_POINT('',(-74.10479066835,74.10479066835,1.6));
#468 = SURFACE_CURVE('',#469,(#474,#485),.PCURVE_S1.);
#469 = CIRCLE('',#470,9.55);
#470 = AXIS2_PLACEMENT_3D('',#471,#472,#473);
#471 = CARTESIAN_POINT('',(-67.35192090801,67.351920908019,1.6));
#472 = DIRECTION('',(1.232595164408E-32,1.224646799147E-16,1.));
#473 = DIRECTION('',(-0.707106781187,0.707106781187,-8.659560562355E-17)
  );
#474 = PCURVE('',#104,#475);
#475 = DEFINITIONAL_REPRESENTATION('',(#476),#484);
#476 = ( BOUNDED_CURVE() B_SPLINE_CURVE(2,(#477,#478,#479,#480,#481,#482
,#483),.UNSPECIFIED.,.T.,.F.) B_SPLINE_CURVE_WITH_KNOTS((1,2,2,2,2,1),(
    -2.094395102393,0.,2.094395102393,4.188790204786,6.28318530718,
8.377580409573),.UNSPECIFIED.) CURVE() GEOMETRIC_REPRESENTATION_ITEM() 
RATIONAL_B_SPLINE_CURVE((1.,0.5,1.,0.5,1.,0.5,1.)) REPRESENTATION_ITEM(
  '') );
#477 = CARTESIAN_POINT('',(-74.10479066835,-74.10479066835));
#478 = CARTESIAN_POINT('',(-85.80110419014,-62.40847714656));
#479 = CARTESIAN_POINT('',(-69.82364278874,-58.12732926695));
#480 = CARTESIAN_POINT('',(-53.84618138735,-53.84618138735));
#481 = CARTESIAN_POINT('',(-58.12732926695,-69.82364278874));
#482 = CARTESIAN_POINT('',(-62.40847714656,-85.80110419014));
#483 = CARTESIAN_POINT('',(-74.10479066835,-74.10479066835));
#484 = ( GEOMETRIC_REPRESENTATION_CONTEXT(2) 
PARAMETRIC_REPRESENTATION_CONTEXT() REPRESENTATION_CONTEXT('2D SPACE',''
  ) );
#485 = PCURVE('',#171,#486);
#486 = DEFINITIONAL_REPRESENTATION('',(#487),#491);
#487 = LINE('',#488,#489);
#488 = CARTESIAN_POINT('',(-6.28318530718,-24.8));
#489 = VECTOR('',#490,1.);
#490 = DIRECTION('',(1.,-0.));
#491 = ( GEOMETRIC_REPRESENTATION_CONTEXT(2) 
PARAMETRIC_REPRESENTATION_CONTEXT() REPRESENTATION_CONTEXT('2D SPACE',''
  ) );
#492 = FACE_BOUND('',#493,.T.);
#493 = EDGE_LOOP('',(#494));
#494 = ORIENTED_EDGE('',*,*,#495,.T.);
#495 = EDGE_CURVE('',#496,#496,#498,.T.);
#496 = VERTEX_POINT('',#497);
#497 = CARTESIAN_POINT('',(-1.961766711985E-14,104.8,1.6));
#498 = SURFACE_CURVE('',#499,(#504,#515),.PCURVE_S1.);
#499 = CIRCLE('',#500,9.55);
#500 = AXIS2_PLACEMENT_3D('',#501,#502,#503);
#501 = CARTESIAN_POINT('',(-1.749714114282E-14,95.25,1.6));
#502 = DIRECTION('',(0.,1.224646799147E-16,1.));
#503 = DIRECTION('',(-2.22044604925E-16,1.,-1.224646799147E-16));
#504 = PCURVE('',#104,#505);
#505 = DEFINITIONAL_REPRESENTATION('',(#506),#514);
#506 = ( BOUNDED_CURVE() B_SPLINE_CURVE(2,(#507,#508,#509,#510,#511,#512
,#513),.UNSPECIFIED.,.T.,.F.) B_SPLINE_CURVE_WITH_KNOTS((1,2,2,2,2,1),(
    -2.094395102393,0.,2.094395102393,4.188790204786,6.28318530718,
8.377580409573),.UNSPECIFIED.) CURVE() GEOMETRIC_REPRESENTATION_ITEM() 
RATIONAL_B_SPLINE_CURVE((1.,0.5,1.,0.5,1.,0.5,1.)) REPRESENTATION_ITEM(
  '') );
#507 = CARTESIAN_POINT('',(-1.655498405835E-14,-104.8));
#508 = CARTESIAN_POINT('',(-16.54108521228,-104.8));
#509 = CARTESIAN_POINT('',(-8.270542606141,-90.475));
#510 = CARTESIAN_POINT('',(-1.253248151362E-14,-76.15));
#511 = CARTESIAN_POINT('',(8.270542606141,-90.475));
#512 = CARTESIAN_POINT('',(16.541085212283,-104.8));
#513 = CARTESIAN_POINT('',(-1.655498405835E-14,-104.8));
#514 = ( GEOMETRIC_REPRESENTATION_CONTEXT(2) 
PARAMETRIC_REPRESENTATION_CONTEXT() REPRESENTATION_CONTEXT('2D SPACE',''
  ) );
#515 = PCURVE('',#206,#516);
#516 = DEFINITIONAL_REPRESENTATION('',(#517),#521);
#517 = LINE('',#518,#519);
#518 = CARTESIAN_POINT('',(-6.28318530718,-24.8));
#519 = VECTOR('',#520,1.);
#520 = DIRECTION('',(1.,-0.));
#521 = ( GEOMETRIC_REPRESENTATION_CONTEXT(2) 
PARAMETRIC_REPRESENTATION_CONTEXT() REPRESENTATION_CONTEXT('2D SPACE',''
  ) );
#522 = FACE_BOUND('',#523,.T.);
#523 = EDGE_LOOP('',(#524));
#524 = ORIENTED_EDGE('',*,*,#525,.T.);
#525 = EDGE_CURVE('',#526,#526,#528,.T.);
#526 = VERTEX_POINT('',#527);
#527 = CARTESIAN_POINT('',(74.10479066835,74.10479066835,1.6));
#528 = SURFACE_CURVE('',#529,(#534,#545),.PCURVE_S1.);
#529 = CIRCLE('',#530,9.55);
#530 = AXIS2_PLACEMENT_3D('',#531,#532,#533);
#531 = CARTESIAN_POINT('',(67.351920908019,67.351920908019,1.6));
#532 = DIRECTION('',(0.,1.224646799147E-16,1.));
#533 = DIRECTION('',(0.707106781187,0.707106781187,-8.659560562355E-17)
  );
#534 = PCURVE('',#104,#535);
#535 = DEFINITIONAL_REPRESENTATION('',(#536),#544);
#536 = ( BOUNDED_CURVE() B_SPLINE_CURVE(2,(#537,#538,#539,#540,#541,#542
,#543),.UNSPECIFIED.,.T.,.F.) B_SPLINE_CURVE_WITH_KNOTS((1,2,2,2,2,1),(
    -2.094395102393,0.,2.094395102393,4.188790204786,6.28318530718,
8.377580409573),.UNSPECIFIED.) CURVE() GEOMETRIC_REPRESENTATION_ITEM() 
RATIONAL_B_SPLINE_CURVE((1.,0.5,1.,0.5,1.,0.5,1.)) REPRESENTATION_ITEM(
  '') );
#537 = CARTESIAN_POINT('',(74.10479066835,-74.10479066835));
#538 = CARTESIAN_POINT('',(62.40847714656,-85.80110419014));
#539 = CARTESIAN_POINT('',(58.127329266958,-69.82364278874));
#540 = CARTESIAN_POINT('',(53.846181387356,-53.84618138735));
#541 = CARTESIAN_POINT('',(69.823642788748,-58.12732926695));
#542 = CARTESIAN_POINT('',(85.80110419014,-62.40847714656));
#543 = CARTESIAN_POINT('',(74.10479066835,-74.10479066835));
#544 = ( GEOMETRIC_REPRESENTATION_CONTEXT(2) 
PARAMETRIC_REPRESENTATION_CONTEXT() REPRESENTATION_CONTEXT('2D SPACE',''
  ) );
#545 = PCURVE('',#241,#546);
#546 = DEFINITIONAL_REPRESENTATION('',(#547),#551);
#547 = LINE('',#548,#549);
#548 = CARTESIAN_POINT('',(-6.28318530718,-24.8));
#549 = VECTOR('',#550,1.);
#550 = DIRECTION('',(1.,-0.));
#551 = ( GEOMETRIC_REPRESENTATION_CONTEXT(2) 
PARAMETRIC_REPRESENTATION_CONTEXT() REPRESENTATION_CONTEXT('2D SPACE',''
  ) );
#552 = FACE_BOUND('',#553,.T.);
#553 = EDGE_LOOP('',(#554));
#554 = ORIENTED_EDGE('',*,*,#555,.T.);
#555 = EDGE_CURVE('',#556,#556,#558,.T.);
#556 = VERTEX_POINT('',#557);
#557 = CARTESIAN_POINT('',(-104.8,-1.574895783703E-14,1.6));
#558 = SURFACE_CURVE('',#559,(#564,#575),.PCURVE_S1.);
#559 = CIRCLE('',#560,9.55);
#560 = AXIS2_PLACEMENT_3D('',#561,#562,#563);
#561 = CARTESIAN_POINT('',(-95.25,-1.457942014385E-14,1.6));
#562 = DIRECTION('',(0.,1.224646799147E-16,1.));
#563 = DIRECTION('',(-1.,-1.224646799147E-16,1.499759782662E-32));
#564 = PCURVE('',#104,#565);
#565 = DEFINITIONAL_REPRESENTATION('',(#566),#574);
#566 = ( BOUNDED_CURVE() B_SPLINE_CURVE(2,(#567,#568,#569,#570,#571,#572
,#573),.UNSPECIFIED.,.T.,.F.) B_SPLINE_CURVE_WITH_KNOTS((1,2,2,2,2,1),(
    -2.094395102393,0.,2.094395102393,4.188790204786,6.28318530718,
8.377580409573),.UNSPECIFIED.) CURVE() GEOMETRIC_REPRESENTATION_ITEM() 
RATIONAL_B_SPLINE_CURVE((1.,0.5,1.,0.5,1.,0.5,1.)) REPRESENTATION_ITEM(
  '') );
#567 = CARTESIAN_POINT('',(-104.8,1.13748366368E-14));
#568 = CARTESIAN_POINT('',(-104.8,16.541085212283));
#569 = CARTESIAN_POINT('',(-90.475,8.270542606141));
#570 = CARTESIAN_POINT('',(-76.15,1.020529894362E-14));
#571 = CARTESIAN_POINT('',(-90.475,-8.270542606141));
#572 = CARTESIAN_POINT('',(-104.8,-16.54108521228));
#573 = CARTESIAN_POINT('',(-104.8,1.13748366368E-14));
#574 = ( GEOMETRIC_REPRESENTATION_CONTEXT(2) 
PARAMETRIC_REPRESENTATION_CONTEXT() REPRESENTATION_CONTEXT('2D SPACE',''
  ) );
#575 = PCURVE('',#276,#576);
#576 = DEFINITIONAL_REPRESENTATION('',(#577),#581);
#577 = LINE('',#578,#579);
#578 = CARTESIAN_POINT('',(-6.28318530718,-24.8));
#579 = VECTOR('',#580,1.);
#580 = DIRECTION('',(1.,-0.));
#581 = ( GEOMETRIC_REPRESENTATION_CONTEXT(2) 
PARAMETRIC_REPRESENTATION_CONTEXT() REPRESENTATION_CONTEXT('2D SPACE',''
  ) );
#582 = FACE_BOUND('',#583,.T.);
#583 = EDGE_LOOP('',(#584));
#584 = ORIENTED_EDGE('',*,*,#585,.T.);
#585 = EDGE_CURVE('',#586,#586,#588,.T.);
#586 = VERTEX_POINT('',#587);
#587 = CARTESIAN_POINT('',(-74.10479066835,-74.10479066835,1.6));
#588 = SURFACE_CURVE('',#589,(#594,#605),.PCURVE_S1.);
#589 = CIRCLE('',#590,9.55);
#590 = AXIS2_PLACEMENT_3D('',#591,#592,#593);
#591 = CARTESIAN_POINT('',(-67.35192090801,-67.35192090801,1.6));
#592 = DIRECTION('',(0.,1.224646799147E-16,1.));
#593 = DIRECTION('',(-0.707106781187,-0.707106781187,8.659560562355E-17)
  );
#594 = PCURVE('',#104,#595);
#595 = DEFINITIONAL_REPRESENTATION('',(#596),#604);
#596 = ( BOUNDED_CURVE() B_SPLINE_CURVE(2,(#597,#598,#599,#600,#601,#602
,#603),.UNSPECIFIED.,.T.,.F.) B_SPLINE_CURVE_WITH_KNOTS((1,2,2,2,2,1),(
    -2.094395102393,0.,2.094395102393,4.188790204786,6.28318530718,
8.377580409573),.UNSPECIFIED.) CURVE() GEOMETRIC_REPRESENTATION_ITEM() 
RATIONAL_B_SPLINE_CURVE((1.,0.5,1.,0.5,1.,0.5,1.)) REPRESENTATION_ITEM(
  '') );
#597 = CARTESIAN_POINT('',(-74.10479066835,74.10479066835));
#598 = CARTESIAN_POINT('',(-62.40847714656,85.80110419014));
#599 = CARTESIAN_POINT('',(-58.12732926695,69.823642788748));
#600 = CARTESIAN_POINT('',(-53.84618138735,53.846181387356));
#601 = CARTESIAN_POINT('',(-69.82364278874,58.127329266958));
#602 = CARTESIAN_POINT('',(-85.80110419014,62.40847714656));
#603 = CARTESIAN_POINT('',(-74.10479066835,74.10479066835));
#604 = ( GEOMETRIC_REPRESENTATION_CONTEXT(2) 
PARAMETRIC_REPRESENTATION_CONTEXT() REPRESENTATION_CONTEXT('2D SPACE',''
  ) );
#605 = PCURVE('',#311,#606);
#606 = DEFINITIONAL_REPRESENTATION('',(#607),#611);
#607 = LINE('',#608,#609);
#608 = CARTESIAN_POINT('',(-6.28318530718,-24.8));
#609 = VECTOR('',#610,1.);
#610 = DIRECTION('',(1.,-0.));
#611 = ( GEOMETRIC_REPRESENTATION_CONTEXT(2) 
PARAMETRIC_REPRESENTATION_CONTEXT() REPRESENTATION_CONTEXT('2D SPACE',''
  ) );
#612 = FACE_BOUND('',#613,.T.);
#613 = EDGE_LOOP('',(#614));
#614 = ORIENTED_EDGE('',*,*,#615,.F.);
#615 = EDGE_CURVE('',#616,#616,#618,.T.);
#616 = VERTEX_POINT('',#617);
#617 = CARTESIAN_POINT('',(78.6,-2.914659381971E-15,1.6));
#618 = SURFACE_CURVE('',#619,(#624,#631),.PCURVE_S1.);
#619 = CIRCLE('',#620,78.6);
#620 = AXIS2_PLACEMENT_3D('',#621,#622,#623);
#621 = CARTESIAN_POINT('',(0.,-2.914659381971E-15,1.6));
#622 = DIRECTION('',(0.,-1.224646799147E-16,-1.));
#623 = DIRECTION('',(1.,0.,0.));
#624 = PCURVE('',#104,#625);
#625 = DEFINITIONAL_REPRESENTATION('',(#626),#630);
#626 = CIRCLE('',#627,78.6);
#627 = AXIS2_PLACEMENT_2D('',#628,#629);
#628 = CARTESIAN_POINT('',(3.062683061506E-15,-1.45946181826E-15));
#629 = DIRECTION('',(1.,0.));
#630 = ( GEOMETRIC_REPRESENTATION_CONTEXT(2) 
PARAMETRIC_REPRESENTATION_CONTEXT() REPRESENTATION_CONTEXT('2D SPACE',''
  ) );
#631 = PCURVE('',#632,#637);
#632 = CYLINDRICAL_SURFACE('',#633,78.6);
#633 = AXIS2_PLACEMENT_3D('',#634,#635,#636);
#634 = CARTESIAN_POINT('',(0.,-2.914659381971E-15,1.6));
#635 = DIRECTION('',(-0.,1.224646799147E-16,1.));
#636 = DIRECTION('',(1.,0.,0.));
#637 = DEFINITIONAL_REPRESENTATION('',(#638),#642);
#638 = LINE('',#639,#640);
#639 = CARTESIAN_POINT('',(-0.,0.));
#640 = VECTOR('',#641,1.);
#641 = DIRECTION('',(-1.,0.));
#642 = ( GEOMETRIC_REPRESENTATION_CONTEXT(2) 
PARAMETRIC_REPRESENTATION_CONTEXT() REPRESENTATION_CONTEXT('2D SPACE',''
  ) );
#643 = FACE_BOUND('',#644,.T.);
#644 = EDGE_LOOP('',(#645));
#645 = ORIENTED_EDGE('',*,*,#646,.T.);
#646 = EDGE_CURVE('',#647,#647,#649,.T.);
#647 = VERTEX_POINT('',#648);
#648 = CARTESIAN_POINT('',(104.8,-2.914659381971E-15,1.6));
#649 = SURFACE_CURVE('',#650,(#655,#666),.PCURVE_S1.);
#650 = CIRCLE('',#651,9.55);
#651 = AXIS2_PLACEMENT_3D('',#652,#653,#654);
#652 = CARTESIAN_POINT('',(95.25,-2.914659381971E-15,1.6));
#653 = DIRECTION('',(-0.,1.224646799147E-16,1.));
#654 = DIRECTION('',(1.,0.,0.));
#655 = PCURVE('',#104,#656);
#656 = DEFINITIONAL_REPRESENTATION('',(#657),#665);
#657 = ( BOUNDED_CURVE() B_SPLINE_CURVE(2,(#658,#659,#660,#661,#662,#663
,#664),.UNSPECIFIED.,.T.,.F.) B_SPLINE_CURVE_WITH_KNOTS((1,2,2,2,2,1),(
    -2.094395102393,0.,2.094395102393,4.188790204786,6.28318530718,
8.377580409573),.UNSPECIFIED.) CURVE() GEOMETRIC_REPRESENTATION_ITEM() 
RATIONAL_B_SPLINE_CURVE((1.,0.5,1.,0.5,1.,0.5,1.)) REPRESENTATION_ITEM(
  '') );
#658 = CARTESIAN_POINT('',(104.8,-1.45946181826E-15));
#659 = CARTESIAN_POINT('',(104.8,-16.54108521228));
#660 = CARTESIAN_POINT('',(90.475,-8.270542606141));
#661 = CARTESIAN_POINT('',(76.15,-3.798537204631E-15));
#662 = CARTESIAN_POINT('',(90.475,8.270542606141));
#663 = CARTESIAN_POINT('',(104.8,16.541085212283));
#664 = CARTESIAN_POINT('',(104.8,-1.45946181826E-15));
#665 = ( GEOMETRIC_REPRESENTATION_CONTEXT(2) 
PARAMETRIC_REPRESENTATION_CONTEXT() REPRESENTATION_CONTEXT('2D SPACE',''
  ) );
#666 = PCURVE('',#377,#667);
#667 = DEFINITIONAL_REPRESENTATION('',(#668),#672);
#668 = LINE('',#669,#670);
#669 = CARTESIAN_POINT('',(-6.28318530718,-24.8));
#670 = VECTOR('',#671,1.);
#671 = DIRECTION('',(1.,-0.));
#672 = ( GEOMETRIC_REPRESENTATION_CONTEXT(2) 
PARAMETRIC_REPRESENTATION_CONTEXT() REPRESENTATION_CONTEXT('2D SPACE',''
  ) );
#673 = FACE_BOUND('',#674,.T.);
#674 = EDGE_LOOP('',(#675));
#675 = ORIENTED_EDGE('',*,*,#676,.T.);
#676 = EDGE_CURVE('',#677,#677,#679,.T.);
#677 = VERTEX_POINT('',#678);
#678 = CARTESIAN_POINT('',(6.892643369456E-15,-104.8,1.6));
#679 = SURFACE_CURVE('',#680,(#685,#696),.PCURVE_S1.);
#680 = CIRCLE('',#681,9.55);
#681 = AXIS2_PLACEMENT_3D('',#682,#683,#684);
#682 = CARTESIAN_POINT('',(5.832380380939E-15,-95.25,1.6));
#683 = DIRECTION('',(0.,1.224646799147E-16,1.));
#684 = DIRECTION('',(1.110223024625E-16,-1.,1.224646799147E-16));
#685 = PCURVE('',#104,#686);
#686 = DEFINITIONAL_REPRESENTATION('',(#687),#695);
#687 = ( BOUNDED_CURVE() B_SPLINE_CURVE(2,(#688,#689,#690,#691,#692,#693
,#694),.UNSPECIFIED.,.T.,.F.) B_SPLINE_CURVE_WITH_KNOTS((1,2,2,2,2,1),(
    -2.094395102393,0.,2.094395102393,4.188790204786,6.28318530718,
8.377580409573),.UNSPECIFIED.) CURVE() GEOMETRIC_REPRESENTATION_ITEM() 
RATIONAL_B_SPLINE_CURVE((1.,0.5,1.,0.5,1.,0.5,1.)) REPRESENTATION_ITEM(
  '') );
#688 = CARTESIAN_POINT('',(9.955326430962E-15,104.8));
#689 = CARTESIAN_POINT('',(16.541085212283,104.8));
#690 = CARTESIAN_POINT('',(8.270542606141,90.475));
#691 = CARTESIAN_POINT('',(9.113612851782E-15,76.15));
#692 = CARTESIAN_POINT('',(-8.270542606141,90.475));
#693 = CARTESIAN_POINT('',(-16.54108521228,104.8));
#694 = CARTESIAN_POINT('',(9.955326430962E-15,104.8));
#695 = ( GEOMETRIC_REPRESENTATION_CONTEXT(2) 
PARAMETRIC_REPRESENTATION_CONTEXT() REPRESENTATION_CONTEXT('2D SPACE',''
  ) );
#696 = PCURVE('',#412,#697);
#697 = DEFINITIONAL_REPRESENTATION('',(#698),#702);
#698 = LINE('',#699,#700);
#699 = CARTESIAN_POINT('',(-6.28318530718,-24.8));
#700 = VECTOR('',#701,1.);
#701 = DIRECTION('',(1.,-0.));
#702 = ( GEOMETRIC_REPRESENTATION_CONTEXT(2) 
PARAMETRIC_REPRESENTATION_CONTEXT() REPRESENTATION_CONTEXT('2D SPACE',''
  ) );
#703 = FACE_BOUND('',#704,.T.);
#704 = EDGE_LOOP('',(#705));
#705 = ORIENTED_EDGE('',*,*,#706,.T.);
#706 = EDGE_CURVE('',#707,#707,#709,.T.);
#707 = VERTEX_POINT('',#708);
#708 = CARTESIAN_POINT('',(74.10479066835,-74.10479066835,1.6));
#709 = SURFACE_CURVE('',#710,(#715,#726),.PCURVE_S1.);
#710 = CIRCLE('',#711,9.55);
#711 = AXIS2_PLACEMENT_3D('',#712,#713,#714);
#712 = CARTESIAN_POINT('',(67.351920908019,-67.35192090801,1.6));
#713 = DIRECTION('',(0.,1.224646799147E-16,1.));
#714 = DIRECTION('',(0.707106781187,-0.707106781187,8.659560562355E-17)
  );
#715 = PCURVE('',#104,#716);
#716 = DEFINITIONAL_REPRESENTATION('',(#717),#725);
#717 = ( BOUNDED_CURVE() B_SPLINE_CURVE(2,(#718,#719,#720,#721,#722,#723
,#724),.UNSPECIFIED.,.T.,.F.) B_SPLINE_CURVE_WITH_KNOTS((1,2,2,2,2,1),(
    -2.094395102393,0.,2.094395102393,4.188790204786,6.28318530718,
8.377580409573),.UNSPECIFIED.) CURVE() GEOMETRIC_REPRESENTATION_ITEM() 
RATIONAL_B_SPLINE_CURVE((1.,0.5,1.,0.5,1.,0.5,1.)) REPRESENTATION_ITEM(
  '') );
#718 = CARTESIAN_POINT('',(74.10479066835,74.10479066835));
#719 = CARTESIAN_POINT('',(85.80110419014,62.40847714656));
#720 = CARTESIAN_POINT('',(69.823642788748,58.127329266958));
#721 = CARTESIAN_POINT('',(53.846181387356,53.846181387356));
#722 = CARTESIAN_POINT('',(58.127329266958,69.823642788748));
#723 = CARTESIAN_POINT('',(62.40847714656,85.80110419014));
#724 = CARTESIAN_POINT('',(74.10479066835,74.10479066835));
#725 = ( GEOMETRIC_REPRESENTATION_CONTEXT(2) 
PARAMETRIC_REPRESENTATION_CONTEXT() REPRESENTATION_CONTEXT('2D SPACE',''
  ) );
#726 = PCURVE('',#447,#727);
#727 = DEFINITIONAL_REPRESENTATION('',(#728),#732);
#728 = LINE('',#729,#730);
#729 = CARTESIAN_POINT('',(-6.28318530718,-24.8));
#730 = VECTOR('',#731,1.);
#731 = DIRECTION('',(1.,-0.));
#732 = ( GEOMETRIC_REPRESENTATION_CONTEXT(2) 
PARAMETRIC_REPRESENTATION_CONTEXT() REPRESENTATION_CONTEXT('2D SPACE',''
  ) );
#733 = ADVANCED_FACE('',(#734),#171,.F.);
#734 = FACE_BOUND('',#735,.T.);
#735 = EDGE_LOOP('',(#736,#737,#758,#759));
#736 = ORIENTED_EDGE('',*,*,#150,.T.);
#737 = ORIENTED_EDGE('',*,*,#738,.T.);
#738 = EDGE_CURVE('',#151,#466,#739,.T.);
#739 = SEAM_CURVE('',#740,(#744,#751),.PCURVE_S1.);
#740 = LINE('',#741,#742);
#741 = CARTESIAN_POINT('',(-74.10479066835,74.10479066835,26.4));
#742 = VECTOR('',#743,1.);
#743 = DIRECTION('',(0.,-1.224646799147E-16,-1.));
#744 = PCURVE('',#171,#745);
#745 = DEFINITIONAL_REPRESENTATION('',(#746),#750);
#746 = LINE('',#747,#748);
#747 = CARTESIAN_POINT('',(-6.28318530718,0.));
#748 = VECTOR('',#749,1.);
#749 = DIRECTION('',(-0.,-1.));
#750 = ( GEOMETRIC_REPRESENTATION_CONTEXT(2) 
PARAMETRIC_REPRESENTATION_CONTEXT() REPRESENTATION_CONTEXT('2D SPACE',''
  ) );
#751 = PCURVE('',#171,#752);
#752 = DEFINITIONAL_REPRESENTATION('',(#753),#757);
#753 = LINE('',#754,#755);
#754 = CARTESIAN_POINT('',(-0.,0.));
#755 = VECTOR('',#756,1.);
#756 = DIRECTION('',(-0.,-1.));
#757 = ( GEOMETRIC_REPRESENTATION_CONTEXT(2) 
PARAMETRIC_REPRESENTATION_CONTEXT() REPRESENTATION_CONTEXT('2D SPACE',''
  ) );
#758 = ORIENTED_EDGE('',*,*,#465,.F.);
#759 = ORIENTED_EDGE('',*,*,#738,.F.);
#760 = ADVANCED_FACE('',(#761),#206,.F.);
#761 = FACE_BOUND('',#762,.T.);
#762 = EDGE_LOOP('',(#763,#764,#785,#786));
#763 = ORIENTED_EDGE('',*,*,#185,.T.);
#764 = ORIENTED_EDGE('',*,*,#765,.T.);
#765 = EDGE_CURVE('',#186,#496,#766,.T.);
#766 = SEAM_CURVE('',#767,(#771,#778),.PCURVE_S1.);
#767 = LINE('',#768,#769);
#768 = CARTESIAN_POINT('',(-1.961766711985E-14,104.8,26.4));
#769 = VECTOR('',#770,1.);
#770 = DIRECTION('',(0.,-1.224646799147E-16,-1.));
#771 = PCURVE('',#206,#772);
#772 = DEFINITIONAL_REPRESENTATION('',(#773),#777);
#773 = LINE('',#774,#775);
#774 = CARTESIAN_POINT('',(-6.28318530718,0.));
#775 = VECTOR('',#776,1.);
#776 = DIRECTION('',(-0.,-1.));
#777 = ( GEOMETRIC_REPRESENTATION_CONTEXT(2) 
PARAMETRIC_REPRESENTATION_CONTEXT() REPRESENTATION_CONTEXT('2D SPACE',''
  ) );
#778 = PCURVE('',#206,#779);
#779 = DEFINITIONAL_REPRESENTATION('',(#780),#784);
#780 = LINE('',#781,#782);
#781 = CARTESIAN_POINT('',(-0.,0.));
#782 = VECTOR('',#783,1.);
#783 = DIRECTION('',(-0.,-1.));
#784 = ( GEOMETRIC_REPRESENTATION_CONTEXT(2) 
PARAMETRIC_REPRESENTATION_CONTEXT() REPRESENTATION_CONTEXT('2D SPACE',''
  ) );
#785 = ORIENTED_EDGE('',*,*,#495,.F.);
#786 = ORIENTED_EDGE('',*,*,#765,.F.);
#787 = ADVANCED_FACE('',(#788),#241,.F.);
#788 = FACE_BOUND('',#789,.T.);
#789 = EDGE_LOOP('',(#790,#791,#812,#813));
#790 = ORIENTED_EDGE('',*,*,#220,.T.);
#791 = ORIENTED_EDGE('',*,*,#792,.T.);
#792 = EDGE_CURVE('',#221,#526,#793,.T.);
#793 = SEAM_CURVE('',#794,(#798,#805),.PCURVE_S1.);
#794 = LINE('',#795,#796);
#795 = CARTESIAN_POINT('',(74.10479066835,74.10479066835,26.4));
#796 = VECTOR('',#797,1.);
#797 = DIRECTION('',(0.,-1.224646799147E-16,-1.));
#798 = PCURVE('',#241,#799);
#799 = DEFINITIONAL_REPRESENTATION('',(#800),#804);
#800 = LINE('',#801,#802);
#801 = CARTESIAN_POINT('',(-6.28318530718,0.));
#802 = VECTOR('',#803,1.);
#803 = DIRECTION('',(-0.,-1.));
#804 = ( GEOMETRIC_REPRESENTATION_CONTEXT(2) 
PARAMETRIC_REPRESENTATION_CONTEXT() REPRESENTATION_CONTEXT('2D SPACE',''
  ) );
#805 = PCURVE('',#241,#806);
#806 = DEFINITIONAL_REPRESENTATION('',(#807),#811);
#807 = LINE('',#808,#809);
#808 = CARTESIAN_POINT('',(-0.,0.));
#809 = VECTOR('',#810,1.);
#810 = DIRECTION('',(-0.,-1.));
#811 = ( GEOMETRIC_REPRESENTATION_CONTEXT(2) 
PARAMETRIC_REPRESENTATION_CONTEXT() REPRESENTATION_CONTEXT('2D SPACE',''
  ) );
#812 = ORIENTED_EDGE('',*,*,#525,.F.);
#813 = ORIENTED_EDGE('',*,*,#792,.F.);
#814 = ADVANCED_FACE('',(#815),#276,.F.);
#815 = FACE_BOUND('',#816,.T.);
#816 = EDGE_LOOP('',(#817,#818,#839,#840));
#817 = ORIENTED_EDGE('',*,*,#255,.T.);
#818 = ORIENTED_EDGE('',*,*,#819,.T.);
#819 = EDGE_CURVE('',#256,#556,#820,.T.);
#820 = SEAM_CURVE('',#821,(#825,#832),.PCURVE_S1.);
#821 = LINE('',#822,#823);
#822 = CARTESIAN_POINT('',(-104.8,-1.271183377515E-14,26.4));
#823 = VECTOR('',#824,1.);
#824 = DIRECTION('',(0.,-1.224646799147E-16,-1.));
#825 = PCURVE('',#276,#826);
#826 = DEFINITIONAL_REPRESENTATION('',(#827),#831);
#827 = LINE('',#828,#829);
#828 = CARTESIAN_POINT('',(-6.28318530718,0.));
#829 = VECTOR('',#830,1.);
#830 = DIRECTION('',(-0.,-1.));
#831 = ( GEOMETRIC_REPRESENTATION_CONTEXT(2) 
PARAMETRIC_REPRESENTATION_CONTEXT() REPRESENTATION_CONTEXT('2D SPACE',''
  ) );
#832 = PCURVE('',#276,#833);
#833 = DEFINITIONAL_REPRESENTATION('',(#834),#838);
#834 = LINE('',#835,#836);
#835 = CARTESIAN_POINT('',(-0.,0.));
#836 = VECTOR('',#837,1.);
#837 = DIRECTION('',(-0.,-1.));
#838 = ( GEOMETRIC_REPRESENTATION_CONTEXT(2) 
PARAMETRIC_REPRESENTATION_CONTEXT() REPRESENTATION_CONTEXT('2D SPACE',''
  ) );
#839 = ORIENTED_EDGE('',*,*,#555,.F.);
#840 = ORIENTED_EDGE('',*,*,#819,.F.);
#841 = ADVANCED_FACE('',(#842),#311,.F.);
#842 = FACE_BOUND('',#843,.T.);
#843 = EDGE_LOOP('',(#844,#845,#866,#867));
#844 = ORIENTED_EDGE('',*,*,#290,.T.);
#845 = ORIENTED_EDGE('',*,*,#846,.T.);
#846 = EDGE_CURVE('',#291,#586,#847,.T.);
#847 = SEAM_CURVE('',#848,(#852,#859),.PCURVE_S1.);
#848 = LINE('',#849,#850);
#849 = CARTESIAN_POINT('',(-74.10479066835,-74.10479066835,26.4));
#850 = VECTOR('',#851,1.);
#851 = DIRECTION('',(0.,-1.224646799147E-16,-1.));
#852 = PCURVE('',#311,#853);
#853 = DEFINITIONAL_REPRESENTATION('',(#854),#858);
#854 = LINE('',#855,#856);
#855 = CARTESIAN_POINT('',(-6.28318530718,0.));
#856 = VECTOR('',#857,1.);
#857 = DIRECTION('',(-0.,-1.));
#858 = ( GEOMETRIC_REPRESENTATION_CONTEXT(2) 
PARAMETRIC_REPRESENTATION_CONTEXT() REPRESENTATION_CONTEXT('2D SPACE',''
  ) );
#859 = PCURVE('',#311,#860);
#860 = DEFINITIONAL_REPRESENTATION('',(#861),#865);
#861 = LINE('',#862,#863);
#862 = CARTESIAN_POINT('',(-0.,0.));
#863 = VECTOR('',#864,1.);
#864 = DIRECTION('',(-0.,-1.));
#865 = ( GEOMETRIC_REPRESENTATION_CONTEXT(2) 
PARAMETRIC_REPRESENTATION_CONTEXT() REPRESENTATION_CONTEXT('2D SPACE',''
  ) );
#866 = ORIENTED_EDGE('',*,*,#585,.F.);
#867 = ORIENTED_EDGE('',*,*,#846,.F.);
#868 = ADVANCED_FACE('',(#869),#342,.T.);
#869 = FACE_BOUND('',#870,.F.);
#870 = EDGE_LOOP('',(#871,#872,#895,#922));
#871 = ORIENTED_EDGE('',*,*,#325,.T.);
#872 = ORIENTED_EDGE('',*,*,#873,.T.);
#873 = EDGE_CURVE('',#326,#874,#876,.T.);
#874 = VERTEX_POINT('',#875);
#875 = CARTESIAN_POINT('',(71.45,6.123233995737E-16,30.4));
#876 = SEAM_CURVE('',#877,(#881,#888),.PCURVE_S1.);
#877 = LINE('',#878,#879);
#878 = CARTESIAN_POINT('',(71.45,0.,25.4));
#879 = VECTOR('',#880,1.);
#880 = DIRECTION('',(0.,1.224646799147E-16,1.));
#881 = PCURVE('',#342,#882);
#882 = DEFINITIONAL_REPRESENTATION('',(#883),#887);
#883 = LINE('',#884,#885);
#884 = CARTESIAN_POINT('',(-0.,0.));
#885 = VECTOR('',#886,1.);
#886 = DIRECTION('',(-0.,1.));
#887 = ( GEOMETRIC_REPRESENTATION_CONTEXT(2) 
PARAMETRIC_REPRESENTATION_CONTEXT() REPRESENTATION_CONTEXT('2D SPACE',''
  ) );
#888 = PCURVE('',#342,#889);
#889 = DEFINITIONAL_REPRESENTATION('',(#890),#894);
#890 = LINE('',#891,#892);
#891 = CARTESIAN_POINT('',(-6.28318530718,0.));
#892 = VECTOR('',#893,1.);
#893 = DIRECTION('',(-0.,1.));
#894 = ( GEOMETRIC_REPRESENTATION_CONTEXT(2) 
PARAMETRIC_REPRESENTATION_CONTEXT() REPRESENTATION_CONTEXT('2D SPACE',''
  ) );
#895 = ORIENTED_EDGE('',*,*,#896,.F.);
#896 = EDGE_CURVE('',#874,#874,#897,.T.);
#897 = SURFACE_CURVE('',#898,(#903,#910),.PCURVE_S1.);
#898 = CIRCLE('',#899,71.45);
#899 = AXIS2_PLACEMENT_3D('',#900,#901,#902);
#900 = CARTESIAN_POINT('',(0.,6.123233995737E-16,30.4));
#901 = DIRECTION('',(0.,-1.224646799147E-16,-1.));
#902 = DIRECTION('',(1.,0.,0.));
#903 = PCURVE('',#342,#904);
#904 = DEFINITIONAL_REPRESENTATION('',(#905),#909);
#905 = LINE('',#906,#907);
#906 = CARTESIAN_POINT('',(-0.,5.));
#907 = VECTOR('',#908,1.);
#908 = DIRECTION('',(-1.,0.));
#909 = ( GEOMETRIC_REPRESENTATION_CONTEXT(2) 
PARAMETRIC_REPRESENTATION_CONTEXT() REPRESENTATION_CONTEXT('2D SPACE',''
  ) );
#910 = PCURVE('',#911,#916);
#911 = CONICAL_SURFACE('',#912,71.45,0.229541834615);
#912 = AXIS2_PLACEMENT_3D('',#913,#914,#915);
#913 = CARTESIAN_POINT('',(0.,6.123233995737E-16,30.4));
#914 = DIRECTION('',(0.,-1.224646799147E-16,-1.));
#915 = DIRECTION('',(1.,0.,0.));
#916 = DEFINITIONAL_REPRESENTATION('',(#917),#921);
#917 = LINE('',#918,#919);
#918 = CARTESIAN_POINT('',(0.,-0.));
#919 = VECTOR('',#920,1.);
#920 = DIRECTION('',(1.,-0.));
#921 = ( GEOMETRIC_REPRESENTATION_CONTEXT(2) 
PARAMETRIC_REPRESENTATION_CONTEXT() REPRESENTATION_CONTEXT('2D SPACE',''
  ) );
#922 = ORIENTED_EDGE('',*,*,#873,.F.);
#923 = ADVANCED_FACE('',(#924),#377,.F.);
#924 = FACE_BOUND('',#925,.T.);
#925 = EDGE_LOOP('',(#926,#927,#948,#949));
#926 = ORIENTED_EDGE('',*,*,#356,.T.);
#927 = ORIENTED_EDGE('',*,*,#928,.T.);
#928 = EDGE_CURVE('',#357,#647,#929,.T.);
#929 = SEAM_CURVE('',#930,(#934,#941),.PCURVE_S1.);
#930 = LINE('',#931,#932);
#931 = CARTESIAN_POINT('',(104.8,1.224646799147E-16,26.4));
#932 = VECTOR('',#933,1.);
#933 = DIRECTION('',(0.,-1.224646799147E-16,-1.));
#934 = PCURVE('',#377,#935);
#935 = DEFINITIONAL_REPRESENTATION('',(#936),#940);
#936 = LINE('',#937,#938);
#937 = CARTESIAN_POINT('',(-6.28318530718,0.));
#938 = VECTOR('',#939,1.);
#939 = DIRECTION('',(-0.,-1.));
#940 = ( GEOMETRIC_REPRESENTATION_CONTEXT(2) 
PARAMETRIC_REPRESENTATION_CONTEXT() REPRESENTATION_CONTEXT('2D SPACE',''
  ) );
#941 = PCURVE('',#377,#942);
#942 = DEFINITIONAL_REPRESENTATION('',(#943),#947);
#943 = LINE('',#944,#945);
#944 = CARTESIAN_POINT('',(-0.,0.));
#945 = VECTOR('',#946,1.);
#946 = DIRECTION('',(-0.,-1.));
#947 = ( GEOMETRIC_REPRESENTATION_CONTEXT(2) 
PARAMETRIC_REPRESENTATION_CONTEXT() REPRESENTATION_CONTEXT('2D SPACE',''
  ) );
#948 = ORIENTED_EDGE('',*,*,#646,.F.);
#949 = ORIENTED_EDGE('',*,*,#928,.F.);
#950 = ADVANCED_FACE('',(#951),#412,.F.);
#951 = FACE_BOUND('',#952,.T.);
#952 = EDGE_LOOP('',(#953,#954,#975,#976));
#953 = ORIENTED_EDGE('',*,*,#391,.T.);
#954 = ORIENTED_EDGE('',*,*,#955,.T.);
#955 = EDGE_CURVE('',#392,#677,#956,.T.);
#956 = SEAM_CURVE('',#957,(#961,#968),.PCURVE_S1.);
#957 = LINE('',#958,#959);
#958 = CARTESIAN_POINT('',(6.892643369456E-15,-104.8,26.4));
#959 = VECTOR('',#960,1.);
#960 = DIRECTION('',(0.,-1.224646799147E-16,-1.));
#961 = PCURVE('',#412,#962);
#962 = DEFINITIONAL_REPRESENTATION('',(#963),#967);
#963 = LINE('',#964,#965);
#964 = CARTESIAN_POINT('',(-6.28318530718,0.));
#965 = VECTOR('',#966,1.);
#966 = DIRECTION('',(-0.,-1.));
#967 = ( GEOMETRIC_REPRESENTATION_CONTEXT(2) 
PARAMETRIC_REPRESENTATION_CONTEXT() REPRESENTATION_CONTEXT('2D SPACE',''
  ) );
#968 = PCURVE('',#412,#969);
#969 = DEFINITIONAL_REPRESENTATION('',(#970),#974);
#970 = LINE('',#971,#972);
#971 = CARTESIAN_POINT('',(-0.,0.));
#972 = VECTOR('',#973,1.);
#973 = DIRECTION('',(-0.,-1.));
#974 = ( GEOMETRIC_REPRESENTATION_CONTEXT(2) 
PARAMETRIC_REPRESENTATION_CONTEXT() REPRESENTATION_CONTEXT('2D SPACE',''
  ) );
#975 = ORIENTED_EDGE('',*,*,#676,.F.);
#976 = ORIENTED_EDGE('',*,*,#955,.F.);
#977 = ADVANCED_FACE('',(#978),#447,.F.);
#978 = FACE_BOUND('',#979,.T.);
#979 = EDGE_LOOP('',(#980,#981,#1002,#1003));
#980 = ORIENTED_EDGE('',*,*,#426,.T.);
#981 = ORIENTED_EDGE('',*,*,#982,.T.);
#982 = EDGE_CURVE('',#427,#707,#983,.T.);
#983 = SEAM_CURVE('',#984,(#988,#995),.PCURVE_S1.);
#984 = LINE('',#985,#986);
#985 = CARTESIAN_POINT('',(74.10479066835,-74.10479066835,26.4));
#986 = VECTOR('',#987,1.);
#987 = DIRECTION('',(0.,-1.224646799147E-16,-1.));
#988 = PCURVE('',#447,#989);
#989 = DEFINITIONAL_REPRESENTATION('',(#990),#994);
#990 = LINE('',#991,#992);
#991 = CARTESIAN_POINT('',(-6.28318530718,0.));
#992 = VECTOR('',#993,1.);
#993 = DIRECTION('',(-0.,-1.));
#994 = ( GEOMETRIC_REPRESENTATION_CONTEXT(2) 
PARAMETRIC_REPRESENTATION_CONTEXT() REPRESENTATION_CONTEXT('2D SPACE',''
  ) );
#995 = PCURVE('',#447,#996);
#996 = DEFINITIONAL_REPRESENTATION('',(#997),#1001);
#997 = LINE('',#998,#999);
#998 = CARTESIAN_POINT('',(-0.,0.));
#999 = VECTOR('',#1000,1.);
#1000 = DIRECTION('',(-0.,-1.));
#1001 = ( GEOMETRIC_REPRESENTATION_CONTEXT(2) 
PARAMETRIC_REPRESENTATION_CONTEXT() REPRESENTATION_CONTEXT('2D SPACE',''
  ) );
#1002 = ORIENTED_EDGE('',*,*,#706,.F.);
#1003 = ORIENTED_EDGE('',*,*,#982,.F.);
#1004 = ADVANCED_FACE('',(#1005),#632,.T.);
#1005 = FACE_BOUND('',#1006,.F.);
#1006 = EDGE_LOOP('',(#1007,#1030,#1057,#1058));
#1007 = ORIENTED_EDGE('',*,*,#1008,.T.);
#1008 = EDGE_CURVE('',#616,#1009,#1011,.T.);
#1009 = VERTEX_POINT('',#1010);
#1010 = CARTESIAN_POINT('',(78.6,-3.110602869834E-15,0.));
#1011 = SEAM_CURVE('',#1012,(#1016,#1023),.PCURVE_S1.);
#1012 = LINE('',#1013,#1014);
#1013 = CARTESIAN_POINT('',(78.6,-2.914659381971E-15,1.6));
#1014 = VECTOR('',#1015,1.);
#1015 = DIRECTION('',(0.,-1.224646799147E-16,-1.));
#1016 = PCURVE('',#632,#1017);
#1017 = DEFINITIONAL_REPRESENTATION('',(#1018),#1022);
#1018 = LINE('',#1019,#1020);
#1019 = CARTESIAN_POINT('',(-0.,0.));
#1020 = VECTOR('',#1021,1.);
#1021 = DIRECTION('',(-0.,-1.));
#1022 = ( GEOMETRIC_REPRESENTATION_CONTEXT(2) 
PARAMETRIC_REPRESENTATION_CONTEXT() REPRESENTATION_CONTEXT('2D SPACE',''
  ) );
#1023 = PCURVE('',#632,#1024);
#1024 = DEFINITIONAL_REPRESENTATION('',(#1025),#1029);
#1025 = LINE('',#1026,#1027);
#1026 = CARTESIAN_POINT('',(-6.28318530718,0.));
#1027 = VECTOR('',#1028,1.);
#1028 = DIRECTION('',(-0.,-1.));
#1029 = ( GEOMETRIC_REPRESENTATION_CONTEXT(2) 
PARAMETRIC_REPRESENTATION_CONTEXT() REPRESENTATION_CONTEXT('2D SPACE',''
  ) );
#1030 = ORIENTED_EDGE('',*,*,#1031,.T.);
#1031 = EDGE_CURVE('',#1009,#1009,#1032,.T.);
#1032 = SURFACE_CURVE('',#1033,(#1038,#1045),.PCURVE_S1.);
#1033 = CIRCLE('',#1034,78.6);
#1034 = AXIS2_PLACEMENT_3D('',#1035,#1036,#1037);
#1035 = CARTESIAN_POINT('',(0.,-3.110602869834E-15,0.));
#1036 = DIRECTION('',(0.,-1.224646799147E-16,-1.));
#1037 = DIRECTION('',(1.,0.,0.));
#1038 = PCURVE('',#632,#1039);
#1039 = DEFINITIONAL_REPRESENTATION('',(#1040),#1044);
#1040 = LINE('',#1041,#1042);
#1041 = CARTESIAN_POINT('',(-0.,-1.6));
#1042 = VECTOR('',#1043,1.);
#1043 = DIRECTION('',(-1.,0.));
#1044 = ( GEOMETRIC_REPRESENTATION_CONTEXT(2) 
PARAMETRIC_REPRESENTATION_CONTEXT() REPRESENTATION_CONTEXT('2D SPACE',''
  ) );
#1045 = PCURVE('',#1046,#1051);
#1046 = PLANE('',#1047);
#1047 = AXIS2_PLACEMENT_3D('',#1048,#1049,#1050);
#1048 = CARTESIAN_POINT('',(-4.453749032189E-15,-8.809526320447E-15,
    -3.552713678801E-15));
#1049 = DIRECTION('',(0.,-1.224646799147E-16,-1.));
#1050 = DIRECTION('',(1.,0.,0.));
#1051 = DEFINITIONAL_REPRESENTATION('',(#1052),#1056);
#1052 = CIRCLE('',#1053,78.6);
#1053 = AXIS2_PLACEMENT_2D('',#1054,#1055);
#1054 = CARTESIAN_POINT('',(4.453749032189E-15,-5.698923450613E-15));
#1055 = DIRECTION('',(1.,0.));
#1056 = ( GEOMETRIC_REPRESENTATION_CONTEXT(2) 
PARAMETRIC_REPRESENTATION_CONTEXT() REPRESENTATION_CONTEXT('2D SPACE',''
  ) );
#1057 = ORIENTED_EDGE('',*,*,#1008,.F.);
#1058 = ORIENTED_EDGE('',*,*,#615,.F.);
#1059 = ADVANCED_FACE('',(#1060),#911,.T.);
#1060 = FACE_BOUND('',#1061,.F.);
#1061 = EDGE_LOOP('',(#1062,#1063,#1086,#1113));
#1062 = ORIENTED_EDGE('',*,*,#896,.T.);
#1063 = ORIENTED_EDGE('',*,*,#1064,.T.);
#1064 = EDGE_CURVE('',#874,#1065,#1067,.T.);
#1065 = VERTEX_POINT('',#1066);
#1066 = CARTESIAN_POINT('',(57.15,8.107161810355E-15,91.6));
#1067 = SEAM_CURVE('',#1068,(#1072,#1079),.PCURVE_S1.);
#1068 = LINE('',#1069,#1070);
#1069 = CARTESIAN_POINT('',(71.45,6.123233995737E-16,30.4));
#1070 = VECTOR('',#1071,1.);
#1071 = DIRECTION('',(-0.227531399384,1.19252522501E-16,0.973770744218)
  );
#1072 = PCURVE('',#911,#1073);
#1073 = DEFINITIONAL_REPRESENTATION('',(#1074),#1078);
#1074 = LINE('',#1075,#1076);
#1075 = CARTESIAN_POINT('',(0.,-0.));
#1076 = VECTOR('',#1077,1.);
#1077 = DIRECTION('',(0.,-1.));
#1078 = ( GEOMETRIC_REPRESENTATION_CONTEXT(2) 
PARAMETRIC_REPRESENTATION_CONTEXT() REPRESENTATION_CONTEXT('2D SPACE',''
  ) );
#1079 = PCURVE('',#911,#1080);
#1080 = DEFINITIONAL_REPRESENTATION('',(#1081),#1085);
#1081 = LINE('',#1082,#1083);
#1082 = CARTESIAN_POINT('',(6.28318530718,-0.));
#1083 = VECTOR('',#1084,1.);
#1084 = DIRECTION('',(0.,-1.));
#1085 = ( GEOMETRIC_REPRESENTATION_CONTEXT(2) 
PARAMETRIC_REPRESENTATION_CONTEXT() REPRESENTATION_CONTEXT('2D SPACE',''
  ) );
#1086 = ORIENTED_EDGE('',*,*,#1087,.F.);
#1087 = EDGE_CURVE('',#1065,#1065,#1088,.T.);
#1088 = SURFACE_CURVE('',#1089,(#1094,#1101),.PCURVE_S1.);
#1089 = CIRCLE('',#1090,57.15);
#1090 = AXIS2_PLACEMENT_3D('',#1091,#1092,#1093);
#1091 = CARTESIAN_POINT('',(0.,8.107161810355E-15,91.6));
#1092 = DIRECTION('',(0.,-1.224646799147E-16,-1.));
#1093 = DIRECTION('',(1.,0.,0.));
#1094 = PCURVE('',#911,#1095);
#1095 = DEFINITIONAL_REPRESENTATION('',(#1096),#1100);
#1096 = LINE('',#1097,#1098);
#1097 = CARTESIAN_POINT('',(0.,-61.2));
#1098 = VECTOR('',#1099,1.);
#1099 = DIRECTION('',(1.,-0.));
#1100 = ( GEOMETRIC_REPRESENTATION_CONTEXT(2) 
PARAMETRIC_REPRESENTATION_CONTEXT() REPRESENTATION_CONTEXT('2D SPACE',''
  ) );
#1101 = PCURVE('',#1102,#1107);
#1102 = CYLINDRICAL_SURFACE('',#1103,57.15);
#1103 = AXIS2_PLACEMENT_3D('',#1104,#1105,#1106);
#1104 = CARTESIAN_POINT('',(0.,8.107161810355E-15,91.6));
#1105 = DIRECTION('',(-0.,1.224646799147E-16,1.));
#1106 = DIRECTION('',(1.,0.,0.));
#1107 = DEFINITIONAL_REPRESENTATION('',(#1108),#1112);
#1108 = LINE('',#1109,#1110);
#1109 = CARTESIAN_POINT('',(-0.,0.));
#1110 = VECTOR('',#1111,1.);
#1111 = DIRECTION('',(-1.,0.));
#1112 = ( GEOMETRIC_REPRESENTATION_CONTEXT(2) 
PARAMETRIC_REPRESENTATION_CONTEXT() REPRESENTATION_CONTEXT('2D SPACE',''
  ) );
#1113 = ORIENTED_EDGE('',*,*,#1064,.F.);
#1114 = ADVANCED_FACE('',(#1115,#1118),#1046,.T.);
#1115 = FACE_BOUND('',#1116,.T.);
#1116 = EDGE_LOOP('',(#1117));
#1117 = ORIENTED_EDGE('',*,*,#1031,.T.);
#1118 = FACE_BOUND('',#1119,.T.);
#1119 = EDGE_LOOP('',(#1120));
#1120 = ORIENTED_EDGE('',*,*,#1121,.T.);
#1121 = EDGE_CURVE('',#1122,#1122,#1124,.T.);
#1122 = VERTEX_POINT('',#1123);
#1123 = CARTESIAN_POINT('',(51.13,-3.110602869834E-15,
    -3.552713678801E-15));
#1124 = SURFACE_CURVE('',#1125,(#1130,#1141),.PCURVE_S1.);
#1125 = CIRCLE('',#1126,51.13);
#1126 = AXIS2_PLACEMENT_3D('',#1127,#1128,#1129);
#1127 = CARTESIAN_POINT('',(0.,-3.110602869834E-15,-3.552713678801E-15)
  );
#1128 = DIRECTION('',(-0.,1.224646799147E-16,1.));
#1129 = DIRECTION('',(1.,0.,0.));
#1130 = PCURVE('',#1046,#1131);
#1131 = DEFINITIONAL_REPRESENTATION('',(#1132),#1140);
#1132 = ( BOUNDED_CURVE() B_SPLINE_CURVE(2,(#1133,#1134,#1135,#1136,
#1137,#1138,#1139),.UNSPECIFIED.,.T.,.F.) B_SPLINE_CURVE_WITH_KNOTS((1,2
    ,2,2,2,1),(-2.094395102393,0.,2.094395102393,4.188790204786,
6.28318530718,8.377580409573),.UNSPECIFIED.) CURVE() 
GEOMETRIC_REPRESENTATION_ITEM() RATIONAL_B_SPLINE_CURVE((1.,0.5,1.,0.5,
1.,0.5,1.)) REPRESENTATION_ITEM('') );
#1133 = CARTESIAN_POINT('',(51.13,-5.698923450613E-15));
#1134 = CARTESIAN_POINT('',(51.13,-88.55975779099));
#1135 = CARTESIAN_POINT('',(-25.565,-44.27987889549));
#1136 = CARTESIAN_POINT('',(-102.26,-1.822216161869E-14));
#1137 = CARTESIAN_POINT('',(-25.565,44.279878895498));
#1138 = CARTESIAN_POINT('',(51.13,88.559757790997));
#1139 = CARTESIAN_POINT('',(51.13,-5.698923450613E-15));
#1140 = ( GEOMETRIC_REPRESENTATION_CONTEXT(2) 
PARAMETRIC_REPRESENTATION_CONTEXT() REPRESENTATION_CONTEXT('2D SPACE',''
  ) );
#1141 = PCURVE('',#1142,#1147);
#1142 = CYLINDRICAL_SURFACE('',#1143,51.13);
#1143 = AXIS2_PLACEMENT_3D('',#1144,#1145,#1146);
#1144 = CARTESIAN_POINT('',(0.,9.454273289418E-15,102.6));
#1145 = DIRECTION('',(-0.,1.224646799147E-16,1.));
#1146 = DIRECTION('',(1.,0.,0.));
#1147 = DEFINITIONAL_REPRESENTATION('',(#1148),#1152);
#1148 = LINE('',#1149,#1150);
#1149 = CARTESIAN_POINT('',(-6.28318530718,-102.6));
#1150 = VECTOR('',#1151,1.);
#1151 = DIRECTION('',(1.,-0.));
#1152 = ( GEOMETRIC_REPRESENTATION_CONTEXT(2) 
PARAMETRIC_REPRESENTATION_CONTEXT() REPRESENTATION_CONTEXT('2D SPACE',''
  ) );
#1153 = ADVANCED_FACE('',(#1154),#1102,.T.);
#1154 = FACE_BOUND('',#1155,.F.);
#1155 = EDGE_LOOP('',(#1156,#1157,#1180,#1207));
#1156 = ORIENTED_EDGE('',*,*,#1087,.T.);
#1157 = ORIENTED_EDGE('',*,*,#1158,.T.);
#1158 = EDGE_CURVE('',#1065,#1159,#1161,.T.);
#1159 = VERTEX_POINT('',#1160);
#1160 = CARTESIAN_POINT('',(57.15,8.964414569759E-15,98.6));
#1161 = SEAM_CURVE('',#1162,(#1166,#1173),.PCURVE_S1.);
#1162 = LINE('',#1163,#1164);
#1163 = CARTESIAN_POINT('',(57.15,8.107161810355E-15,91.6));
#1164 = VECTOR('',#1165,1.);
#1165 = DIRECTION('',(0.,1.224646799147E-16,1.));
#1166 = PCURVE('',#1102,#1167);
#1167 = DEFINITIONAL_REPRESENTATION('',(#1168),#1172);
#1168 = LINE('',#1169,#1170);
#1169 = CARTESIAN_POINT('',(-0.,0.));
#1170 = VECTOR('',#1171,1.);
#1171 = DIRECTION('',(-0.,1.));
#1172 = ( GEOMETRIC_REPRESENTATION_CONTEXT(2) 
PARAMETRIC_REPRESENTATION_CONTEXT() REPRESENTATION_CONTEXT('2D SPACE',''
  ) );
#1173 = PCURVE('',#1102,#1174);
#1174 = DEFINITIONAL_REPRESENTATION('',(#1175),#1179);
#1175 = LINE('',#1176,#1177);
#1176 = CARTESIAN_POINT('',(-6.28318530718,0.));
#1177 = VECTOR('',#1178,1.);
#1178 = DIRECTION('',(-0.,1.));
#1179 = ( GEOMETRIC_REPRESENTATION_CONTEXT(2) 
PARAMETRIC_REPRESENTATION_CONTEXT() REPRESENTATION_CONTEXT('2D SPACE',''
  ) );
#1180 = ORIENTED_EDGE('',*,*,#1181,.F.);
#1181 = EDGE_CURVE('',#1159,#1159,#1182,.T.);
#1182 = SURFACE_CURVE('',#1183,(#1188,#1195),.PCURVE_S1.);
#1183 = CIRCLE('',#1184,57.15);
#1184 = AXIS2_PLACEMENT_3D('',#1185,#1186,#1187);
#1185 = CARTESIAN_POINT('',(0.,8.964414569759E-15,98.6));
#1186 = DIRECTION('',(0.,-1.224646799147E-16,-1.));
#1187 = DIRECTION('',(1.,0.,0.));
#1188 = PCURVE('',#1102,#1189);
#1189 = DEFINITIONAL_REPRESENTATION('',(#1190),#1194);
#1190 = LINE('',#1191,#1192);
#1191 = CARTESIAN_POINT('',(-0.,7.));
#1192 = VECTOR('',#1193,1.);
#1193 = DIRECTION('',(-1.,0.));
#1194 = ( GEOMETRIC_REPRESENTATION_CONTEXT(2) 
PARAMETRIC_REPRESENTATION_CONTEXT() REPRESENTATION_CONTEXT('2D SPACE',''
  ) );
#1195 = PCURVE('',#1196,#1201);
#1196 = PLANE('',#1197);
#1197 = AXIS2_PLACEMENT_3D('',#1198,#1199,#1200);
#1198 = CARTESIAN_POINT('',(0.,8.964414569759E-15,98.6));
#1199 = DIRECTION('',(0.,-1.224646799147E-16,-1.));
#1200 = DIRECTION('',(1.,0.,0.));
#1201 = DEFINITIONAL_REPRESENTATION('',(#1202),#1206);
#1202 = CIRCLE('',#1203,57.15);
#1203 = AXIS2_PLACEMENT_2D('',#1204,#1205);
#1204 = CARTESIAN_POINT('',(0.,0.));
#1205 = DIRECTION('',(1.,0.));
#1206 = ( GEOMETRIC_REPRESENTATION_CONTEXT(2) 
PARAMETRIC_REPRESENTATION_CONTEXT() REPRESENTATION_CONTEXT('2D SPACE',''
  ) );
#1207 = ORIENTED_EDGE('',*,*,#1158,.F.);
#1208 = ADVANCED_FACE('',(#1209),#1142,.F.);
#1209 = FACE_BOUND('',#1210,.T.);
#1210 = EDGE_LOOP('',(#1211,#1212,#1235,#1257));
#1211 = ORIENTED_EDGE('',*,*,#1121,.F.);
#1212 = ORIENTED_EDGE('',*,*,#1213,.T.);
#1213 = EDGE_CURVE('',#1122,#1214,#1216,.T.);
#1214 = VERTEX_POINT('',#1215);
#1215 = CARTESIAN_POINT('',(51.13,8.964414569759E-15,98.6));
#1216 = SEAM_CURVE('',#1217,(#1221,#1228),.PCURVE_S1.);
#1217 = LINE('',#1218,#1219);
#1218 = CARTESIAN_POINT('',(51.13,-3.110602869834E-15,
    -3.552713678801E-15));
#1219 = VECTOR('',#1220,1.);
#1220 = DIRECTION('',(0.,1.224646799147E-16,1.));
#1221 = PCURVE('',#1142,#1222);
#1222 = DEFINITIONAL_REPRESENTATION('',(#1223),#1227);
#1223 = LINE('',#1224,#1225);
#1224 = CARTESIAN_POINT('',(-6.28318530718,-102.6));
#1225 = VECTOR('',#1226,1.);
#1226 = DIRECTION('',(0.,1.));
#1227 = ( GEOMETRIC_REPRESENTATION_CONTEXT(2) 
PARAMETRIC_REPRESENTATION_CONTEXT() REPRESENTATION_CONTEXT('2D SPACE',''
  ) );
#1228 = PCURVE('',#1142,#1229);
#1229 = DEFINITIONAL_REPRESENTATION('',(#1230),#1234);
#1230 = LINE('',#1231,#1232);
#1231 = CARTESIAN_POINT('',(-0.,-102.6));
#1232 = VECTOR('',#1233,1.);
#1233 = DIRECTION('',(0.,1.));
#1234 = ( GEOMETRIC_REPRESENTATION_CONTEXT(2) 
PARAMETRIC_REPRESENTATION_CONTEXT() REPRESENTATION_CONTEXT('2D SPACE',''
  ) );
#1235 = ORIENTED_EDGE('',*,*,#1236,.F.);
#1236 = EDGE_CURVE('',#1214,#1214,#1237,.T.);
#1237 = SURFACE_CURVE('',#1238,(#1243,#1250),.PCURVE_S1.);
#1238 = CIRCLE('',#1239,51.13);
#1239 = AXIS2_PLACEMENT_3D('',#1240,#1241,#1242);
#1240 = CARTESIAN_POINT('',(0.,8.964414569759E-15,98.6));
#1241 = DIRECTION('',(0.,-1.224646799147E-16,-1.));
#1242 = DIRECTION('',(1.,0.,0.));
#1243 = PCURVE('',#1142,#1244);
#1244 = DEFINITIONAL_REPRESENTATION('',(#1245),#1249);
#1245 = LINE('',#1246,#1247);
#1246 = CARTESIAN_POINT('',(-0.,-4.));
#1247 = VECTOR('',#1248,1.);
#1248 = DIRECTION('',(-1.,0.));
#1249 = ( GEOMETRIC_REPRESENTATION_CONTEXT(2) 
PARAMETRIC_REPRESENTATION_CONTEXT() REPRESENTATION_CONTEXT('2D SPACE',''
  ) );
#1250 = PCURVE('',#1196,#1251);
#1251 = DEFINITIONAL_REPRESENTATION('',(#1252),#1256);
#1252 = CIRCLE('',#1253,51.13);
#1253 = AXIS2_PLACEMENT_2D('',#1254,#1255);
#1254 = CARTESIAN_POINT('',(0.,0.));
#1255 = DIRECTION('',(1.,0.));
#1256 = ( GEOMETRIC_REPRESENTATION_CONTEXT(2) 
PARAMETRIC_REPRESENTATION_CONTEXT() REPRESENTATION_CONTEXT('2D SPACE',''
  ) );
#1257 = ORIENTED_EDGE('',*,*,#1213,.F.);
#1258 = ADVANCED_FACE('',(#1259,#1262),#1196,.F.);
#1259 = FACE_BOUND('',#1260,.F.);
#1260 = EDGE_LOOP('',(#1261));
#1261 = ORIENTED_EDGE('',*,*,#1181,.T.);
#1262 = FACE_BOUND('',#1263,.F.);
#1263 = EDGE_LOOP('',(#1264));
#1264 = ORIENTED_EDGE('',*,*,#1236,.F.);
#1265 = ( GEOMETRIC_REPRESENTATION_CONTEXT(3) 
GLOBAL_UNCERTAINTY_ASSIGNED_CONTEXT((#1269)) 
GLOBAL_UNIT_ASSIGNED_CONTEXT((#1266,#1267,#1268)) REPRESENTATION_CONTEXT
('Context #1','3D Context with UNIT and UNCERTAINTY') );
#1266 = ( LENGTH_UNIT() NAMED_UNIT(*) SI_UNIT(.MILLI.,.METRE.) );
#1267 = ( NAMED_UNIT(*) PLANE_ANGLE_UNIT() SI_UNIT($,.RADIAN.) );
#1268 = ( NAMED_UNIT(*) SI_UNIT($,.STERADIAN.) SOLID_ANGLE_UNIT() );
#1269 = UNCERTAINTY_MEASURE_WITH_UNIT(LENGTH_MEASURE(1.E-07),#1266,
  'distance_accuracy_value','confusion accuracy');
#1270 = CONTEXT_DEPENDENT_SHAPE_REPRESENTATION(#1271,#1273);
#1271 = ( REPRESENTATION_RELATIONSHIP('','',#52,#10) 
REPRESENTATION_RELATIONSHIP_WITH_TRANSFORMATION(#1272) 
SHAPE_REPRESENTATION_RELATIONSHIP() );
#1272 = ITEM_DEFINED_TRANSFORMATION('','',#11,#15);
#1273 = PRODUCT_DEFINITION_SHAPE('Placement','Placement of an item',
  #1274);
#1274 = NEXT_ASSEMBLY_USAGE_OCCURRENCE('19','','',#5,#47,$);
#1275 = PRODUCT_RELATED_PRODUCT_CATEGORY('part',$,(#49));
#1276 = SHAPE_DEFINITION_REPRESENTATION(#1277,#1283);
#1277 = PRODUCT_DEFINITION_SHAPE('','',#1278);
#1278 = PRODUCT_DEFINITION('design','',#1279,#1282);
#1279 = PRODUCT_DEFINITION_FORMATION('','',#1280);
#1280 = PRODUCT('Open CASCADE STEP translator 7.8 16.2',
  'Open CASCADE STEP translator 7.8 16.2','',(#1281));
#1281 = PRODUCT_CONTEXT('',#2,'mechanical');
#1282 = PRODUCT_DEFINITION_CONTEXT('part definition',#2,'design');
#1283 = ADVANCED_BREP_SHAPE_REPRESENTATION('',(#11,#1284),#1466);
#1284 = MANIFOLD_SOLID_BREP('',#1285);
#1285 = CLOSED_SHELL('',(#1286,#1374,#1452,#1459));
#1286 = ADVANCED_FACE('',(#1287),#1301,.T.);
#1287 = FACE_BOUND('',#1288,.F.);
#1288 = EDGE_LOOP('',(#1289,#1319,#1346,#1347));
#1289 = ORIENTED_EDGE('',*,*,#1290,.T.);
#1290 = EDGE_CURVE('',#1291,#1293,#1295,.T.);
#1291 = VERTEX_POINT('',#1292);
#1292 = CARTESIAN_POINT('',(57.15,0.,104.6));
#1293 = VERTEX_POINT('',#1294);
#1294 = CARTESIAN_POINT('',(57.15,0.,354.1));
#1295 = SEAM_CURVE('',#1296,(#1300,#1312),.PCURVE_S1.);
#1296 = LINE('',#1297,#1298);
#1297 = CARTESIAN_POINT('',(57.15,0.,104.6));
#1298 = VECTOR('',#1299,1.);
#1299 = DIRECTION('',(0.,0.,1.));
#1300 = PCURVE('',#1301,#1306);
#1301 = CYLINDRICAL_SURFACE('',#1302,57.15);
#1302 = AXIS2_PLACEMENT_3D('',#1303,#1304,#1305);
#1303 = CARTESIAN_POINT('',(0.,0.,104.6));
#1304 = DIRECTION('',(-0.,-0.,-1.));
#1305 = DIRECTION('',(1.,0.,0.));
#1306 = DEFINITIONAL_REPRESENTATION('',(#1307),#1311);
#1307 = LINE('',#1308,#1309);
#1308 = CARTESIAN_POINT('',(-0.,0.));
#1309 = VECTOR('',#1310,1.);
#1310 = DIRECTION('',(-0.,-1.));
#1311 = ( GEOMETRIC_REPRESENTATION_CONTEXT(2) 
PARAMETRIC_REPRESENTATION_CONTEXT() REPRESENTATION_CONTEXT('2D SPACE',''
  ) );
#1312 = PCURVE('',#1301,#1313);
#1313 = DEFINITIONAL_REPRESENTATION('',(#1314),#1318);
#1314 = LINE('',#1315,#1316);
#1315 = CARTESIAN_POINT('',(-6.28318530718,0.));
#1316 = VECTOR('',#1317,1.);
#1317 = DIRECTION('',(-0.,-1.));
#1318 = ( GEOMETRIC_REPRESENTATION_CONTEXT(2) 
PARAMETRIC_REPRESENTATION_CONTEXT() REPRESENTATION_CONTEXT('2D SPACE',''
  ) );
#1319 = ORIENTED_EDGE('',*,*,#1320,.T.);
#1320 = EDGE_CURVE('',#1293,#1293,#1321,.T.);
#1321 = SURFACE_CURVE('',#1322,(#1327,#1334),.PCURVE_S1.);
#1322 = CIRCLE('',#1323,57.15);
#1323 = AXIS2_PLACEMENT_3D('',#1324,#1325,#1326);
#1324 = CARTESIAN_POINT('',(0.,0.,354.1));
#1325 = DIRECTION('',(0.,0.,1.));
#1326 = DIRECTION('',(1.,0.,0.));
#1327 = PCURVE('',#1301,#1328);
#1328 = DEFINITIONAL_REPRESENTATION('',(#1329),#1333);
#1329 = LINE('',#1330,#1331);
#1330 = CARTESIAN_POINT('',(-0.,-249.5));
#1331 = VECTOR('',#1332,1.);
#1332 = DIRECTION('',(-1.,0.));
#1333 = ( GEOMETRIC_REPRESENTATION_CONTEXT(2) 
PARAMETRIC_REPRESENTATION_CONTEXT() REPRESENTATION_CONTEXT('2D SPACE',''
  ) );
#1334 = PCURVE('',#1335,#1340);
#1335 = PLANE('',#1336);
#1336 = AXIS2_PLACEMENT_3D('',#1337,#1338,#1339);
#1337 = CARTESIAN_POINT('',(-1.531341530753E-15,7.297309091299E-16,354.1
    ));
#1338 = DIRECTION('',(0.,0.,1.));
#1339 = DIRECTION('',(1.,0.,-0.));
#1340 = DEFINITIONAL_REPRESENTATION('',(#1341),#1345);
#1341 = CIRCLE('',#1342,57.15);
#1342 = AXIS2_PLACEMENT_2D('',#1343,#1344);
#1343 = CARTESIAN_POINT('',(1.531341530753E-15,-7.297309091299E-16));
#1344 = DIRECTION('',(1.,0.));
#1345 = ( GEOMETRIC_REPRESENTATION_CONTEXT(2) 
PARAMETRIC_REPRESENTATION_CONTEXT() REPRESENTATION_CONTEXT('2D SPACE',''
  ) );
#1346 = ORIENTED_EDGE('',*,*,#1290,.F.);
#1347 = ORIENTED_EDGE('',*,*,#1348,.F.);
#1348 = EDGE_CURVE('',#1291,#1291,#1349,.T.);
#1349 = SURFACE_CURVE('',#1350,(#1355,#1362),.PCURVE_S1.);
#1350 = CIRCLE('',#1351,57.15);
#1351 = AXIS2_PLACEMENT_3D('',#1352,#1353,#1354);
#1352 = CARTESIAN_POINT('',(0.,0.,104.6));
#1353 = DIRECTION('',(0.,0.,1.));
#1354 = DIRECTION('',(1.,0.,0.));
#1355 = PCURVE('',#1301,#1356);
#1356 = DEFINITIONAL_REPRESENTATION('',(#1357),#1361);
#1357 = LINE('',#1358,#1359);
#1358 = CARTESIAN_POINT('',(-0.,0.));
#1359 = VECTOR('',#1360,1.);
#1360 = DIRECTION('',(-1.,0.));
#1361 = ( GEOMETRIC_REPRESENTATION_CONTEXT(2) 
PARAMETRIC_REPRESENTATION_CONTEXT() REPRESENTATION_CONTEXT('2D SPACE',''
  ) );
#1362 = PCURVE('',#1363,#1368);
#1363 = PLANE('',#1364);
#1364 = AXIS2_PLACEMENT_3D('',#1365,#1366,#1367);
#1365 = CARTESIAN_POINT('',(-1.531341530753E-15,7.297309091299E-16,104.6
    ));
#1366 = DIRECTION('',(0.,0.,1.));
#1367 = DIRECTION('',(1.,0.,-0.));
#1368 = DEFINITIONAL_REPRESENTATION('',(#1369),#1373);
#1369 = CIRCLE('',#1370,57.15);
#1370 = AXIS2_PLACEMENT_2D('',#1371,#1372);
#1371 = CARTESIAN_POINT('',(1.531341530753E-15,-7.297309091299E-16));
#1372 = DIRECTION('',(1.,0.));
#1373 = ( GEOMETRIC_REPRESENTATION_CONTEXT(2) 
PARAMETRIC_REPRESENTATION_CONTEXT() REPRESENTATION_CONTEXT('2D SPACE',''
  ) );
#1374 = ADVANCED_FACE('',(#1375),#1389,.F.);
#1375 = FACE_BOUND('',#1376,.T.);
#1376 = EDGE_LOOP('',(#1377,#1407,#1429,#1430));
#1377 = ORIENTED_EDGE('',*,*,#1378,.T.);
#1378 = EDGE_CURVE('',#1379,#1381,#1383,.T.);
#1379 = VERTEX_POINT('',#1380);
#1380 = CARTESIAN_POINT('',(51.13,6.465130754073E-15,104.6));
#1381 = VERTEX_POINT('',#1382);
#1382 = CARTESIAN_POINT('',(51.13,6.465130754073E-15,354.1));
#1383 = SEAM_CURVE('',#1384,(#1388,#1400),.PCURVE_S1.);
#1384 = LINE('',#1385,#1386);
#1385 = CARTESIAN_POINT('',(51.13,6.465130754073E-15,104.6));
#1386 = VECTOR('',#1387,1.);
#1387 = DIRECTION('',(0.,0.,1.));
#1388 = PCURVE('',#1389,#1394);
#1389 = CYLINDRICAL_SURFACE('',#1390,51.13);
#1390 = AXIS2_PLACEMENT_3D('',#1391,#1392,#1393);
#1391 = CARTESIAN_POINT('',(2.725301271717E-13,6.465130754073E-15,104.6)
  );
#1392 = DIRECTION('',(-0.,-0.,-1.));
#1393 = DIRECTION('',(1.,0.,0.));
#1394 = DEFINITIONAL_REPRESENTATION('',(#1395),#1399);
#1395 = LINE('',#1396,#1397);
#1396 = CARTESIAN_POINT('',(-0.,0.));
#1397 = VECTOR('',#1398,1.);
#1398 = DIRECTION('',(-0.,-1.));
#1399 = ( GEOMETRIC_REPRESENTATION_CONTEXT(2) 
PARAMETRIC_REPRESENTATION_CONTEXT() REPRESENTATION_CONTEXT('2D SPACE',''
  ) );
#1400 = PCURVE('',#1389,#1401);
#1401 = DEFINITIONAL_REPRESENTATION('',(#1402),#1406);
#1402 = LINE('',#1403,#1404);
#1403 = CARTESIAN_POINT('',(-6.28318530718,0.));
#1404 = VECTOR('',#1405,1.);
#1405 = DIRECTION('',(-0.,-1.));
#1406 = ( GEOMETRIC_REPRESENTATION_CONTEXT(2) 
PARAMETRIC_REPRESENTATION_CONTEXT() REPRESENTATION_CONTEXT('2D SPACE',''
  ) );
#1407 = ORIENTED_EDGE('',*,*,#1408,.T.);
#1408 = EDGE_CURVE('',#1381,#1381,#1409,.T.);
#1409 = SURFACE_CURVE('',#1410,(#1415,#1422),.PCURVE_S1.);
#1410 = CIRCLE('',#1411,51.13);
#1411 = AXIS2_PLACEMENT_3D('',#1412,#1413,#1414);
#1412 = CARTESIAN_POINT('',(2.725301271717E-13,6.465130754073E-15,354.1)
  );
#1413 = DIRECTION('',(0.,0.,1.));
#1414 = DIRECTION('',(1.,0.,0.));
#1415 = PCURVE('',#1389,#1416);
#1416 = DEFINITIONAL_REPRESENTATION('',(#1417),#1421);
#1417 = LINE('',#1418,#1419);
#1418 = CARTESIAN_POINT('',(-0.,-249.5));
#1419 = VECTOR('',#1420,1.);
#1420 = DIRECTION('',(-1.,0.));
#1421 = ( GEOMETRIC_REPRESENTATION_CONTEXT(2) 
PARAMETRIC_REPRESENTATION_CONTEXT() REPRESENTATION_CONTEXT('2D SPACE',''
  ) );
#1422 = PCURVE('',#1335,#1423);
#1423 = DEFINITIONAL_REPRESENTATION('',(#1424),#1428);
#1424 = CIRCLE('',#1425,51.13);
#1425 = AXIS2_PLACEMENT_2D('',#1426,#1427);
#1426 = CARTESIAN_POINT('',(2.740614687024E-13,5.735399844943E-15));
#1427 = DIRECTION('',(1.,0.));
#1428 = ( GEOMETRIC_REPRESENTATION_CONTEXT(2) 
PARAMETRIC_REPRESENTATION_CONTEXT() REPRESENTATION_CONTEXT('2D SPACE',''
  ) );
#1429 = ORIENTED_EDGE('',*,*,#1378,.F.);
#1430 = ORIENTED_EDGE('',*,*,#1431,.F.);
#1431 = EDGE_CURVE('',#1379,#1379,#1432,.T.);
#1432 = SURFACE_CURVE('',#1433,(#1438,#1445),.PCURVE_S1.);
#1433 = CIRCLE('',#1434,51.13);
#1434 = AXIS2_PLACEMENT_3D('',#1435,#1436,#1437);
#1435 = CARTESIAN_POINT('',(2.725301271717E-13,6.465130754073E-15,104.6)
  );
#1436 = DIRECTION('',(0.,0.,1.));
#1437 = DIRECTION('',(1.,0.,0.));
#1438 = PCURVE('',#1389,#1439);
#1439 = DEFINITIONAL_REPRESENTATION('',(#1440),#1444);
#1440 = LINE('',#1441,#1442);
#1441 = CARTESIAN_POINT('',(-0.,0.));
#1442 = VECTOR('',#1443,1.);
#1443 = DIRECTION('',(-1.,0.));
#1444 = ( GEOMETRIC_REPRESENTATION_CONTEXT(2) 
PARAMETRIC_REPRESENTATION_CONTEXT() REPRESENTATION_CONTEXT('2D SPACE',''
  ) );
#1445 = PCURVE('',#1363,#1446);
#1446 = DEFINITIONAL_REPRESENTATION('',(#1447),#1451);
#1447 = CIRCLE('',#1448,51.13);
#1448 = AXIS2_PLACEMENT_2D('',#1449,#1450);
#1449 = CARTESIAN_POINT('',(2.740614687024E-13,5.735399844943E-15));
#1450 = DIRECTION('',(1.,0.));
#1451 = ( GEOMETRIC_REPRESENTATION_CONTEXT(2) 
PARAMETRIC_REPRESENTATION_CONTEXT() REPRESENTATION_CONTEXT('2D SPACE',''
  ) );
#1452 = ADVANCED_FACE('',(#1453,#1456),#1363,.F.);
#1453 = FACE_BOUND('',#1454,.F.);
#1454 = EDGE_LOOP('',(#1455));
#1455 = ORIENTED_EDGE('',*,*,#1348,.T.);
#1456 = FACE_BOUND('',#1457,.F.);
#1457 = EDGE_LOOP('',(#1458));
#1458 = ORIENTED_EDGE('',*,*,#1431,.F.);
#1459 = ADVANCED_FACE('',(#1460,#1463),#1335,.T.);
#1460 = FACE_BOUND('',#1461,.T.);
#1461 = EDGE_LOOP('',(#1462));
#1462 = ORIENTED_EDGE('',*,*,#1320,.T.);
#1463 = FACE_BOUND('',#1464,.T.);
#1464 = EDGE_LOOP('',(#1465));
#1465 = ORIENTED_EDGE('',*,*,#1408,.F.);
#1466 = ( GEOMETRIC_REPRESENTATION_CONTEXT(3) 
GLOBAL_UNCERTAINTY_ASSIGNED_CONTEXT((#1470)) 
GLOBAL_UNIT_ASSIGNED_CONTEXT((#1467,#1468,#1469)) REPRESENTATION_CONTEXT
('Context #1','3D Context with UNIT and UNCERTAINTY') );
#1467 = ( LENGTH_UNIT() NAMED_UNIT(*) SI_UNIT(.MILLI.,.METRE.) );
#1468 = ( NAMED_UNIT(*) PLANE_ANGLE_UNIT() SI_UNIT($,.RADIAN.) );
#1469 = ( NAMED_UNIT(*) SI_UNIT($,.STERADIAN.) SOLID_ANGLE_UNIT() );
#1470 = UNCERTAINTY_MEASURE_WITH_UNIT(LENGTH_MEASURE(1.E-07),#1467,
  'distance_accuracy_value','confusion accuracy');
#1471 = CONTEXT_DEPENDENT_SHAPE_REPRESENTATION(#1472,#1474);
#1472 = ( REPRESENTATION_RELATIONSHIP('','',#1283,#10) 
REPRESENTATION_RELATIONSHIP_WITH_TRANSFORMATION(#1473) 
SHAPE_REPRESENTATION_RELATIONSHIP() );
#1473 = ITEM_DEFINED_TRANSFORMATION('','',#11,#19);
#1474 = PRODUCT_DEFINITION_SHAPE('Placement','Placement of an item',
  #1475);
#1475 = NEXT_ASSEMBLY_USAGE_OCCURRENCE('20','','',#5,#1278,$);
#1476 = PRODUCT_RELATED_PRODUCT_CATEGORY('part',$,(#1280));
#1477 = SHAPE_DEFINITION_REPRESENTATION(#1478,#1484);
#1478 = PRODUCT_DEFINITION_SHAPE('','',#1479);
#1479 = PRODUCT_DEFINITION('design','',#1480,#1483);
#1480 = PRODUCT_DEFINITION_FORMATION('','',#1481);
#1481 = PRODUCT('Open CASCADE STEP translator 7.8 16.3',
  'Open CASCADE STEP translator 7.8 16.3','',(#1482));
#1482 = PRODUCT_CONTEXT('',#2,'mechanical');
#1483 = PRODUCT_DEFINITION_CONTEXT('part definition',#2,'design');
#1484 = ADVANCED_BREP_SHAPE_REPRESENTATION('',(#11,#1485),#3438);
#1485 = MANIFOLD_SOLID_BREP('',#1486);
#1486 = CLOSED_SHELL('',(#1487,#1990,#2029,#2241,#2357,#2419,#2530,#2635
    ,#2742,#2804,#2897,#3234,#3266,#3328,#3335,#3428));
#1487 = ADVANCED_FACE('',(#1488),#1501,.T.);
#1488 = FACE_BOUND('',#1489,.T.);
#1489 = EDGE_LOOP('',(#1490,#1528,#1552,#1585,#1646,#1692,#1753,#1786,
    #1847,#1893,#1963,#1989));
#1490 = ORIENTED_EDGE('',*,*,#1491,.F.);
#1491 = EDGE_CURVE('',#1492,#1492,#1494,.T.);
#1492 = VERTEX_POINT('',#1493);
#1493 = CARTESIAN_POINT('',(-9.050168022403E-15,0.,-42.95));
#1494 = SURFACE_CURVE('',#1495,(#1500,#1512),.PCURVE_S1.);
#1495 = CIRCLE('',#1496,57.15);
#1496 = AXIS2_PLACEMENT_3D('',#1497,#1498,#1499);
#1497 = CARTESIAN_POINT('',(1.262177448354E-29,0.,14.2));
#1498 = DIRECTION('',(-1.,0.,1.583581456238E-16));
#1499 = DIRECTION('',(1.583581456238E-16,0.,1.));
#1500 = PCURVE('',#1501,#1506);
#1501 = TOROIDAL_SURFACE('',#1502,342.9,57.15);
#1502 = AXIS2_PLACEMENT_3D('',#1503,#1504,#1505);
#1503 = CARTESIAN_POINT('',(-5.430100813442E-14,0.,-328.7));
#1504 = DIRECTION('',(0.,1.,0.));
#1505 = DIRECTION('',(1.583581456238E-16,0.,1.));
#1506 = DEFINITIONAL_REPRESENTATION('',(#1507),#1511);
#1507 = LINE('',#1508,#1509);
#1508 = CARTESIAN_POINT('',(0.,0.));
#1509 = VECTOR('',#1510,1.);
#1510 = DIRECTION('',(0.,1.));
#1511 = ( GEOMETRIC_REPRESENTATION_CONTEXT(2) 
PARAMETRIC_REPRESENTATION_CONTEXT() REPRESENTATION_CONTEXT('2D SPACE',''
  ) );
#1512 = PCURVE('',#1513,#1518);
#1513 = PLANE('',#1514);
#1514 = AXIS2_PLACEMENT_3D('',#1515,#1516,#1517);
#1515 = CARTESIAN_POINT('',(1.326101888285E-29,3.499428228564E-15,14.2)
  );
#1516 = DIRECTION('',(1.,0.,-1.583581456238E-16));
#1517 = DIRECTION('',(-1.583581456238E-16,0.,-1.));
#1518 = DEFINITIONAL_REPRESENTATION('',(#1519),#1527);
#1519 = ( BOUNDED_CURVE() B_SPLINE_CURVE(2,(#1520,#1521,#1522,#1523,
#1524,#1525,#1526),.UNSPECIFIED.,.T.,.F.) B_SPLINE_CURVE_WITH_KNOTS((1,2
    ,2,2,2,1),(-2.094395102393,0.,2.094395102393,4.188790204786,
6.28318530718,8.377580409573),.UNSPECIFIED.) CURVE() 
GEOMETRIC_REPRESENTATION_ITEM() RATIONAL_B_SPLINE_CURVE((1.,0.5,1.,0.5,
1.,0.5,1.)) REPRESENTATION_ITEM('') );
#1520 = CARTESIAN_POINT('',(-57.15,-3.499428228564E-15));
#1521 = CARTESIAN_POINT('',(-57.15,98.986703652561));
#1522 = CARTESIAN_POINT('',(28.575,49.493351826281));
#1523 = CARTESIAN_POINT('',(114.3,1.049828468569E-14));
#1524 = CARTESIAN_POINT('',(28.575,-49.49335182628));
#1525 = CARTESIAN_POINT('',(-57.15,-98.98670365256));
#1526 = CARTESIAN_POINT('',(-57.15,-3.499428228564E-15));
#1527 = ( GEOMETRIC_REPRESENTATION_CONTEXT(2) 
PARAMETRIC_REPRESENTATION_CONTEXT() REPRESENTATION_CONTEXT('2D SPACE',''
  ) );
#1528 = ORIENTED_EDGE('',*,*,#1529,.T.);
#1529 = EDGE_CURVE('',#1492,#1530,#1532,.T.);
#1530 = VERTEX_POINT('',#1531);
#1531 = CARTESIAN_POINT('',(285.75,0.,-328.7));
#1532 = SEAM_CURVE('',#1533,(#1538,#1545),.PCURVE_S1.);
#1533 = CIRCLE('',#1534,285.75);
#1534 = AXIS2_PLACEMENT_3D('',#1535,#1536,#1537);
#1535 = CARTESIAN_POINT('',(-5.430100813442E-14,2.099656937138E-14,
    -328.7));
#1536 = DIRECTION('',(-0.,1.,0.));
#1537 = DIRECTION('',(1.583581456238E-16,0.,1.));
#1538 = PCURVE('',#1501,#1539);
#1539 = DEFINITIONAL_REPRESENTATION('',(#1540),#1544);
#1540 = LINE('',#1541,#1542);
#1541 = CARTESIAN_POINT('',(0.,9.424777960769));
#1542 = VECTOR('',#1543,1.);
#1543 = DIRECTION('',(1.,0.));
#1544 = ( GEOMETRIC_REPRESENTATION_CONTEXT(2) 
PARAMETRIC_REPRESENTATION_CONTEXT() REPRESENTATION_CONTEXT('2D SPACE',''
  ) );
#1545 = PCURVE('',#1501,#1546);
#1546 = DEFINITIONAL_REPRESENTATION('',(#1547),#1551);
#1547 = LINE('',#1548,#1549);
#1548 = CARTESIAN_POINT('',(0.,3.14159265359));
#1549 = VECTOR('',#1550,1.);
#1550 = DIRECTION('',(1.,0.));
#1551 = ( GEOMETRIC_REPRESENTATION_CONTEXT(2) 
PARAMETRIC_REPRESENTATION_CONTEXT() REPRESENTATION_CONTEXT('2D SPACE',''
  ) );
#1552 = ORIENTED_EDGE('',*,*,#1553,.T.);
#1553 = EDGE_CURVE('',#1530,#1554,#1556,.T.);
#1554 = VERTEX_POINT('',#1555);
#1555 = CARTESIAN_POINT('',(342.9,-57.15,-328.7));
#1556 = SURFACE_CURVE('',#1557,(#1562,#1569),.PCURVE_S1.);
#1557 = CIRCLE('',#1558,57.15);
#1558 = AXIS2_PLACEMENT_3D('',#1559,#1560,#1561);
#1559 = CARTESIAN_POINT('',(342.9,0.,-328.7));
#1560 = DIRECTION('',(-3.469634041836E-16,0.,1.));
#1561 = DIRECTION('',(1.,0.,3.469634041836E-16));
#1562 = PCURVE('',#1501,#1563);
#1563 = DEFINITIONAL_REPRESENTATION('',(#1564),#1568);
#1564 = LINE('',#1565,#1566);
#1565 = CARTESIAN_POINT('',(1.570796326795,0.));
#1566 = VECTOR('',#1567,1.);
#1567 = DIRECTION('',(0.,1.));
#1568 = ( GEOMETRIC_REPRESENTATION_CONTEXT(2) 
PARAMETRIC_REPRESENTATION_CONTEXT() REPRESENTATION_CONTEXT('2D SPACE',''
  ) );
#1569 = PCURVE('',#1570,#1575);
#1570 = PLANE('',#1571);
#1571 = AXIS2_PLACEMENT_3D('',#1572,#1573,#1574);
#1572 = CARTESIAN_POINT('',(342.9,6.562111290069E-15,-328.7));
#1573 = DIRECTION('',(1.110223024625E-16,0.,-1.));
#1574 = DIRECTION('',(1.,0.,1.110223024625E-16));
#1575 = DEFINITIONAL_REPRESENTATION('',(#1576),#1584);
#1576 = ( BOUNDED_CURVE() B_SPLINE_CURVE(2,(#1577,#1578,#1579,#1580,
#1581,#1582,#1583),.UNSPECIFIED.,.T.,.F.) B_SPLINE_CURVE_WITH_KNOTS((1,2
    ,2,2,2,1),(-2.094395102393,0.,2.094395102393,4.188790204786,
6.28318530718,8.377580409573),.UNSPECIFIED.) CURVE() 
GEOMETRIC_REPRESENTATION_ITEM() RATIONAL_B_SPLINE_CURVE((1.,0.5,1.,0.5,
1.,0.5,1.)) REPRESENTATION_ITEM('') );
#1577 = CARTESIAN_POINT('',(57.15,6.562111290069E-15));
#1578 = CARTESIAN_POINT('',(57.15,-98.98670365256));
#1579 = CARTESIAN_POINT('',(-28.575,-49.49335182628));
#1580 = CARTESIAN_POINT('',(-114.3,-7.435601624185E-15));
#1581 = CARTESIAN_POINT('',(-28.575,49.493351826281));
#1582 = CARTESIAN_POINT('',(57.15,98.986703652561));
#1583 = CARTESIAN_POINT('',(57.15,6.562111290069E-15));
#1584 = ( GEOMETRIC_REPRESENTATION_CONTEXT(2) 
PARAMETRIC_REPRESENTATION_CONTEXT() REPRESENTATION_CONTEXT('2D SPACE',''
  ) );
#1585 = ORIENTED_EDGE('',*,*,#1586,.T.);
#1586 = EDGE_CURVE('',#1554,#1587,#1589,.T.);
#1587 = VERTEX_POINT('',#1588);
#1588 = CARTESIAN_POINT('',(342.9,-57.14975270327,-317.9609001329));
#1589 = SURFACE_CURVE('',#1590,(#1605,#1623),.PCURVE_S1.);
#1590 = B_SPLINE_CURVE_WITH_KNOTS('',5,(#1591,#1592,#1593,#1594,#1595,
    #1596,#1597,#1598,#1599,#1600,#1601,#1602,#1603,#1604),
  .UNSPECIFIED.,.F.,.F.,(6,4,4,6),(0.,0.367986457249,0.663968698603,1.),
  .UNSPECIFIED.);
#1591 = CARTESIAN_POINT('',(342.9,-57.15,-328.7));
#1592 = CARTESIAN_POINT('',(342.9,-57.15,-323.5641439695));
#1593 = CARTESIAN_POINT('',(342.9,-57.14999957256,-318.4282888153));
#1594 = CARTESIAN_POINT('',(342.9,-57.15000150728,-313.292433108));
#1595 = CARTESIAN_POINT('',(342.9,-57.14837806396,-308.1565787049));
#1596 = CARTESIAN_POINT('',(342.9,-57.13674928914,-298.8898184008));
#1597 = CARTESIAN_POINT('',(342.9,-57.12844649994,-294.7589139114));
#1598 = CARTESIAN_POINT('',(342.9,-57.11536262425,-290.6280156999));
#1599 = CARTESIAN_POINT('',(342.9,-57.09518405209,-286.4971453513));
#1600 = CARTESIAN_POINT('',(342.9,-57.03068523072,-277.6766155609));
#1601 = CARTESIAN_POINT('',(342.9,-56.9834684842,-272.986993746));
#1602 = CARTESIAN_POINT('',(342.9,-56.91903211366,-268.2975264393));
#1603 = CARTESIAN_POINT('',(342.9,-56.83206445779,-263.6084112816));
#1604 = CARTESIAN_POINT('',(342.9,-56.7162115025,-258.92));
#1605 = PCURVE('',#1501,#1606);
#1606 = DEFINITIONAL_REPRESENTATION('',(#1607),#1622);
#1607 = B_SPLINE_CURVE_WITH_KNOTS('',5,(#1608,#1609,#1610,#1611,#1612,
    #1613,#1614,#1615,#1616,#1617,#1618,#1619,#1620,#1621),
  .UNSPECIFIED.,.F.,.F.,(6,4,4,6),(0.,0.367986457249,0.663968698603,1.),
  .UNSPECIFIED.);
#1608 = CARTESIAN_POINT('',(1.570796326795,4.712388980385));
#1609 = CARTESIAN_POINT('',(1.555818618919,4.712388980385));
#1610 = CARTESIAN_POINT('',(1.540840913476,4.714071449299));
#1611 = CARTESIAN_POINT('',(1.525877206936,4.717436508404));
#1612 = CARTESIAN_POINT('',(1.510941502399,4.722479019612));
#1613 = CARTESIAN_POINT('',(1.484067546496,4.734589845344));
#1614 = CARTESIAN_POINT('',(1.47211463611,4.741068708973));
#1615 = CARTESIAN_POINT('',(1.460195656481,4.748623702839));
#1616 = CARTESIAN_POINT('',(1.44831751983,4.757249751996));
#1617 = CARTESIAN_POINT('',(1.423055430457,4.77794759593));
#1618 = CARTESIAN_POINT('',(1.409685246181,4.79032765599));
#1619 = CARTESIAN_POINT('',(1.396385984127,4.80407741264));
#1620 = CARTESIAN_POINT('',(1.383167198448,4.819192724444));
#1621 = CARTESIAN_POINT('',(1.370038078698,4.835677030341));
#1622 = ( GEOMETRIC_REPRESENTATION_CONTEXT(2) 
PARAMETRIC_REPRESENTATION_CONTEXT() REPRESENTATION_CONTEXT('2D SPACE',''
  ) );
#1623 = PCURVE('',#1624,#1629);
#1624 = PLANE('',#1625);
#1625 = AXIS2_PLACEMENT_3D('',#1626,#1627,#1628);
#1626 = CARTESIAN_POINT('',(342.9,-2.373773712347E-15,-328.7));
#1627 = DIRECTION('',(1.,0.,1.110223024625E-16));
#1628 = DIRECTION('',(1.110223024625E-16,0.,-1.));
#1629 = DEFINITIONAL_REPRESENTATION('',(#1630),#1645);
#1630 = B_SPLINE_CURVE_WITH_KNOTS('',5,(#1631,#1632,#1633,#1634,#1635,
    #1636,#1637,#1638,#1639,#1640,#1641,#1642,#1643,#1644),
  .UNSPECIFIED.,.F.,.F.,(6,4,4,6),(0.,0.367986457249,0.663968698603,1.),
  .UNSPECIFIED.);
#1631 = CARTESIAN_POINT('',(2.273736754432E-13,-57.15));
#1632 = CARTESIAN_POINT('',(-5.135856030494,-57.15));
#1633 = CARTESIAN_POINT('',(-10.27171118465,-57.14999957256));
#1634 = CARTESIAN_POINT('',(-15.40756689193,-57.15000150728));
#1635 = CARTESIAN_POINT('',(-20.54342129505,-57.14837806396));
#1636 = CARTESIAN_POINT('',(-29.81018159914,-57.13674928914));
#1637 = CARTESIAN_POINT('',(-33.94108608856,-57.12844649994));
#1638 = CARTESIAN_POINT('',(-38.07198430001,-57.11536262425));
#1639 = CARTESIAN_POINT('',(-42.20285464868,-57.09518405209));
#1640 = CARTESIAN_POINT('',(-51.02338443905,-57.03068523072));
#1641 = CARTESIAN_POINT('',(-55.71300625392,-56.9834684842));
#1642 = CARTESIAN_POINT('',(-60.40247356065,-56.91903211366));
#1643 = CARTESIAN_POINT('',(-65.09158871837,-56.83206445779));
#1644 = CARTESIAN_POINT('',(-69.78,-56.7162115025));
#1645 = ( GEOMETRIC_REPRESENTATION_CONTEXT(2) 
PARAMETRIC_REPRESENTATION_CONTEXT() REPRESENTATION_CONTEXT('2D SPACE',''
  ) );
#1646 = ORIENTED_EDGE('',*,*,#1647,.T.);
#1647 = EDGE_CURVE('',#1587,#1648,#1650,.T.);
#1648 = VERTEX_POINT('',#1649);
#1649 = CARTESIAN_POINT('',(348.0954467741,-56.89403164519,
    -316.6795314918));
#1650 = SURFACE_CURVE('',#1651,(#1661,#1674),.PCURVE_S1.);
#1651 = B_SPLINE_CURVE_WITH_KNOTS('',8,(#1652,#1653,#1654,#1655,#1656,
    #1657,#1658,#1659,#1660),.UNSPECIFIED.,.F.,.F.,(9,9),(0.,1.),
  .PIECEWISE_BEZIER_KNOTS.);
#1652 = CARTESIAN_POINT('',(342.8999994,-57.14975270504,-317.9609001423)
  );
#1653 = CARTESIAN_POINT('',(343.56225509225,-57.14780446879,
    -317.9505323069));
#1654 = CARTESIAN_POINT('',(344.22424391745,-57.1370820588,
    -317.8934829565));
#1655 = CARTESIAN_POINT('',(344.88359852138,-57.11753577234,
    -317.7896764857));
#1656 = CARTESIAN_POINT('',(345.53854997527,-57.08928272047,
    -317.6410898234));
#1657 = CARTESIAN_POINT('',(346.18787304988,-57.05254039281,
    -317.4514425405));
#1658 = CARTESIAN_POINT('',(346.83074140807,-57.00757047745,
    -317.2250973977));
#1659 = CARTESIAN_POINT('',(347.46666331061,-56.95464868565,
    -316.9664377579));
#1660 = CARTESIAN_POINT('',(348.0954473741,-56.89403158735,
    -316.679531218));
#1661 = PCURVE('',#1501,#1662);
#1662 = DEFINITIONAL_REPRESENTATION('',(#1663),#1673);
#1663 = B_SPLINE_CURVE_WITH_KNOTS('',8,(#1664,#1665,#1666,#1667,#1668,
    #1669,#1670,#1671,#1672),.UNSPECIFIED.,.F.,.F.,(9,9),(0.,1.),
  .PIECEWISE_BEZIER_KNOTS.);
#1664 = CARTESIAN_POINT('',(1.539488100469,4.715330790712));
#1665 = CARTESIAN_POINT('',(1.539518321608,4.726918866946));
#1666 = CARTESIAN_POINT('',(1.53941238109,4.738528302728));
#1667 = CARTESIAN_POINT('',(1.539170893251,4.750120012491));
#1668 = CARTESIAN_POINT('',(1.538800507775,4.761664897393));
#1669 = CARTESIAN_POINT('',(1.538312851435,4.773142927308));
#1670 = CARTESIAN_POINT('',(1.537721233974,4.7845407304));
#1671 = CARTESIAN_POINT('',(1.537038870786,4.795850565214));
#1672 = CARTESIAN_POINT('',(1.536277937408,4.807069862982));
#1673 = ( GEOMETRIC_REPRESENTATION_CONTEXT(2) 
PARAMETRIC_REPRESENTATION_CONTEXT() REPRESENTATION_CONTEXT('2D SPACE',''
  ) );
#1674 = PCURVE('',#1675,#1680);
#1675 = CYLINDRICAL_SURFACE('',#1676,58.15);
#1676 = AXIS2_PLACEMENT_3D('',#1677,#1678,#1679);
#1677 = CARTESIAN_POINT('',(342.9,0.,-328.7));
#1678 = DIRECTION('',(-1.,-0.,-1.110223024625E-16));
#1679 = DIRECTION('',(1.110223024625E-16,0.,-1.));
#1680 = DEFINITIONAL_REPRESENTATION('',(#1681),#1691);
#1681 = B_SPLINE_CURVE_WITH_KNOTS('',8,(#1682,#1683,#1684,#1685,#1686,
    #1687,#1688,#1689,#1690),.UNSPECIFIED.,.F.,.F.,(9,9),(0.,1.),
  .PIECEWISE_BEZIER_KNOTS.);
#1682 = CARTESIAN_POINT('',(-4.526643466177,5.999999999062E-07));
#1683 = CARTESIAN_POINT('',(-4.526462050949,-0.662255092259));
#1684 = CARTESIAN_POINT('',(-4.525463800805,-1.324243917453));
#1685 = CARTESIAN_POINT('',(-4.523647280585,-1.983598521386));
#1686 = CARTESIAN_POINT('',(-4.521046271881,-2.638549975279));
#1687 = CARTESIAN_POINT('',(-4.517724329763,-3.287873049882));
#1688 = CARTESIAN_POINT('',(-4.513755909076,-3.930741408079));
#1689 = CARTESIAN_POINT('',(-4.509215709014,-4.566663310616));
#1690 = CARTESIAN_POINT('',(-4.50417288586,-5.195447374107));
#1691 = ( GEOMETRIC_REPRESENTATION_CONTEXT(2) 
PARAMETRIC_REPRESENTATION_CONTEXT() REPRESENTATION_CONTEXT('2D SPACE',''
  ) );
#1692 = ORIENTED_EDGE('',*,*,#1693,.F.);
#1693 = EDGE_CURVE('',#1694,#1648,#1696,.T.);
#1694 = VERTEX_POINT('',#1695);
#1695 = CARTESIAN_POINT('',(348.0954467741,-56.91335373018,-328.7));
#1696 = SURFACE_CURVE('',#1697,(#1712,#1730),.PCURVE_S1.);
#1697 = B_SPLINE_CURVE_WITH_KNOTS('',7,(#1698,#1699,#1700,#1701,#1702,
    #1703,#1704,#1705,#1706,#1707,#1708,#1709,#1710,#1711),
  .UNSPECIFIED.,.F.,.F.,(8,6,8),(0.,0.721737946177,1.),.UNSPECIFIED.);
#1698 = CARTESIAN_POINT('',(348.0954467741,-56.91335373018,-328.7));
#1699 = CARTESIAN_POINT('',(348.0954467741,-56.91335373018,
    -321.5039223978));
#1700 = CARTESIAN_POINT('',(348.0954467741,-56.89751055772,
    -314.3079314711));
#1701 = CARTESIAN_POINT('',(348.0954467741,-56.86582308598,
    -307.1119322021));
#1702 = CARTESIAN_POINT('',(348.0954467741,-56.81498509026,
    -299.915965479));
#1703 = CARTESIAN_POINT('',(348.0954467741,-56.73835626181,
    -292.7202084392));
#1704 = CARTESIAN_POINT('',(348.0954467741,-56.62612453481,
    -285.5249729602));
#1705 = CARTESIAN_POINT('',(348.0954467741,-56.40312655592,
    -275.5569985479));
#1706 = CARTESIAN_POINT('',(348.0954467741,-56.33383413952,
    -272.7834556156));
#1707 = CARTESIAN_POINT('',(348.0954467741,-56.25654957613,
    -270.0101132875));
#1708 = CARTESIAN_POINT('',(348.0954467741,-56.17044969168,
    -267.2370220125));
#1709 = CARTESIAN_POINT('',(348.0954467741,-56.07463727325,
    -264.4642482715));
#1710 = CARTESIAN_POINT('',(348.0954467741,-55.96813859809,
    -261.6918746648));
#1711 = CARTESIAN_POINT('',(348.0954467741,-55.84990096262,-258.92));
#1712 = PCURVE('',#1501,#1713);
#1713 = DEFINITIONAL_REPRESENTATION('',(#1714),#1729);
#1714 = B_SPLINE_CURVE_WITH_KNOTS('',7,(#1715,#1716,#1717,#1718,#1719,
    #1720,#1721,#1722,#1723,#1724,#1725,#1726,#1727,#1728),
  .UNSPECIFIED.,.F.,.F.,(8,6,8),(0.,0.721737946177,1.),.UNSPECIFIED.);
#1715 = CARTESIAN_POINT('',(1.570796326795,4.803423621875));
#1716 = CARTESIAN_POINT('',(1.550123612834,4.803423621875));
#1717 = CARTESIAN_POINT('',(1.529451147886,4.806473101791));
#1718 = CARTESIAN_POINT('',(1.508807518958,4.812571937645));
#1719 = CARTESIAN_POINT('',(1.488221700757,4.821715980978));
#1720 = CARTESIAN_POINT('',(1.4677224605,4.833896603398));
#1721 = CARTESIAN_POINT('',(1.447337720624,4.849106521188));
#1722 = CARTESIAN_POINT('',(1.419289248647,4.87438750872));
#1723 = CARTESIAN_POINT('',(1.411505457594,4.881873524252));
#1724 = CARTESIAN_POINT('',(1.403744249102,4.889811194248));
#1725 = CARTESIAN_POINT('',(1.39600717783,4.898201152745));
#1726 = CARTESIAN_POINT('',(1.38829579989,4.907044412245));
#1727 = CARTESIAN_POINT('',(1.380611667824,4.916342486589));
#1728 = CARTESIAN_POINT('',(1.372956325593,4.926097513824));
#1729 = ( GEOMETRIC_REPRESENTATION_CONTEXT(2) 
PARAMETRIC_REPRESENTATION_CONTEXT() REPRESENTATION_CONTEXT('2D SPACE',''
  ) );
#1730 = PCURVE('',#1731,#1736);
#1731 = PLANE('',#1732);
#1732 = AXIS2_PLACEMENT_3D('',#1733,#1734,#1735);
#1733 = CARTESIAN_POINT('',(348.0954467741,-2.373773712347E-15,-328.7));
#1734 = DIRECTION('',(1.,0.,1.110223024625E-16));
#1735 = DIRECTION('',(1.110223024625E-16,0.,-1.));
#1736 = DEFINITIONAL_REPRESENTATION('',(#1737),#1752);
#1737 = B_SPLINE_CURVE_WITH_KNOTS('',7,(#1738,#1739,#1740,#1741,#1742,
    #1743,#1744,#1745,#1746,#1747,#1748,#1749,#1750,#1751),
  .UNSPECIFIED.,.F.,.F.,(8,6,8),(0.,0.721737946177,1.),.UNSPECIFIED.);
#1738 = CARTESIAN_POINT('',(2.273736754432E-13,-56.91335373018));
#1739 = CARTESIAN_POINT('',(-7.196077602114,-56.91335373018));
#1740 = CARTESIAN_POINT('',(-14.39206852886,-56.89751055772));
#1741 = CARTESIAN_POINT('',(-21.58806779782,-56.86582308598));
#1742 = CARTESIAN_POINT('',(-28.78403452096,-56.81498509026));
#1743 = CARTESIAN_POINT('',(-35.97979156071,-56.73835626181));
#1744 = CARTESIAN_POINT('',(-43.17502703976,-56.62612453481));
#1745 = CARTESIAN_POINT('',(-53.143001452,-56.40312655592));
#1746 = CARTESIAN_POINT('',(-55.91654438436,-56.33383413952));
#1747 = CARTESIAN_POINT('',(-58.68988671245,-56.25654957613));
#1748 = CARTESIAN_POINT('',(-61.46297798745,-56.17044969168));
#1749 = CARTESIAN_POINT('',(-64.23575172848,-56.07463727325));
#1750 = CARTESIAN_POINT('',(-67.00812533514,-55.96813859809));
#1751 = CARTESIAN_POINT('',(-69.78,-55.84990096262));
#1752 = ( GEOMETRIC_REPRESENTATION_CONTEXT(2) 
PARAMETRIC_REPRESENTATION_CONTEXT() REPRESENTATION_CONTEXT('2D SPACE',''
  ) );
#1753 = ORIENTED_EDGE('',*,*,#1754,.T.);
#1754 = EDGE_CURVE('',#1694,#1755,#1757,.T.);
#1755 = VERTEX_POINT('',#1756);
#1756 = CARTESIAN_POINT('',(348.0954467741,56.913353730187,-328.7));
#1757 = SURFACE_CURVE('',#1758,(#1763,#1770),.PCURVE_S1.);
#1758 = CIRCLE('',#1759,57.15);
#1759 = AXIS2_PLACEMENT_3D('',#1760,#1761,#1762);
#1760 = CARTESIAN_POINT('',(342.9,0.,-328.7));
#1761 = DIRECTION('',(-3.469634041836E-16,0.,1.));
#1762 = DIRECTION('',(1.,0.,3.469634041836E-16));
#1763 = PCURVE('',#1501,#1764);
#1764 = DEFINITIONAL_REPRESENTATION('',(#1765),#1769);
#1765 = LINE('',#1766,#1767);
#1766 = CARTESIAN_POINT('',(1.570796326795,0.));
#1767 = VECTOR('',#1768,1.);
#1768 = DIRECTION('',(0.,1.));
#1769 = ( GEOMETRIC_REPRESENTATION_CONTEXT(2) 
PARAMETRIC_REPRESENTATION_CONTEXT() REPRESENTATION_CONTEXT('2D SPACE',''
  ) );
#1770 = PCURVE('',#1771,#1776);
#1771 = PLANE('',#1772);
#1772 = AXIS2_PLACEMENT_3D('',#1773,#1774,#1775);
#1773 = CARTESIAN_POINT('',(342.9,6.562111290069E-15,-328.7));
#1774 = DIRECTION('',(1.110223024625E-16,0.,-1.));
#1775 = DIRECTION('',(1.,0.,1.110223024625E-16));
#1776 = DEFINITIONAL_REPRESENTATION('',(#1777),#1785);
#1777 = ( BOUNDED_CURVE() B_SPLINE_CURVE(2,(#1778,#1779,#1780,#1781,
#1782,#1783,#1784),.UNSPECIFIED.,.T.,.F.) B_SPLINE_CURVE_WITH_KNOTS((1,2
    ,2,2,2,1),(-2.094395102393,0.,2.094395102393,4.188790204786,
6.28318530718,8.377580409573),.UNSPECIFIED.) CURVE() 
GEOMETRIC_REPRESENTATION_ITEM() RATIONAL_B_SPLINE_CURVE((1.,0.5,1.,0.5,
1.,0.5,1.)) REPRESENTATION_ITEM('') );
#1778 = CARTESIAN_POINT('',(57.15,6.562111290069E-15));
#1779 = CARTESIAN_POINT('',(57.15,-98.98670365256));
#1780 = CARTESIAN_POINT('',(-28.575,-49.49335182628));
#1781 = CARTESIAN_POINT('',(-114.3,-7.435601624185E-15));
#1782 = CARTESIAN_POINT('',(-28.575,49.493351826281));
#1783 = CARTESIAN_POINT('',(57.15,98.986703652561));
#1784 = CARTESIAN_POINT('',(57.15,6.562111290069E-15));
#1785 = ( GEOMETRIC_REPRESENTATION_CONTEXT(2) 
PARAMETRIC_REPRESENTATION_CONTEXT() REPRESENTATION_CONTEXT('2D SPACE',''
  ) );
#1786 = ORIENTED_EDGE('',*,*,#1787,.F.);
#1787 = EDGE_CURVE('',#1788,#1755,#1790,.T.);
#1788 = VERTEX_POINT('',#1789);
#1789 = CARTESIAN_POINT('',(348.0954467741,56.894031645196,
    -316.6795314918));
#1790 = SURFACE_CURVE('',#1791,(#1806,#1824),.PCURVE_S1.);
#1791 = B_SPLINE_CURVE_WITH_KNOTS('',7,(#1792,#1793,#1794,#1795,#1796,
    #1797,#1798,#1799,#1800,#1801,#1802,#1803,#1804,#1805),
  .UNSPECIFIED.,.F.,.F.,(8,6,8),(0.,0.604441543628,1.),.UNSPECIFIED.);
#1792 = CARTESIAN_POINT('',(348.0954467741,55.849900962628,-258.92));
#1793 = CARTESIAN_POINT('',(348.0954467741,56.106737094308,
    -264.9410741158));
#1794 = CARTESIAN_POINT('',(348.0954467741,56.308178308234,
    -270.9643982493));
#1795 = CARTESIAN_POINT('',(348.0954467741,56.465029811923,
    -276.9891218494));
#1796 = CARTESIAN_POINT('',(348.0954467741,56.586295894828,
    -283.0146235868));
#1797 = CARTESIAN_POINT('',(348.0954467741,56.67941398533,
    -289.0405054644));
#1798 = CARTESIAN_POINT('',(348.0954467741,56.750225905236,
    -295.0665932501));
#1799 = CARTESIAN_POINT('',(348.0954467741,56.837489688913,
    -305.0366939107));
#1800 = CARTESIAN_POINT('',(348.0954467741,56.864270070623,
    -308.9805170504));
#1801 = CARTESIAN_POINT('',(348.0954467741,56.884501251335,
    -312.9243830834));
#1802 = CARTESIAN_POINT('',(348.0954467741,56.899076979372,
    -316.8682744208));
#1803 = CARTESIAN_POINT('',(348.0954467741,56.908594680211,
    -320.8121785123));
#1804 = CARTESIAN_POINT('',(348.0954467741,56.913353730187,
    -324.7560878544));
#1805 = CARTESIAN_POINT('',(348.0954467741,56.913353730187,-328.7));
#1806 = PCURVE('',#1501,#1807);
#1807 = DEFINITIONAL_REPRESENTATION('',(#1808),#1823);
#1808 = B_SPLINE_CURVE_WITH_KNOTS('',7,(#1809,#1810,#1811,#1812,#1813,
    #1814,#1815,#1816,#1817,#1818,#1819,#1820,#1821,#1822),
  .UNSPECIFIED.,.F.,.F.,(8,6,8),(0.,0.604441543628,1.),.UNSPECIFIED.);
#1809 = CARTESIAN_POINT('',(1.372956325593,7.640273100535));
#1810 = CARTESIAN_POINT('',(1.389585281995,7.661462998741));
#1811 = CARTESIAN_POINT('',(1.406349794433,7.680496402589));
#1812 = CARTESIAN_POINT('',(1.423234477648,7.697396027679));
#1813 = CARTESIAN_POINT('',(1.440223416456,7.712169398169));
#1814 = CARTESIAN_POINT('',(1.457300359985,7.724816944679));
#1815 = CARTESIAN_POINT('',(1.474448975892,7.735336136715));
#1816 = CARTESIAN_POINT('',(1.502911806403,7.749212919935));
#1817 = CARTESIAN_POINT('',(1.514194163846,7.753789108995));
#1818 = CARTESIAN_POINT('',(1.52549552859,7.757451460899));
#1819 = CARTESIAN_POINT('',(1.536811188946,7.760199026056));
#1820 = CARTESIAN_POINT('',(1.548136388029,7.762031020272));
#1821 = CARTESIAN_POINT('',(1.559466353415,7.762946992484));
#1822 = CARTESIAN_POINT('',(1.570796326795,7.762946992484));
#1823 = ( GEOMETRIC_REPRESENTATION_CONTEXT(2) 
PARAMETRIC_REPRESENTATION_CONTEXT() REPRESENTATION_CONTEXT('2D SPACE',''
  ) );
#1824 = PCURVE('',#1825,#1830);
#1825 = PLANE('',#1826);
#1826 = AXIS2_PLACEMENT_3D('',#1827,#1828,#1829);
#1827 = CARTESIAN_POINT('',(348.0954467741,-2.373773712347E-15,-328.7));
#1828 = DIRECTION('',(1.,0.,1.110223024625E-16));
#1829 = DIRECTION('',(1.110223024625E-16,0.,-1.));
#1830 = DEFINITIONAL_REPRESENTATION('',(#1831),#1846);
#1831 = B_SPLINE_CURVE_WITH_KNOTS('',7,(#1832,#1833,#1834,#1835,#1836,
    #1837,#1838,#1839,#1840,#1841,#1842,#1843,#1844,#1845),
  .UNSPECIFIED.,.F.,.F.,(8,6,8),(0.,0.604441543628,1.),.UNSPECIFIED.);
#1832 = CARTESIAN_POINT('',(-69.78,55.849900962628));
#1833 = CARTESIAN_POINT('',(-63.75892588416,56.106737094308));
#1834 = CARTESIAN_POINT('',(-57.73560175064,56.308178308234));
#1835 = CARTESIAN_POINT('',(-51.71087815051,56.465029811923));
#1836 = CARTESIAN_POINT('',(-45.68537641311,56.586295894828));
#1837 = CARTESIAN_POINT('',(-39.65949453557,56.67941398533));
#1838 = CARTESIAN_POINT('',(-33.63340674988,56.750225905236));
#1839 = CARTESIAN_POINT('',(-23.66330608921,56.837489688913));
#1840 = CARTESIAN_POINT('',(-19.71948294958,56.864270070623));
#1841 = CARTESIAN_POINT('',(-15.77561691654,56.884501251335));
#1842 = CARTESIAN_POINT('',(-11.83172557911,56.899076979372));
#1843 = CARTESIAN_POINT('',(-7.887821487698,56.908594680211));
#1844 = CARTESIAN_POINT('',(-3.94391214551,56.913353730187));
#1845 = CARTESIAN_POINT('',(2.273736754432E-13,56.913353730187));
#1846 = ( GEOMETRIC_REPRESENTATION_CONTEXT(2) 
PARAMETRIC_REPRESENTATION_CONTEXT() REPRESENTATION_CONTEXT('2D SPACE',''
  ) );
#1847 = ORIENTED_EDGE('',*,*,#1848,.T.);
#1848 = EDGE_CURVE('',#1788,#1849,#1851,.T.);
#1849 = VERTEX_POINT('',#1850);
#1850 = CARTESIAN_POINT('',(342.9,57.149752703277,-317.9609001329));
#1851 = SURFACE_CURVE('',#1852,(#1862,#1875),.PCURVE_S1.);
#1852 = B_SPLINE_CURVE_WITH_KNOTS('',8,(#1853,#1854,#1855,#1856,#1857,
    #1858,#1859,#1860,#1861),.UNSPECIFIED.,.F.,.F.,(9,9),(0.,1.),
  .PIECEWISE_BEZIER_KNOTS.);
#1853 = CARTESIAN_POINT('',(348.0954473741,56.894031587354,
    -316.679531218));
#1854 = CARTESIAN_POINT('',(347.46666457146,56.954648564102,
    -316.9664371825));
#1855 = CARTESIAN_POINT('',(346.83073972494,57.007570674644,
    -317.2250982857));
#1856 = CARTESIAN_POINT('',(346.18787261865,57.05254033336,
    -317.451442418));
#1857 = CARTESIAN_POINT('',(345.53855574173,57.089282221362,
    -317.6410872383));
#1858 = CARTESIAN_POINT('',(344.8836122085,57.117535048322,
    -317.7896727164));
#1859 = CARTESIAN_POINT('',(344.22426351924,57.137081540845,
    -317.8934801741));
#1860 = CARTESIAN_POINT('',(343.56227248818,57.147804417614,
    -317.9505320345));
#1861 = CARTESIAN_POINT('',(342.8999994,57.149752705042,-317.9609001423)
  );
#1862 = PCURVE('',#1501,#1863);
#1863 = DEFINITIONAL_REPRESENTATION('',(#1864),#1874);
#1864 = B_SPLINE_CURVE_WITH_KNOTS('',8,(#1865,#1866,#1867,#1868,#1869,
    #1870,#1871,#1872,#1873),.UNSPECIFIED.,.F.,.F.,(9,9),(0.,1.),
  .PIECEWISE_BEZIER_KNOTS.);
#1865 = CARTESIAN_POINT('',(1.536277937408,7.759300751377));
#1866 = CARTESIAN_POINT('',(1.53703886926,7.770520026648));
#1867 = CARTESIAN_POINT('',(1.537721236345,7.781829914142));
#1868 = CARTESIAN_POINT('',(1.538312851074,7.793227694301));
#1869 = CARTESIAN_POINT('',(1.538800500906,7.804705614366));
#1870 = CARTESIAN_POINT('',(1.539170883577,7.816250360177));
#1871 = CARTESIAN_POINT('',(1.539412374771,7.827841967274));
#1872 = CARTESIAN_POINT('',(1.539518322402,7.839451443021));
#1873 = CARTESIAN_POINT('',(1.539488100469,7.851039823647));
#1874 = ( GEOMETRIC_REPRESENTATION_CONTEXT(2) 
PARAMETRIC_REPRESENTATION_CONTEXT() REPRESENTATION_CONTEXT('2D SPACE',''
  ) );
#1875 = PCURVE('',#1876,#1881);
#1876 = CYLINDRICAL_SURFACE('',#1877,58.15);
#1877 = AXIS2_PLACEMENT_3D('',#1878,#1879,#1880);
#1878 = CARTESIAN_POINT('',(342.9,0.,-328.7));
#1879 = DIRECTION('',(-1.,-0.,-1.110223024625E-16));
#1880 = DIRECTION('',(1.110223024625E-16,0.,-1.));
#1881 = DEFINITIONAL_REPRESENTATION('',(#1882),#1892);
#1882 = B_SPLINE_CURVE_WITH_KNOTS('',8,(#1883,#1884,#1885,#1886,#1887,
    #1888,#1889,#1890,#1891),.UNSPECIFIED.,.F.,.F.,(9,9),(0.,1.),
  .PIECEWISE_BEZIER_KNOTS.);
#1883 = CARTESIAN_POINT('',(-1.77901242132,-5.195447374107));
#1884 = CARTESIAN_POINT('',(-1.773969608278,-4.566664571464));
#1885 = CARTESIAN_POINT('',(-1.769429382466,-3.930739724941));
#1886 = CARTESIAN_POINT('',(-1.765460979675,-3.287872618655));
#1887 = CARTESIAN_POINT('',(-1.76213908059,-2.638555741734));
#1888 = CARTESIAN_POINT('',(-1.759538092586,-1.983612208505));
#1889 = CARTESIAN_POINT('',(-1.757721555051,-1.324263519246));
#1890 = CARTESIAN_POINT('',(-1.756723260996,-0.662272488187));
#1891 = CARTESIAN_POINT('',(-1.756541841002,5.999999999062E-07));
#1892 = ( GEOMETRIC_REPRESENTATION_CONTEXT(2) 
PARAMETRIC_REPRESENTATION_CONTEXT() REPRESENTATION_CONTEXT('2D SPACE',''
  ) );
#1893 = ORIENTED_EDGE('',*,*,#1894,.T.);
#1894 = EDGE_CURVE('',#1849,#1895,#1897,.T.);
#1895 = VERTEX_POINT('',#1896);
#1896 = CARTESIAN_POINT('',(342.9,57.15,-328.7));
#1897 = SURFACE_CURVE('',#1898,(#1916,#1937),.PCURVE_S1.);
#1898 = B_SPLINE_CURVE_WITH_KNOTS('',6,(#1899,#1900,#1901,#1902,#1903,
    #1904,#1905,#1906,#1907,#1908,#1909,#1910,#1911,#1912,#1913,#1914,
    #1915),.UNSPECIFIED.,.F.,.F.,(7,5,5,7),(0.,0.439324539027,
    0.696565549544,1.),.UNSPECIFIED.);
#1899 = CARTESIAN_POINT('',(342.9,56.716211502508,-258.92));
#1900 = CARTESIAN_POINT('',(342.9,56.842432571152,-264.0279947053));
#1901 = CARTESIAN_POINT('',(342.9,56.935737325508,-269.1367744467));
#1902 = CARTESIAN_POINT('',(342.9,57.003230347864,-274.245973969));
#1903 = CARTESIAN_POINT('',(342.9,57.050984139378,-279.3553539836));
#1904 = CARTESIAN_POINT('',(342.9,57.084104825726,-284.4648000473));
#1905 = CARTESIAN_POINT('',(342.9,57.119887689723,-292.5661409741));
#1906 = CARTESIAN_POINT('',(342.9,57.129484357026,-295.5579748945));
#1907 = CARTESIAN_POINT('',(342.9,57.136282570326,-298.5498175588));
#1908 = CARTESIAN_POINT('',(342.9,57.140982022432,-301.541664078));
#1909 = CARTESIAN_POINT('',(342.9,57.144159778327,-304.533512175));
#1910 = CARTESIAN_POINT('',(342.9,57.14875351823,-311.0544665236));
#1911 = CARTESIAN_POINT('',(342.9,57.149750578647,-314.5835723882));
#1912 = CARTESIAN_POINT('',(342.9,57.150000177556,-318.1126790129));
#1913 = CARTESIAN_POINT('',(342.9,57.149999904609,-321.6417859107));
#1914 = CARTESIAN_POINT('',(342.9,57.15,-325.170892879));
#1915 = CARTESIAN_POINT('',(342.9,57.15,-328.7));
#1916 = PCURVE('',#1501,#1917);
#1917 = DEFINITIONAL_REPRESENTATION('',(#1918),#1936);
#1918 = B_SPLINE_CURVE_WITH_KNOTS('',6,(#1919,#1920,#1921,#1922,#1923,
    #1924,#1925,#1926,#1927,#1928,#1929,#1930,#1931,#1932,#1933,#1934,
    #1935),.UNSPECIFIED.,.F.,.F.,(7,5,5,7),(0.,0.439324539027,
    0.696565549544,1.),.UNSPECIFIED.);
#1919 = CARTESIAN_POINT('',(1.370038078698,7.730693584018));
#1920 = CARTESIAN_POINT('',(1.384342172375,7.748653131973));
#1921 = CARTESIAN_POINT('',(1.398748394275,7.765052615411));
#1922 = CARTESIAN_POINT('',(1.41324655216,7.779896075055));
#1923 = CARTESIAN_POINT('',(1.427826038175,7.793179713853));
#1924 = CARTESIAN_POINT('',(1.442475971758,7.804896803975));
#1925 = CARTESIAN_POINT('',(1.465798288529,7.82097937799));
#1926 = CARTESIAN_POINT('',(1.474431559649,7.826379056529));
#1927 = CARTESIAN_POINT('',(1.483082960617,7.831237661459));
#1928 = CARTESIAN_POINT('',(1.491750213257,7.835553669133));
#1929 = CARTESIAN_POINT('',(1.500431004477,7.839325660114));
#1930 = CARTESIAN_POINT('',(1.51937583586,7.846358736444));
#1931 = CARTESIAN_POINT('',(1.529644257271,7.849406445166));
#1932 = CARTESIAN_POINT('',(1.539924424686,7.85169366663));
#1933 = CARTESIAN_POINT('',(1.550212441998,7.853218984607));
#1934 = CARTESIAN_POINT('',(1.560504384185,7.853981633974));
#1935 = CARTESIAN_POINT('',(1.570796326795,7.853981633974));
#1936 = ( GEOMETRIC_REPRESENTATION_CONTEXT(2) 
PARAMETRIC_REPRESENTATION_CONTEXT() REPRESENTATION_CONTEXT('2D SPACE',''
  ) );
#1937 = PCURVE('',#1938,#1943);
#1938 = PLANE('',#1939);
#1939 = AXIS2_PLACEMENT_3D('',#1940,#1941,#1942);
#1940 = CARTESIAN_POINT('',(342.9,-2.373773712347E-15,-328.7));
#1941 = DIRECTION('',(1.,0.,1.110223024625E-16));
#1942 = DIRECTION('',(1.110223024625E-16,0.,-1.));
#1943 = DEFINITIONAL_REPRESENTATION('',(#1944),#1962);
#1944 = B_SPLINE_CURVE_WITH_KNOTS('',6,(#1945,#1946,#1947,#1948,#1949,
    #1950,#1951,#1952,#1953,#1954,#1955,#1956,#1957,#1958,#1959,#1960,
    #1961),.UNSPECIFIED.,.F.,.F.,(7,5,5,7),(0.,0.439324539027,
    0.696565549544,1.),.UNSPECIFIED.);
#1945 = CARTESIAN_POINT('',(-69.78,56.716211502508));
#1946 = CARTESIAN_POINT('',(-64.67200529467,56.842432571152));
#1947 = CARTESIAN_POINT('',(-59.5632255532,56.935737325508));
#1948 = CARTESIAN_POINT('',(-54.45402603091,57.003230347864));
#1949 = CARTESIAN_POINT('',(-49.34464601637,57.050984139378));
#1950 = CARTESIAN_POINT('',(-44.23519995269,57.084104825726));
#1951 = CARTESIAN_POINT('',(-36.13385902581,57.119887689723));
#1952 = CARTESIAN_POINT('',(-33.14202510546,57.129484357026));
#1953 = CARTESIAN_POINT('',(-30.1501824411,57.136282570326));
#1954 = CARTESIAN_POINT('',(-27.1583359219,57.140982022432));
#1955 = CARTESIAN_POINT('',(-24.16648782497,57.144159778327));
#1956 = CARTESIAN_POINT('',(-17.6455334763,57.14875351823));
#1957 = CARTESIAN_POINT('',(-14.11642761173,57.149750578647));
#1958 = CARTESIAN_POINT('',(-10.58732098709,57.150000177556));
#1959 = CARTESIAN_POINT('',(-7.058214089266,57.149999904609));
#1960 = CARTESIAN_POINT('',(-3.529107120916,57.15));
#1961 = CARTESIAN_POINT('',(2.273736754432E-13,57.15));
#1962 = ( GEOMETRIC_REPRESENTATION_CONTEXT(2) 
PARAMETRIC_REPRESENTATION_CONTEXT() REPRESENTATION_CONTEXT('2D SPACE',''
  ) );
#1963 = ORIENTED_EDGE('',*,*,#1964,.T.);
#1964 = EDGE_CURVE('',#1895,#1530,#1965,.T.);
#1965 = SURFACE_CURVE('',#1966,(#1971,#1978),.PCURVE_S1.);
#1966 = CIRCLE('',#1967,57.15);
#1967 = AXIS2_PLACEMENT_3D('',#1968,#1969,#1970);
#1968 = CARTESIAN_POINT('',(342.9,0.,-328.7));
#1969 = DIRECTION('',(-3.469634041836E-16,0.,1.));
#1970 = DIRECTION('',(1.,0.,3.469634041836E-16));
#1971 = PCURVE('',#1501,#1972);
#1972 = DEFINITIONAL_REPRESENTATION('',(#1973),#1977);
#1973 = LINE('',#1974,#1975);
#1974 = CARTESIAN_POINT('',(1.570796326795,0.));
#1975 = VECTOR('',#1976,1.);
#1976 = DIRECTION('',(0.,1.));
#1977 = ( GEOMETRIC_REPRESENTATION_CONTEXT(2) 
PARAMETRIC_REPRESENTATION_CONTEXT() REPRESENTATION_CONTEXT('2D SPACE',''
  ) );
#1978 = PCURVE('',#1570,#1979);
#1979 = DEFINITIONAL_REPRESENTATION('',(#1980),#1988);
#1980 = ( BOUNDED_CURVE() B_SPLINE_CURVE(2,(#1981,#1982,#1983,#1984,
#1985,#1986,#1987),.UNSPECIFIED.,.T.,.F.) B_SPLINE_CURVE_WITH_KNOTS((1,2
    ,2,2,2,1),(-2.094395102393,0.,2.094395102393,4.188790204786,
6.28318530718,8.377580409573),.UNSPECIFIED.) CURVE() 
GEOMETRIC_REPRESENTATION_ITEM() RATIONAL_B_SPLINE_CURVE((1.,0.5,1.,0.5,
1.,0.5,1.)) REPRESENTATION_ITEM('') );
#1981 = CARTESIAN_POINT('',(57.15,6.562111290069E-15));
#1982 = CARTESIAN_POINT('',(57.15,-98.98670365256));
#1983 = CARTESIAN_POINT('',(-28.575,-49.49335182628));
#1984 = CARTESIAN_POINT('',(-114.3,-7.435601624185E-15));
#1985 = CARTESIAN_POINT('',(-28.575,49.493351826281));
#1986 = CARTESIAN_POINT('',(57.15,98.986703652561));
#1987 = CARTESIAN_POINT('',(57.15,6.562111290069E-15));
#1988 = ( GEOMETRIC_REPRESENTATION_CONTEXT(2) 
PARAMETRIC_REPRESENTATION_CONTEXT() REPRESENTATION_CONTEXT('2D SPACE',''
  ) );
#1989 = ORIENTED_EDGE('',*,*,#1529,.F.);
#1990 = ADVANCED_FACE('',(#1991,#1994),#1513,.F.);
#1991 = FACE_BOUND('',#1992,.F.);
#1992 = EDGE_LOOP('',(#1993));
#1993 = ORIENTED_EDGE('',*,*,#1491,.F.);
#1994 = FACE_BOUND('',#1995,.F.);
#1995 = EDGE_LOOP('',(#1996));
#1996 = ORIENTED_EDGE('',*,*,#1997,.T.);
#1997 = EDGE_CURVE('',#1998,#1998,#2000,.T.);
#1998 = VERTEX_POINT('',#1999);
#1999 = CARTESIAN_POINT('',(-8.096851985747E-15,0.,-36.93));
#2000 = SURFACE_CURVE('',#2001,(#2006,#2017),.PCURVE_S1.);
#2001 = CIRCLE('',#2002,51.13);
#2002 = AXIS2_PLACEMENT_3D('',#2003,#2004,#2005);
#2003 = CARTESIAN_POINT('',(1.262177448354E-29,0.,14.2));
#2004 = DIRECTION('',(-1.,0.,1.583581456238E-16));
#2005 = DIRECTION('',(1.583581456238E-16,0.,1.));
#2006 = PCURVE('',#1513,#2007);
#2007 = DEFINITIONAL_REPRESENTATION('',(#2008),#2016);
#2008 = ( BOUNDED_CURVE() B_SPLINE_CURVE(2,(#2009,#2010,#2011,#2012,
#2013,#2014,#2015),.UNSPECIFIED.,.T.,.F.) B_SPLINE_CURVE_WITH_KNOTS((1,2
    ,2,2,2,1),(-2.094395102393,0.,2.094395102393,4.188790204786,
6.28318530718,8.377580409573),.UNSPECIFIED.) CURVE() 
GEOMETRIC_REPRESENTATION_ITEM() RATIONAL_B_SPLINE_CURVE((1.,0.5,1.,0.5,
1.,0.5,1.)) REPRESENTATION_ITEM('') );
#2009 = CARTESIAN_POINT('',(-51.13,-3.499428228564E-15));
#2010 = CARTESIAN_POINT('',(-51.13,88.559757790997));
#2011 = CARTESIAN_POINT('',(25.565,44.279878895498));
#2012 = CARTESIAN_POINT('',(102.26,9.023809939517E-15));
#2013 = CARTESIAN_POINT('',(25.565,-44.27987889549));
#2014 = CARTESIAN_POINT('',(-51.13,-88.55975779099));
#2015 = CARTESIAN_POINT('',(-51.13,-3.499428228564E-15));
#2016 = ( GEOMETRIC_REPRESENTATION_CONTEXT(2) 
PARAMETRIC_REPRESENTATION_CONTEXT() REPRESENTATION_CONTEXT('2D SPACE',''
  ) );
#2017 = PCURVE('',#2018,#2023);
#2018 = TOROIDAL_SURFACE('',#2019,342.9,51.13);
#2019 = AXIS2_PLACEMENT_3D('',#2020,#2021,#2022);
#2020 = CARTESIAN_POINT('',(-5.430100813442E-14,0.,-328.7));
#2021 = DIRECTION('',(0.,1.,0.));
#2022 = DIRECTION('',(1.583581456238E-16,0.,1.));
#2023 = DEFINITIONAL_REPRESENTATION('',(#2024),#2028);
#2024 = LINE('',#2025,#2026);
#2025 = CARTESIAN_POINT('',(0.,0.));
#2026 = VECTOR('',#2027,1.);
#2027 = DIRECTION('',(0.,1.));
#2028 = ( GEOMETRIC_REPRESENTATION_CONTEXT(2) 
PARAMETRIC_REPRESENTATION_CONTEXT() REPRESENTATION_CONTEXT('2D SPACE',''
  ) );
#2029 = ADVANCED_FACE('',(#2030),#1570,.T.);
#2030 = FACE_BOUND('',#2031,.T.);
#2031 = EDGE_LOOP('',(#2032,#2033,#2034,#2057,#2085,#2113,#2141,#2169,
    #2192,#2220));
#2032 = ORIENTED_EDGE('',*,*,#1553,.F.);
#2033 = ORIENTED_EDGE('',*,*,#1964,.F.);
#2034 = ORIENTED_EDGE('',*,*,#2035,.T.);
#2035 = EDGE_CURVE('',#1895,#2036,#2038,.T.);
#2036 = VERTEX_POINT('',#2037);
#2037 = CARTESIAN_POINT('',(342.9,52.334,-328.7));
#2038 = SURFACE_CURVE('',#2039,(#2043,#2050),.PCURVE_S1.);
#2039 = LINE('',#2040,#2041);
#2040 = CARTESIAN_POINT('',(342.9,2.094168788861E-15,-328.7));
#2041 = VECTOR('',#2042,1.);
#2042 = DIRECTION('',(0.,-1.,0.));
#2043 = PCURVE('',#1570,#2044);
#2044 = DEFINITIONAL_REPRESENTATION('',(#2045),#2049);
#2045 = LINE('',#2046,#2047);
#2046 = CARTESIAN_POINT('',(0.,4.467942501208E-15));
#2047 = VECTOR('',#2048,1.);
#2048 = DIRECTION('',(0.,1.));
#2049 = ( GEOMETRIC_REPRESENTATION_CONTEXT(2) 
PARAMETRIC_REPRESENTATION_CONTEXT() REPRESENTATION_CONTEXT('2D SPACE',''
  ) );
#2050 = PCURVE('',#1938,#2051);
#2051 = DEFINITIONAL_REPRESENTATION('',(#2052),#2056);
#2052 = LINE('',#2053,#2054);
#2053 = CARTESIAN_POINT('',(5.684341886081E-14,4.467942501208E-15));
#2054 = VECTOR('',#2055,1.);
#2055 = DIRECTION('',(0.,-1.));
#2056 = ( GEOMETRIC_REPRESENTATION_CONTEXT(2) 
PARAMETRIC_REPRESENTATION_CONTEXT() REPRESENTATION_CONTEXT('2D SPACE',''
  ) );
#2057 = ORIENTED_EDGE('',*,*,#2058,.F.);
#2058 = EDGE_CURVE('',#2059,#2036,#2061,.T.);
#2059 = VERTEX_POINT('',#2060);
#2060 = CARTESIAN_POINT('',(344.4,52.334,-328.7));
#2061 = SURFACE_CURVE('',#2062,(#2066,#2073),.PCURVE_S1.);
#2062 = LINE('',#2063,#2064);
#2063 = CARTESIAN_POINT('',(342.9,52.334,-328.7));
#2064 = VECTOR('',#2065,1.);
#2065 = DIRECTION('',(-1.,-0.,-1.110223024625E-16));
#2066 = PCURVE('',#1570,#2067);
#2067 = DEFINITIONAL_REPRESENTATION('',(#2068),#2072);
#2068 = LINE('',#2069,#2070);
#2069 = CARTESIAN_POINT('',(0.,-52.334));
#2070 = VECTOR('',#2071,1.);
#2071 = DIRECTION('',(-1.,0.));
#2072 = ( GEOMETRIC_REPRESENTATION_CONTEXT(2) 
PARAMETRIC_REPRESENTATION_CONTEXT() REPRESENTATION_CONTEXT('2D SPACE',''
  ) );
#2073 = PCURVE('',#2074,#2079);
#2074 = CYLINDRICAL_SURFACE('',#2075,52.334);
#2075 = AXIS2_PLACEMENT_3D('',#2076,#2077,#2078);
#2076 = CARTESIAN_POINT('',(342.9,1.955061697706E-15,-328.7));
#2077 = DIRECTION('',(-1.,-0.,-1.110223024625E-16));
#2078 = DIRECTION('',(1.110223024625E-16,0.,-1.));
#2079 = DEFINITIONAL_REPRESENTATION('',(#2080),#2084);
#2080 = LINE('',#2081,#2082);
#2081 = CARTESIAN_POINT('',(-1.570796326795,0.));
#2082 = VECTOR('',#2083,1.);
#2083 = DIRECTION('',(-0.,1.));
#2084 = ( GEOMETRIC_REPRESENTATION_CONTEXT(2) 
PARAMETRIC_REPRESENTATION_CONTEXT() REPRESENTATION_CONTEXT('2D SPACE',''
  ) );
#2085 = ORIENTED_EDGE('',*,*,#2086,.T.);
#2086 = EDGE_CURVE('',#2059,#2087,#2089,.T.);
#2087 = VERTEX_POINT('',#2088);
#2088 = CARTESIAN_POINT('',(344.4,51.107992525631,-328.7));
#2089 = SURFACE_CURVE('',#2090,(#2094,#2101),.PCURVE_S1.);
#2090 = LINE('',#2091,#2092);
#2091 = CARTESIAN_POINT('',(344.4,3.281055645035E-15,-328.7));
#2092 = VECTOR('',#2093,1.);
#2093 = DIRECTION('',(0.,-1.,0.));
#2094 = PCURVE('',#1570,#2095);
#2095 = DEFINITIONAL_REPRESENTATION('',(#2096),#2100);
#2096 = LINE('',#2097,#2098);
#2097 = CARTESIAN_POINT('',(1.5,3.281055645035E-15));
#2098 = VECTOR('',#2099,1.);
#2099 = DIRECTION('',(0.,1.));
#2100 = ( GEOMETRIC_REPRESENTATION_CONTEXT(2) 
PARAMETRIC_REPRESENTATION_CONTEXT() REPRESENTATION_CONTEXT('2D SPACE',''
  ) );
#2101 = PCURVE('',#2102,#2107);
#2102 = PLANE('',#2103);
#2103 = AXIS2_PLACEMENT_3D('',#2104,#2105,#2106);
#2104 = CARTESIAN_POINT('',(344.4,0.,-328.7));
#2105 = DIRECTION('',(1.,0.,1.110223024625E-16));
#2106 = DIRECTION('',(1.110223024625E-16,0.,-1.));
#2107 = DEFINITIONAL_REPRESENTATION('',(#2108),#2112);
#2108 = LINE('',#2109,#2110);
#2109 = CARTESIAN_POINT('',(5.684341886081E-14,3.281055645035E-15));
#2110 = VECTOR('',#2111,1.);
#2111 = DIRECTION('',(0.,-1.));
#2112 = ( GEOMETRIC_REPRESENTATION_CONTEXT(2) 
PARAMETRIC_REPRESENTATION_CONTEXT() REPRESENTATION_CONTEXT('2D SPACE',''
  ) );
#2113 = ORIENTED_EDGE('',*,*,#2114,.T.);
#2114 = EDGE_CURVE('',#2087,#2115,#2117,.T.);
#2115 = VERTEX_POINT('',#2116);
#2116 = CARTESIAN_POINT('',(291.77,0.,-328.7));
#2117 = SURFACE_CURVE('',#2118,(#2123,#2134),.PCURVE_S1.);
#2118 = CIRCLE('',#2119,51.13);
#2119 = AXIS2_PLACEMENT_3D('',#2120,#2121,#2122);
#2120 = CARTESIAN_POINT('',(342.9,0.,-328.7));
#2121 = DIRECTION('',(-3.469634041836E-16,0.,1.));
#2122 = DIRECTION('',(1.,0.,3.469634041836E-16));
#2123 = PCURVE('',#1570,#2124);
#2124 = DEFINITIONAL_REPRESENTATION('',(#2125),#2133);
#2125 = ( BOUNDED_CURVE() B_SPLINE_CURVE(2,(#2126,#2127,#2128,#2129,
#2130,#2131,#2132),.UNSPECIFIED.,.T.,.F.) B_SPLINE_CURVE_WITH_KNOTS((1,2
    ,2,2,2,1),(-2.094395102393,0.,2.094395102393,4.188790204786,
6.28318530718,8.377580409573),.UNSPECIFIED.) CURVE() 
GEOMETRIC_REPRESENTATION_ITEM() RATIONAL_B_SPLINE_CURVE((1.,0.5,1.,0.5,
1.,0.5,1.)) REPRESENTATION_ITEM('') );
#2126 = CARTESIAN_POINT('',(51.13,6.562111290069E-15));
#2127 = CARTESIAN_POINT('',(51.13,-88.55975779099));
#2128 = CARTESIAN_POINT('',(-25.565,-44.27987889549));
#2129 = CARTESIAN_POINT('',(-102.26,-5.961126878012E-15));
#2130 = CARTESIAN_POINT('',(-25.565,44.279878895498));
#2131 = CARTESIAN_POINT('',(51.13,88.559757790997));
#2132 = CARTESIAN_POINT('',(51.13,6.562111290069E-15));
#2133 = ( GEOMETRIC_REPRESENTATION_CONTEXT(2) 
PARAMETRIC_REPRESENTATION_CONTEXT() REPRESENTATION_CONTEXT('2D SPACE',''
  ) );
#2134 = PCURVE('',#2018,#2135);
#2135 = DEFINITIONAL_REPRESENTATION('',(#2136),#2140);
#2136 = LINE('',#2137,#2138);
#2137 = CARTESIAN_POINT('',(1.570796326795,0.));
#2138 = VECTOR('',#2139,1.);
#2139 = DIRECTION('',(0.,1.));
#2140 = ( GEOMETRIC_REPRESENTATION_CONTEXT(2) 
PARAMETRIC_REPRESENTATION_CONTEXT() REPRESENTATION_CONTEXT('2D SPACE',''
  ) );
#2141 = ORIENTED_EDGE('',*,*,#2142,.T.);
#2142 = EDGE_CURVE('',#2115,#2143,#2145,.T.);
#2143 = VERTEX_POINT('',#2144);
#2144 = CARTESIAN_POINT('',(344.4,-51.10799252563,-328.7));
#2145 = SURFACE_CURVE('',#2146,(#2151,#2162),.PCURVE_S1.);
#2146 = CIRCLE('',#2147,51.13);
#2147 = AXIS2_PLACEMENT_3D('',#2148,#2149,#2150);
#2148 = CARTESIAN_POINT('',(342.9,0.,-328.7));
#2149 = DIRECTION('',(-3.469634041836E-16,0.,1.));
#2150 = DIRECTION('',(1.,0.,3.469634041836E-16));
#2151 = PCURVE('',#1570,#2152);
#2152 = DEFINITIONAL_REPRESENTATION('',(#2153),#2161);
#2153 = ( BOUNDED_CURVE() B_SPLINE_CURVE(2,(#2154,#2155,#2156,#2157,
#2158,#2159,#2160),.UNSPECIFIED.,.T.,.F.) B_SPLINE_CURVE_WITH_KNOTS((1,2
    ,2,2,2,1),(-2.094395102393,0.,2.094395102393,4.188790204786,
6.28318530718,8.377580409573),.UNSPECIFIED.) CURVE() 
GEOMETRIC_REPRESENTATION_ITEM() RATIONAL_B_SPLINE_CURVE((1.,0.5,1.,0.5,
1.,0.5,1.)) REPRESENTATION_ITEM('') );
#2154 = CARTESIAN_POINT('',(51.13,6.562111290069E-15));
#2155 = CARTESIAN_POINT('',(51.13,-88.55975779099));
#2156 = CARTESIAN_POINT('',(-25.565,-44.27987889549));
#2157 = CARTESIAN_POINT('',(-102.26,-5.961126878012E-15));
#2158 = CARTESIAN_POINT('',(-25.565,44.279878895498));
#2159 = CARTESIAN_POINT('',(51.13,88.559757790997));
#2160 = CARTESIAN_POINT('',(51.13,6.562111290069E-15));
#2161 = ( GEOMETRIC_REPRESENTATION_CONTEXT(2) 
PARAMETRIC_REPRESENTATION_CONTEXT() REPRESENTATION_CONTEXT('2D SPACE',''
  ) );
#2162 = PCURVE('',#2018,#2163);
#2163 = DEFINITIONAL_REPRESENTATION('',(#2164),#2168);
#2164 = LINE('',#2165,#2166);
#2165 = CARTESIAN_POINT('',(1.570796326795,0.));
#2166 = VECTOR('',#2167,1.);
#2167 = DIRECTION('',(0.,1.));
#2168 = ( GEOMETRIC_REPRESENTATION_CONTEXT(2) 
PARAMETRIC_REPRESENTATION_CONTEXT() REPRESENTATION_CONTEXT('2D SPACE',''
  ) );
#2169 = ORIENTED_EDGE('',*,*,#2170,.T.);
#2170 = EDGE_CURVE('',#2143,#2171,#2173,.T.);
#2171 = VERTEX_POINT('',#2172);
#2172 = CARTESIAN_POINT('',(344.4,-52.334,-328.7));
#2173 = SURFACE_CURVE('',#2174,(#2178,#2185),.PCURVE_S1.);
#2174 = LINE('',#2175,#2176);
#2175 = CARTESIAN_POINT('',(344.4,3.281055645035E-15,-328.7));
#2176 = VECTOR('',#2177,1.);
#2177 = DIRECTION('',(0.,-1.,0.));
#2178 = PCURVE('',#1570,#2179);
#2179 = DEFINITIONAL_REPRESENTATION('',(#2180),#2184);
#2180 = LINE('',#2181,#2182);
#2181 = CARTESIAN_POINT('',(1.5,3.281055645035E-15));
#2182 = VECTOR('',#2183,1.);
#2183 = DIRECTION('',(0.,1.));
#2184 = ( GEOMETRIC_REPRESENTATION_CONTEXT(2) 
PARAMETRIC_REPRESENTATION_CONTEXT() REPRESENTATION_CONTEXT('2D SPACE',''
  ) );
#2185 = PCURVE('',#2102,#2186);
#2186 = DEFINITIONAL_REPRESENTATION('',(#2187),#2191);
#2187 = LINE('',#2188,#2189);
#2188 = CARTESIAN_POINT('',(5.684341886081E-14,3.281055645035E-15));
#2189 = VECTOR('',#2190,1.);
#2190 = DIRECTION('',(0.,-1.));
#2191 = ( GEOMETRIC_REPRESENTATION_CONTEXT(2) 
PARAMETRIC_REPRESENTATION_CONTEXT() REPRESENTATION_CONTEXT('2D SPACE',''
  ) );
#2192 = ORIENTED_EDGE('',*,*,#2193,.T.);
#2193 = EDGE_CURVE('',#2171,#2194,#2196,.T.);
#2194 = VERTEX_POINT('',#2195);
#2195 = CARTESIAN_POINT('',(342.9,-52.334,-328.7));
#2196 = SURFACE_CURVE('',#2197,(#2201,#2208),.PCURVE_S1.);
#2197 = LINE('',#2198,#2199);
#2198 = CARTESIAN_POINT('',(342.9,-52.334,-328.7));
#2199 = VECTOR('',#2200,1.);
#2200 = DIRECTION('',(-1.,-0.,-1.110223024625E-16));
#2201 = PCURVE('',#1570,#2202);
#2202 = DEFINITIONAL_REPRESENTATION('',(#2203),#2207);
#2203 = LINE('',#2204,#2205);
#2204 = CARTESIAN_POINT('',(0.,52.334));
#2205 = VECTOR('',#2206,1.);
#2206 = DIRECTION('',(-1.,0.));
#2207 = ( GEOMETRIC_REPRESENTATION_CONTEXT(2) 
PARAMETRIC_REPRESENTATION_CONTEXT() REPRESENTATION_CONTEXT('2D SPACE',''
  ) );
#2208 = PCURVE('',#2209,#2214);
#2209 = CYLINDRICAL_SURFACE('',#2210,52.334);
#2210 = AXIS2_PLACEMENT_3D('',#2211,#2212,#2213);
#2211 = CARTESIAN_POINT('',(342.9,1.955061697706E-15,-328.7));
#2212 = DIRECTION('',(-1.,-0.,-1.110223024625E-16));
#2213 = DIRECTION('',(1.110223024625E-16,0.,-1.));
#2214 = DEFINITIONAL_REPRESENTATION('',(#2215),#2219);
#2215 = LINE('',#2216,#2217);
#2216 = CARTESIAN_POINT('',(-4.712388980385,0.));
#2217 = VECTOR('',#2218,1.);
#2218 = DIRECTION('',(-0.,1.));
#2219 = ( GEOMETRIC_REPRESENTATION_CONTEXT(2) 
PARAMETRIC_REPRESENTATION_CONTEXT() REPRESENTATION_CONTEXT('2D SPACE',''
  ) );
#2220 = ORIENTED_EDGE('',*,*,#2221,.T.);
#2221 = EDGE_CURVE('',#2194,#1554,#2222,.T.);
#2222 = SURFACE_CURVE('',#2223,(#2227,#2234),.PCURVE_S1.);
#2223 = LINE('',#2224,#2225);
#2224 = CARTESIAN_POINT('',(342.9,2.094168788861E-15,-328.7));
#2225 = VECTOR('',#2226,1.);
#2226 = DIRECTION('',(0.,-1.,0.));
#2227 = PCURVE('',#1570,#2228);
#2228 = DEFINITIONAL_REPRESENTATION('',(#2229),#2233);
#2229 = LINE('',#2230,#2231);
#2230 = CARTESIAN_POINT('',(0.,4.467942501208E-15));
#2231 = VECTOR('',#2232,1.);
#2232 = DIRECTION('',(0.,1.));
#2233 = ( GEOMETRIC_REPRESENTATION_CONTEXT(2) 
PARAMETRIC_REPRESENTATION_CONTEXT() REPRESENTATION_CONTEXT('2D SPACE',''
  ) );
#2234 = PCURVE('',#1624,#2235);
#2235 = DEFINITIONAL_REPRESENTATION('',(#2236),#2240);
#2236 = LINE('',#2237,#2238);
#2237 = CARTESIAN_POINT('',(5.684341886081E-14,4.467942501208E-15));
#2238 = VECTOR('',#2239,1.);
#2239 = DIRECTION('',(0.,-1.));
#2240 = ( GEOMETRIC_REPRESENTATION_CONTEXT(2) 
PARAMETRIC_REPRESENTATION_CONTEXT() REPRESENTATION_CONTEXT('2D SPACE',''
  ) );
#2241 = ADVANCED_FACE('',(#2242),#1938,.T.);
#2242 = FACE_BOUND('',#2243,.T.);
#2243 = EDGE_LOOP('',(#2244,#2245,#2269,#2334,#2356));
#2244 = ORIENTED_EDGE('',*,*,#1894,.F.);
#2245 = ORIENTED_EDGE('',*,*,#2246,.T.);
#2246 = EDGE_CURVE('',#1849,#2247,#2249,.T.);
#2247 = VERTEX_POINT('',#2248);
#2248 = CARTESIAN_POINT('',(342.9,51.117762102145,-300.9800270983));
#2249 = SURFACE_CURVE('',#2250,(#2255,#2262),.PCURVE_S1.);
#2250 = CIRCLE('',#2251,58.15);
#2251 = AXIS2_PLACEMENT_3D('',#2252,#2253,#2254);
#2252 = CARTESIAN_POINT('',(342.9,0.,-328.7));
#2253 = DIRECTION('',(1.,-0.,1.110223024625E-16));
#2254 = DIRECTION('',(1.110223024625E-16,0.,-1.));
#2255 = PCURVE('',#1938,#2256);
#2256 = DEFINITIONAL_REPRESENTATION('',(#2257),#2261);
#2257 = CIRCLE('',#2258,58.15);
#2258 = AXIS2_PLACEMENT_2D('',#2259,#2260);
#2259 = CARTESIAN_POINT('',(0.,2.373773712347E-15));
#2260 = DIRECTION('',(1.,0.));
#2261 = ( GEOMETRIC_REPRESENTATION_CONTEXT(2) 
PARAMETRIC_REPRESENTATION_CONTEXT() REPRESENTATION_CONTEXT('2D SPACE',''
  ) );
#2262 = PCURVE('',#1876,#2263);
#2263 = DEFINITIONAL_REPRESENTATION('',(#2264),#2268);
#2264 = LINE('',#2265,#2266);
#2265 = CARTESIAN_POINT('',(-0.,0.));
#2266 = VECTOR('',#2267,1.);
#2267 = DIRECTION('',(-1.,0.));
#2268 = ( GEOMETRIC_REPRESENTATION_CONTEXT(2) 
PARAMETRIC_REPRESENTATION_CONTEXT() REPRESENTATION_CONTEXT('2D SPACE',''
  ) );
#2269 = ORIENTED_EDGE('',*,*,#2270,.T.);
#2270 = EDGE_CURVE('',#2247,#2271,#2273,.T.);
#2271 = VERTEX_POINT('',#2272);
#2272 = CARTESIAN_POINT('',(342.9,51.129677349663,-317.5373994911));
#2273 = SURFACE_CURVE('',#2274,(#2292,#2313),.PCURVE_S1.);
#2274 = B_SPLINE_CURVE_WITH_KNOTS('',6,(#2275,#2276,#2277,#2278,#2279,
    #2280,#2281,#2282,#2283,#2284,#2285,#2286,#2287,#2288,#2289,#2290,
    #2291),.UNSPECIFIED.,.F.,.F.,(7,5,5,7),(0.,0.436718475823,
    0.694074629186,1.),.UNSPECIFIED.);
#2275 = CARTESIAN_POINT('',(342.9,50.644674420882,-258.92));
#2276 = CARTESIAN_POINT('',(342.9,50.785179545458,-263.997352551));
#2277 = CARTESIAN_POINT('',(342.9,50.889173925561,-269.0756805552));
#2278 = CARTESIAN_POINT('',(342.9,50.96455640763,-274.154530866));
#2279 = CARTESIAN_POINT('',(342.9,51.018030244938,-279.2336069837));
#2280 = CARTESIAN_POINT('',(342.9,51.055229655939,-284.3127668445));
#2281 = CARTESIAN_POINT('',(342.9,51.095647267869,-292.3852059275));
#2282 = CARTESIAN_POINT('',(342.9,51.106547019516,-295.3784089884));
#2283 = CARTESIAN_POINT('',(342.9,51.114282512992,-298.3716232701));
#2284 = CARTESIAN_POINT('',(342.9,51.119641403129,-301.3648425223));
#2285 = CARTESIAN_POINT('',(342.9,51.123273737044,-304.3580638237));
#2286 = CARTESIAN_POINT('',(342.9,51.128560389076,-310.9094037559));
#2287 = CARTESIAN_POINT('',(342.9,51.129711926323,-314.4675219272));
#2288 = CARTESIAN_POINT('',(342.9,51.130000203724,-318.0256410879));
#2289 = CARTESIAN_POINT('',(342.9,51.129999891538,-321.5837605994));
#2290 = CARTESIAN_POINT('',(342.9,51.13,-325.1418801988));
#2291 = CARTESIAN_POINT('',(342.9,51.13,-328.7));
#2292 = PCURVE('',#1938,#2293);
#2293 = DEFINITIONAL_REPRESENTATION('',(#2294),#2312);
#2294 = B_SPLINE_CURVE_WITH_KNOTS('',6,(#2295,#2296,#2297,#2298,#2299,
    #2300,#2301,#2302,#2303,#2304,#2305,#2306,#2307,#2308,#2309,#2310,
    #2311),.UNSPECIFIED.,.F.,.F.,(7,5,5,7),(0.,0.436718475823,
    0.694074629186,1.),.UNSPECIFIED.);
#2295 = CARTESIAN_POINT('',(-69.78,50.644674420882));
#2296 = CARTESIAN_POINT('',(-64.70264744892,50.785179545458));
#2297 = CARTESIAN_POINT('',(-59.62431944471,50.889173925561));
#2298 = CARTESIAN_POINT('',(-54.54546913398,50.96455640763));
#2299 = CARTESIAN_POINT('',(-49.46639301626,51.018030244938));
#2300 = CARTESIAN_POINT('',(-44.38723315544,51.055229655939));
#2301 = CARTESIAN_POINT('',(-36.31479407242,51.095647267869));
#2302 = CARTESIAN_POINT('',(-33.32159101159,51.106547019516));
#2303 = CARTESIAN_POINT('',(-30.32837672983,51.114282512992));
#2304 = CARTESIAN_POINT('',(-27.33515747769,51.119641403129));
#2305 = CARTESIAN_POINT('',(-24.3419361762,51.123273737044));
#2306 = CARTESIAN_POINT('',(-17.790596244,51.128560389076));
#2307 = CARTESIAN_POINT('',(-14.23247807277,51.129711926323));
#2308 = CARTESIAN_POINT('',(-10.67435891204,51.130000203724));
#2309 = CARTESIAN_POINT('',(-7.116239400591,51.129999891538));
#2310 = CARTESIAN_POINT('',(-3.558119801195,51.13));
#2311 = CARTESIAN_POINT('',(2.273736754432E-13,51.13));
#2312 = ( GEOMETRIC_REPRESENTATION_CONTEXT(2) 
PARAMETRIC_REPRESENTATION_CONTEXT() REPRESENTATION_CONTEXT('2D SPACE',''
  ) );
#2313 = PCURVE('',#2018,#2314);
#2314 = DEFINITIONAL_REPRESENTATION('',(#2315),#2333);
#2315 = B_SPLINE_CURVE_WITH_KNOTS('',6,(#2316,#2317,#2318,#2319,#2320,
    #2321,#2322,#2323,#2324,#2325,#2326,#2327,#2328,#2329,#2330,#2331,
    #2332),.UNSPECIFIED.,.F.,.F.,(7,5,5,7),(0.,0.436718475823,
    0.694074629186,1.),.UNSPECIFIED.);
#2316 = CARTESIAN_POINT('',(1.370038078698,7.716090031643));
#2317 = CARTESIAN_POINT('',(1.384256364094,7.736082007229));
#2318 = CARTESIAN_POINT('',(1.398576115607,7.754335088846));
#2319 = CARTESIAN_POINT('',(1.412987073493,7.770860533002));
#2320 = CARTESIAN_POINT('',(1.427478650689,7.785657976421));
#2321 = CARTESIAN_POINT('',(1.44204008182,7.79872232));
#2322 = CARTESIAN_POINT('',(1.465276405984,7.816720414922));
#2323 = CARTESIAN_POINT('',(1.473912692715,7.822789740736));
#2324 = CARTESIAN_POINT('',(1.482567223517,7.828253484435));
#2325 = CARTESIAN_POINT('',(1.491237714591,7.833110084232));
#2326 = CARTESIAN_POINT('',(1.499921848937,7.83735802077));
#2327 = CARTESIAN_POINT('',(1.518953763642,7.845320624039));
#2328 = CARTESIAN_POINT('',(1.529306209423,7.848783354099));
#2329 = CARTESIAN_POINT('',(1.539670693392,7.851382060587));
#2330 = CARTESIAN_POINT('',(1.550043222658,7.853115118772));
#2331 = CARTESIAN_POINT('',(1.560419774444,7.853981633974));
#2332 = CARTESIAN_POINT('',(1.570796326795,7.853981633974));
#2333 = ( GEOMETRIC_REPRESENTATION_CONTEXT(2) 
PARAMETRIC_REPRESENTATION_CONTEXT() REPRESENTATION_CONTEXT('2D SPACE',''
  ) );
#2334 = ORIENTED_EDGE('',*,*,#2335,.F.);
#2335 = EDGE_CURVE('',#2036,#2271,#2336,.T.);
#2336 = SURFACE_CURVE('',#2337,(#2342,#2349),.PCURVE_S1.);
#2337 = CIRCLE('',#2338,52.334);
#2338 = AXIS2_PLACEMENT_3D('',#2339,#2340,#2341);
#2339 = CARTESIAN_POINT('',(342.9,1.955061697706E-15,-328.7));
#2340 = DIRECTION('',(1.,-0.,1.110223024625E-16));
#2341 = DIRECTION('',(1.110223024625E-16,0.,-1.));
#2342 = PCURVE('',#1938,#2343);
#2343 = DEFINITIONAL_REPRESENTATION('',(#2344),#2348);
#2344 = CIRCLE('',#2345,52.334);
#2345 = AXIS2_PLACEMENT_2D('',#2346,#2347);
#2346 = CARTESIAN_POINT('',(2.84217094304E-13,4.328835410053E-15));
#2347 = DIRECTION('',(1.,0.));
#2348 = ( GEOMETRIC_REPRESENTATION_CONTEXT(2) 
PARAMETRIC_REPRESENTATION_CONTEXT() REPRESENTATION_CONTEXT('2D SPACE',''
  ) );
#2349 = PCURVE('',#2074,#2350);
#2350 = DEFINITIONAL_REPRESENTATION('',(#2351),#2355);
#2351 = LINE('',#2352,#2353);
#2352 = CARTESIAN_POINT('',(-0.,0.));
#2353 = VECTOR('',#2354,1.);
#2354 = DIRECTION('',(-1.,0.));
#2355 = ( GEOMETRIC_REPRESENTATION_CONTEXT(2) 
PARAMETRIC_REPRESENTATION_CONTEXT() REPRESENTATION_CONTEXT('2D SPACE',''
  ) );
#2356 = ORIENTED_EDGE('',*,*,#2035,.F.);
#2357 = ADVANCED_FACE('',(#2358),#1876,.F.);
#2358 = FACE_BOUND('',#2359,.T.);
#2359 = EDGE_LOOP('',(#2360,#2361,#2362,#2386));
#2360 = ORIENTED_EDGE('',*,*,#2246,.F.);
#2361 = ORIENTED_EDGE('',*,*,#1848,.F.);
#2362 = ORIENTED_EDGE('',*,*,#2363,.T.);
#2363 = EDGE_CURVE('',#1788,#2364,#2366,.T.);
#2364 = VERTEX_POINT('',#2365);
#2365 = CARTESIAN_POINT('',(348.0954467741,50.733725962747,
    -300.2832522983));
#2366 = SURFACE_CURVE('',#2367,(#2372,#2379),.PCURVE_S1.);
#2367 = CIRCLE('',#2368,58.15);
#2368 = AXIS2_PLACEMENT_3D('',#2369,#2370,#2371);
#2369 = CARTESIAN_POINT('',(348.0954467741,0.,-328.7));
#2370 = DIRECTION('',(1.,-0.,1.110223024625E-16));
#2371 = DIRECTION('',(1.110223024625E-16,0.,-1.));
#2372 = PCURVE('',#1876,#2373);
#2373 = DEFINITIONAL_REPRESENTATION('',(#2374),#2378);
#2374 = LINE('',#2375,#2376);
#2375 = CARTESIAN_POINT('',(-0.,-5.195446774107));
#2376 = VECTOR('',#2377,1.);
#2377 = DIRECTION('',(-1.,0.));
#2378 = ( GEOMETRIC_REPRESENTATION_CONTEXT(2) 
PARAMETRIC_REPRESENTATION_CONTEXT() REPRESENTATION_CONTEXT('2D SPACE',''
  ) );
#2379 = PCURVE('',#1825,#2380);
#2380 = DEFINITIONAL_REPRESENTATION('',(#2381),#2385);
#2381 = CIRCLE('',#2382,58.15);
#2382 = AXIS2_PLACEMENT_2D('',#2383,#2384);
#2383 = CARTESIAN_POINT('',(0.,2.373773712347E-15));
#2384 = DIRECTION('',(1.,0.));
#2385 = ( GEOMETRIC_REPRESENTATION_CONTEXT(2) 
PARAMETRIC_REPRESENTATION_CONTEXT() REPRESENTATION_CONTEXT('2D SPACE',''
  ) );
#2386 = ORIENTED_EDGE('',*,*,#2387,.T.);
#2387 = EDGE_CURVE('',#2364,#2247,#2388,.T.);
#2388 = SURFACE_CURVE('',#2389,(#2397,#2408),.PCURVE_S1.);
#2389 = B_SPLINE_CURVE_WITH_KNOTS('',6,(#2390,#2391,#2392,#2393,#2394,
    #2395,#2396),.UNSPECIFIED.,.F.,.F.,(7,7),(0.,1.),
  .PIECEWISE_BEZIER_KNOTS.);
#2390 = CARTESIAN_POINT('',(348.0954473741,50.73372588647,
    -300.2832521622));
#2391 = CARTESIAN_POINT('',(347.23806014947,50.842723939,-300.4778513947
    ));
#2392 = CARTESIAN_POINT('',(346.37610573937,50.933780989142,
    -300.6425204583));
#2393 = CARTESIAN_POINT('',(345.51039293208,51.006801932536,
    -300.7758584064));
#2394 = CARTESIAN_POINT('',(344.64180697506,51.061756953881,
    -300.8768186622));
#2395 = CARTESIAN_POINT('',(343.77132063108,51.098694931703,
    -300.9448657694));
#2396 = CARTESIAN_POINT('',(342.8999994,51.117762115274,-300.9800271225)
  );
#2397 = PCURVE('',#1876,#2398);
#2398 = DEFINITIONAL_REPRESENTATION('',(#2399),#2407);
#2399 = B_SPLINE_CURVE_WITH_KNOTS('',6,(#2400,#2401,#2402,#2403,#2404,
    #2405,#2406),.UNSPECIFIED.,.F.,.F.,(7,7),(0.,1.),
  .PIECEWISE_BEZIER_KNOTS.);
#2400 = CARTESIAN_POINT('',(-2.081372594638,-5.195447374107));
#2401 = CARTESIAN_POINT('',(-2.077536897001,-4.338060149477));
#2402 = CARTESIAN_POINT('',(-2.07430103405,-3.476105739378));
#2403 = CARTESIAN_POINT('',(-2.071686721579,-2.610392932088));
#2404 = CARTESIAN_POINT('',(-2.069709974157,-1.741806975066));
#2405 = CARTESIAN_POINT('',(-2.068378482713,-0.871320631089));
#2406 = CARTESIAN_POINT('',(-2.067690632704,5.999999999062E-07));
#2407 = ( GEOMETRIC_REPRESENTATION_CONTEXT(2) 
PARAMETRIC_REPRESENTATION_CONTEXT() REPRESENTATION_CONTEXT('2D SPACE',''
  ) );
#2408 = PCURVE('',#2018,#2409);
#2409 = DEFINITIONAL_REPRESENTATION('',(#2410),#2418);
#2410 = B_SPLINE_CURVE_WITH_KNOTS('',6,(#2411,#2412,#2413,#2414,#2415,
    #2416,#2417),.UNSPECIFIED.,.F.,.F.,(7,7),(0.,1.),
  .PIECEWISE_BEZIER_KNOTS.);
#2411 = CARTESIAN_POINT('',(1.489342019602,7.729399476939));
#2412 = CARTESIAN_POINT('',(1.489697616245,7.746555282215));
#2413 = CARTESIAN_POINT('',(1.489968862271,7.763707536986));
#2414 = CARTESIAN_POINT('',(1.490151011941,7.780848168464));
#2415 = CARTESIAN_POINT('',(1.490240238272,7.797968041084));
#2416 = CARTESIAN_POINT('',(1.490234129381,7.815056684693));
#2417 = CARTESIAN_POINT('',(1.490131921566,7.832102055881));
#2418 = ( GEOMETRIC_REPRESENTATION_CONTEXT(2) 
PARAMETRIC_REPRESENTATION_CONTEXT() REPRESENTATION_CONTEXT('2D SPACE',''
  ) );
#2419 = ADVANCED_FACE('',(#2420),#1825,.F.);
#2420 = FACE_BOUND('',#2421,.F.);
#2421 = EDGE_LOOP('',(#2422,#2423,#2424,#2480,#2509));
#2422 = ORIENTED_EDGE('',*,*,#1787,.F.);
#2423 = ORIENTED_EDGE('',*,*,#2363,.T.);
#2424 = ORIENTED_EDGE('',*,*,#2425,.T.);
#2425 = EDGE_CURVE('',#2364,#2426,#2428,.T.);
#2426 = VERTEX_POINT('',#2427);
#2427 = CARTESIAN_POINT('',(348.0954467741,50.842295190944,
    -316.2940104902));
#2428 = SURFACE_CURVE('',#2429,(#2444,#2462),.PCURVE_S1.);
#2429 = B_SPLINE_CURVE_WITH_KNOTS('',7,(#2430,#2431,#2432,#2433,#2434,
    #2435,#2436,#2437,#2438,#2439,#2440,#2441,#2442,#2443),
  .UNSPECIFIED.,.F.,.F.,(8,6,8),(0.,0.598963986393,1.),.UNSPECIFIED.);
#2430 = CARTESIAN_POINT('',(348.0954467741,49.672586378559,-258.92));
#2431 = CARTESIAN_POINT('',(348.0954467741,49.958691098849,
    -264.8853680293));
#2432 = CARTESIAN_POINT('',(348.0954467741,50.183286226248,
    -270.8535458673));
#2433 = CARTESIAN_POINT('',(348.0954467741,50.358471273039,
    -276.8234703749));
#2434 = CARTESIAN_POINT('',(348.0954467741,50.494208334326,
    -282.7943678199));
#2435 = CARTESIAN_POINT('',(348.0954467741,50.598705295345,
    -288.7657431702));
#2436 = CARTESIAN_POINT('',(348.0954467741,50.678409392947,
    -294.7373800221));
#2437 = CARTESIAN_POINT('',(348.0954467741,50.77793777339,
    -304.7078619949));
#2438 = CARTESIAN_POINT('',(348.0954467741,50.808845260404,
    -308.7064711963));
#2439 = CARTESIAN_POINT('',(348.0954467741,50.832156828128,
    -312.7051370087));
#2440 = CARTESIAN_POINT('',(348.0954467741,50.848932498394,
    -316.7038359988));
#2441 = CARTESIAN_POINT('',(348.0954467741,50.859880073507,
    -320.7025515512));
#2442 = CARTESIAN_POINT('',(348.0954467741,50.865353953525,
    -324.7012738734));
#2443 = CARTESIAN_POINT('',(348.0954467741,50.865353953525,-328.7));
#2444 = PCURVE('',#1825,#2445);
#2445 = DEFINITIONAL_REPRESENTATION('',(#2446),#2461);
#2446 = B_SPLINE_CURVE_WITH_KNOTS('',7,(#2447,#2448,#2449,#2450,#2451,
    #2452,#2453,#2454,#2455,#2456,#2457,#2458,#2459,#2460),
  .UNSPECIFIED.,.F.,.F.,(8,6,8),(0.,0.598963986393,1.),.UNSPECIFIED.);
#2447 = CARTESIAN_POINT('',(-69.78,49.672586378559));
#2448 = CARTESIAN_POINT('',(-63.8146319706,49.958691098849));
#2449 = CARTESIAN_POINT('',(-57.84645413266,50.183286226248));
#2450 = CARTESIAN_POINT('',(-51.87652962506,50.358471273039));
#2451 = CARTESIAN_POINT('',(-45.90563218005,50.494208334326));
#2452 = CARTESIAN_POINT('',(-39.93425682978,50.598705295345));
#2453 = CARTESIAN_POINT('',(-33.96261997783,50.678409392947));
#2454 = CARTESIAN_POINT('',(-23.99213800508,50.77793777339));
#2455 = CARTESIAN_POINT('',(-19.99352880367,50.808845260404));
#2456 = CARTESIAN_POINT('',(-15.99486299128,50.832156828128));
#2457 = CARTESIAN_POINT('',(-11.99616400116,50.848932498394));
#2458 = CARTESIAN_POINT('',(-7.997448448708,50.859880073507));
#2459 = CARTESIAN_POINT('',(-3.998726126594,50.865353953525));
#2460 = CARTESIAN_POINT('',(2.273736754432E-13,50.865353953525));
#2461 = ( GEOMETRIC_REPRESENTATION_CONTEXT(2) 
PARAMETRIC_REPRESENTATION_CONTEXT() REPRESENTATION_CONTEXT('2D SPACE',''
  ) );
#2462 = PCURVE('',#2018,#2463);
#2463 = DEFINITIONAL_REPRESENTATION('',(#2464),#2479);
#2464 = B_SPLINE_CURVE_WITH_KNOTS('',7,(#2465,#2466,#2467,#2468,#2469,
    #2470,#2471,#2472,#2473,#2474,#2475,#2476,#2477,#2478),
  .UNSPECIFIED.,.F.,.F.,(8,6,8),(0.,0.598963986393,1.),.UNSPECIFIED.);
#2465 = CARTESIAN_POINT('',(1.372956325593,7.614647002967));
#2466 = CARTESIAN_POINT('',(1.389431433352,7.638251664272));
#2467 = CARTESIAN_POINT('',(1.406041260939,7.659445538882));
#2468 = CARTESIAN_POINT('',(1.422770240526,7.678268965305));
#2469 = CARTESIAN_POINT('',(1.439602441302,7.694739528995));
#2470 = CARTESIAN_POINT('',(1.456521765967,7.708863981678));
#2471 = CARTESIAN_POINT('',(1.473512208806,7.720643649593));
#2472 = CARTESIAN_POINT('',(1.501971150171,7.736394277657));
#2473 = CARTESIAN_POINT('',(1.513408898099,7.741659246692));
#2474 = CARTESIAN_POINT('',(1.524866487323,7.745872261175));
#2475 = CARTESIAN_POINT('',(1.536338995167,7.749032693994));
#2476 = CARTESIAN_POINT('',(1.547821454408,7.751139898824));
#2477 = CARTESIAN_POINT('',(1.559308885165,7.752193463521));
#2478 = CARTESIAN_POINT('',(1.570796326795,7.752193463521));
#2479 = ( GEOMETRIC_REPRESENTATION_CONTEXT(2) 
PARAMETRIC_REPRESENTATION_CONTEXT() REPRESENTATION_CONTEXT('2D SPACE',''
  ) );
#2480 = ORIENTED_EDGE('',*,*,#2481,.F.);
#2481 = EDGE_CURVE('',#2482,#2426,#2484,.T.);
#2482 = VERTEX_POINT('',#2483);
#2483 = CARTESIAN_POINT('',(348.0954467741,52.334,-328.7));
#2484 = SURFACE_CURVE('',#2485,(#2490,#2497),.PCURVE_S1.);
#2485 = CIRCLE('',#2486,52.334);
#2486 = AXIS2_PLACEMENT_3D('',#2487,#2488,#2489);
#2487 = CARTESIAN_POINT('',(348.0954467741,1.955061697706E-15,-328.7));
#2488 = DIRECTION('',(1.,-0.,1.110223024625E-16));
#2489 = DIRECTION('',(1.110223024625E-16,0.,-1.));
#2490 = PCURVE('',#1825,#2491);
#2491 = DEFINITIONAL_REPRESENTATION('',(#2492),#2496);
#2492 = CIRCLE('',#2493,52.334);
#2493 = AXIS2_PLACEMENT_2D('',#2494,#2495);
#2494 = CARTESIAN_POINT('',(2.84217094304E-13,4.328835410053E-15));
#2495 = DIRECTION('',(1.,0.));
#2496 = ( GEOMETRIC_REPRESENTATION_CONTEXT(2) 
PARAMETRIC_REPRESENTATION_CONTEXT() REPRESENTATION_CONTEXT('2D SPACE',''
  ) );
#2497 = PCURVE('',#2498,#2503);
#2498 = CONICAL_SURFACE('',#2499,57.15,0.916297857297);
#2499 = AXIS2_PLACEMENT_3D('',#2500,#2501,#2502);
#2500 = CARTESIAN_POINT('',(344.4,0.,-328.7));
#2501 = DIRECTION('',(-1.,-0.,-1.110223024625E-16));
#2502 = DIRECTION('',(1.110223024625E-16,0.,-1.));
#2503 = DEFINITIONAL_REPRESENTATION('',(#2504),#2508);
#2504 = LINE('',#2505,#2506);
#2505 = CARTESIAN_POINT('',(-0.,-3.695446774107));
#2506 = VECTOR('',#2507,1.);
#2507 = DIRECTION('',(-1.,-0.));
#2508 = ( GEOMETRIC_REPRESENTATION_CONTEXT(2) 
PARAMETRIC_REPRESENTATION_CONTEXT() REPRESENTATION_CONTEXT('2D SPACE',''
  ) );
#2509 = ORIENTED_EDGE('',*,*,#2510,.F.);
#2510 = EDGE_CURVE('',#1755,#2482,#2511,.T.);
#2511 = SURFACE_CURVE('',#2512,(#2516,#2523),.PCURVE_S1.);
#2512 = LINE('',#2513,#2514);
#2513 = CARTESIAN_POINT('',(348.0954467741,2.094168788861E-15,-328.7));
#2514 = VECTOR('',#2515,1.);
#2515 = DIRECTION('',(0.,-1.,0.));
#2516 = PCURVE('',#1825,#2517);
#2517 = DEFINITIONAL_REPRESENTATION('',(#2518),#2522);
#2518 = LINE('',#2519,#2520);
#2519 = CARTESIAN_POINT('',(5.684341886081E-14,4.467942501208E-15));
#2520 = VECTOR('',#2521,1.);
#2521 = DIRECTION('',(0.,-1.));
#2522 = ( GEOMETRIC_REPRESENTATION_CONTEXT(2) 
PARAMETRIC_REPRESENTATION_CONTEXT() REPRESENTATION_CONTEXT('2D SPACE',''
  ) );
#2523 = PCURVE('',#1771,#2524);
#2524 = DEFINITIONAL_REPRESENTATION('',(#2525),#2529);
#2525 = LINE('',#2526,#2527);
#2526 = CARTESIAN_POINT('',(5.195446774107,4.467942501208E-15));
#2527 = VECTOR('',#2528,1.);
#2528 = DIRECTION('',(0.,1.));
#2529 = ( GEOMETRIC_REPRESENTATION_CONTEXT(2) 
PARAMETRIC_REPRESENTATION_CONTEXT() REPRESENTATION_CONTEXT('2D SPACE',''
  ) );
#2530 = ADVANCED_FACE('',(#2531),#1771,.T.);
#2531 = FACE_BOUND('',#2532,.T.);
#2532 = EDGE_LOOP('',(#2533,#2556,#2584,#2612,#2633,#2634));
#2533 = ORIENTED_EDGE('',*,*,#2534,.F.);
#2534 = EDGE_CURVE('',#2535,#1694,#2537,.T.);
#2535 = VERTEX_POINT('',#2536);
#2536 = CARTESIAN_POINT('',(348.0954467741,-52.334,-328.7));
#2537 = SURFACE_CURVE('',#2538,(#2542,#2549),.PCURVE_S1.);
#2538 = LINE('',#2539,#2540);
#2539 = CARTESIAN_POINT('',(348.0954467741,2.094168788861E-15,-328.7));
#2540 = VECTOR('',#2541,1.);
#2541 = DIRECTION('',(0.,-1.,0.));
#2542 = PCURVE('',#1771,#2543);
#2543 = DEFINITIONAL_REPRESENTATION('',(#2544),#2548);
#2544 = LINE('',#2545,#2546);
#2545 = CARTESIAN_POINT('',(5.195446774107,4.467942501208E-15));
#2546 = VECTOR('',#2547,1.);
#2547 = DIRECTION('',(0.,1.));
#2548 = ( GEOMETRIC_REPRESENTATION_CONTEXT(2) 
PARAMETRIC_REPRESENTATION_CONTEXT() REPRESENTATION_CONTEXT('2D SPACE',''
  ) );
#2549 = PCURVE('',#1731,#2550);
#2550 = DEFINITIONAL_REPRESENTATION('',(#2551),#2555);
#2551 = LINE('',#2552,#2553);
#2552 = CARTESIAN_POINT('',(5.684341886081E-14,4.467942501208E-15));
#2553 = VECTOR('',#2554,1.);
#2554 = DIRECTION('',(0.,-1.));
#2555 = ( GEOMETRIC_REPRESENTATION_CONTEXT(2) 
PARAMETRIC_REPRESENTATION_CONTEXT() REPRESENTATION_CONTEXT('2D SPACE',''
  ) );
#2556 = ORIENTED_EDGE('',*,*,#2557,.F.);
#2557 = EDGE_CURVE('',#2558,#2535,#2560,.T.);
#2558 = VERTEX_POINT('',#2559);
#2559 = CARTESIAN_POINT('',(348.0954467741,-50.86535395352,-328.7));
#2560 = SURFACE_CURVE('',#2561,(#2565,#2572),.PCURVE_S1.);
#2561 = LINE('',#2562,#2563);
#2562 = CARTESIAN_POINT('',(348.0954467741,3.281055645035E-15,-328.7));
#2563 = VECTOR('',#2564,1.);
#2564 = DIRECTION('',(0.,-1.,0.));
#2565 = PCURVE('',#1771,#2566);
#2566 = DEFINITIONAL_REPRESENTATION('',(#2567),#2571);
#2567 = LINE('',#2568,#2569);
#2568 = CARTESIAN_POINT('',(5.195446774107,3.281055645035E-15));
#2569 = VECTOR('',#2570,1.);
#2570 = DIRECTION('',(0.,1.));
#2571 = ( GEOMETRIC_REPRESENTATION_CONTEXT(2) 
PARAMETRIC_REPRESENTATION_CONTEXT() REPRESENTATION_CONTEXT('2D SPACE',''
  ) );
#2572 = PCURVE('',#2573,#2578);
#2573 = PLANE('',#2574);
#2574 = AXIS2_PLACEMENT_3D('',#2575,#2576,#2577);
#2575 = CARTESIAN_POINT('',(348.0954467741,0.,-328.7));
#2576 = DIRECTION('',(1.,0.,1.110223024625E-16));
#2577 = DIRECTION('',(1.110223024625E-16,0.,-1.));
#2578 = DEFINITIONAL_REPRESENTATION('',(#2579),#2583);
#2579 = LINE('',#2580,#2581);
#2580 = CARTESIAN_POINT('',(5.684341886081E-14,3.281055645035E-15));
#2581 = VECTOR('',#2582,1.);
#2582 = DIRECTION('',(0.,-1.));
#2583 = ( GEOMETRIC_REPRESENTATION_CONTEXT(2) 
PARAMETRIC_REPRESENTATION_CONTEXT() REPRESENTATION_CONTEXT('2D SPACE',''
  ) );
#2584 = ORIENTED_EDGE('',*,*,#2585,.T.);
#2585 = EDGE_CURVE('',#2558,#2586,#2588,.T.);
#2586 = VERTEX_POINT('',#2587);
#2587 = CARTESIAN_POINT('',(348.0954467741,50.865353953525,-328.7));
#2588 = SURFACE_CURVE('',#2589,(#2594,#2605),.PCURVE_S1.);
#2589 = CIRCLE('',#2590,51.13);
#2590 = AXIS2_PLACEMENT_3D('',#2591,#2592,#2593);
#2591 = CARTESIAN_POINT('',(342.9,0.,-328.7));
#2592 = DIRECTION('',(-3.469634041836E-16,0.,1.));
#2593 = DIRECTION('',(1.,0.,3.469634041836E-16));
#2594 = PCURVE('',#1771,#2595);
#2595 = DEFINITIONAL_REPRESENTATION('',(#2596),#2604);
#2596 = ( BOUNDED_CURVE() B_SPLINE_CURVE(2,(#2597,#2598,#2599,#2600,
#2601,#2602,#2603),.UNSPECIFIED.,.T.,.F.) B_SPLINE_CURVE_WITH_KNOTS((1,2
    ,2,2,2,1),(-2.094395102393,0.,2.094395102393,4.188790204786,
6.28318530718,8.377580409573),.UNSPECIFIED.) CURVE() 
GEOMETRIC_REPRESENTATION_ITEM() RATIONAL_B_SPLINE_CURVE((1.,0.5,1.,0.5,
1.,0.5,1.)) REPRESENTATION_ITEM('') );
#2597 = CARTESIAN_POINT('',(51.13,6.562111290069E-15));
#2598 = CARTESIAN_POINT('',(51.13,-88.55975779099));
#2599 = CARTESIAN_POINT('',(-25.565,-44.27987889549));
#2600 = CARTESIAN_POINT('',(-102.26,-5.961126878012E-15));
#2601 = CARTESIAN_POINT('',(-25.565,44.279878895498));
#2602 = CARTESIAN_POINT('',(51.13,88.559757790997));
#2603 = CARTESIAN_POINT('',(51.13,6.562111290069E-15));
#2604 = ( GEOMETRIC_REPRESENTATION_CONTEXT(2) 
PARAMETRIC_REPRESENTATION_CONTEXT() REPRESENTATION_CONTEXT('2D SPACE',''
  ) );
#2605 = PCURVE('',#2018,#2606);
#2606 = DEFINITIONAL_REPRESENTATION('',(#2607),#2611);
#2607 = LINE('',#2608,#2609);
#2608 = CARTESIAN_POINT('',(1.570796326795,0.));
#2609 = VECTOR('',#2610,1.);
#2610 = DIRECTION('',(0.,1.));
#2611 = ( GEOMETRIC_REPRESENTATION_CONTEXT(2) 
PARAMETRIC_REPRESENTATION_CONTEXT() REPRESENTATION_CONTEXT('2D SPACE',''
  ) );
#2612 = ORIENTED_EDGE('',*,*,#2613,.F.);
#2613 = EDGE_CURVE('',#2482,#2586,#2614,.T.);
#2614 = SURFACE_CURVE('',#2615,(#2619,#2626),.PCURVE_S1.);
#2615 = LINE('',#2616,#2617);
#2616 = CARTESIAN_POINT('',(348.0954467741,3.281055645035E-15,-328.7));
#2617 = VECTOR('',#2618,1.);
#2618 = DIRECTION('',(0.,-1.,0.));
#2619 = PCURVE('',#1771,#2620);
#2620 = DEFINITIONAL_REPRESENTATION('',(#2621),#2625);
#2621 = LINE('',#2622,#2623);
#2622 = CARTESIAN_POINT('',(5.195446774107,3.281055645035E-15));
#2623 = VECTOR('',#2624,1.);
#2624 = DIRECTION('',(0.,1.));
#2625 = ( GEOMETRIC_REPRESENTATION_CONTEXT(2) 
PARAMETRIC_REPRESENTATION_CONTEXT() REPRESENTATION_CONTEXT('2D SPACE',''
  ) );
#2626 = PCURVE('',#2573,#2627);
#2627 = DEFINITIONAL_REPRESENTATION('',(#2628),#2632);
#2628 = LINE('',#2629,#2630);
#2629 = CARTESIAN_POINT('',(5.684341886081E-14,3.281055645035E-15));
#2630 = VECTOR('',#2631,1.);
#2631 = DIRECTION('',(0.,-1.));
#2632 = ( GEOMETRIC_REPRESENTATION_CONTEXT(2) 
PARAMETRIC_REPRESENTATION_CONTEXT() REPRESENTATION_CONTEXT('2D SPACE',''
  ) );
#2633 = ORIENTED_EDGE('',*,*,#2510,.F.);
#2634 = ORIENTED_EDGE('',*,*,#1754,.F.);
#2635 = ADVANCED_FACE('',(#2636),#1731,.F.);
#2636 = FACE_BOUND('',#2637,.F.);
#2637 = EDGE_LOOP('',(#2638,#2662,#2663,#2664,#2688));
#2638 = ORIENTED_EDGE('',*,*,#2639,.T.);
#2639 = EDGE_CURVE('',#2640,#1648,#2642,.T.);
#2640 = VERTEX_POINT('',#2641);
#2641 = CARTESIAN_POINT('',(348.0954467741,-50.73372596274,
    -300.2832522983));
#2642 = SURFACE_CURVE('',#2643,(#2648,#2655),.PCURVE_S1.);
#2643 = CIRCLE('',#2644,58.15);
#2644 = AXIS2_PLACEMENT_3D('',#2645,#2646,#2647);
#2645 = CARTESIAN_POINT('',(348.0954467741,0.,-328.7));
#2646 = DIRECTION('',(1.,-0.,1.110223024625E-16));
#2647 = DIRECTION('',(1.110223024625E-16,0.,-1.));
#2648 = PCURVE('',#1731,#2649);
#2649 = DEFINITIONAL_REPRESENTATION('',(#2650),#2654);
#2650 = CIRCLE('',#2651,58.15);
#2651 = AXIS2_PLACEMENT_2D('',#2652,#2653);
#2652 = CARTESIAN_POINT('',(0.,2.373773712347E-15));
#2653 = DIRECTION('',(1.,0.));
#2654 = ( GEOMETRIC_REPRESENTATION_CONTEXT(2) 
PARAMETRIC_REPRESENTATION_CONTEXT() REPRESENTATION_CONTEXT('2D SPACE',''
  ) );
#2655 = PCURVE('',#1675,#2656);
#2656 = DEFINITIONAL_REPRESENTATION('',(#2657),#2661);
#2657 = LINE('',#2658,#2659);
#2658 = CARTESIAN_POINT('',(-0.,-5.195446774107));
#2659 = VECTOR('',#2660,1.);
#2660 = DIRECTION('',(-1.,0.));
#2661 = ( GEOMETRIC_REPRESENTATION_CONTEXT(2) 
PARAMETRIC_REPRESENTATION_CONTEXT() REPRESENTATION_CONTEXT('2D SPACE',''
  ) );
#2662 = ORIENTED_EDGE('',*,*,#1693,.F.);
#2663 = ORIENTED_EDGE('',*,*,#2534,.F.);
#2664 = ORIENTED_EDGE('',*,*,#2665,.F.);
#2665 = EDGE_CURVE('',#2666,#2535,#2668,.T.);
#2666 = VERTEX_POINT('',#2667);
#2667 = CARTESIAN_POINT('',(348.0954467741,-50.84229519094,
    -316.2940104902));
#2668 = SURFACE_CURVE('',#2669,(#2674,#2681),.PCURVE_S1.);
#2669 = CIRCLE('',#2670,52.334);
#2670 = AXIS2_PLACEMENT_3D('',#2671,#2672,#2673);
#2671 = CARTESIAN_POINT('',(348.0954467741,1.955061697706E-15,-328.7));
#2672 = DIRECTION('',(1.,-0.,1.110223024625E-16));
#2673 = DIRECTION('',(1.110223024625E-16,0.,-1.));
#2674 = PCURVE('',#1731,#2675);
#2675 = DEFINITIONAL_REPRESENTATION('',(#2676),#2680);
#2676 = CIRCLE('',#2677,52.334);
#2677 = AXIS2_PLACEMENT_2D('',#2678,#2679);
#2678 = CARTESIAN_POINT('',(2.84217094304E-13,4.328835410053E-15));
#2679 = DIRECTION('',(1.,0.));
#2680 = ( GEOMETRIC_REPRESENTATION_CONTEXT(2) 
PARAMETRIC_REPRESENTATION_CONTEXT() REPRESENTATION_CONTEXT('2D SPACE',''
  ) );
#2681 = PCURVE('',#2498,#2682);
#2682 = DEFINITIONAL_REPRESENTATION('',(#2683),#2687);
#2683 = LINE('',#2684,#2685);
#2684 = CARTESIAN_POINT('',(-0.,-3.695446774107));
#2685 = VECTOR('',#2686,1.);
#2686 = DIRECTION('',(-1.,-0.));
#2687 = ( GEOMETRIC_REPRESENTATION_CONTEXT(2) 
PARAMETRIC_REPRESENTATION_CONTEXT() REPRESENTATION_CONTEXT('2D SPACE',''
  ) );
#2688 = ORIENTED_EDGE('',*,*,#2689,.T.);
#2689 = EDGE_CURVE('',#2666,#2640,#2690,.T.);
#2690 = SURFACE_CURVE('',#2691,(#2706,#2724),.PCURVE_S1.);
#2691 = B_SPLINE_CURVE_WITH_KNOTS('',7,(#2692,#2693,#2694,#2695,#2696,
    #2697,#2698,#2699,#2700,#2701,#2702,#2703,#2704,#2705),
  .UNSPECIFIED.,.F.,.F.,(8,6,8),(0.,0.721494234349,1.),.UNSPECIFIED.);
#2692 = CARTESIAN_POINT('',(348.0954467741,-50.86535395352,-328.7));
#2693 = CARTESIAN_POINT('',(348.0954467741,-50.86535395352,
    -321.5059932405));
#2694 = CARTESIAN_POINT('',(348.0954467741,-50.84763727787,
    -314.3120964935));
#2695 = CARTESIAN_POINT('',(348.0954467741,-50.81220226625,
    -307.1181890237));
#2696 = CARTESIAN_POINT('',(348.0954467741,-50.75534803073,
    -299.9243212541));
#2697 = CARTESIAN_POINT('',(348.0954467741,-50.66963259737,
    -292.7307154534));
#2698 = CARTESIAN_POINT('',(348.0954467741,-50.54405354686,
    -285.537763831));
#2699 = CARTESIAN_POINT('',(348.0954467741,-50.29418041291,
    -275.5699346005));
#2700 = CARTESIAN_POINT('',(348.0954467741,-50.21643910777,
    -272.7940464272));
#2701 = CARTESIAN_POINT('',(348.0954467741,-50.1296936917,
    -270.0184114988));
#2702 = CARTESIAN_POINT('',(348.0954467741,-50.03300713037,
    -267.2430939461));
#2703 = CARTESIAN_POINT('',(348.0954467741,-49.92535464791,
    -264.4681787045));
#2704 = CARTESIAN_POINT('',(348.0954467741,-49.80561910524,
    -261.6937716939));
#2705 = CARTESIAN_POINT('',(348.0954467741,-49.67258637855,-258.92));
#2706 = PCURVE('',#1731,#2707);
#2707 = DEFINITIONAL_REPRESENTATION('',(#2708),#2723);
#2708 = B_SPLINE_CURVE_WITH_KNOTS('',7,(#2709,#2710,#2711,#2712,#2713,
    #2714,#2715,#2716,#2717,#2718,#2719,#2720,#2721,#2722),
  .UNSPECIFIED.,.F.,.F.,(8,6,8),(0.,0.721494234349,1.),.UNSPECIFIED.);
#2709 = CARTESIAN_POINT('',(2.273736754432E-13,-50.86535395352));
#2710 = CARTESIAN_POINT('',(-7.194006759489,-50.86535395352));
#2711 = CARTESIAN_POINT('',(-14.38790350647,-50.84763727787));
#2712 = CARTESIAN_POINT('',(-21.58181097622,-50.81220226625));
#2713 = CARTESIAN_POINT('',(-28.77567874581,-50.75534803073));
#2714 = CARTESIAN_POINT('',(-35.96928454658,-50.66963259737));
#2715 = CARTESIAN_POINT('',(-43.16223616899,-50.54405354686));
#2716 = CARTESIAN_POINT('',(-53.13006539948,-50.29418041291));
#2717 = CARTESIAN_POINT('',(-55.90595357279,-50.21643910777));
#2718 = CARTESIAN_POINT('',(-58.68158850115,-50.1296936917));
#2719 = CARTESIAN_POINT('',(-61.4569060538,-50.03300713037));
#2720 = CARTESIAN_POINT('',(-64.23182129547,-49.92535464791));
#2721 = CARTESIAN_POINT('',(-67.006228306,-49.80561910524));
#2722 = CARTESIAN_POINT('',(-69.78,-49.67258637855));
#2723 = ( GEOMETRIC_REPRESENTATION_CONTEXT(2) 
PARAMETRIC_REPRESENTATION_CONTEXT() REPRESENTATION_CONTEXT('2D SPACE',''
  ) );
#2724 = PCURVE('',#2018,#2725);
#2725 = DEFINITIONAL_REPRESENTATION('',(#2726),#2741);
#2726 = B_SPLINE_CURVE_WITH_KNOTS('',7,(#2727,#2728,#2729,#2730,#2731,
    #2732,#2733,#2734,#2735,#2736,#2737,#2738,#2739,#2740),
  .UNSPECIFIED.,.F.,.F.,(8,6,8),(0.,0.721494234349,1.),.UNSPECIFIED.);
#2727 = CARTESIAN_POINT('',(1.570796326795,4.814177150839));
#2728 = CARTESIAN_POINT('',(1.5501295619,4.814177150839));
#2729 = CARTESIAN_POINT('',(1.529463113058,4.817587255669));
#2730 = CARTESIAN_POINT('',(1.5088254685,4.824407295903));
#2731 = CARTESIAN_POINT('',(1.488245604526,4.83463414314));
#2732 = CARTESIAN_POINT('',(1.467752395004,4.848261177715));
#2733 = CARTESIAN_POINT('',(1.447373965103,4.865286080548));
#2734 = CARTESIAN_POINT('',(1.41932555167,4.893620917862));
#2735 = CARTESIAN_POINT('',(1.411535093677,4.902021628901));
#2736 = CARTESIAN_POINT('',(1.403767398739,4.910932791457));
#2737 = CARTESIAN_POINT('',(1.396024062063,4.920355980032));
#2738 = CARTESIAN_POINT('',(1.388306692475,4.93029337271));
#2739 = CARTESIAN_POINT('',(1.380616907024,4.940747936287));
#2740 = CARTESIAN_POINT('',(1.372956325593,4.951723611392));
#2741 = ( GEOMETRIC_REPRESENTATION_CONTEXT(2) 
PARAMETRIC_REPRESENTATION_CONTEXT() REPRESENTATION_CONTEXT('2D SPACE',''
  ) );
#2742 = ADVANCED_FACE('',(#2743),#1675,.F.);
#2743 = FACE_BOUND('',#2744,.T.);
#2744 = EDGE_LOOP('',(#2745,#2746,#2770,#2803));
#2745 = ORIENTED_EDGE('',*,*,#1647,.F.);
#2746 = ORIENTED_EDGE('',*,*,#2747,.F.);
#2747 = EDGE_CURVE('',#2748,#1587,#2750,.T.);
#2748 = VERTEX_POINT('',#2749);
#2749 = CARTESIAN_POINT('',(342.9,-51.11776210214,-300.9800270983));
#2750 = SURFACE_CURVE('',#2751,(#2756,#2763),.PCURVE_S1.);
#2751 = CIRCLE('',#2752,58.15);
#2752 = AXIS2_PLACEMENT_3D('',#2753,#2754,#2755);
#2753 = CARTESIAN_POINT('',(342.9,0.,-328.7));
#2754 = DIRECTION('',(1.,-0.,1.110223024625E-16));
#2755 = DIRECTION('',(1.110223024625E-16,0.,-1.));
#2756 = PCURVE('',#1675,#2757);
#2757 = DEFINITIONAL_REPRESENTATION('',(#2758),#2762);
#2758 = LINE('',#2759,#2760);
#2759 = CARTESIAN_POINT('',(-0.,0.));
#2760 = VECTOR('',#2761,1.);
#2761 = DIRECTION('',(-1.,0.));
#2762 = ( GEOMETRIC_REPRESENTATION_CONTEXT(2) 
PARAMETRIC_REPRESENTATION_CONTEXT() REPRESENTATION_CONTEXT('2D SPACE',''
  ) );
#2763 = PCURVE('',#1624,#2764);
#2764 = DEFINITIONAL_REPRESENTATION('',(#2765),#2769);
#2765 = CIRCLE('',#2766,58.15);
#2766 = AXIS2_PLACEMENT_2D('',#2767,#2768);
#2767 = CARTESIAN_POINT('',(0.,2.373773712347E-15));
#2768 = DIRECTION('',(1.,0.));
#2769 = ( GEOMETRIC_REPRESENTATION_CONTEXT(2) 
PARAMETRIC_REPRESENTATION_CONTEXT() REPRESENTATION_CONTEXT('2D SPACE',''
  ) );
#2770 = ORIENTED_EDGE('',*,*,#2771,.T.);
#2771 = EDGE_CURVE('',#2748,#2640,#2772,.T.);
#2772 = SURFACE_CURVE('',#2773,(#2781,#2792),.PCURVE_S1.);
#2773 = B_SPLINE_CURVE_WITH_KNOTS('',6,(#2774,#2775,#2776,#2777,#2778,
    #2779,#2780),.UNSPECIFIED.,.F.,.F.,(7,7),(0.,1.),
  .PIECEWISE_BEZIER_KNOTS.);
#2774 = CARTESIAN_POINT('',(342.8999994,-51.11776211527,-300.9800271225)
  );
#2775 = CARTESIAN_POINT('',(343.77132206063,-51.09869490042,
    -300.9448657117));
#2776 = CARTESIAN_POINT('',(344.64180673198,-51.06175690079,
    -300.8768185705));
#2777 = CARTESIAN_POINT('',(345.51039135862,-51.00680202818,
    -300.7758585805));
#2778 = CARTESIAN_POINT('',(346.37610455558,-50.93378115072,
    -300.6425207487));
#2779 = CARTESIAN_POINT('',(347.23806040597,-50.84272390639,
    -300.4778513364));
#2780 = CARTESIAN_POINT('',(348.0954473741,-50.73372588647,
    -300.2832521622));
#2781 = PCURVE('',#1675,#2782);
#2782 = DEFINITIONAL_REPRESENTATION('',(#2783),#2791);
#2783 = B_SPLINE_CURVE_WITH_KNOTS('',6,(#2784,#2785,#2786,#2787,#2788,
    #2789,#2790),.UNSPECIFIED.,.F.,.F.,(7,7),(0.,1.),
  .PIECEWISE_BEZIER_KNOTS.);
#2784 = CARTESIAN_POINT('',(-4.215494674475,5.999999999062E-07));
#2785 = CARTESIAN_POINT('',(-4.214806823338,-0.871322060631));
#2786 = CARTESIAN_POINT('',(-4.21347533121,-1.741806731985));
#2787 = CARTESIAN_POINT('',(-4.211498589007,-2.610391358628));
#2788 = CARTESIAN_POINT('',(-4.208884278846,-3.476104555585));
#2789 = CARTESIAN_POINT('',(-4.205648409031,-4.338060405972));
#2790 = CARTESIAN_POINT('',(-4.201812712542,-5.195447374107));
#2791 = ( GEOMETRIC_REPRESENTATION_CONTEXT(2) 
PARAMETRIC_REPRESENTATION_CONTEXT() REPRESENTATION_CONTEXT('2D SPACE',''
  ) );
#2792 = PCURVE('',#2018,#2793);
#2793 = DEFINITIONAL_REPRESENTATION('',(#2794),#2802);
#2794 = B_SPLINE_CURVE_WITH_KNOTS('',6,(#2795,#2796,#2797,#2798,#2799,
    #2800,#2801),.UNSPECIFIED.,.F.,.F.,(7,7),(0.,1.),
  .PIECEWISE_BEZIER_KNOTS.);
#2795 = CARTESIAN_POINT('',(1.490131921566,4.734268558478));
#2796 = CARTESIAN_POINT('',(1.490234129549,4.751313957632));
#2797 = CARTESIAN_POINT('',(1.490240237949,4.768402568712));
#2798 = CARTESIAN_POINT('',(1.490151012082,4.785522414954));
#2799 = CARTESIAN_POINT('',(1.489968862823,4.802663053629));
#2800 = CARTESIAN_POINT('',(1.489697616139,4.819815337277));
#2801 = CARTESIAN_POINT('',(1.489342019602,4.83697113742));
#2802 = ( GEOMETRIC_REPRESENTATION_CONTEXT(2) 
PARAMETRIC_REPRESENTATION_CONTEXT() REPRESENTATION_CONTEXT('2D SPACE',''
  ) );
#2803 = ORIENTED_EDGE('',*,*,#2639,.T.);
#2804 = ADVANCED_FACE('',(#2805),#1624,.T.);
#2805 = FACE_BOUND('',#2806,.T.);
#2806 = EDGE_LOOP('',(#2807,#2808,#2809,#2810,#2834));
#2807 = ORIENTED_EDGE('',*,*,#2747,.T.);
#2808 = ORIENTED_EDGE('',*,*,#1586,.F.);
#2809 = ORIENTED_EDGE('',*,*,#2221,.F.);
#2810 = ORIENTED_EDGE('',*,*,#2811,.F.);
#2811 = EDGE_CURVE('',#2812,#2194,#2814,.T.);
#2812 = VERTEX_POINT('',#2813);
#2813 = CARTESIAN_POINT('',(342.9,-51.12967734966,-317.5373994911));
#2814 = SURFACE_CURVE('',#2815,(#2820,#2827),.PCURVE_S1.);
#2815 = CIRCLE('',#2816,52.334);
#2816 = AXIS2_PLACEMENT_3D('',#2817,#2818,#2819);
#2817 = CARTESIAN_POINT('',(342.9,1.955061697706E-15,-328.7));
#2818 = DIRECTION('',(1.,-0.,1.110223024625E-16));
#2819 = DIRECTION('',(1.110223024625E-16,0.,-1.));
#2820 = PCURVE('',#1624,#2821);
#2821 = DEFINITIONAL_REPRESENTATION('',(#2822),#2826);
#2822 = CIRCLE('',#2823,52.334);
#2823 = AXIS2_PLACEMENT_2D('',#2824,#2825);
#2824 = CARTESIAN_POINT('',(2.84217094304E-13,4.328835410053E-15));
#2825 = DIRECTION('',(1.,0.));
#2826 = ( GEOMETRIC_REPRESENTATION_CONTEXT(2) 
PARAMETRIC_REPRESENTATION_CONTEXT() REPRESENTATION_CONTEXT('2D SPACE',''
  ) );
#2827 = PCURVE('',#2209,#2828);
#2828 = DEFINITIONAL_REPRESENTATION('',(#2829),#2833);
#2829 = LINE('',#2830,#2831);
#2830 = CARTESIAN_POINT('',(-0.,0.));
#2831 = VECTOR('',#2832,1.);
#2832 = DIRECTION('',(-1.,0.));
#2833 = ( GEOMETRIC_REPRESENTATION_CONTEXT(2) 
PARAMETRIC_REPRESENTATION_CONTEXT() REPRESENTATION_CONTEXT('2D SPACE',''
  ) );
#2834 = ORIENTED_EDGE('',*,*,#2835,.T.);
#2835 = EDGE_CURVE('',#2812,#2748,#2836,.T.);
#2836 = SURFACE_CURVE('',#2837,(#2855,#2876),.PCURVE_S1.);
#2837 = B_SPLINE_CURVE_WITH_KNOTS('',6,(#2838,#2839,#2840,#2841,#2842,
    #2843,#2844,#2845,#2846,#2847,#2848,#2849,#2850,#2851,#2852,#2853,
    #2854),.UNSPECIFIED.,.F.,.F.,(7,5,5,7),(0.,0.367900603734,
    0.66377196929,1.),.UNSPECIFIED.);
#2838 = CARTESIAN_POINT('',(342.9,-51.13,-328.7));
#2839 = CARTESIAN_POINT('',(342.9,-51.13,-324.4210685144));
#2840 = CARTESIAN_POINT('',(342.9,-51.12999969617,-320.1421377579));
#2841 = CARTESIAN_POINT('',(342.9,-51.13000058354,-315.863206844));
#2842 = CARTESIAN_POINT('',(342.9,-51.12939734875,-311.5842762531));
#2843 = CARTESIAN_POINT('',(342.9,-51.12698919621,-307.3053478288));
#2844 = CARTESIAN_POINT('',(342.9,-51.11616747215,-299.5852485594));
#2845 = CARTESIAN_POINT('',(342.9,-51.10902221265,-296.1440788859));
#2846 = CARTESIAN_POINT('',(342.9,-51.09862732093,-292.7029147705));
#2847 = CARTESIAN_POINT('',(342.9,-51.08381244141,-289.2617648622));
#2848 = CARTESIAN_POINT('',(342.9,-51.06316968674,-285.8206474317));
#2849 = CARTESIAN_POINT('',(342.9,-51.00311272346,-278.4691753018));
#2850 = CARTESIAN_POINT('',(342.9,-50.96152211095,-274.5588524));
#2851 = CARTESIAN_POINT('',(342.9,-50.90787846824,-270.6486489256));
#2852 = CARTESIAN_POINT('',(342.9,-50.83938192298,-266.7386569601));
#2853 = CARTESIAN_POINT('',(342.9,-50.75284875018,-262.8290332718));
#2854 = CARTESIAN_POINT('',(342.9,-50.64467442088,-258.92));
#2855 = PCURVE('',#1624,#2856);
#2856 = DEFINITIONAL_REPRESENTATION('',(#2857),#2875);
#2857 = B_SPLINE_CURVE_WITH_KNOTS('',6,(#2858,#2859,#2860,#2861,#2862,
    #2863,#2864,#2865,#2866,#2867,#2868,#2869,#2870,#2871,#2872,#2873,
    #2874),.UNSPECIFIED.,.F.,.F.,(7,5,5,7),(0.,0.367900603734,
    0.66377196929,1.),.UNSPECIFIED.);
#2858 = CARTESIAN_POINT('',(2.273736754432E-13,-51.13));
#2859 = CARTESIAN_POINT('',(-4.278931485537,-51.13));
#2860 = CARTESIAN_POINT('',(-8.557862242074,-51.12999969617));
#2861 = CARTESIAN_POINT('',(-12.83679315597,-51.13000058354));
#2862 = CARTESIAN_POINT('',(-17.11572374689,-51.12939734875));
#2863 = CARTESIAN_POINT('',(-21.39465217118,-51.12698919621));
#2864 = CARTESIAN_POINT('',(-29.11475144054,-51.11616747215));
#2865 = CARTESIAN_POINT('',(-32.55592111405,-51.10902221265));
#2866 = CARTESIAN_POINT('',(-35.99708522948,-51.09862732093));
#2867 = CARTESIAN_POINT('',(-39.43823513771,-51.08381244141));
#2868 = CARTESIAN_POINT('',(-42.87935256822,-51.06316968674));
#2869 = CARTESIAN_POINT('',(-50.23082469812,-51.00311272346));
#2870 = CARTESIAN_POINT('',(-54.14114759992,-50.96152211095));
#2871 = CARTESIAN_POINT('',(-58.0513510743,-50.90787846824));
#2872 = CARTESIAN_POINT('',(-61.96134303985,-50.83938192298));
#2873 = CARTESIAN_POINT('',(-65.87096672819,-50.75284875018));
#2874 = CARTESIAN_POINT('',(-69.78,-50.64467442088));
#2875 = ( GEOMETRIC_REPRESENTATION_CONTEXT(2) 
PARAMETRIC_REPRESENTATION_CONTEXT() REPRESENTATION_CONTEXT('2D SPACE',''
  ) );
#2876 = PCURVE('',#2018,#2877);
#2877 = DEFINITIONAL_REPRESENTATION('',(#2878),#2896);
#2878 = B_SPLINE_CURVE_WITH_KNOTS('',6,(#2879,#2880,#2881,#2882,#2883,
    #2884,#2885,#2886,#2887,#2888,#2889,#2890,#2891,#2892,#2893,#2894,
    #2895),.UNSPECIFIED.,.F.,.F.,(7,5,5,7),(0.,0.367900603734,
    0.66377196929,1.),.UNSPECIFIED.);
#2879 = CARTESIAN_POINT('',(1.570796326795,4.712388980385));
#2880 = CARTESIAN_POINT('',(1.558317669794,4.712388980385));
#2881 = CARTESIAN_POINT('',(1.545839014838,4.713642128993));
#2882 = CARTESIAN_POINT('',(1.533367355003,4.716148509494));
#2883 = CARTESIAN_POINT('',(1.520909686381,4.719906201046));
#2884 = CARTESIAN_POINT('',(1.508472931322,4.724911857136));
#2885 = CARTESIAN_POINT('',(1.48608429564,4.736187169971));
#2886 = CARTESIAN_POINT('',(1.476122644407,4.742017482623));
#2887 = CARTESIAN_POINT('',(1.466182423033,4.748650105888));
#2888 = CARTESIAN_POINT('',(1.456267110045,4.75608259982));
#2889 = CARTESIAN_POINT('',(1.446380123923,4.764312701988));
#2890 = CARTESIAN_POINT('',(1.425325215244,4.783596113601));
#2891 = CARTESIAN_POINT('',(1.414166559799,4.794881356272));
#2892 = CARTESIAN_POINT('',(1.403053688024,4.807192282765));
#2893 = CARTESIAN_POINT('',(1.391991457236,4.820527764388));
#2894 = CARTESIAN_POINT('',(1.380984679338,4.834888841263));
#2895 = CARTESIAN_POINT('',(1.370038078698,4.850280582716));
#2896 = ( GEOMETRIC_REPRESENTATION_CONTEXT(2) 
PARAMETRIC_REPRESENTATION_CONTEXT() REPRESENTATION_CONTEXT('2D SPACE',''
  ) );
#2897 = ADVANCED_FACE('',(#2898),#2018,.F.);
#2898 = FACE_BOUND('',#2899,.F.);
#2899 = EDGE_LOOP('',(#2900,#2922,#2923,#2924,#2925,#2990,#3029,#3030,
    #3031,#3032,#3086,#3087,#3141,#3142,#3143,#3144,#3185,#3233));
#2900 = ORIENTED_EDGE('',*,*,#2901,.F.);
#2901 = EDGE_CURVE('',#1998,#2115,#2902,.T.);
#2902 = SEAM_CURVE('',#2903,(#2908,#2915),.PCURVE_S1.);
#2903 = CIRCLE('',#2904,291.77);
#2904 = AXIS2_PLACEMENT_3D('',#2905,#2906,#2907);
#2905 = CARTESIAN_POINT('',(-5.430100813442E-14,1.878485725212E-14,
    -328.7));
#2906 = DIRECTION('',(-0.,1.,0.));
#2907 = DIRECTION('',(1.583581456238E-16,0.,1.));
#2908 = PCURVE('',#2018,#2909);
#2909 = DEFINITIONAL_REPRESENTATION('',(#2910),#2914);
#2910 = LINE('',#2911,#2912);
#2911 = CARTESIAN_POINT('',(0.,9.424777960769));
#2912 = VECTOR('',#2913,1.);
#2913 = DIRECTION('',(1.,0.));
#2914 = ( GEOMETRIC_REPRESENTATION_CONTEXT(2) 
PARAMETRIC_REPRESENTATION_CONTEXT() REPRESENTATION_CONTEXT('2D SPACE',''
  ) );
#2915 = PCURVE('',#2018,#2916);
#2916 = DEFINITIONAL_REPRESENTATION('',(#2917),#2921);
#2917 = LINE('',#2918,#2919);
#2918 = CARTESIAN_POINT('',(0.,3.14159265359));
#2919 = VECTOR('',#2920,1.);
#2920 = DIRECTION('',(1.,0.));
#2921 = ( GEOMETRIC_REPRESENTATION_CONTEXT(2) 
PARAMETRIC_REPRESENTATION_CONTEXT() REPRESENTATION_CONTEXT('2D SPACE',''
  ) );
#2922 = ORIENTED_EDGE('',*,*,#1997,.F.);
#2923 = ORIENTED_EDGE('',*,*,#2901,.T.);
#2924 = ORIENTED_EDGE('',*,*,#2142,.T.);
#2925 = ORIENTED_EDGE('',*,*,#2926,.T.);
#2926 = EDGE_CURVE('',#2143,#2927,#2929,.T.);
#2927 = VERTEX_POINT('',#2928);
#2928 = CARTESIAN_POINT('',(344.4,-51.10223020773,-317.4124128446));
#2929 = SURFACE_CURVE('',#2930,(#2948,#2969),.PCURVE_S1.);
#2930 = B_SPLINE_CURVE_WITH_KNOTS('',6,(#2931,#2932,#2933,#2934,#2935,
    #2936,#2937,#2938,#2939,#2940,#2941,#2942,#2943,#2944,#2945,#2946,
    #2947),.UNSPECIFIED.,.F.,.F.,(7,5,5,7),(0.,0.439333555457,
    0.871623639188,1.),.UNSPECIFIED.);
#2931 = CARTESIAN_POINT('',(344.4,-51.10799252563,-328.7));
#2932 = CARTESIAN_POINT('',(344.4,-51.10799252563,-323.6779744088));
#2933 = CARTESIAN_POINT('',(344.4,-51.10541284655,-318.6559527122));
#2934 = CARTESIAN_POINT('',(344.4,-51.10025610878,-313.633929568));
#2935 = CARTESIAN_POINT('',(344.4,-51.09138733427,-308.6119095125));
#2936 = CARTESIAN_POINT('',(344.4,-51.07655551572,-303.5899069136));
#2937 = CARTESIAN_POINT('',(344.4,-51.02866187764,-293.6264978841));
#2938 = CARTESIAN_POINT('',(344.4,-50.99589644587,-288.6851174692));
#2939 = CARTESIAN_POINT('',(344.4,-50.95093452282,-283.7437969117));
#2940 = CARTESIAN_POINT('',(344.4,-50.889564072,-278.8026229818));
#2941 = CARTESIAN_POINT('',(344.4,-50.80658991065,-273.8617764428));
#2942 = CARTESIAN_POINT('',(344.4,-50.6628662048,-267.4544383134));
#2943 = CARTESIAN_POINT('',(344.4,-50.62750233713,-265.9873993018));
#2944 = CARTESIAN_POINT('',(344.4,-50.58951995616,-264.520424524));
#2945 = CARTESIAN_POINT('',(344.4,-50.54874753455,-263.0535244661));
#2946 = CARTESIAN_POINT('',(344.4,-50.50500522495,-261.5867115233));
#2947 = CARTESIAN_POINT('',(344.4,-50.45810486009,-260.12));
#2948 = PCURVE('',#2018,#2949);
#2949 = DEFINITIONAL_REPRESENTATION('',(#2950),#2968);
#2950 = B_SPLINE_CURVE_WITH_KNOTS('',6,(#2951,#2952,#2953,#2954,#2955,
    #2956,#2957,#2958,#2959,#2960,#2961,#2962,#2963,#2964,#2965,#2966,
    #2967),.UNSPECIFIED.,.F.,.F.,(7,5,5,7),(0.,0.439333555457,
    0.871623639188,1.),.UNSPECIFIED.);
#2951 = CARTESIAN_POINT('',(1.570796326795,4.741730174362));
#2952 = CARTESIAN_POINT('',(1.556214370955,4.741730174362));
#2953 = CARTESIAN_POINT('',(1.541632426216,4.743449569945));
#2954 = CARTESIAN_POINT('',(1.527061640192,4.74688857159));
#2955 = CARTESIAN_POINT('',(1.512513186728,4.75204412291));
#2956 = CARTESIAN_POINT('',(1.497998099003,4.758911351821));
#2957 = CARTESIAN_POINT('',(1.469288107812,4.77592123707));
#2958 = CARTESIAN_POINT('',(1.455091880993,4.78600961337));
#2959 = CARTESIAN_POINT('',(1.440948551749,4.79774537684));
#2960 = CARTESIAN_POINT('',(1.426868213634,4.811123948424));
#2961 = CARTESIAN_POINT('',(1.41286076941,4.826143176734));
#2962 = CARTESIAN_POINT('',(1.394800529526,4.847757518613));
#2963 = CARTESIAN_POINT('',(1.390672538626,4.852851736188));
#2964 = CARTESIAN_POINT('',(1.386552083106,4.858091242689));
#2965 = CARTESIAN_POINT('',(1.382439418304,4.863476232968));
#2966 = CARTESIAN_POINT('',(1.378334799944,4.869006967747));
#2967 = CARTESIAN_POINT('',(1.374238484137,4.874683773608));
#2968 = ( GEOMETRIC_REPRESENTATION_CONTEXT(2) 
PARAMETRIC_REPRESENTATION_CONTEXT() REPRESENTATION_CONTEXT('2D SPACE',''
  ) );
#2969 = PCURVE('',#2102,#2970);
#2970 = DEFINITIONAL_REPRESENTATION('',(#2971),#2989);
#2971 = B_SPLINE_CURVE_WITH_KNOTS('',6,(#2972,#2973,#2974,#2975,#2976,
    #2977,#2978,#2979,#2980,#2981,#2982,#2983,#2984,#2985,#2986,#2987,
    #2988),.UNSPECIFIED.,.F.,.F.,(7,5,5,7),(0.,0.439333555457,
    0.871623639188,1.),.UNSPECIFIED.);
#2972 = CARTESIAN_POINT('',(2.273736754432E-13,-51.10799252563));
#2973 = CARTESIAN_POINT('',(-5.022025591114,-51.10799252563));
#2974 = CARTESIAN_POINT('',(-10.04404728773,-51.10541284655));
#2975 = CARTESIAN_POINT('',(-15.06607043196,-51.10025610878));
#2976 = CARTESIAN_POINT('',(-20.08809048748,-51.09138733427));
#2977 = CARTESIAN_POINT('',(-25.11009308633,-51.07655551572));
#2978 = CARTESIAN_POINT('',(-35.07350211584,-51.02866187764));
#2979 = CARTESIAN_POINT('',(-40.01488253079,-50.99589644587));
#2980 = CARTESIAN_POINT('',(-44.9562030882,-50.95093452282));
#2981 = CARTESIAN_POINT('',(-49.89737701811,-50.889564072));
#2982 = CARTESIAN_POINT('',(-54.83822355718,-50.80658991065));
#2983 = CARTESIAN_POINT('',(-61.24556168654,-50.6628662048));
#2984 = CARTESIAN_POINT('',(-62.71260069812,-50.62750233713));
#2985 = CARTESIAN_POINT('',(-64.17957547593,-50.58951995616));
#2986 = CARTESIAN_POINT('',(-65.64647553386,-50.54874753455));
#2987 = CARTESIAN_POINT('',(-67.11328847667,-50.50500522495));
#2988 = CARTESIAN_POINT('',(-68.58,-50.45810486009));
#2989 = ( GEOMETRIC_REPRESENTATION_CONTEXT(2) 
PARAMETRIC_REPRESENTATION_CONTEXT() REPRESENTATION_CONTEXT('2D SPACE',''
  ) );
#2990 = ORIENTED_EDGE('',*,*,#2991,.F.);
#2991 = EDGE_CURVE('',#2812,#2927,#2992,.T.);
#2992 = SURFACE_CURVE('',#2993,(#3003,#3016),.PCURVE_S1.);
#2993 = B_SPLINE_CURVE_WITH_KNOTS('',8,(#2994,#2995,#2996,#2997,#2998,
    #2999,#3000,#3001,#3002),.UNSPECIFIED.,.F.,.F.,(9,9),(0.,1.),
  .PIECEWISE_BEZIER_KNOTS.);
#2994 = CARTESIAN_POINT('',(342.8999994,-51.12967735179,-317.5373995009)
  );
#2995 = CARTESIAN_POINT('',(343.56164081902,-51.12732681817,
    -317.526633011));
#2996 = CARTESIAN_POINT('',(344.22301723642,-51.11518684858,
    -317.471038828));
#2997 = CARTESIAN_POINT('',(344.88193368419,-51.09320157787,
    -317.3705437707));
#2998 = CARTESIAN_POINT('',(345.53670459222,-51.06148506261,
    -317.2269009671));
#2999 = CARTESIAN_POINT('',(346.18612397951,-51.02025867868,
    -317.043434446));
#3000 = CARTESIAN_POINT('',(346.82935316433,-50.96979457842,
    -316.8241291874));
#3001 = CARTESIAN_POINT('',(347.46587087712,-50.91038286689,
    -316.573047776));
#3002 = CARTESIAN_POINT('',(348.0954473741,-50.84229512605,
    -316.2940102242));
#3003 = PCURVE('',#2018,#3004);
#3004 = DEFINITIONAL_REPRESENTATION('',(#3005),#3015);
#3005 = B_SPLINE_CURVE_WITH_KNOTS('',8,(#3006,#3007,#3008,#3009,#3010,
    #3011,#3012,#3013,#3014),.UNSPECIFIED.,.F.,.F.,(9,9),(0.,1.),
  .PIECEWISE_BEZIER_KNOTS.);
#3006 = CARTESIAN_POINT('',(1.53825430316,4.715941544764));
#3007 = CARTESIAN_POINT('',(1.538285685081,4.728882002286));
#3008 = CARTESIAN_POINT('',(1.538186310855,4.741846492997));
#3009 = CARTESIAN_POINT('',(1.537956767156,4.75479535394));
#3010 = CARTESIAN_POINT('',(1.537603009641,4.767698394357));
#3011 = CARTESIAN_POINT('',(1.537135483931,4.780534296572));
#3012 = CARTESIAN_POINT('',(1.536566388284,4.793288522197));
#3013 = CARTESIAN_POINT('',(1.535908002131,4.805952440619));
#3014 = CARTESIAN_POINT('',(1.53517178403,4.818522988822));
#3015 = ( GEOMETRIC_REPRESENTATION_CONTEXT(2) 
PARAMETRIC_REPRESENTATION_CONTEXT() REPRESENTATION_CONTEXT('2D SPACE',''
  ) );
#3016 = PCURVE('',#2209,#3017);
#3017 = DEFINITIONAL_REPRESENTATION('',(#3018),#3028);
#3018 = B_SPLINE_CURVE_WITH_KNOTS('',8,(#3019,#3020,#3021,#3022,#3023,
    #3024,#3025,#3026,#3027),.UNSPECIFIED.,.F.,.F.,(9,9),(0.,1.),
  .PIECEWISE_BEZIER_KNOTS.);
#3019 = CARTESIAN_POINT('',(-4.497442253349,5.999999999062E-07));
#3020 = CARTESIAN_POINT('',(-4.497231681124,-0.661640819025));
#3021 = CARTESIAN_POINT('',(-4.49614435284,-1.323017236426));
#3022 = CARTESIAN_POINT('',(-4.494178675135,-1.981933684192));
#3023 = CARTESIAN_POINT('',(-4.491367837889,-2.636704592226));
#3024 = CARTESIAN_POINT('',(-4.487774795121,-3.286123979512));
#3025 = CARTESIAN_POINT('',(-4.483474910496,-3.929353164331));
#3026 = CARTESIAN_POINT('',(-4.478544874682,-4.565870877129));
#3027 = CARTESIAN_POINT('',(-4.473056578941,-5.195447374107));
#3028 = ( GEOMETRIC_REPRESENTATION_CONTEXT(2) 
PARAMETRIC_REPRESENTATION_CONTEXT() REPRESENTATION_CONTEXT('2D SPACE',''
  ) );
#3029 = ORIENTED_EDGE('',*,*,#2835,.T.);
#3030 = ORIENTED_EDGE('',*,*,#2771,.T.);
#3031 = ORIENTED_EDGE('',*,*,#2689,.F.);
#3032 = ORIENTED_EDGE('',*,*,#3033,.F.);
#3033 = EDGE_CURVE('',#2558,#2666,#3034,.T.);
#3034 = SURFACE_CURVE('',#3035,(#3050,#3068),.PCURVE_S1.);
#3035 = B_SPLINE_CURVE_WITH_KNOTS('',7,(#3036,#3037,#3038,#3039,#3040,
    #3041,#3042,#3043,#3044,#3045,#3046,#3047,#3048,#3049),
  .UNSPECIFIED.,.F.,.F.,(8,6,8),(0.,0.80173746883,1.),.UNSPECIFIED.);
#3036 = CARTESIAN_POINT('',(348.0954467741,-50.86535395352,-328.7));
#3037 = CARTESIAN_POINT('',(348.0954467741,-50.86535395352,
    -321.5059932405));
#3038 = CARTESIAN_POINT('',(348.0954467741,-50.84763727787,
    -314.3120964935));
#3039 = CARTESIAN_POINT('',(348.0954467741,-50.81220226625,
    -307.1181890237));
#3040 = CARTESIAN_POINT('',(348.0954467741,-50.75534803073,
    -299.9243212541));
#3041 = CARTESIAN_POINT('',(348.0954467741,-50.66963259737,
    -292.7307154534));
#3042 = CARTESIAN_POINT('',(348.0954467741,-50.54405354686,
    -285.537763831));
#3043 = CARTESIAN_POINT('',(348.0954467741,-50.31918938313,
    -276.5675814479));
#3044 = CARTESIAN_POINT('',(348.0954467741,-50.27126224538,
    -274.7892151958));
#3045 = CARTESIAN_POINT('',(348.0954467741,-50.21976577652,
    -273.0109463002));
#3046 = CARTESIAN_POINT('',(348.0954467741,-50.16446146508,
    -271.2327902927));
#3047 = CARTESIAN_POINT('',(348.0954467741,-50.10509621952,
    -269.4547657054));
#3048 = CARTESIAN_POINT('',(348.0954467741,-50.04140196809,
    -267.6768940837));
#3049 = CARTESIAN_POINT('',(348.0954467741,-49.97309525861,-265.8992));
#3050 = PCURVE('',#2018,#3051);
#3051 = DEFINITIONAL_REPRESENTATION('',(#3052),#3067);
#3052 = B_SPLINE_CURVE_WITH_KNOTS('',7,(#3053,#3054,#3055,#3056,#3057,
    #3058,#3059,#3060,#3061,#3062,#3063,#3064,#3065,#3066),
  .UNSPECIFIED.,.F.,.F.,(8,6,8),(0.,0.80173746883,1.),.UNSPECIFIED.);
#3053 = CARTESIAN_POINT('',(1.570796326795,4.814177150839));
#3054 = CARTESIAN_POINT('',(1.5501295619,4.814177150839));
#3055 = CARTESIAN_POINT('',(1.529463113058,4.817587255669));
#3056 = CARTESIAN_POINT('',(1.5088254685,4.824407295903));
#3057 = CARTESIAN_POINT('',(1.488245604526,4.83463414314));
#3058 = CARTESIAN_POINT('',(1.467752395004,4.848261177715));
#3059 = CARTESIAN_POINT('',(1.447373965103,4.865286080548));
#3060 = CARTESIAN_POINT('',(1.422132824005,4.890784978314));
#3061 = CARTESIAN_POINT('',(1.417137143144,4.896049477611));
#3062 = CARTESIAN_POINT('',(1.412150571497,4.9015232983));
#3063 = CARTESIAN_POINT('',(1.407173528408,4.90720681323));
#3064 = CARTESIAN_POINT('',(1.402206434443,4.913100488359));
#3065 = CARTESIAN_POINT('',(1.397249710818,4.919204901134));
#3066 = CARTESIAN_POINT('',(1.392303778835,4.925520758861));
#3067 = ( GEOMETRIC_REPRESENTATION_CONTEXT(2) 
PARAMETRIC_REPRESENTATION_CONTEXT() REPRESENTATION_CONTEXT('2D SPACE',''
  ) );
#3068 = PCURVE('',#2573,#3069);
#3069 = DEFINITIONAL_REPRESENTATION('',(#3070),#3085);
#3070 = B_SPLINE_CURVE_WITH_KNOTS('',7,(#3071,#3072,#3073,#3074,#3075,
    #3076,#3077,#3078,#3079,#3080,#3081,#3082,#3083,#3084),
  .UNSPECIFIED.,.F.,.F.,(8,6,8),(0.,0.80173746883,1.),.UNSPECIFIED.);
#3071 = CARTESIAN_POINT('',(2.273736754432E-13,-50.86535395352));
#3072 = CARTESIAN_POINT('',(-7.194006759489,-50.86535395352));
#3073 = CARTESIAN_POINT('',(-14.38790350647,-50.84763727787));
#3074 = CARTESIAN_POINT('',(-21.58181097622,-50.81220226625));
#3075 = CARTESIAN_POINT('',(-28.77567874581,-50.75534803073));
#3076 = CARTESIAN_POINT('',(-35.96928454658,-50.66963259737));
#3077 = CARTESIAN_POINT('',(-43.16223616899,-50.54405354686));
#3078 = CARTESIAN_POINT('',(-52.13241855209,-50.31918938313));
#3079 = CARTESIAN_POINT('',(-53.91078480419,-50.27126224538));
#3080 = CARTESIAN_POINT('',(-55.68905369976,-50.21976577652));
#3081 = CARTESIAN_POINT('',(-57.46720970722,-50.16446146508));
#3082 = CARTESIAN_POINT('',(-59.24523429458,-50.10509621952));
#3083 = CARTESIAN_POINT('',(-61.02310591627,-50.04140196809));
#3084 = CARTESIAN_POINT('',(-62.8008,-49.97309525861));
#3085 = ( GEOMETRIC_REPRESENTATION_CONTEXT(2) 
PARAMETRIC_REPRESENTATION_CONTEXT() REPRESENTATION_CONTEXT('2D SPACE',''
  ) );
#3086 = ORIENTED_EDGE('',*,*,#2585,.T.);
#3087 = ORIENTED_EDGE('',*,*,#3088,.F.);
#3088 = EDGE_CURVE('',#2426,#2586,#3089,.T.);
#3089 = SURFACE_CURVE('',#3090,(#3105,#3123),.PCURVE_S1.);
#3090 = B_SPLINE_CURVE_WITH_KNOTS('',7,(#3091,#3092,#3093,#3094,#3095,
    #3096,#3097,#3098,#3099,#3100,#3101,#3102,#3103,#3104),
  .UNSPECIFIED.,.F.,.F.,(8,6,8),(0.,0.650824587103,1.),.UNSPECIFIED.);
#3091 = CARTESIAN_POINT('',(348.0954467741,49.973095258615,-265.8992));
#3092 = CARTESIAN_POINT('',(348.0954467741,50.197321267995,
    -271.7347211861));
#3093 = CARTESIAN_POINT('',(348.0954467741,50.371840920983,
    -277.5720544683));
#3094 = CARTESIAN_POINT('',(348.0954467741,50.50669145147,
    -283.4105022226));
#3095 = CARTESIAN_POINT('',(348.0954467741,50.610097374062,
    -289.2495578628));
#3096 = CARTESIAN_POINT('',(348.0954467741,50.68870550544,
    -295.0889005973));
#3097 = CARTESIAN_POINT('',(348.0954467741,50.747561713868,
    -300.928395735));
#3098 = CARTESIAN_POINT('',(348.0954467741,50.81294420308,-309.901164617
    ));
#3099 = CARTESIAN_POINT('',(348.0954467741,50.831080839066,
    -313.0342686835));
#3100 = CARTESIAN_POINT('',(348.0954467741,50.845056988573,
    -316.1673961868));
#3101 = CARTESIAN_POINT('',(348.0954467741,50.855272359021,
    -319.3005386746));
#3102 = CARTESIAN_POINT('',(348.0954467741,50.861993530051,
    -322.4336895933));
#3103 = CARTESIAN_POINT('',(348.0954467741,50.865353953525,
    -325.5668442873));
#3104 = CARTESIAN_POINT('',(348.0954467741,50.865353953525,-328.7));
#3105 = PCURVE('',#2018,#3106);
#3106 = DEFINITIONAL_REPRESENTATION('',(#3107),#3122);
#3107 = B_SPLINE_CURVE_WITH_KNOTS('',7,(#3108,#3109,#3110,#3111,#3112,
    #3113,#3114,#3115,#3116,#3117,#3118,#3119,#3120,#3121),
  .UNSPECIFIED.,.F.,.F.,(8,6,8),(0.,0.650824587103,1.),.UNSPECIFIED.);
#3108 = CARTESIAN_POINT('',(1.392303778835,7.640849855499));
#3109 = CARTESIAN_POINT('',(1.408539469293,7.661582512432));
#3110 = CARTESIAN_POINT('',(1.424891166179,7.680036343294));
#3111 = CARTESIAN_POINT('',(1.441344437369,7.69623714366));
#3112 = CARTESIAN_POINT('',(1.457884435655,7.710194435759));
#3113 = CARTESIAN_POINT('',(1.474496074942,7.721910355369));
#3114 = CARTESIAN_POINT('',(1.491164253392,7.731384030165));
#3115 = CARTESIAN_POINT('',(1.516839081189,7.742492775699));
#3116 = CARTESIAN_POINT('',(1.52581601682,7.745725803248));
#3117 = CARTESIAN_POINT('',(1.534802503329,7.748312617951));
#3118 = CARTESIAN_POINT('',(1.543796165753,7.750252951846));
#3119 = CARTESIAN_POINT('',(1.552794620325,7.751546608604));
#3120 = CARTESIAN_POINT('',(1.561795474466,7.752193463521));
#3121 = CARTESIAN_POINT('',(1.570796326795,7.752193463521));
#3122 = ( GEOMETRIC_REPRESENTATION_CONTEXT(2) 
PARAMETRIC_REPRESENTATION_CONTEXT() REPRESENTATION_CONTEXT('2D SPACE',''
  ) );
#3123 = PCURVE('',#2573,#3124);
#3124 = DEFINITIONAL_REPRESENTATION('',(#3125),#3140);
#3125 = B_SPLINE_CURVE_WITH_KNOTS('',7,(#3126,#3127,#3128,#3129,#3130,
    #3131,#3132,#3133,#3134,#3135,#3136,#3137,#3138,#3139),
  .UNSPECIFIED.,.F.,.F.,(8,6,8),(0.,0.650824587103,1.),.UNSPECIFIED.);
#3126 = CARTESIAN_POINT('',(-62.8008,49.973095258615));
#3127 = CARTESIAN_POINT('',(-56.96527881389,50.197321267995));
#3128 = CARTESIAN_POINT('',(-51.12794553166,50.371840920983));
#3129 = CARTESIAN_POINT('',(-45.28949777732,50.50669145147));
#3130 = CARTESIAN_POINT('',(-39.4504421371,50.610097374062));
#3131 = CARTESIAN_POINT('',(-33.61109940263,50.68870550544));
#3132 = CARTESIAN_POINT('',(-27.77160426497,50.747561713868));
#3133 = CARTESIAN_POINT('',(-18.79883538298,50.81294420308));
#3134 = CARTESIAN_POINT('',(-15.66573131642,50.831080839066));
#3135 = CARTESIAN_POINT('',(-12.53260381314,50.845056988573));
#3136 = CARTESIAN_POINT('',(-9.399461325309,50.855272359021));
#3137 = CARTESIAN_POINT('',(-6.266310406694,50.861993530051));
#3138 = CARTESIAN_POINT('',(-3.133155712624,50.865353953525));
#3139 = CARTESIAN_POINT('',(2.273736754432E-13,50.865353953525));
#3140 = ( GEOMETRIC_REPRESENTATION_CONTEXT(2) 
PARAMETRIC_REPRESENTATION_CONTEXT() REPRESENTATION_CONTEXT('2D SPACE',''
  ) );
#3141 = ORIENTED_EDGE('',*,*,#2425,.F.);
#3142 = ORIENTED_EDGE('',*,*,#2387,.T.);
#3143 = ORIENTED_EDGE('',*,*,#2270,.T.);
#3144 = ORIENTED_EDGE('',*,*,#3145,.F.);
#3145 = EDGE_CURVE('',#3146,#2271,#3148,.T.);
#3146 = VERTEX_POINT('',#3147);
#3147 = CARTESIAN_POINT('',(344.4,51.102230207625,-317.4124128467));
#3148 = SURFACE_CURVE('',#3149,(#3159,#3172),.PCURVE_S1.);
#3149 = B_SPLINE_CURVE_WITH_KNOTS('',8,(#3150,#3151,#3152,#3153,#3154,
    #3155,#3156,#3157,#3158),.UNSPECIFIED.,.F.,.F.,(9,9),(0.,1.),
  .PIECEWISE_BEZIER_KNOTS.);
#3150 = CARTESIAN_POINT('',(348.0954473741,50.842295126055,
    -316.2940102242));
#3151 = CARTESIAN_POINT('',(347.46587765736,50.910382133623,
    -316.5730447709));
#3152 = CARTESIAN_POINT('',(346.82934620219,50.969795537816,
    -316.8241329051));
#3153 = CARTESIAN_POINT('',(346.18611357443,51.020259323734,
    -317.043437749));
#3154 = CARTESIAN_POINT('',(345.53670709902,51.061484320702,
    -317.226897578));
#3155 = CARTESIAN_POINT('',(344.8819555007,51.093200125291,
    -317.3705373366));
#3156 = CARTESIAN_POINT('',(344.22305055074,51.115186005156,
    -317.4710348874));
#3157 = CARTESIAN_POINT('',(343.56166542466,51.127326730759,
    -317.5266326106));
#3158 = CARTESIAN_POINT('',(342.8999994,51.129677351794,-317.5373995009)
  );
#3159 = PCURVE('',#2018,#3160);
#3160 = DEFINITIONAL_REPRESENTATION('',(#3161),#3171);
#3161 = B_SPLINE_CURVE_WITH_KNOTS('',8,(#3162,#3163,#3164,#3165,#3166,
    #3167,#3168,#3169,#3170),.UNSPECIFIED.,.F.,.F.,(9,9),(0.,1.),
  .PIECEWISE_BEZIER_KNOTS.);
#3162 = CARTESIAN_POINT('',(1.53517178403,7.747847625537));
#3163 = CARTESIAN_POINT('',(1.535907994202,7.760418038361));
#3164 = CARTESIAN_POINT('',(1.536566398177,7.773082232153));
#3165 = CARTESIAN_POINT('',(1.537135492495,7.78583652319));
#3166 = CARTESIAN_POINT('',(1.537603000288,7.798672168011));
#3167 = CARTESIAN_POINT('',(1.537956750537,7.811574829304));
#3168 = CARTESIAN_POINT('',(1.538186302538,7.824523467625));
#3169 = CARTESIAN_POINT('',(1.538285686248,7.837488130833));
#3170 = CARTESIAN_POINT('',(1.53825430316,7.850429069595));
#3171 = ( GEOMETRIC_REPRESENTATION_CONTEXT(2) 
PARAMETRIC_REPRESENTATION_CONTEXT() REPRESENTATION_CONTEXT('2D SPACE',''
  ) );
#3172 = PCURVE('',#2074,#3173);
#3173 = DEFINITIONAL_REPRESENTATION('',(#3174),#3184);
#3174 = B_SPLINE_CURVE_WITH_KNOTS('',8,(#3175,#3176,#3177,#3178,#3179,
    #3180,#3181,#3182,#3183),.UNSPECIFIED.,.F.,.F.,(9,9),(0.,1.),
  .PIECEWISE_BEZIER_KNOTS.);
#3175 = CARTESIAN_POINT('',(-1.810128728238,-5.195447374107));
#3176 = CARTESIAN_POINT('',(-1.804640491604,-4.565877657362));
#3177 = CARTESIAN_POINT('',(-1.799710323347,-3.929346202194));
#3178 = CARTESIAN_POINT('',(-1.795410447748,-3.286113574441));
#3179 = CARTESIAN_POINT('',(-1.791817535656,-2.636707099026));
#3180 = CARTESIAN_POINT('',(-1.789006758009,-1.981955500703));
#3181 = CARTESIAN_POINT('',(-1.787041031367,-1.323050550745));
#3182 = CARTESIAN_POINT('',(-1.785953633886,-0.661665424665));
#3183 = CARTESIAN_POINT('',(-1.78574305383,5.999999999062E-07));
#3184 = ( GEOMETRIC_REPRESENTATION_CONTEXT(2) 
PARAMETRIC_REPRESENTATION_CONTEXT() REPRESENTATION_CONTEXT('2D SPACE',''
  ) );
#3185 = ORIENTED_EDGE('',*,*,#3186,.T.);
#3186 = EDGE_CURVE('',#3146,#2087,#3187,.T.);
#3187 = SURFACE_CURVE('',#3188,(#3201,#3217),.PCURVE_S1.);
#3188 = B_SPLINE_CURVE_WITH_KNOTS('',6,(#3189,#3190,#3191,#3192,#3193,
    #3194,#3195,#3196,#3197,#3198,#3199,#3200),.UNSPECIFIED.,.F.,.F.,(7,
    5,7),(0.,0.479490521364,1.),.UNSPECIFIED.);
#3189 = CARTESIAN_POINT('',(344.4,50.458104860099,-260.12));
#3190 = CARTESIAN_POINT('',(344.4,50.633279677181,-265.5982286573));
#3191 = CARTESIAN_POINT('',(344.4,50.764395863415,-271.0778145045));
#3192 = CARTESIAN_POINT('',(344.4,50.86126852989,-276.5581353203));
#3193 = CARTESIAN_POINT('',(344.4,50.932041986433,-282.0387841675));
#3194 = CARTESIAN_POINT('',(344.4,50.983391826927,-287.5195652282));
#3195 = CARTESIAN_POINT('',(344.4,51.060667827821,-298.9503021741));
#3196 = CARTESIAN_POINT('',(344.4,51.084043611341,-304.9002099491));
#3197 = CARTESIAN_POINT('',(344.4,51.097132516291,-310.8501560934));
#3198 = CARTESIAN_POINT('',(344.4,51.104371940618,-316.8001047691));
#3199 = CARTESIAN_POINT('',(344.4,51.107992525631,-322.7500468347));
#3200 = CARTESIAN_POINT('',(344.4,51.107992525631,-328.7));
#3201 = PCURVE('',#2018,#3202);
#3202 = DEFINITIONAL_REPRESENTATION('',(#3203),#3216);
#3203 = B_SPLINE_CURVE_WITH_KNOTS('',6,(#3204,#3205,#3206,#3207,#3208,
    #3209,#3210,#3211,#3212,#3213,#3214,#3215),.UNSPECIFIED.,.F.,.F.,(7,
    5,7),(0.,0.479490521364,1.),.UNSPECIFIED.);
#3204 = CARTESIAN_POINT('',(1.374238484137,7.691686840752));
#3205 = CARTESIAN_POINT('',(1.389538394372,7.712889947193));
#3206 = CARTESIAN_POINT('',(1.404953967485,7.732055030149));
#3207 = CARTESIAN_POINT('',(1.420472210358,7.749200026938));
#3208 = CARTESIAN_POINT('',(1.436079711129,7.764326774546));
#3209 = CARTESIAN_POINT('',(1.451762859568,7.777431191133));
#3210 = CARTESIAN_POINT('',(1.484600320913,7.800530994381));
#3211 = CARTESIAN_POINT('',(1.501765499023,7.810164363807));
#3212 = CARTESIAN_POINT('',(1.518986074532,7.817399803149));
#3213 = CARTESIAN_POINT('',(1.536243785586,7.822226890231));
#3214 = CARTESIAN_POINT('',(1.55352004002,7.824640439998));
#3215 = CARTESIAN_POINT('',(1.570796326795,7.824640439998));
#3216 = ( GEOMETRIC_REPRESENTATION_CONTEXT(2) 
PARAMETRIC_REPRESENTATION_CONTEXT() REPRESENTATION_CONTEXT('2D SPACE',''
  ) );
#3217 = PCURVE('',#2102,#3218);
#3218 = DEFINITIONAL_REPRESENTATION('',(#3219),#3232);
#3219 = B_SPLINE_CURVE_WITH_KNOTS('',6,(#3220,#3221,#3222,#3223,#3224,
    #3225,#3226,#3227,#3228,#3229,#3230,#3231),.UNSPECIFIED.,.F.,.F.,(7,
    5,7),(0.,0.479490521364,1.),.UNSPECIFIED.);
#3220 = CARTESIAN_POINT('',(-68.58,50.458104860099));
#3221 = CARTESIAN_POINT('',(-63.10177134262,50.633279677181));
#3222 = CARTESIAN_POINT('',(-57.62218549545,50.764395863415));
#3223 = CARTESIAN_POINT('',(-52.14186467964,50.86126852989));
#3224 = CARTESIAN_POINT('',(-46.66121583246,50.932041986433));
#3225 = CARTESIAN_POINT('',(-41.1804347717,50.983391826927));
#3226 = CARTESIAN_POINT('',(-29.74969782588,51.060667827821));
#3227 = CARTESIAN_POINT('',(-23.79979005083,51.084043611341));
#3228 = CARTESIAN_POINT('',(-17.8498439065,51.097132516291));
#3229 = CARTESIAN_POINT('',(-11.89989523087,51.104371940618));
#3230 = CARTESIAN_POINT('',(-5.949953165236,51.107992525631));
#3231 = CARTESIAN_POINT('',(2.273736754432E-13,51.107992525631));
#3232 = ( GEOMETRIC_REPRESENTATION_CONTEXT(2) 
PARAMETRIC_REPRESENTATION_CONTEXT() REPRESENTATION_CONTEXT('2D SPACE',''
  ) );
#3233 = ORIENTED_EDGE('',*,*,#2114,.T.);
#3234 = ADVANCED_FACE('',(#3235),#2209,.T.);
#3235 = FACE_BOUND('',#3236,.F.);
#3236 = EDGE_LOOP('',(#3237,#3263,#3264,#3265));
#3237 = ORIENTED_EDGE('',*,*,#3238,.F.);
#3238 = EDGE_CURVE('',#2171,#2927,#3239,.T.);
#3239 = SURFACE_CURVE('',#3240,(#3245,#3252),.PCURVE_S1.);
#3240 = CIRCLE('',#3241,52.334);
#3241 = AXIS2_PLACEMENT_3D('',#3242,#3243,#3244);
#3242 = CARTESIAN_POINT('',(344.4,1.955061697706E-15,-328.7));
#3243 = DIRECTION('',(-1.,-0.,-1.110223024625E-16));
#3244 = DIRECTION('',(1.110223024625E-16,0.,-1.));
#3245 = PCURVE('',#2209,#3246);
#3246 = DEFINITIONAL_REPRESENTATION('',(#3247),#3251);
#3247 = LINE('',#3248,#3249);
#3248 = CARTESIAN_POINT('',(-6.28318530718,-1.5));
#3249 = VECTOR('',#3250,1.);
#3250 = DIRECTION('',(1.,-0.));
#3251 = ( GEOMETRIC_REPRESENTATION_CONTEXT(2) 
PARAMETRIC_REPRESENTATION_CONTEXT() REPRESENTATION_CONTEXT('2D SPACE',''
  ) );
#3252 = PCURVE('',#2102,#3253);
#3253 = DEFINITIONAL_REPRESENTATION('',(#3254),#3262);
#3254 = ( BOUNDED_CURVE() B_SPLINE_CURVE(2,(#3255,#3256,#3257,#3258,
#3259,#3260,#3261),.UNSPECIFIED.,.T.,.F.) B_SPLINE_CURVE_WITH_KNOTS((1,2
    ,2,2,2,1),(-2.094395102393,0.,2.094395102393,4.188790204786,
6.28318530718,8.377580409573),.UNSPECIFIED.) CURVE() 
GEOMETRIC_REPRESENTATION_ITEM() RATIONAL_B_SPLINE_CURVE((1.,0.5,1.,0.5,
1.,0.5,1.)) REPRESENTATION_ITEM('') );
#3255 = CARTESIAN_POINT('',(52.334,1.955061697706E-15));
#3256 = CARTESIAN_POINT('',(52.334,-90.64514696331));
#3257 = CARTESIAN_POINT('',(-26.167,-45.32257348165));
#3258 = CARTESIAN_POINT('',(-104.668,-1.086307141961E-14));
#3259 = CARTESIAN_POINT('',(-26.167,45.322573481655));
#3260 = CARTESIAN_POINT('',(52.334,90.64514696331));
#3261 = CARTESIAN_POINT('',(52.334,1.955061697706E-15));
#3262 = ( GEOMETRIC_REPRESENTATION_CONTEXT(2) 
PARAMETRIC_REPRESENTATION_CONTEXT() REPRESENTATION_CONTEXT('2D SPACE',''
  ) );
#3263 = ORIENTED_EDGE('',*,*,#2193,.T.);
#3264 = ORIENTED_EDGE('',*,*,#2811,.F.);
#3265 = ORIENTED_EDGE('',*,*,#2991,.T.);
#3266 = ADVANCED_FACE('',(#3267,#3293,#3298),#2102,.F.);
#3267 = FACE_BOUND('',#3268,.F.);
#3268 = EDGE_LOOP('',(#3269));
#3269 = ORIENTED_EDGE('',*,*,#3270,.T.);
#3270 = EDGE_CURVE('',#3271,#3271,#3273,.T.);
#3271 = VERTEX_POINT('',#3272);
#3272 = CARTESIAN_POINT('',(344.4,0.,-385.85));
#3273 = SURFACE_CURVE('',#3274,(#3279,#3286),.PCURVE_S1.);
#3274 = CIRCLE('',#3275,57.15);
#3275 = AXIS2_PLACEMENT_3D('',#3276,#3277,#3278);
#3276 = CARTESIAN_POINT('',(344.4,0.,-328.7));
#3277 = DIRECTION('',(1.,-0.,1.110223024625E-16));
#3278 = DIRECTION('',(1.110223024625E-16,0.,-1.));
#3279 = PCURVE('',#2102,#3280);
#3280 = DEFINITIONAL_REPRESENTATION('',(#3281),#3285);
#3281 = CIRCLE('',#3282,57.15);
#3282 = AXIS2_PLACEMENT_2D('',#3283,#3284);
#3283 = CARTESIAN_POINT('',(5.684341886081E-14,0.));
#3284 = DIRECTION('',(1.,0.));
#3285 = ( GEOMETRIC_REPRESENTATION_CONTEXT(2) 
PARAMETRIC_REPRESENTATION_CONTEXT() REPRESENTATION_CONTEXT('2D SPACE',''
  ) );
#3286 = PCURVE('',#2498,#3287);
#3287 = DEFINITIONAL_REPRESENTATION('',(#3288),#3292);
#3288 = LINE('',#3289,#3290);
#3289 = CARTESIAN_POINT('',(-0.,-0.));
#3290 = VECTOR('',#3291,1.);
#3291 = DIRECTION('',(-1.,-0.));
#3292 = ( GEOMETRIC_REPRESENTATION_CONTEXT(2) 
PARAMETRIC_REPRESENTATION_CONTEXT() REPRESENTATION_CONTEXT('2D SPACE',''
  ) );
#3293 = FACE_BOUND('',#3294,.F.);
#3294 = EDGE_LOOP('',(#3295,#3296,#3297));
#3295 = ORIENTED_EDGE('',*,*,#2926,.F.);
#3296 = ORIENTED_EDGE('',*,*,#2170,.T.);
#3297 = ORIENTED_EDGE('',*,*,#3238,.T.);
#3298 = FACE_BOUND('',#3299,.F.);
#3299 = EDGE_LOOP('',(#3300,#3326,#3327));
#3300 = ORIENTED_EDGE('',*,*,#3301,.T.);
#3301 = EDGE_CURVE('',#3146,#2059,#3302,.T.);
#3302 = SURFACE_CURVE('',#3303,(#3308,#3319),.PCURVE_S1.);
#3303 = CIRCLE('',#3304,52.334);
#3304 = AXIS2_PLACEMENT_3D('',#3305,#3306,#3307);
#3305 = CARTESIAN_POINT('',(344.4,1.955061697706E-15,-328.7));
#3306 = DIRECTION('',(-1.,-0.,-1.110223024625E-16));
#3307 = DIRECTION('',(1.110223024625E-16,0.,-1.));
#3308 = PCURVE('',#2102,#3309);
#3309 = DEFINITIONAL_REPRESENTATION('',(#3310),#3318);
#3310 = ( BOUNDED_CURVE() B_SPLINE_CURVE(2,(#3311,#3312,#3313,#3314,
#3315,#3316,#3317),.UNSPECIFIED.,.T.,.F.) B_SPLINE_CURVE_WITH_KNOTS((1,2
    ,2,2,2,1),(-2.094395102393,0.,2.094395102393,4.188790204786,
6.28318530718,8.377580409573),.UNSPECIFIED.) CURVE() 
GEOMETRIC_REPRESENTATION_ITEM() RATIONAL_B_SPLINE_CURVE((1.,0.5,1.,0.5,
1.,0.5,1.)) REPRESENTATION_ITEM('') );
#3311 = CARTESIAN_POINT('',(52.334,1.955061697706E-15));
#3312 = CARTESIAN_POINT('',(52.334,-90.64514696331));
#3313 = CARTESIAN_POINT('',(-26.167,-45.32257348165));
#3314 = CARTESIAN_POINT('',(-104.668,-1.086307141961E-14));
#3315 = CARTESIAN_POINT('',(-26.167,45.322573481655));
#3316 = CARTESIAN_POINT('',(52.334,90.64514696331));
#3317 = CARTESIAN_POINT('',(52.334,1.955061697706E-15));
#3318 = ( GEOMETRIC_REPRESENTATION_CONTEXT(2) 
PARAMETRIC_REPRESENTATION_CONTEXT() REPRESENTATION_CONTEXT('2D SPACE',''
  ) );
#3319 = PCURVE('',#2074,#3320);
#3320 = DEFINITIONAL_REPRESENTATION('',(#3321),#3325);
#3321 = LINE('',#3322,#3323);
#3322 = CARTESIAN_POINT('',(-6.28318530718,-1.5));
#3323 = VECTOR('',#3324,1.);
#3324 = DIRECTION('',(1.,-0.));
#3325 = ( GEOMETRIC_REPRESENTATION_CONTEXT(2) 
PARAMETRIC_REPRESENTATION_CONTEXT() REPRESENTATION_CONTEXT('2D SPACE',''
  ) );
#3326 = ORIENTED_EDGE('',*,*,#2086,.T.);
#3327 = ORIENTED_EDGE('',*,*,#3186,.F.);
#3328 = ADVANCED_FACE('',(#3329),#2074,.T.);
#3329 = FACE_BOUND('',#3330,.F.);
#3330 = EDGE_LOOP('',(#3331,#3332,#3333,#3334));
#3331 = ORIENTED_EDGE('',*,*,#2335,.F.);
#3332 = ORIENTED_EDGE('',*,*,#2058,.F.);
#3333 = ORIENTED_EDGE('',*,*,#3301,.F.);
#3334 = ORIENTED_EDGE('',*,*,#3145,.T.);
#3335 = ADVANCED_FACE('',(#3336),#2498,.T.);
#3336 = FACE_BOUND('',#3337,.T.);
#3337 = EDGE_LOOP('',(#3338,#3358,#3359,#3360,#3382,#3383,#3405,#3406));
#3338 = ORIENTED_EDGE('',*,*,#3339,.F.);
#3339 = EDGE_CURVE('',#3271,#3340,#3342,.T.);
#3340 = VERTEX_POINT('',#3341);
#3341 = CARTESIAN_POINT('',(348.0954467741,0.,-381.034));
#3342 = SEAM_CURVE('',#3343,(#3346,#3352),.PCURVE_S1.);
#3343 = B_SPLINE_CURVE_WITH_KNOTS('',1,(#3344,#3345),.UNSPECIFIED.,.F.,
  .F.,(2,2),(0.,1.),.PIECEWISE_BEZIER_KNOTS.);
#3344 = CARTESIAN_POINT('',(344.4,0.,-385.85));
#3345 = CARTESIAN_POINT('',(348.0954467741,0.,-381.034));
#3346 = PCURVE('',#2498,#3347);
#3347 = DEFINITIONAL_REPRESENTATION('',(#3348),#3351);
#3348 = B_SPLINE_CURVE_WITH_KNOTS('',1,(#3349,#3350),.UNSPECIFIED.,.F.,
  .F.,(2,2),(0.,1.),.PIECEWISE_BEZIER_KNOTS.);
#3349 = CARTESIAN_POINT('',(0.,0.));
#3350 = CARTESIAN_POINT('',(0.,-3.695446774107));
#3351 = ( GEOMETRIC_REPRESENTATION_CONTEXT(2) 
PARAMETRIC_REPRESENTATION_CONTEXT() REPRESENTATION_CONTEXT('2D SPACE',''
  ) );
#3352 = PCURVE('',#2498,#3353);
#3353 = DEFINITIONAL_REPRESENTATION('',(#3354),#3357);
#3354 = B_SPLINE_CURVE_WITH_KNOTS('',1,(#3355,#3356),.UNSPECIFIED.,.F.,
  .F.,(2,2),(0.,1.),.PIECEWISE_BEZIER_KNOTS.);
#3355 = CARTESIAN_POINT('',(-6.28318530718,0.));
#3356 = CARTESIAN_POINT('',(-6.28318530718,-3.695446774107));
#3357 = ( GEOMETRIC_REPRESENTATION_CONTEXT(2) 
PARAMETRIC_REPRESENTATION_CONTEXT() REPRESENTATION_CONTEXT('2D SPACE',''
  ) );
#3358 = ORIENTED_EDGE('',*,*,#3270,.T.);
#3359 = ORIENTED_EDGE('',*,*,#3339,.T.);
#3360 = ORIENTED_EDGE('',*,*,#3361,.F.);
#3361 = EDGE_CURVE('',#2535,#3340,#3362,.T.);
#3362 = SURFACE_CURVE('',#3363,(#3368,#3375),.PCURVE_S1.);
#3363 = CIRCLE('',#3364,52.334);
#3364 = AXIS2_PLACEMENT_3D('',#3365,#3366,#3367);
#3365 = CARTESIAN_POINT('',(348.0954467741,0.,-328.7));
#3366 = DIRECTION('',(1.,-0.,1.110223024625E-16));
#3367 = DIRECTION('',(1.110223024625E-16,0.,-1.));
#3368 = PCURVE('',#2498,#3369);
#3369 = DEFINITIONAL_REPRESENTATION('',(#3370),#3374);
#3370 = LINE('',#3371,#3372);
#3371 = CARTESIAN_POINT('',(-0.,-3.695446774107));
#3372 = VECTOR('',#3373,1.);
#3373 = DIRECTION('',(-1.,-0.));
#3374 = ( GEOMETRIC_REPRESENTATION_CONTEXT(2) 
PARAMETRIC_REPRESENTATION_CONTEXT() REPRESENTATION_CONTEXT('2D SPACE',''
  ) );
#3375 = PCURVE('',#2573,#3376);
#3376 = DEFINITIONAL_REPRESENTATION('',(#3377),#3381);
#3377 = CIRCLE('',#3378,52.334);
#3378 = AXIS2_PLACEMENT_2D('',#3379,#3380);
#3379 = CARTESIAN_POINT('',(-5.684341886081E-14,0.));
#3380 = DIRECTION('',(1.,0.));
#3381 = ( GEOMETRIC_REPRESENTATION_CONTEXT(2) 
PARAMETRIC_REPRESENTATION_CONTEXT() REPRESENTATION_CONTEXT('2D SPACE',''
  ) );
#3382 = ORIENTED_EDGE('',*,*,#2665,.F.);
#3383 = ORIENTED_EDGE('',*,*,#3384,.F.);
#3384 = EDGE_CURVE('',#2426,#2666,#3385,.T.);
#3385 = SURFACE_CURVE('',#3386,(#3391,#3398),.PCURVE_S1.);
#3386 = CIRCLE('',#3387,52.334);
#3387 = AXIS2_PLACEMENT_3D('',#3388,#3389,#3390);
#3388 = CARTESIAN_POINT('',(348.0954467741,0.,-328.7));
#3389 = DIRECTION('',(1.,-0.,1.110223024625E-16));
#3390 = DIRECTION('',(1.110223024625E-16,0.,-1.));
#3391 = PCURVE('',#2498,#3392);
#3392 = DEFINITIONAL_REPRESENTATION('',(#3393),#3397);
#3393 = LINE('',#3394,#3395);
#3394 = CARTESIAN_POINT('',(-0.,-3.695446774107));
#3395 = VECTOR('',#3396,1.);
#3396 = DIRECTION('',(-1.,-0.));
#3397 = ( GEOMETRIC_REPRESENTATION_CONTEXT(2) 
PARAMETRIC_REPRESENTATION_CONTEXT() REPRESENTATION_CONTEXT('2D SPACE',''
  ) );
#3398 = PCURVE('',#2573,#3399);
#3399 = DEFINITIONAL_REPRESENTATION('',(#3400),#3404);
#3400 = CIRCLE('',#3401,52.334);
#3401 = AXIS2_PLACEMENT_2D('',#3402,#3403);
#3402 = CARTESIAN_POINT('',(-5.684341886081E-14,0.));
#3403 = DIRECTION('',(1.,0.));
#3404 = ( GEOMETRIC_REPRESENTATION_CONTEXT(2) 
PARAMETRIC_REPRESENTATION_CONTEXT() REPRESENTATION_CONTEXT('2D SPACE',''
  ) );
#3405 = ORIENTED_EDGE('',*,*,#2481,.F.);
#3406 = ORIENTED_EDGE('',*,*,#3407,.F.);
#3407 = EDGE_CURVE('',#3340,#2482,#3408,.T.);
#3408 = SURFACE_CURVE('',#3409,(#3414,#3421),.PCURVE_S1.);
#3409 = CIRCLE('',#3410,52.334);
#3410 = AXIS2_PLACEMENT_3D('',#3411,#3412,#3413);
#3411 = CARTESIAN_POINT('',(348.0954467741,0.,-328.7));
#3412 = DIRECTION('',(1.,-0.,1.110223024625E-16));
#3413 = DIRECTION('',(1.110223024625E-16,0.,-1.));
#3414 = PCURVE('',#2498,#3415);
#3415 = DEFINITIONAL_REPRESENTATION('',(#3416),#3420);
#3416 = LINE('',#3417,#3418);
#3417 = CARTESIAN_POINT('',(-0.,-3.695446774107));
#3418 = VECTOR('',#3419,1.);
#3419 = DIRECTION('',(-1.,-0.));
#3420 = ( GEOMETRIC_REPRESENTATION_CONTEXT(2) 
PARAMETRIC_REPRESENTATION_CONTEXT() REPRESENTATION_CONTEXT('2D SPACE',''
  ) );
#3421 = PCURVE('',#2573,#3422);
#3422 = DEFINITIONAL_REPRESENTATION('',(#3423),#3427);
#3423 = CIRCLE('',#3424,52.334);
#3424 = AXIS2_PLACEMENT_2D('',#3425,#3426);
#3425 = CARTESIAN_POINT('',(-5.684341886081E-14,0.));
#3426 = DIRECTION('',(1.,0.));
#3427 = ( GEOMETRIC_REPRESENTATION_CONTEXT(2) 
PARAMETRIC_REPRESENTATION_CONTEXT() REPRESENTATION_CONTEXT('2D SPACE',''
  ) );
#3428 = ADVANCED_FACE('',(#3429),#2573,.T.);
#3429 = FACE_BOUND('',#3430,.T.);
#3430 = EDGE_LOOP('',(#3431,#3432,#3433,#3434,#3435,#3436,#3437));
#3431 = ORIENTED_EDGE('',*,*,#3361,.T.);
#3432 = ORIENTED_EDGE('',*,*,#3407,.T.);
#3433 = ORIENTED_EDGE('',*,*,#2613,.T.);
#3434 = ORIENTED_EDGE('',*,*,#3088,.F.);
#3435 = ORIENTED_EDGE('',*,*,#3384,.T.);
#3436 = ORIENTED_EDGE('',*,*,#3033,.F.);
#3437 = ORIENTED_EDGE('',*,*,#2557,.T.);
#3438 = ( GEOMETRIC_REPRESENTATION_CONTEXT(3) 
GLOBAL_UNCERTAINTY_ASSIGNED_CONTEXT((#3442)) 
GLOBAL_UNIT_ASSIGNED_CONTEXT((#3439,#3440,#3441)) REPRESENTATION_CONTEXT
('Context #1','3D Context with UNIT and UNCERTAINTY') );
#3439 = ( LENGTH_UNIT() NAMED_UNIT(*) SI_UNIT(.MILLI.,.METRE.) );
#3440 = ( NAMED_UNIT(*) PLANE_ANGLE_UNIT() SI_UNIT($,.RADIAN.) );
#3441 = ( NAMED_UNIT(*) SI_UNIT($,.STERADIAN.) SOLID_ANGLE_UNIT() );
#3442 = UNCERTAINTY_MEASURE_WITH_UNIT(LENGTH_MEASURE(5.E-07),#3439,
  'distance_accuracy_value','confusion accuracy');
#3443 = CONTEXT_DEPENDENT_SHAPE_REPRESENTATION(#3444,#3446);
#3444 = ( REPRESENTATION_RELATIONSHIP('','',#1484,#10) 
REPRESENTATION_RELATIONSHIP_WITH_TRANSFORMATION(#3445) 
SHAPE_REPRESENTATION_RELATIONSHIP() );
#3445 = ITEM_DEFINED_TRANSFORMATION('','',#11,#23);
#3446 = PRODUCT_DEFINITION_SHAPE('Placement','Placement of an item',
  #3447);
#3447 = NEXT_ASSEMBLY_USAGE_OCCURRENCE('21','','',#5,#1479,$);
#3448 = PRODUCT_RELATED_PRODUCT_CATEGORY('part',$,(#1481));
#3449 = SHAPE_DEFINITION_REPRESENTATION(#3450,#3456);
#3450 = PRODUCT_DEFINITION_SHAPE('','',#3451);
#3451 = PRODUCT_DEFINITION('design','',#3452,#3455);
#3452 = PRODUCT_DEFINITION_FORMATION('','',#3453);
#3453 = PRODUCT('Open CASCADE STEP translator 7.8 16.4',
  'Open CASCADE STEP translator 7.8 16.4','',(#3454));
#3454 = PRODUCT_CONTEXT('',#2,'mechanical');
#3455 = PRODUCT_DEFINITION_CONTEXT('part definition',#2,'design');
#3456 = ADVANCED_BREP_SHAPE_REPRESENTATION('',(#11,#3457),#3552);
#3457 = MANIFOLD_SOLID_BREP('',#3458);
#3458 = CLOSED_SHELL('',(#3459,#3544,#3548));
#3459 = ADVANCED_FACE('',(#3460),#3473,.T.);
#3460 = FACE_BOUND('',#3461,.F.);
#3461 = EDGE_LOOP('',(#3462,#3496,#3516,#3543));
#3462 = ORIENTED_EDGE('',*,*,#3463,.T.);
#3463 = EDGE_CURVE('',#3464,#3464,#3466,.T.);
#3464 = VERTEX_POINT('',#3465);
#3465 = CARTESIAN_POINT('',(-1.5,0.,-42.95));
#3466 = SURFACE_CURVE('',#3467,(#3472,#3484),.PCURVE_S1.);
#3467 = CIRCLE('',#3468,57.15);
#3468 = AXIS2_PLACEMENT_3D('',#3469,#3470,#3471);
#3469 = CARTESIAN_POINT('',(-1.5,0.,14.2));
#3470 = DIRECTION('',(1.,-0.,1.110223024625E-16));
#3471 = DIRECTION('',(1.110223024625E-16,0.,-1.));
#3472 = PCURVE('',#3473,#3478);
#3473 = CONICAL_SURFACE('',#3474,57.15,0.916297857297);
#3474 = AXIS2_PLACEMENT_3D('',#3475,#3476,#3477);
#3475 = CARTESIAN_POINT('',(-1.5,0.,14.2));
#3476 = DIRECTION('',(1.,0.,1.110223024625E-16));
#3477 = DIRECTION('',(1.110223024625E-16,0.,-1.));
#3478 = DEFINITIONAL_REPRESENTATION('',(#3479),#3483);
#3479 = LINE('',#3480,#3481);
#3480 = CARTESIAN_POINT('',(0.,-0.));
#3481 = VECTOR('',#3482,1.);
#3482 = DIRECTION('',(1.,-0.));
#3483 = ( GEOMETRIC_REPRESENTATION_CONTEXT(2) 
PARAMETRIC_REPRESENTATION_CONTEXT() REPRESENTATION_CONTEXT('2D SPACE',''
  ) );
#3484 = PCURVE('',#3485,#3490);
#3485 = PLANE('',#3486);
#3486 = AXIS2_PLACEMENT_3D('',#3487,#3488,#3489);
#3487 = CARTESIAN_POINT('',(-1.5,0.,14.2));
#3488 = DIRECTION('',(1.,0.,1.110223024625E-16));
#3489 = DIRECTION('',(1.110223024625E-16,0.,-1.));
#3490 = DEFINITIONAL_REPRESENTATION('',(#3491),#3495);
#3491 = CIRCLE('',#3492,57.15);
#3492 = AXIS2_PLACEMENT_2D('',#3493,#3494);
#3493 = CARTESIAN_POINT('',(0.,0.));
#3494 = DIRECTION('',(1.,0.));
#3495 = ( GEOMETRIC_REPRESENTATION_CONTEXT(2) 
PARAMETRIC_REPRESENTATION_CONTEXT() REPRESENTATION_CONTEXT('2D SPACE',''
  ) );
#3496 = ORIENTED_EDGE('',*,*,#3497,.T.);
#3497 = EDGE_CURVE('',#3464,#3498,#3500,.T.);
#3498 = VERTEX_POINT('',#3499);
#3499 = CARTESIAN_POINT('',(-5.195446774107,0.,-38.134));
#3500 = SEAM_CURVE('',#3501,(#3504,#3510),.PCURVE_S1.);
#3501 = B_SPLINE_CURVE_WITH_KNOTS('',1,(#3502,#3503),.UNSPECIFIED.,.F.,
  .F.,(2,2),(0.,1.),.PIECEWISE_BEZIER_KNOTS.);
#3502 = CARTESIAN_POINT('',(-1.5,0.,-42.95));
#3503 = CARTESIAN_POINT('',(-5.195446774107,0.,-38.134));
#3504 = PCURVE('',#3473,#3505);
#3505 = DEFINITIONAL_REPRESENTATION('',(#3506),#3509);
#3506 = B_SPLINE_CURVE_WITH_KNOTS('',1,(#3507,#3508),.UNSPECIFIED.,.F.,
  .F.,(2,2),(0.,1.),.PIECEWISE_BEZIER_KNOTS.);
#3507 = CARTESIAN_POINT('',(6.28318530718,0.));
#3508 = CARTESIAN_POINT('',(6.28318530718,-3.695446774107));
#3509 = ( GEOMETRIC_REPRESENTATION_CONTEXT(2) 
PARAMETRIC_REPRESENTATION_CONTEXT() REPRESENTATION_CONTEXT('2D SPACE',''
  ) );
#3510 = PCURVE('',#3473,#3511);
#3511 = DEFINITIONAL_REPRESENTATION('',(#3512),#3515);
#3512 = B_SPLINE_CURVE_WITH_KNOTS('',1,(#3513,#3514),.UNSPECIFIED.,.F.,
  .F.,(2,2),(0.,1.),.PIECEWISE_BEZIER_KNOTS.);
#3513 = CARTESIAN_POINT('',(0.,0.));
#3514 = CARTESIAN_POINT('',(0.,-3.695446774107));
#3515 = ( GEOMETRIC_REPRESENTATION_CONTEXT(2) 
PARAMETRIC_REPRESENTATION_CONTEXT() REPRESENTATION_CONTEXT('2D SPACE',''
  ) );
#3516 = ORIENTED_EDGE('',*,*,#3517,.F.);
#3517 = EDGE_CURVE('',#3498,#3498,#3518,.T.);
#3518 = SURFACE_CURVE('',#3519,(#3524,#3531),.PCURVE_S1.);
#3519 = CIRCLE('',#3520,52.334);
#3520 = AXIS2_PLACEMENT_3D('',#3521,#3522,#3523);
#3521 = CARTESIAN_POINT('',(-5.195446774107,0.,14.2));
#3522 = DIRECTION('',(1.,-0.,1.110223024625E-16));
#3523 = DIRECTION('',(1.110223024625E-16,0.,-1.));
#3524 = PCURVE('',#3473,#3525);
#3525 = DEFINITIONAL_REPRESENTATION('',(#3526),#3530);
#3526 = LINE('',#3527,#3528);
#3527 = CARTESIAN_POINT('',(0.,-3.695446774107));
#3528 = VECTOR('',#3529,1.);
#3529 = DIRECTION('',(1.,-0.));
#3530 = ( GEOMETRIC_REPRESENTATION_CONTEXT(2) 
PARAMETRIC_REPRESENTATION_CONTEXT() REPRESENTATION_CONTEXT('2D SPACE',''
  ) );
#3531 = PCURVE('',#3532,#3537);
#3532 = PLANE('',#3533);
#3533 = AXIS2_PLACEMENT_3D('',#3534,#3535,#3536);
#3534 = CARTESIAN_POINT('',(-5.195446774107,0.,14.2));
#3535 = DIRECTION('',(1.,0.,1.110223024625E-16));
#3536 = DIRECTION('',(1.110223024625E-16,0.,-1.));
#3537 = DEFINITIONAL_REPRESENTATION('',(#3538),#3542);
#3538 = CIRCLE('',#3539,52.334);
#3539 = AXIS2_PLACEMENT_2D('',#3540,#3541);
#3540 = CARTESIAN_POINT('',(0.,0.));
#3541 = DIRECTION('',(1.,0.));
#3542 = ( GEOMETRIC_REPRESENTATION_CONTEXT(2) 
PARAMETRIC_REPRESENTATION_CONTEXT() REPRESENTATION_CONTEXT('2D SPACE',''
  ) );
#3543 = ORIENTED_EDGE('',*,*,#3497,.F.);
#3544 = ADVANCED_FACE('',(#3545),#3485,.T.);
#3545 = FACE_BOUND('',#3546,.T.);
#3546 = EDGE_LOOP('',(#3547));
#3547 = ORIENTED_EDGE('',*,*,#3463,.T.);
#3548 = ADVANCED_FACE('',(#3549),#3532,.F.);
#3549 = FACE_BOUND('',#3550,.F.);
#3550 = EDGE_LOOP('',(#3551));
#3551 = ORIENTED_EDGE('',*,*,#3517,.T.);
#3552 = ( GEOMETRIC_REPRESENTATION_CONTEXT(3) 
GLOBAL_UNCERTAINTY_ASSIGNED_CONTEXT((#3556)) 
GLOBAL_UNIT_ASSIGNED_CONTEXT((#3553,#3554,#3555)) REPRESENTATION_CONTEXT
('Context #1','3D Context with UNIT and UNCERTAINTY') );
#3553 = ( LENGTH_UNIT() NAMED_UNIT(*) SI_UNIT(.MILLI.,.METRE.) );
#3554 = ( NAMED_UNIT(*) PLANE_ANGLE_UNIT() SI_UNIT($,.RADIAN.) );
#3555 = ( NAMED_UNIT(*) SI_UNIT($,.STERADIAN.) SOLID_ANGLE_UNIT() );
#3556 = UNCERTAINTY_MEASURE_WITH_UNIT(LENGTH_MEASURE(1.E-07),#3553,
  'distance_accuracy_value','confusion accuracy');
#3557 = CONTEXT_DEPENDENT_SHAPE_REPRESENTATION(#3558,#3560);
#3558 = ( REPRESENTATION_RELATIONSHIP('','',#3456,#10) 
REPRESENTATION_RELATIONSHIP_WITH_TRANSFORMATION(#3559) 
SHAPE_REPRESENTATION_RELATIONSHIP() );
#3559 = ITEM_DEFINED_TRANSFORMATION('','',#11,#27);
#3560 = PRODUCT_DEFINITION_SHAPE('Placement','Placement of an item',
  #3561);
#3561 = NEXT_ASSEMBLY_USAGE_OCCURRENCE('22','','',#5,#3451,$);
#3562 = PRODUCT_RELATED_PRODUCT_CATEGORY('part',$,(#3453));
#3563 = SHAPE_DEFINITION_REPRESENTATION(#3564,#3570);
#3564 = PRODUCT_DEFINITION_SHAPE('','',#3565);
#3565 = PRODUCT_DEFINITION('design','',#3566,#3569);
#3566 = PRODUCT_DEFINITION_FORMATION('','',#3567);
#3567 = PRODUCT('Open CASCADE STEP translator 7.8 16.5',
  'Open CASCADE STEP translator 7.8 16.5','',(#3568));
#3568 = PRODUCT_CONTEXT('',#2,'mechanical');
#3569 = PRODUCT_DEFINITION_CONTEXT('part definition',#2,'design');
#3570 = ADVANCED_BREP_SHAPE_REPRESENTATION('',(#11,#3571),#3753);
#3571 = MANIFOLD_SOLID_BREP('',#3572);
#3572 = CLOSED_SHELL('',(#3573,#3661,#3739,#3746));
#3573 = ADVANCED_FACE('',(#3574),#3588,.T.);
#3574 = FACE_BOUND('',#3575,.F.);
#3575 = EDGE_LOOP('',(#3576,#3606,#3633,#3634));
#3576 = ORIENTED_EDGE('',*,*,#3577,.T.);
#3577 = EDGE_CURVE('',#3578,#3580,#3582,.T.);
#3578 = VERTEX_POINT('',#3579);
#3579 = CARTESIAN_POINT('',(345.9,0.,299.95));
#3580 = VERTEX_POINT('',#3581);
#3581 = CARTESIAN_POINT('',(695.4,0.,299.95));
#3582 = SEAM_CURVE('',#3583,(#3587,#3599),.PCURVE_S1.);
#3583 = LINE('',#3584,#3585);
#3584 = CARTESIAN_POINT('',(345.9,0.,299.95));
#3585 = VECTOR('',#3586,1.);
#3586 = DIRECTION('',(1.,0.,1.110223024625E-16));
#3587 = PCURVE('',#3588,#3593);
#3588 = CYLINDRICAL_SURFACE('',#3589,57.15);
#3589 = AXIS2_PLACEMENT_3D('',#3590,#3591,#3592);
#3590 = CARTESIAN_POINT('',(345.9,0.,357.1));
#3591 = DIRECTION('',(-1.,-0.,-1.110223024625E-16));
#3592 = DIRECTION('',(1.110223024625E-16,0.,-1.));
#3593 = DEFINITIONAL_REPRESENTATION('',(#3594),#3598);
#3594 = LINE('',#3595,#3596);
#3595 = CARTESIAN_POINT('',(-0.,0.));
#3596 = VECTOR('',#3597,1.);
#3597 = DIRECTION('',(-0.,-1.));
#3598 = ( GEOMETRIC_REPRESENTATION_CONTEXT(2) 
PARAMETRIC_REPRESENTATION_CONTEXT() REPRESENTATION_CONTEXT('2D SPACE',''
  ) );
#3599 = PCURVE('',#3588,#3600);
#3600 = DEFINITIONAL_REPRESENTATION('',(#3601),#3605);
#3601 = LINE('',#3602,#3603);
#3602 = CARTESIAN_POINT('',(-6.28318530718,0.));
#3603 = VECTOR('',#3604,1.);
#3604 = DIRECTION('',(-0.,-1.));
#3605 = ( GEOMETRIC_REPRESENTATION_CONTEXT(2) 
PARAMETRIC_REPRESENTATION_CONTEXT() REPRESENTATION_CONTEXT('2D SPACE',''
  ) );
#3606 = ORIENTED_EDGE('',*,*,#3607,.T.);
#3607 = EDGE_CURVE('',#3580,#3580,#3608,.T.);
#3608 = SURFACE_CURVE('',#3609,(#3614,#3621),.PCURVE_S1.);
#3609 = CIRCLE('',#3610,57.15);
#3610 = AXIS2_PLACEMENT_3D('',#3611,#3612,#3613);
#3611 = CARTESIAN_POINT('',(695.4,0.,357.1));
#3612 = DIRECTION('',(1.,-0.,1.110223024625E-16));
#3613 = DIRECTION('',(1.110223024625E-16,0.,-1.));
#3614 = PCURVE('',#3588,#3615);
#3615 = DEFINITIONAL_REPRESENTATION('',(#3616),#3620);
#3616 = LINE('',#3617,#3618);
#3617 = CARTESIAN_POINT('',(-0.,-349.5));
#3618 = VECTOR('',#3619,1.);
#3619 = DIRECTION('',(-1.,0.));
#3620 = ( GEOMETRIC_REPRESENTATION_CONTEXT(2) 
PARAMETRIC_REPRESENTATION_CONTEXT() REPRESENTATION_CONTEXT('2D SPACE',''
  ) );
#3621 = PCURVE('',#3622,#3627);
#3622 = PLANE('',#3623);
#3623 = AXIS2_PLACEMENT_3D('',#3624,#3625,#3626);
#3624 = CARTESIAN_POINT('',(695.4,7.297309091299E-16,357.1));
#3625 = DIRECTION('',(1.,0.,1.110223024625E-16));
#3626 = DIRECTION('',(1.110223024625E-16,0.,-1.));
#3627 = DEFINITIONAL_REPRESENTATION('',(#3628),#3632);
#3628 = CIRCLE('',#3629,57.15);
#3629 = AXIS2_PLACEMENT_2D('',#3630,#3631);
#3630 = CARTESIAN_POINT('',(0.,-7.297309091299E-16));
#3631 = DIRECTION('',(1.,0.));
#3632 = ( GEOMETRIC_REPRESENTATION_CONTEXT(2) 
PARAMETRIC_REPRESENTATION_CONTEXT() REPRESENTATION_CONTEXT('2D SPACE',''
  ) );
#3633 = ORIENTED_EDGE('',*,*,#3577,.F.);
#3634 = ORIENTED_EDGE('',*,*,#3635,.F.);
#3635 = EDGE_CURVE('',#3578,#3578,#3636,.T.);
#3636 = SURFACE_CURVE('',#3637,(#3642,#3649),.PCURVE_S1.);
#3637 = CIRCLE('',#3638,57.15);
#3638 = AXIS2_PLACEMENT_3D('',#3639,#3640,#3641);
#3639 = CARTESIAN_POINT('',(345.9,0.,357.1));
#3640 = DIRECTION('',(1.,-0.,1.110223024625E-16));
#3641 = DIRECTION('',(1.110223024625E-16,0.,-1.));
#3642 = PCURVE('',#3588,#3643);
#3643 = DEFINITIONAL_REPRESENTATION('',(#3644),#3648);
#3644 = LINE('',#3645,#3646);
#3645 = CARTESIAN_POINT('',(-0.,0.));
#3646 = VECTOR('',#3647,1.);
#3647 = DIRECTION('',(-1.,0.));
#3648 = ( GEOMETRIC_REPRESENTATION_CONTEXT(2) 
PARAMETRIC_REPRESENTATION_CONTEXT() REPRESENTATION_CONTEXT('2D SPACE',''
  ) );
#3649 = PCURVE('',#3650,#3655);
#3650 = PLANE('',#3651);
#3651 = AXIS2_PLACEMENT_3D('',#3652,#3653,#3654);
#3652 = CARTESIAN_POINT('',(345.9,7.297309091299E-16,357.1));
#3653 = DIRECTION('',(1.,0.,1.110223024625E-16));
#3654 = DIRECTION('',(1.110223024625E-16,0.,-1.));
#3655 = DEFINITIONAL_REPRESENTATION('',(#3656),#3660);
#3656 = CIRCLE('',#3657,57.15);
#3657 = AXIS2_PLACEMENT_2D('',#3658,#3659);
#3658 = CARTESIAN_POINT('',(0.,-7.297309091299E-16));
#3659 = DIRECTION('',(1.,0.));
#3660 = ( GEOMETRIC_REPRESENTATION_CONTEXT(2) 
PARAMETRIC_REPRESENTATION_CONTEXT() REPRESENTATION_CONTEXT('2D SPACE',''
  ) );
#3661 = ADVANCED_FACE('',(#3662),#3676,.F.);
#3662 = FACE_BOUND('',#3663,.T.);
#3663 = EDGE_LOOP('',(#3664,#3694,#3716,#3717));
#3664 = ORIENTED_EDGE('',*,*,#3665,.T.);
#3665 = EDGE_CURVE('',#3666,#3668,#3670,.T.);
#3666 = VERTEX_POINT('',#3667);
#3667 = CARTESIAN_POINT('',(345.9,6.465130754073E-15,305.97));
#3668 = VERTEX_POINT('',#3669);
#3669 = CARTESIAN_POINT('',(695.4,6.465130754073E-15,305.97));
#3670 = SEAM_CURVE('',#3671,(#3675,#3687),.PCURVE_S1.);
#3671 = LINE('',#3672,#3673);
#3672 = CARTESIAN_POINT('',(345.9,6.465130754073E-15,305.97));
#3673 = VECTOR('',#3674,1.);
#3674 = DIRECTION('',(1.,0.,1.110223024625E-16));
#3675 = PCURVE('',#3676,#3681);
#3676 = CYLINDRICAL_SURFACE('',#3677,51.13);
#3677 = AXIS2_PLACEMENT_3D('',#3678,#3679,#3680);
#3678 = CARTESIAN_POINT('',(345.9,6.465130754073E-15,357.1));
#3679 = DIRECTION('',(-1.,-0.,-1.110223024625E-16));
#3680 = DIRECTION('',(1.110223024625E-16,0.,-1.));
#3681 = DEFINITIONAL_REPRESENTATION('',(#3682),#3686);
#3682 = LINE('',#3683,#3684);
#3683 = CARTESIAN_POINT('',(-0.,0.));
#3684 = VECTOR('',#3685,1.);
#3685 = DIRECTION('',(-0.,-1.));
#3686 = ( GEOMETRIC_REPRESENTATION_CONTEXT(2) 
PARAMETRIC_REPRESENTATION_CONTEXT() REPRESENTATION_CONTEXT('2D SPACE',''
  ) );
#3687 = PCURVE('',#3676,#3688);
#3688 = DEFINITIONAL_REPRESENTATION('',(#3689),#3693);
#3689 = LINE('',#3690,#3691);
#3690 = CARTESIAN_POINT('',(-6.28318530718,0.));
#3691 = VECTOR('',#3692,1.);
#3692 = DIRECTION('',(-0.,-1.));
#3693 = ( GEOMETRIC_REPRESENTATION_CONTEXT(2) 
PARAMETRIC_REPRESENTATION_CONTEXT() REPRESENTATION_CONTEXT('2D SPACE',''
  ) );
#3694 = ORIENTED_EDGE('',*,*,#3695,.T.);
#3695 = EDGE_CURVE('',#3668,#3668,#3696,.T.);
#3696 = SURFACE_CURVE('',#3697,(#3702,#3709),.PCURVE_S1.);
#3697 = CIRCLE('',#3698,51.13);
#3698 = AXIS2_PLACEMENT_3D('',#3699,#3700,#3701);
#3699 = CARTESIAN_POINT('',(695.4,6.465130754073E-15,357.1));
#3700 = DIRECTION('',(1.,-0.,1.110223024625E-16));
#3701 = DIRECTION('',(1.110223024625E-16,0.,-1.));
#3702 = PCURVE('',#3676,#3703);
#3703 = DEFINITIONAL_REPRESENTATION('',(#3704),#3708);
#3704 = LINE('',#3705,#3706);
#3705 = CARTESIAN_POINT('',(-0.,-349.5));
#3706 = VECTOR('',#3707,1.);
#3707 = DIRECTION('',(-1.,0.));
#3708 = ( GEOMETRIC_REPRESENTATION_CONTEXT(2) 
PARAMETRIC_REPRESENTATION_CONTEXT() REPRESENTATION_CONTEXT('2D SPACE',''
  ) );
#3709 = PCURVE('',#3622,#3710);
#3710 = DEFINITIONAL_REPRESENTATION('',(#3711),#3715);
#3711 = CIRCLE('',#3712,51.13);
#3712 = AXIS2_PLACEMENT_2D('',#3713,#3714);
#3713 = CARTESIAN_POINT('',(2.84217094304E-13,5.735399844943E-15));
#3714 = DIRECTION('',(1.,0.));
#3715 = ( GEOMETRIC_REPRESENTATION_CONTEXT(2) 
PARAMETRIC_REPRESENTATION_CONTEXT() REPRESENTATION_CONTEXT('2D SPACE',''
  ) );
#3716 = ORIENTED_EDGE('',*,*,#3665,.F.);
#3717 = ORIENTED_EDGE('',*,*,#3718,.F.);
#3718 = EDGE_CURVE('',#3666,#3666,#3719,.T.);
#3719 = SURFACE_CURVE('',#3720,(#3725,#3732),.PCURVE_S1.);
#3720 = CIRCLE('',#3721,51.13);
#3721 = AXIS2_PLACEMENT_3D('',#3722,#3723,#3724);
#3722 = CARTESIAN_POINT('',(345.9,6.465130754073E-15,357.1));
#3723 = DIRECTION('',(1.,-0.,1.110223024625E-16));
#3724 = DIRECTION('',(1.110223024625E-16,0.,-1.));
#3725 = PCURVE('',#3676,#3726);
#3726 = DEFINITIONAL_REPRESENTATION('',(#3727),#3731);
#3727 = LINE('',#3728,#3729);
#3728 = CARTESIAN_POINT('',(-0.,0.));
#3729 = VECTOR('',#3730,1.);
#3730 = DIRECTION('',(-1.,0.));
#3731 = ( GEOMETRIC_REPRESENTATION_CONTEXT(2) 
PARAMETRIC_REPRESENTATION_CONTEXT() REPRESENTATION_CONTEXT('2D SPACE',''
  ) );
#3732 = PCURVE('',#3650,#3733);
#3733 = DEFINITIONAL_REPRESENTATION('',(#3734),#3738);
#3734 = CIRCLE('',#3735,51.13);
#3735 = AXIS2_PLACEMENT_2D('',#3736,#3737);
#3736 = CARTESIAN_POINT('',(2.84217094304E-13,5.735399844943E-15));
#3737 = DIRECTION('',(1.,0.));
#3738 = ( GEOMETRIC_REPRESENTATION_CONTEXT(2) 
PARAMETRIC_REPRESENTATION_CONTEXT() REPRESENTATION_CONTEXT('2D SPACE',''
  ) );
#3739 = ADVANCED_FACE('',(#3740,#3743),#3650,.F.);
#3740 = FACE_BOUND('',#3741,.F.);
#3741 = EDGE_LOOP('',(#3742));
#3742 = ORIENTED_EDGE('',*,*,#3635,.T.);
#3743 = FACE_BOUND('',#3744,.F.);
#3744 = EDGE_LOOP('',(#3745));
#3745 = ORIENTED_EDGE('',*,*,#3718,.F.);
#3746 = ADVANCED_FACE('',(#3747,#3750),#3622,.T.);
#3747 = FACE_BOUND('',#3748,.T.);
#3748 = EDGE_LOOP('',(#3749));
#3749 = ORIENTED_EDGE('',*,*,#3607,.T.);
#3750 = FACE_BOUND('',#3751,.T.);
#3751 = EDGE_LOOP('',(#3752));
#3752 = ORIENTED_EDGE('',*,*,#3695,.F.);
#3753 = ( GEOMETRIC_REPRESENTATION_CONTEXT(3) 
GLOBAL_UNCERTAINTY_ASSIGNED_CONTEXT((#3757)) 
GLOBAL_UNIT_ASSIGNED_CONTEXT((#3754,#3755,#3756)) REPRESENTATION_CONTEXT
('Context #1','3D Context with UNIT and UNCERTAINTY') );
#3754 = ( LENGTH_UNIT() NAMED_UNIT(*) SI_UNIT(.MILLI.,.METRE.) );
#3755 = ( NAMED_UNIT(*) PLANE_ANGLE_UNIT() SI_UNIT($,.RADIAN.) );
#3756 = ( NAMED_UNIT(*) SI_UNIT($,.STERADIAN.) SOLID_ANGLE_UNIT() );
#3757 = UNCERTAINTY_MEASURE_WITH_UNIT(LENGTH_MEASURE(1.E-07),#3754,
  'distance_accuracy_value','confusion accuracy');
#3758 = CONTEXT_DEPENDENT_SHAPE_REPRESENTATION(#3759,#3761);
#3759 = ( REPRESENTATION_RELATIONSHIP('','',#3570,#10) 
REPRESENTATION_RELATIONSHIP_WITH_TRANSFORMATION(#3760) 
SHAPE_REPRESENTATION_RELATIONSHIP() );
#3760 = ITEM_DEFINED_TRANSFORMATION('','',#11,#31);
#3761 = PRODUCT_DEFINITION_SHAPE('Placement','Placement of an item',
  #3762);
#3762 = NEXT_ASSEMBLY_USAGE_OCCURRENCE('23','','',#5,#3565,$);
#3763 = PRODUCT_RELATED_PRODUCT_CATEGORY('part',$,(#3567));
#3764 = SHAPE_DEFINITION_REPRESENTATION(#3765,#3771);
#3765 = PRODUCT_DEFINITION_SHAPE('','',#3766);
#3766 = PRODUCT_DEFINITION('design','',#3767,#3770);
#3767 = PRODUCT_DEFINITION_FORMATION('','',#3768);
#3768 = PRODUCT('Open CASCADE STEP translator 7.8 16.6',
  'Open CASCADE STEP translator 7.8 16.6','',(#3769));
#3769 = PRODUCT_CONTEXT('',#2,'mechanical');
#3770 = PRODUCT_DEFINITION_CONTEXT('part definition',#2,'design');
#3771 = ADVANCED_BREP_SHAPE_REPRESENTATION('',(#11,#3772),#4984);
#3772 = MANIFOLD_SOLID_BREP('',#3773);
#3773 = CLOSED_SHELL('',(#3774,#3862,#4177,#4452,#4479,#4506,#4533,#4560
    ,#4587,#4642,#4669,#4696,#4723,#4778,#4833,#4872,#4927,#4977));
#3774 = ADVANCED_FACE('',(#3775),#3789,.T.);
#3775 = FACE_BOUND('',#3776,.F.);
#3776 = EDGE_LOOP('',(#3777,#3807,#3834,#3835));
#3777 = ORIENTED_EDGE('',*,*,#3778,.T.);
#3778 = EDGE_CURVE('',#3779,#3781,#3783,.T.);
#3779 = VERTEX_POINT('',#3780);
#3780 = CARTESIAN_POINT('',(698.4,0.,242.8));
#3781 = VERTEX_POINT('',#3782);
#3782 = CARTESIAN_POINT('',(722.2,0.,242.8));
#3783 = SEAM_CURVE('',#3784,(#3788,#3800),.PCURVE_S1.);
#3784 = LINE('',#3785,#3786);
#3785 = CARTESIAN_POINT('',(698.4,0.,242.8));
#3786 = VECTOR('',#3787,1.);
#3787 = DIRECTION('',(1.,0.,1.110223024625E-16));
#3788 = PCURVE('',#3789,#3794);
#3789 = CYLINDRICAL_SURFACE('',#3790,114.3);
#3790 = AXIS2_PLACEMENT_3D('',#3791,#3792,#3793);
#3791 = CARTESIAN_POINT('',(698.4,0.,357.1));
#3792 = DIRECTION('',(-1.,-0.,-1.110223024625E-16));
#3793 = DIRECTION('',(1.110223024625E-16,0.,-1.));
#3794 = DEFINITIONAL_REPRESENTATION('',(#3795),#3799);
#3795 = LINE('',#3796,#3797);
#3796 = CARTESIAN_POINT('',(-0.,0.));
#3797 = VECTOR('',#3798,1.);
#3798 = DIRECTION('',(-0.,-1.));
#3799 = ( GEOMETRIC_REPRESENTATION_CONTEXT(2) 
PARAMETRIC_REPRESENTATION_CONTEXT() REPRESENTATION_CONTEXT('2D SPACE',''
  ) );
#3800 = PCURVE('',#3789,#3801);
#3801 = DEFINITIONAL_REPRESENTATION('',(#3802),#3806);
#3802 = LINE('',#3803,#3804);
#3803 = CARTESIAN_POINT('',(-6.28318530718,0.));
#3804 = VECTOR('',#3805,1.);
#3805 = DIRECTION('',(-0.,-1.));
#3806 = ( GEOMETRIC_REPRESENTATION_CONTEXT(2) 
PARAMETRIC_REPRESENTATION_CONTEXT() REPRESENTATION_CONTEXT('2D SPACE',''
  ) );
#3807 = ORIENTED_EDGE('',*,*,#3808,.T.);
#3808 = EDGE_CURVE('',#3781,#3781,#3809,.T.);
#3809 = SURFACE_CURVE('',#3810,(#3815,#3822),.PCURVE_S1.);
#3810 = CIRCLE('',#3811,114.3);
#3811 = AXIS2_PLACEMENT_3D('',#3812,#3813,#3814);
#3812 = CARTESIAN_POINT('',(722.2,0.,357.1));
#3813 = DIRECTION('',(1.,-0.,1.110223024625E-16));
#3814 = DIRECTION('',(1.110223024625E-16,0.,-1.));
#3815 = PCURVE('',#3789,#3816);
#3816 = DEFINITIONAL_REPRESENTATION('',(#3817),#3821);
#3817 = LINE('',#3818,#3819);
#3818 = CARTESIAN_POINT('',(-0.,-23.8));
#3819 = VECTOR('',#3820,1.);
#3820 = DIRECTION('',(-1.,0.));
#3821 = ( GEOMETRIC_REPRESENTATION_CONTEXT(2) 
PARAMETRIC_REPRESENTATION_CONTEXT() REPRESENTATION_CONTEXT('2D SPACE',''
  ) );
#3822 = PCURVE('',#3823,#3828);
#3823 = PLANE('',#3824);
#3824 = AXIS2_PLACEMENT_3D('',#3825,#3826,#3827);
#3825 = CARTESIAN_POINT('',(722.2,1.45946181826E-15,357.1));
#3826 = DIRECTION('',(1.,0.,1.110223024625E-16));
#3827 = DIRECTION('',(1.110223024625E-16,0.,-1.));
#3828 = DEFINITIONAL_REPRESENTATION('',(#3829),#3833);
#3829 = CIRCLE('',#3830,114.3);
#3830 = AXIS2_PLACEMENT_2D('',#3831,#3832);
#3831 = CARTESIAN_POINT('',(0.,-1.45946181826E-15));
#3832 = DIRECTION('',(1.,0.));
#3833 = ( GEOMETRIC_REPRESENTATION_CONTEXT(2) 
PARAMETRIC_REPRESENTATION_CONTEXT() REPRESENTATION_CONTEXT('2D SPACE',''
  ) );
#3834 = ORIENTED_EDGE('',*,*,#3778,.F.);
#3835 = ORIENTED_EDGE('',*,*,#3836,.F.);
#3836 = EDGE_CURVE('',#3779,#3779,#3837,.T.);
#3837 = SURFACE_CURVE('',#3838,(#3843,#3850),.PCURVE_S1.);
#3838 = CIRCLE('',#3839,114.3);
#3839 = AXIS2_PLACEMENT_3D('',#3840,#3841,#3842);
#3840 = CARTESIAN_POINT('',(698.4,0.,357.1));
#3841 = DIRECTION('',(1.,-0.,1.110223024625E-16));
#3842 = DIRECTION('',(1.110223024625E-16,0.,-1.));
#3843 = PCURVE('',#3789,#3844);
#3844 = DEFINITIONAL_REPRESENTATION('',(#3845),#3849);
#3845 = LINE('',#3846,#3847);
#3846 = CARTESIAN_POINT('',(-0.,0.));
#3847 = VECTOR('',#3848,1.);
#3848 = DIRECTION('',(-1.,0.));
#3849 = ( GEOMETRIC_REPRESENTATION_CONTEXT(2) 
PARAMETRIC_REPRESENTATION_CONTEXT() REPRESENTATION_CONTEXT('2D SPACE',''
  ) );
#3850 = PCURVE('',#3851,#3856);
#3851 = PLANE('',#3852);
#3852 = AXIS2_PLACEMENT_3D('',#3853,#3854,#3855);
#3853 = CARTESIAN_POINT('',(698.4,1.45946181826E-15,357.1));
#3854 = DIRECTION('',(1.,0.,1.110223024625E-16));
#3855 = DIRECTION('',(1.110223024625E-16,0.,-1.));
#3856 = DEFINITIONAL_REPRESENTATION('',(#3857),#3861);
#3857 = CIRCLE('',#3858,114.3);
#3858 = AXIS2_PLACEMENT_2D('',#3859,#3860);
#3859 = CARTESIAN_POINT('',(0.,-1.45946181826E-15));
#3860 = DIRECTION('',(1.,0.));
#3861 = ( GEOMETRIC_REPRESENTATION_CONTEXT(2) 
PARAMETRIC_REPRESENTATION_CONTEXT() REPRESENTATION_CONTEXT('2D SPACE',''
  ) );
#3862 = ADVANCED_FACE('',(#3863,#3866,#3901,#3936,#3971,#4006,#4041,
    #4072,#4107,#4142),#3851,.F.);
#3863 = FACE_BOUND('',#3864,.F.);
#3864 = EDGE_LOOP('',(#3865));
#3865 = ORIENTED_EDGE('',*,*,#3836,.T.);
#3866 = FACE_BOUND('',#3867,.F.);
#3867 = EDGE_LOOP('',(#3868));
#3868 = ORIENTED_EDGE('',*,*,#3869,.T.);
#3869 = EDGE_CURVE('',#3870,#3870,#3872,.T.);
#3870 = VERTEX_POINT('',#3871);
#3871 = CARTESIAN_POINT('',(698.4,-74.10479066835,431.20479066835));
#3872 = SURFACE_CURVE('',#3873,(#3878,#3889),.PCURVE_S1.);
#3873 = CIRCLE('',#3874,9.55);
#3874 = AXIS2_PLACEMENT_3D('',#3875,#3876,#3877);
#3875 = CARTESIAN_POINT('',(698.4,-67.35192090801,424.45192090801));
#3876 = DIRECTION('',(-1.,0.,-1.110223024625E-16));
#3877 = DIRECTION('',(-7.850462293419E-17,-0.707106781187,0.707106781187
    ));
#3878 = PCURVE('',#3851,#3879);
#3879 = DEFINITIONAL_REPRESENTATION('',(#3880),#3888);
#3880 = ( BOUNDED_CURVE() B_SPLINE_CURVE(2,(#3881,#3882,#3883,#3884,
#3885,#3886,#3887),.UNSPECIFIED.,.T.,.F.) B_SPLINE_CURVE_WITH_KNOTS((1,2
    ,2,2,2,1),(-2.094395102393,0.,2.094395102393,4.188790204786,
6.28318530718,8.377580409573),.UNSPECIFIED.) CURVE() 
GEOMETRIC_REPRESENTATION_ITEM() RATIONAL_B_SPLINE_CURVE((1.,0.5,1.,0.5,
1.,0.5,1.)) REPRESENTATION_ITEM('') );
#3881 = CARTESIAN_POINT('',(-74.10479066835,-74.10479066835));
#3882 = CARTESIAN_POINT('',(-85.80110419014,-62.40847714656));
#3883 = CARTESIAN_POINT('',(-69.82364278874,-58.12732926695));
#3884 = CARTESIAN_POINT('',(-53.84618138735,-53.84618138735));
#3885 = CARTESIAN_POINT('',(-58.12732926695,-69.82364278874));
#3886 = CARTESIAN_POINT('',(-62.40847714656,-85.80110419014));
#3887 = CARTESIAN_POINT('',(-74.10479066835,-74.10479066835));
#3888 = ( GEOMETRIC_REPRESENTATION_CONTEXT(2) 
PARAMETRIC_REPRESENTATION_CONTEXT() REPRESENTATION_CONTEXT('2D SPACE',''
  ) );
#3889 = PCURVE('',#3890,#3895);
#3890 = CYLINDRICAL_SURFACE('',#3891,9.55);
#3891 = AXIS2_PLACEMENT_3D('',#3892,#3893,#3894);
#3892 = CARTESIAN_POINT('',(697.4,-67.35192090801,424.45192090801));
#3893 = DIRECTION('',(-1.,-0.,-1.110223024625E-16));
#3894 = DIRECTION('',(-7.850462293419E-17,-0.707106781187,0.707106781187
    ));
#3895 = DEFINITIONAL_REPRESENTATION('',(#3896),#3900);
#3896 = LINE('',#3897,#3898);
#3897 = CARTESIAN_POINT('',(-6.28318530718,-1.));
#3898 = VECTOR('',#3899,1.);
#3899 = DIRECTION('',(1.,-0.));
#3900 = ( GEOMETRIC_REPRESENTATION_CONTEXT(2) 
PARAMETRIC_REPRESENTATION_CONTEXT() REPRESENTATION_CONTEXT('2D SPACE',''
  ) );
#3901 = FACE_BOUND('',#3902,.F.);
#3902 = EDGE_LOOP('',(#3903));
#3903 = ORIENTED_EDGE('',*,*,#3904,.T.);
#3904 = EDGE_CURVE('',#3905,#3905,#3907,.T.);
#3905 = VERTEX_POINT('',#3906);
#3906 = CARTESIAN_POINT('',(698.4,-104.8,357.1));
#3907 = SURFACE_CURVE('',#3908,(#3913,#3924),.PCURVE_S1.);
#3908 = CIRCLE('',#3909,9.55);
#3909 = AXIS2_PLACEMENT_3D('',#3910,#3911,#3912);
#3910 = CARTESIAN_POINT('',(698.4,-95.25,357.1));
#3911 = DIRECTION('',(-1.,0.,-1.110223024625E-16));
#3912 = DIRECTION('',(-2.465190328816E-32,-1.,2.22044604925E-16));
#3913 = PCURVE('',#3851,#3914);
#3914 = DEFINITIONAL_REPRESENTATION('',(#3915),#3923);
#3915 = ( BOUNDED_CURVE() B_SPLINE_CURVE(2,(#3916,#3917,#3918,#3919,
#3920,#3921,#3922),.UNSPECIFIED.,.T.,.F.) B_SPLINE_CURVE_WITH_KNOTS((1,2
    ,2,2,2,1),(-2.094395102393,0.,2.094395102393,4.188790204786,
6.28318530718,8.377580409573),.UNSPECIFIED.) CURVE() 
GEOMETRIC_REPRESENTATION_ITEM() RATIONAL_B_SPLINE_CURVE((1.,0.5,1.,0.5,
1.,0.5,1.)) REPRESENTATION_ITEM('') );
#3916 = CARTESIAN_POINT('',(-2.120525977034E-15,-104.8));
#3917 = CARTESIAN_POINT('',(-16.54108521228,-104.8));
#3918 = CARTESIAN_POINT('',(-8.270542606141,-90.475));
#3919 = CARTESIAN_POINT('',(1.901976567697E-15,-76.15));
#3920 = CARTESIAN_POINT('',(8.270542606141,-90.475));
#3921 = CARTESIAN_POINT('',(16.541085212283,-104.8));
#3922 = CARTESIAN_POINT('',(-2.120525977034E-15,-104.8));
#3923 = ( GEOMETRIC_REPRESENTATION_CONTEXT(2) 
PARAMETRIC_REPRESENTATION_CONTEXT() REPRESENTATION_CONTEXT('2D SPACE',''
  ) );
#3924 = PCURVE('',#3925,#3930);
#3925 = CYLINDRICAL_SURFACE('',#3926,9.55);
#3926 = AXIS2_PLACEMENT_3D('',#3927,#3928,#3929);
#3927 = CARTESIAN_POINT('',(697.4,-95.25,357.1));
#3928 = DIRECTION('',(-1.,-0.,-1.110223024625E-16));
#3929 = DIRECTION('',(-2.465190328816E-32,-1.,2.22044604925E-16));
#3930 = DEFINITIONAL_REPRESENTATION('',(#3931),#3935);
#3931 = LINE('',#3932,#3933);
#3932 = CARTESIAN_POINT('',(-6.28318530718,-1.));
#3933 = VECTOR('',#3934,1.);
#3934 = DIRECTION('',(1.,-0.));
#3935 = ( GEOMETRIC_REPRESENTATION_CONTEXT(2) 
PARAMETRIC_REPRESENTATION_CONTEXT() REPRESENTATION_CONTEXT('2D SPACE',''
  ) );
#3936 = FACE_BOUND('',#3937,.F.);
#3937 = EDGE_LOOP('',(#3938));
#3938 = ORIENTED_EDGE('',*,*,#3939,.T.);
#3939 = EDGE_CURVE('',#3940,#3940,#3942,.T.);
#3940 = VERTEX_POINT('',#3941);
#3941 = CARTESIAN_POINT('',(698.4,-74.10479066835,282.99520933165));
#3942 = SURFACE_CURVE('',#3943,(#3948,#3959),.PCURVE_S1.);
#3943 = CIRCLE('',#3944,9.55);
#3944 = AXIS2_PLACEMENT_3D('',#3945,#3946,#3947);
#3945 = CARTESIAN_POINT('',(698.4,-67.35192090801,289.74807909198));
#3946 = DIRECTION('',(-1.,0.,-1.110223024625E-16));
#3947 = DIRECTION('',(7.850462293419E-17,-0.707106781187,-0.707106781187
    ));
#3948 = PCURVE('',#3851,#3949);
#3949 = DEFINITIONAL_REPRESENTATION('',(#3950),#3958);
#3950 = ( BOUNDED_CURVE() B_SPLINE_CURVE(2,(#3951,#3952,#3953,#3954,
#3955,#3956,#3957),.UNSPECIFIED.,.T.,.F.) B_SPLINE_CURVE_WITH_KNOTS((1,2
    ,2,2,2,1),(-2.094395102393,0.,2.094395102393,4.188790204786,
6.28318530718,8.377580409573),.UNSPECIFIED.) CURVE() 
GEOMETRIC_REPRESENTATION_ITEM() RATIONAL_B_SPLINE_CURVE((1.,0.5,1.,0.5,
1.,0.5,1.)) REPRESENTATION_ITEM('') );
#3951 = CARTESIAN_POINT('',(74.10479066835,-74.10479066835));
#3952 = CARTESIAN_POINT('',(62.408477146561,-85.80110419014));
#3953 = CARTESIAN_POINT('',(58.127329266958,-69.82364278874));
#3954 = CARTESIAN_POINT('',(53.846181387356,-53.84618138735));
#3955 = CARTESIAN_POINT('',(69.823642788748,-58.12732926695));
#3956 = CARTESIAN_POINT('',(85.80110419014,-62.40847714656));
#3957 = CARTESIAN_POINT('',(74.10479066835,-74.10479066835));
#3958 = ( GEOMETRIC_REPRESENTATION_CONTEXT(2) 
PARAMETRIC_REPRESENTATION_CONTEXT() REPRESENTATION_CONTEXT('2D SPACE',''
  ) );
#3959 = PCURVE('',#3960,#3965);
#3960 = CYLINDRICAL_SURFACE('',#3961,9.55);
#3961 = AXIS2_PLACEMENT_3D('',#3962,#3963,#3964);
#3962 = CARTESIAN_POINT('',(697.4,-67.35192090801,289.74807909198));
#3963 = DIRECTION('',(-1.,0.,-1.110223024625E-16));
#3964 = DIRECTION('',(7.850462293419E-17,-0.707106781187,-0.707106781187
    ));
#3965 = DEFINITIONAL_REPRESENTATION('',(#3966),#3970);
#3966 = LINE('',#3967,#3968);
#3967 = CARTESIAN_POINT('',(-6.28318530718,-1.));
#3968 = VECTOR('',#3969,1.);
#3969 = DIRECTION('',(1.,-0.));
#3970 = ( GEOMETRIC_REPRESENTATION_CONTEXT(2) 
PARAMETRIC_REPRESENTATION_CONTEXT() REPRESENTATION_CONTEXT('2D SPACE',''
  ) );
#3971 = FACE_BOUND('',#3972,.F.);
#3972 = EDGE_LOOP('',(#3973));
#3973 = ORIENTED_EDGE('',*,*,#3974,.T.);
#3974 = EDGE_CURVE('',#3975,#3975,#3977,.T.);
#3975 = VERTEX_POINT('',#3976);
#3976 = CARTESIAN_POINT('',(698.4,1.283429845506E-14,461.9));
#3977 = SURFACE_CURVE('',#3978,(#3983,#3994),.PCURVE_S1.);
#3978 = CIRCLE('',#3979,9.55);
#3979 = AXIS2_PLACEMENT_3D('',#3980,#3981,#3982);
#3980 = CARTESIAN_POINT('',(698.4,1.166476076188E-14,452.35));
#3981 = DIRECTION('',(-1.,0.,-1.110223024625E-16));
#3982 = DIRECTION('',(-1.110223024625E-16,1.224646799147E-16,1.));
#3983 = PCURVE('',#3851,#3984);
#3984 = DEFINITIONAL_REPRESENTATION('',(#3985),#3993);
#3985 = ( BOUNDED_CURVE() B_SPLINE_CURVE(2,(#3986,#3987,#3988,#3989,
#3990,#3991,#3992),.UNSPECIFIED.,.T.,.F.) B_SPLINE_CURVE_WITH_KNOTS((1,2
    ,2,2,2,1),(-2.094395102393,0.,2.094395102393,4.188790204786,
6.28318530718,8.377580409573),.UNSPECIFIED.) CURVE() 
GEOMETRIC_REPRESENTATION_ITEM() RATIONAL_B_SPLINE_CURVE((1.,0.5,1.,0.5,
1.,0.5,1.)) REPRESENTATION_ITEM('') );
#3986 = CARTESIAN_POINT('',(-104.8,1.13748366368E-14));
#3987 = CARTESIAN_POINT('',(-104.8,16.541085212283));
#3988 = CARTESIAN_POINT('',(-90.475,8.270542606141));
#3989 = CARTESIAN_POINT('',(-76.15,1.020529894362E-14));
#3990 = CARTESIAN_POINT('',(-90.475,-8.270542606141));
#3991 = CARTESIAN_POINT('',(-104.8,-16.54108521228));
#3992 = CARTESIAN_POINT('',(-104.8,1.13748366368E-14));
#3993 = ( GEOMETRIC_REPRESENTATION_CONTEXT(2) 
PARAMETRIC_REPRESENTATION_CONTEXT() REPRESENTATION_CONTEXT('2D SPACE',''
  ) );
#3994 = PCURVE('',#3995,#4000);
#3995 = CYLINDRICAL_SURFACE('',#3996,9.55);
#3996 = AXIS2_PLACEMENT_3D('',#3997,#3998,#3999);
#3997 = CARTESIAN_POINT('',(697.4,1.166476076188E-14,452.35));
#3998 = DIRECTION('',(-1.,-0.,-1.110223024625E-16));
#3999 = DIRECTION('',(-1.110223024625E-16,1.224646799147E-16,1.));
#4000 = DEFINITIONAL_REPRESENTATION('',(#4001),#4005);
#4001 = LINE('',#4002,#4003);
#4002 = CARTESIAN_POINT('',(-6.28318530718,-1.));
#4003 = VECTOR('',#4004,1.);
#4004 = DIRECTION('',(1.,-0.));
#4005 = ( GEOMETRIC_REPRESENTATION_CONTEXT(2) 
PARAMETRIC_REPRESENTATION_CONTEXT() REPRESENTATION_CONTEXT('2D SPACE',''
  ) );
#4006 = FACE_BOUND('',#4007,.F.);
#4007 = EDGE_LOOP('',(#4008));
#4008 = ORIENTED_EDGE('',*,*,#4009,.T.);
#4009 = EDGE_CURVE('',#4010,#4010,#4012,.T.);
#4010 = VERTEX_POINT('',#4011);
#4011 = CARTESIAN_POINT('',(698.4,74.10479066835,431.20479066835));
#4012 = SURFACE_CURVE('',#4013,(#4018,#4029),.PCURVE_S1.);
#4013 = CIRCLE('',#4014,9.55);
#4014 = AXIS2_PLACEMENT_3D('',#4015,#4016,#4017);
#4015 = CARTESIAN_POINT('',(698.4,67.351920908019,424.45192090801));
#4016 = DIRECTION('',(-1.,0.,-1.110223024625E-16));
#4017 = DIRECTION('',(-7.850462293419E-17,0.707106781187,0.707106781187)
  );
#4018 = PCURVE('',#3851,#4019);
#4019 = DEFINITIONAL_REPRESENTATION('',(#4020),#4028);
#4020 = ( BOUNDED_CURVE() B_SPLINE_CURVE(2,(#4021,#4022,#4023,#4024,
#4025,#4026,#4027),.UNSPECIFIED.,.T.,.F.) B_SPLINE_CURVE_WITH_KNOTS((1,2
    ,2,2,2,1),(-2.094395102393,0.,2.094395102393,4.188790204786,
6.28318530718,8.377580409573),.UNSPECIFIED.) CURVE() 
GEOMETRIC_REPRESENTATION_ITEM() RATIONAL_B_SPLINE_CURVE((1.,0.5,1.,0.5,
1.,0.5,1.)) REPRESENTATION_ITEM('') );
#4021 = CARTESIAN_POINT('',(-74.10479066835,74.10479066835));
#4022 = CARTESIAN_POINT('',(-62.40847714656,85.80110419014));
#4023 = CARTESIAN_POINT('',(-58.12732926695,69.823642788748));
#4024 = CARTESIAN_POINT('',(-53.84618138735,53.846181387356));
#4025 = CARTESIAN_POINT('',(-69.82364278874,58.127329266958));
#4026 = CARTESIAN_POINT('',(-85.80110419014,62.408477146561));
#4027 = CARTESIAN_POINT('',(-74.10479066835,74.10479066835));
#4028 = ( GEOMETRIC_REPRESENTATION_CONTEXT(2) 
PARAMETRIC_REPRESENTATION_CONTEXT() REPRESENTATION_CONTEXT('2D SPACE',''
  ) );
#4029 = PCURVE('',#4030,#4035);
#4030 = CYLINDRICAL_SURFACE('',#4031,9.55);
#4031 = AXIS2_PLACEMENT_3D('',#4032,#4033,#4034);
#4032 = CARTESIAN_POINT('',(697.4,67.351920908019,424.45192090801));
#4033 = DIRECTION('',(-1.,-0.,-1.110223024625E-16));
#4034 = DIRECTION('',(-7.850462293419E-17,0.707106781187,0.707106781187)
  );
#4035 = DEFINITIONAL_REPRESENTATION('',(#4036),#4040);
#4036 = LINE('',#4037,#4038);
#4037 = CARTESIAN_POINT('',(-6.28318530718,-1.));
#4038 = VECTOR('',#4039,1.);
#4039 = DIRECTION('',(1.,-0.));
#4040 = ( GEOMETRIC_REPRESENTATION_CONTEXT(2) 
PARAMETRIC_REPRESENTATION_CONTEXT() REPRESENTATION_CONTEXT('2D SPACE',''
  ) );
#4041 = FACE_BOUND('',#4042,.F.);
#4042 = EDGE_LOOP('',(#4043));
#4043 = ORIENTED_EDGE('',*,*,#4044,.F.);
#4044 = EDGE_CURVE('',#4045,#4045,#4047,.T.);
#4045 = VERTEX_POINT('',#4046);
#4046 = CARTESIAN_POINT('',(698.4,0.,285.65));
#4047 = SURFACE_CURVE('',#4048,(#4053,#4060),.PCURVE_S1.);
#4048 = CIRCLE('',#4049,71.45);
#4049 = AXIS2_PLACEMENT_3D('',#4050,#4051,#4052);
#4050 = CARTESIAN_POINT('',(698.4,0.,357.1));
#4051 = DIRECTION('',(1.,-0.,1.110223024625E-16));
#4052 = DIRECTION('',(1.110223024625E-16,0.,-1.));
#4053 = PCURVE('',#3851,#4054);
#4054 = DEFINITIONAL_REPRESENTATION('',(#4055),#4059);
#4055 = CIRCLE('',#4056,71.45);
#4056 = AXIS2_PLACEMENT_2D('',#4057,#4058);
#4057 = CARTESIAN_POINT('',(0.,-1.45946181826E-15));
#4058 = DIRECTION('',(1.,0.));
#4059 = ( GEOMETRIC_REPRESENTATION_CONTEXT(2) 
PARAMETRIC_REPRESENTATION_CONTEXT() REPRESENTATION_CONTEXT('2D SPACE',''
  ) );
#4060 = PCURVE('',#4061,#4066);
#4061 = CYLINDRICAL_SURFACE('',#4062,71.45);
#4062 = AXIS2_PLACEMENT_3D('',#4063,#4064,#4065);
#4063 = CARTESIAN_POINT('',(698.4,0.,357.1));
#4064 = DIRECTION('',(-1.,-0.,-1.110223024625E-16));
#4065 = DIRECTION('',(1.110223024625E-16,0.,-1.));
#4066 = DEFINITIONAL_REPRESENTATION('',(#4067),#4071);
#4067 = LINE('',#4068,#4069);
#4068 = CARTESIAN_POINT('',(-0.,0.));
#4069 = VECTOR('',#4070,1.);
#4070 = DIRECTION('',(-1.,0.));
#4071 = ( GEOMETRIC_REPRESENTATION_CONTEXT(2) 
PARAMETRIC_REPRESENTATION_CONTEXT() REPRESENTATION_CONTEXT('2D SPACE',''
  ) );
#4072 = FACE_BOUND('',#4073,.F.);
#4073 = EDGE_LOOP('',(#4074));
#4074 = ORIENTED_EDGE('',*,*,#4075,.T.);
#4075 = EDGE_CURVE('',#4076,#4076,#4078,.T.);
#4076 = VERTEX_POINT('',#4077);
#4077 = CARTESIAN_POINT('',(698.4,0.,252.3));
#4078 = SURFACE_CURVE('',#4079,(#4084,#4095),.PCURVE_S1.);
#4079 = CIRCLE('',#4080,9.55);
#4080 = AXIS2_PLACEMENT_3D('',#4081,#4082,#4083);
#4081 = CARTESIAN_POINT('',(698.4,0.,261.85));
#4082 = DIRECTION('',(-1.,-0.,-1.110223024625E-16));
#4083 = DIRECTION('',(1.110223024625E-16,0.,-1.));
#4084 = PCURVE('',#3851,#4085);
#4085 = DEFINITIONAL_REPRESENTATION('',(#4086),#4094);
#4086 = ( BOUNDED_CURVE() B_SPLINE_CURVE(2,(#4087,#4088,#4089,#4090,
#4091,#4092,#4093),.UNSPECIFIED.,.T.,.F.) B_SPLINE_CURVE_WITH_KNOTS((1,2
    ,2,2,2,1),(-2.094395102393,0.,2.094395102393,4.188790204786,
6.28318530718,8.377580409573),.UNSPECIFIED.) CURVE() 
GEOMETRIC_REPRESENTATION_ITEM() RATIONAL_B_SPLINE_CURVE((1.,0.5,1.,0.5,
1.,0.5,1.)) REPRESENTATION_ITEM('') );
#4087 = CARTESIAN_POINT('',(104.8,-1.45946181826E-15));
#4088 = CARTESIAN_POINT('',(104.8,-16.54108521228));
#4089 = CARTESIAN_POINT('',(90.475,-8.270542606141));
#4090 = CARTESIAN_POINT('',(76.15,-3.798537204631E-15));
#4091 = CARTESIAN_POINT('',(90.475,8.270542606141));
#4092 = CARTESIAN_POINT('',(104.8,16.541085212283));
#4093 = CARTESIAN_POINT('',(104.8,-1.45946181826E-15));
#4094 = ( GEOMETRIC_REPRESENTATION_CONTEXT(2) 
PARAMETRIC_REPRESENTATION_CONTEXT() REPRESENTATION_CONTEXT('2D SPACE',''
  ) );
#4095 = PCURVE('',#4096,#4101);
#4096 = CYLINDRICAL_SURFACE('',#4097,9.55);
#4097 = AXIS2_PLACEMENT_3D('',#4098,#4099,#4100);
#4098 = CARTESIAN_POINT('',(697.4,0.,261.85));
#4099 = DIRECTION('',(-1.,-0.,-1.110223024625E-16));
#4100 = DIRECTION('',(1.110223024625E-16,0.,-1.));
#4101 = DEFINITIONAL_REPRESENTATION('',(#4102),#4106);
#4102 = LINE('',#4103,#4104);
#4103 = CARTESIAN_POINT('',(-6.28318530718,-1.));
#4104 = VECTOR('',#4105,1.);
#4105 = DIRECTION('',(1.,-0.));
#4106 = ( GEOMETRIC_REPRESENTATION_CONTEXT(2) 
PARAMETRIC_REPRESENTATION_CONTEXT() REPRESENTATION_CONTEXT('2D SPACE',''
  ) );
#4107 = FACE_BOUND('',#4108,.F.);
#4108 = EDGE_LOOP('',(#4109));
#4109 = ORIENTED_EDGE('',*,*,#4110,.T.);
#4110 = EDGE_CURVE('',#4111,#4111,#4113,.T.);
#4111 = VERTEX_POINT('',#4112);
#4112 = CARTESIAN_POINT('',(698.4,104.8,357.1));
#4113 = SURFACE_CURVE('',#4114,(#4119,#4130),.PCURVE_S1.);
#4114 = CIRCLE('',#4115,9.55);
#4115 = AXIS2_PLACEMENT_3D('',#4116,#4117,#4118);
#4116 = CARTESIAN_POINT('',(698.4,95.25,357.1));
#4117 = DIRECTION('',(-1.,0.,-1.110223024625E-16));
#4118 = DIRECTION('',(1.232595164408E-32,1.,-1.110223024625E-16));
#4119 = PCURVE('',#3851,#4120);
#4120 = DEFINITIONAL_REPRESENTATION('',(#4121),#4129);
#4121 = ( BOUNDED_CURVE() B_SPLINE_CURVE(2,(#4122,#4123,#4124,#4125,
#4126,#4127,#4128),.UNSPECIFIED.,.T.,.F.) B_SPLINE_CURVE_WITH_KNOTS((1,2
    ,2,2,2,1),(-2.094395102393,0.,2.094395102393,4.188790204786,
6.28318530718,8.377580409573),.UNSPECIFIED.) CURVE() 
GEOMETRIC_REPRESENTATION_ITEM() RATIONAL_B_SPLINE_CURVE((1.,0.5,1.,0.5,
1.,0.5,1.)) REPRESENTATION_ITEM('') );
#4122 = CARTESIAN_POINT('',(1.060262988517E-15,104.8));
#4123 = CARTESIAN_POINT('',(16.541085212283,104.8));
#4124 = CARTESIAN_POINT('',(8.270542606141,90.475));
#4125 = CARTESIAN_POINT('',(2.185494093374E-16,76.15));
#4126 = CARTESIAN_POINT('',(-8.270542606141,90.475));
#4127 = CARTESIAN_POINT('',(-16.54108521228,104.8));
#4128 = CARTESIAN_POINT('',(1.060262988517E-15,104.8));
#4129 = ( GEOMETRIC_REPRESENTATION_CONTEXT(2) 
PARAMETRIC_REPRESENTATION_CONTEXT() REPRESENTATION_CONTEXT('2D SPACE',''
  ) );
#4130 = PCURVE('',#4131,#4136);
#4131 = CYLINDRICAL_SURFACE('',#4132,9.55);
#4132 = AXIS2_PLACEMENT_3D('',#4133,#4134,#4135);
#4133 = CARTESIAN_POINT('',(697.4,95.25,357.1));
#4134 = DIRECTION('',(-1.,0.,-1.110223024625E-16));
#4135 = DIRECTION('',(1.232595164408E-32,1.,-1.110223024625E-16));
#4136 = DEFINITIONAL_REPRESENTATION('',(#4137),#4141);
#4137 = LINE('',#4138,#4139);
#4138 = CARTESIAN_POINT('',(-6.28318530718,-1.));
#4139 = VECTOR('',#4140,1.);
#4140 = DIRECTION('',(1.,-0.));
#4141 = ( GEOMETRIC_REPRESENTATION_CONTEXT(2) 
PARAMETRIC_REPRESENTATION_CONTEXT() REPRESENTATION_CONTEXT('2D SPACE',''
  ) );
#4142 = FACE_BOUND('',#4143,.F.);
#4143 = EDGE_LOOP('',(#4144));
#4144 = ORIENTED_EDGE('',*,*,#4145,.T.);
#4145 = EDGE_CURVE('',#4146,#4146,#4148,.T.);
#4146 = VERTEX_POINT('',#4147);
#4147 = CARTESIAN_POINT('',(698.4,74.10479066835,282.99520933165));
#4148 = SURFACE_CURVE('',#4149,(#4154,#4165),.PCURVE_S1.);
#4149 = CIRCLE('',#4150,9.55);
#4150 = AXIS2_PLACEMENT_3D('',#4151,#4152,#4153);
#4151 = CARTESIAN_POINT('',(698.4,67.351920908019,289.74807909198));
#4152 = DIRECTION('',(-1.,0.,-1.110223024625E-16));
#4153 = DIRECTION('',(7.850462293419E-17,0.707106781187,-0.707106781187)
  );
#4154 = PCURVE('',#3851,#4155);
#4155 = DEFINITIONAL_REPRESENTATION('',(#4156),#4164);
#4156 = ( BOUNDED_CURVE() B_SPLINE_CURVE(2,(#4157,#4158,#4159,#4160,
#4161,#4162,#4163),.UNSPECIFIED.,.T.,.F.) B_SPLINE_CURVE_WITH_KNOTS((1,2
    ,2,2,2,1),(-2.094395102393,0.,2.094395102393,4.188790204786,
6.28318530718,8.377580409573),.UNSPECIFIED.) CURVE() 
GEOMETRIC_REPRESENTATION_ITEM() RATIONAL_B_SPLINE_CURVE((1.,0.5,1.,0.5,
1.,0.5,1.)) REPRESENTATION_ITEM('') );
#4157 = CARTESIAN_POINT('',(74.10479066835,74.10479066835));
#4158 = CARTESIAN_POINT('',(85.80110419014,62.408477146561));
#4159 = CARTESIAN_POINT('',(69.823642788748,58.127329266958));
#4160 = CARTESIAN_POINT('',(53.846181387356,53.846181387356));
#4161 = CARTESIAN_POINT('',(58.127329266958,69.823642788748));
#4162 = CARTESIAN_POINT('',(62.408477146561,85.80110419014));
#4163 = CARTESIAN_POINT('',(74.10479066835,74.10479066835));
#4164 = ( GEOMETRIC_REPRESENTATION_CONTEXT(2) 
PARAMETRIC_REPRESENTATION_CONTEXT() REPRESENTATION_CONTEXT('2D SPACE',''
  ) );
#4165 = PCURVE('',#4166,#4171);
#4166 = CYLINDRICAL_SURFACE('',#4167,9.55);
#4167 = AXIS2_PLACEMENT_3D('',#4168,#4169,#4170);
#4168 = CARTESIAN_POINT('',(697.4,67.351920908019,289.74807909198));
#4169 = DIRECTION('',(-1.,0.,-1.110223024625E-16));
#4170 = DIRECTION('',(7.850462293419E-17,0.707106781187,-0.707106781187)
  );
#4171 = DEFINITIONAL_REPRESENTATION('',(#4172),#4176);
#4172 = LINE('',#4173,#4174);
#4173 = CARTESIAN_POINT('',(-6.28318530718,-1.));
#4174 = VECTOR('',#4175,1.);
#4175 = DIRECTION('',(1.,-0.));
#4176 = ( GEOMETRIC_REPRESENTATION_CONTEXT(2) 
PARAMETRIC_REPRESENTATION_CONTEXT() REPRESENTATION_CONTEXT('2D SPACE',''
  ) );
#4177 = ADVANCED_FACE('',(#4178,#4181,#4211,#4241,#4271,#4301,#4331,
    #4362,#4392,#4422),#3823,.T.);
#4178 = FACE_BOUND('',#4179,.T.);
#4179 = EDGE_LOOP('',(#4180));
#4180 = ORIENTED_EDGE('',*,*,#3808,.T.);
#4181 = FACE_BOUND('',#4182,.T.);
#4182 = EDGE_LOOP('',(#4183));
#4183 = ORIENTED_EDGE('',*,*,#4184,.T.);
#4184 = EDGE_CURVE('',#4185,#4185,#4187,.T.);
#4185 = VERTEX_POINT('',#4186);
#4186 = CARTESIAN_POINT('',(722.2,-74.10479066835,431.20479066835));
#4187 = SURFACE_CURVE('',#4188,(#4193,#4204),.PCURVE_S1.);
#4188 = CIRCLE('',#4189,9.55);
#4189 = AXIS2_PLACEMENT_3D('',#4190,#4191,#4192);
#4190 = CARTESIAN_POINT('',(722.2,-67.35192090801,424.45192090801));
#4191 = DIRECTION('',(-1.,0.,-1.110223024625E-16));
#4192 = DIRECTION('',(-7.850462293419E-17,-0.707106781187,0.707106781187
    ));
#4193 = PCURVE('',#3823,#4194);
#4194 = DEFINITIONAL_REPRESENTATION('',(#4195),#4203);
#4195 = ( BOUNDED_CURVE() B_SPLINE_CURVE(2,(#4196,#4197,#4198,#4199,
#4200,#4201,#4202),.UNSPECIFIED.,.T.,.F.) B_SPLINE_CURVE_WITH_KNOTS((1,2
    ,2,2,2,1),(-2.094395102393,0.,2.094395102393,4.188790204786,
6.28318530718,8.377580409573),.UNSPECIFIED.) CURVE() 
GEOMETRIC_REPRESENTATION_ITEM() RATIONAL_B_SPLINE_CURVE((1.,0.5,1.,0.5,
1.,0.5,1.)) REPRESENTATION_ITEM('') );
#4196 = CARTESIAN_POINT('',(-74.10479066835,-74.10479066835));
#4197 = CARTESIAN_POINT('',(-85.80110419014,-62.40847714656));
#4198 = CARTESIAN_POINT('',(-69.82364278874,-58.12732926695));
#4199 = CARTESIAN_POINT('',(-53.84618138735,-53.84618138735));
#4200 = CARTESIAN_POINT('',(-58.12732926695,-69.82364278874));
#4201 = CARTESIAN_POINT('',(-62.40847714656,-85.80110419014));
#4202 = CARTESIAN_POINT('',(-74.10479066835,-74.10479066835));
#4203 = ( GEOMETRIC_REPRESENTATION_CONTEXT(2) 
PARAMETRIC_REPRESENTATION_CONTEXT() REPRESENTATION_CONTEXT('2D SPACE',''
  ) );
#4204 = PCURVE('',#3890,#4205);
#4205 = DEFINITIONAL_REPRESENTATION('',(#4206),#4210);
#4206 = LINE('',#4207,#4208);
#4207 = CARTESIAN_POINT('',(-6.28318530718,-24.8));
#4208 = VECTOR('',#4209,1.);
#4209 = DIRECTION('',(1.,-0.));
#4210 = ( GEOMETRIC_REPRESENTATION_CONTEXT(2) 
PARAMETRIC_REPRESENTATION_CONTEXT() REPRESENTATION_CONTEXT('2D SPACE',''
  ) );
#4211 = FACE_BOUND('',#4212,.T.);
#4212 = EDGE_LOOP('',(#4213));
#4213 = ORIENTED_EDGE('',*,*,#4214,.T.);
#4214 = EDGE_CURVE('',#4215,#4215,#4217,.T.);
#4215 = VERTEX_POINT('',#4216);
#4216 = CARTESIAN_POINT('',(722.2,-104.8,357.1));
#4217 = SURFACE_CURVE('',#4218,(#4223,#4234),.PCURVE_S1.);
#4218 = CIRCLE('',#4219,9.55);
#4219 = AXIS2_PLACEMENT_3D('',#4220,#4221,#4222);
#4220 = CARTESIAN_POINT('',(722.2,-95.25,357.1));
#4221 = DIRECTION('',(-1.,0.,-1.110223024625E-16));
#4222 = DIRECTION('',(-2.465190328816E-32,-1.,2.22044604925E-16));
#4223 = PCURVE('',#3823,#4224);
#4224 = DEFINITIONAL_REPRESENTATION('',(#4225),#4233);
#4225 = ( BOUNDED_CURVE() B_SPLINE_CURVE(2,(#4226,#4227,#4228,#4229,
#4230,#4231,#4232),.UNSPECIFIED.,.T.,.F.) B_SPLINE_CURVE_WITH_KNOTS((1,2
    ,2,2,2,1),(-2.094395102393,0.,2.094395102393,4.188790204786,
6.28318530718,8.377580409573),.UNSPECIFIED.) CURVE() 
GEOMETRIC_REPRESENTATION_ITEM() RATIONAL_B_SPLINE_CURVE((1.,0.5,1.,0.5,
1.,0.5,1.)) REPRESENTATION_ITEM('') );
#4226 = CARTESIAN_POINT('',(-2.120525977034E-15,-104.8));
#4227 = CARTESIAN_POINT('',(-16.54108521228,-104.8));
#4228 = CARTESIAN_POINT('',(-8.270542606141,-90.475));
#4229 = CARTESIAN_POINT('',(1.901976567697E-15,-76.15));
#4230 = CARTESIAN_POINT('',(8.270542606141,-90.475));
#4231 = CARTESIAN_POINT('',(16.541085212283,-104.8));
#4232 = CARTESIAN_POINT('',(-2.120525977034E-15,-104.8));
#4233 = ( GEOMETRIC_REPRESENTATION_CONTEXT(2) 
PARAMETRIC_REPRESENTATION_CONTEXT() REPRESENTATION_CONTEXT('2D SPACE',''
  ) );
#4234 = PCURVE('',#3925,#4235);
#4235 = DEFINITIONAL_REPRESENTATION('',(#4236),#4240);
#4236 = LINE('',#4237,#4238);
#4237 = CARTESIAN_POINT('',(-6.28318530718,-24.8));
#4238 = VECTOR('',#4239,1.);
#4239 = DIRECTION('',(1.,-0.));
#4240 = ( GEOMETRIC_REPRESENTATION_CONTEXT(2) 
PARAMETRIC_REPRESENTATION_CONTEXT() REPRESENTATION_CONTEXT('2D SPACE',''
  ) );
#4241 = FACE_BOUND('',#4242,.T.);
#4242 = EDGE_LOOP('',(#4243));
#4243 = ORIENTED_EDGE('',*,*,#4244,.T.);
#4244 = EDGE_CURVE('',#4245,#4245,#4247,.T.);
#4245 = VERTEX_POINT('',#4246);
#4246 = CARTESIAN_POINT('',(722.2,-74.10479066835,282.99520933165));
#4247 = SURFACE_CURVE('',#4248,(#4253,#4264),.PCURVE_S1.);
#4248 = CIRCLE('',#4249,9.55);
#4249 = AXIS2_PLACEMENT_3D('',#4250,#4251,#4252);
#4250 = CARTESIAN_POINT('',(722.2,-67.35192090801,289.74807909198));
#4251 = DIRECTION('',(-1.,0.,-1.110223024625E-16));
#4252 = DIRECTION('',(7.850462293419E-17,-0.707106781187,-0.707106781187
    ));
#4253 = PCURVE('',#3823,#4254);
#4254 = DEFINITIONAL_REPRESENTATION('',(#4255),#4263);
#4255 = ( BOUNDED_CURVE() B_SPLINE_CURVE(2,(#4256,#4257,#4258,#4259,
#4260,#4261,#4262),.UNSPECIFIED.,.T.,.F.) B_SPLINE_CURVE_WITH_KNOTS((1,2
    ,2,2,2,1),(-2.094395102393,0.,2.094395102393,4.188790204786,
6.28318530718,8.377580409573),.UNSPECIFIED.) CURVE() 
GEOMETRIC_REPRESENTATION_ITEM() RATIONAL_B_SPLINE_CURVE((1.,0.5,1.,0.5,
1.,0.5,1.)) REPRESENTATION_ITEM('') );
#4256 = CARTESIAN_POINT('',(74.10479066835,-74.10479066835));
#4257 = CARTESIAN_POINT('',(62.408477146561,-85.80110419014));
#4258 = CARTESIAN_POINT('',(58.127329266958,-69.82364278874));
#4259 = CARTESIAN_POINT('',(53.846181387356,-53.84618138735));
#4260 = CARTESIAN_POINT('',(69.823642788748,-58.12732926695));
#4261 = CARTESIAN_POINT('',(85.80110419014,-62.40847714656));
#4262 = CARTESIAN_POINT('',(74.10479066835,-74.10479066835));
#4263 = ( GEOMETRIC_REPRESENTATION_CONTEXT(2) 
PARAMETRIC_REPRESENTATION_CONTEXT() REPRESENTATION_CONTEXT('2D SPACE',''
  ) );
#4264 = PCURVE('',#3960,#4265);
#4265 = DEFINITIONAL_REPRESENTATION('',(#4266),#4270);
#4266 = LINE('',#4267,#4268);
#4267 = CARTESIAN_POINT('',(-6.28318530718,-24.8));
#4268 = VECTOR('',#4269,1.);
#4269 = DIRECTION('',(1.,-0.));
#4270 = ( GEOMETRIC_REPRESENTATION_CONTEXT(2) 
PARAMETRIC_REPRESENTATION_CONTEXT() REPRESENTATION_CONTEXT('2D SPACE',''
  ) );
#4271 = FACE_BOUND('',#4272,.T.);
#4272 = EDGE_LOOP('',(#4273));
#4273 = ORIENTED_EDGE('',*,*,#4274,.T.);
#4274 = EDGE_CURVE('',#4275,#4275,#4277,.T.);
#4275 = VERTEX_POINT('',#4276);
#4276 = CARTESIAN_POINT('',(722.2,1.283429845506E-14,461.9));
#4277 = SURFACE_CURVE('',#4278,(#4283,#4294),.PCURVE_S1.);
#4278 = CIRCLE('',#4279,9.55);
#4279 = AXIS2_PLACEMENT_3D('',#4280,#4281,#4282);
#4280 = CARTESIAN_POINT('',(722.2,1.166476076188E-14,452.35));
#4281 = DIRECTION('',(-1.,0.,-1.110223024625E-16));
#4282 = DIRECTION('',(-1.110223024625E-16,1.224646799147E-16,1.));
#4283 = PCURVE('',#3823,#4284);
#4284 = DEFINITIONAL_REPRESENTATION('',(#4285),#4293);
#4285 = ( BOUNDED_CURVE() B_SPLINE_CURVE(2,(#4286,#4287,#4288,#4289,
#4290,#4291,#4292),.UNSPECIFIED.,.T.,.F.) B_SPLINE_CURVE_WITH_KNOTS((1,2
    ,2,2,2,1),(-2.094395102393,0.,2.094395102393,4.188790204786,
6.28318530718,8.377580409573),.UNSPECIFIED.) CURVE() 
GEOMETRIC_REPRESENTATION_ITEM() RATIONAL_B_SPLINE_CURVE((1.,0.5,1.,0.5,
1.,0.5,1.)) REPRESENTATION_ITEM('') );
#4286 = CARTESIAN_POINT('',(-104.8,1.13748366368E-14));
#4287 = CARTESIAN_POINT('',(-104.8,16.541085212283));
#4288 = CARTESIAN_POINT('',(-90.475,8.270542606141));
#4289 = CARTESIAN_POINT('',(-76.15,1.020529894362E-14));
#4290 = CARTESIAN_POINT('',(-90.475,-8.270542606141));
#4291 = CARTESIAN_POINT('',(-104.8,-16.54108521228));
#4292 = CARTESIAN_POINT('',(-104.8,1.13748366368E-14));
#4293 = ( GEOMETRIC_REPRESENTATION_CONTEXT(2) 
PARAMETRIC_REPRESENTATION_CONTEXT() REPRESENTATION_CONTEXT('2D SPACE',''
  ) );
#4294 = PCURVE('',#3995,#4295);
#4295 = DEFINITIONAL_REPRESENTATION('',(#4296),#4300);
#4296 = LINE('',#4297,#4298);
#4297 = CARTESIAN_POINT('',(-6.28318530718,-24.8));
#4298 = VECTOR('',#4299,1.);
#4299 = DIRECTION('',(1.,-0.));
#4300 = ( GEOMETRIC_REPRESENTATION_CONTEXT(2) 
PARAMETRIC_REPRESENTATION_CONTEXT() REPRESENTATION_CONTEXT('2D SPACE',''
  ) );
#4301 = FACE_BOUND('',#4302,.T.);
#4302 = EDGE_LOOP('',(#4303));
#4303 = ORIENTED_EDGE('',*,*,#4304,.T.);
#4304 = EDGE_CURVE('',#4305,#4305,#4307,.T.);
#4305 = VERTEX_POINT('',#4306);
#4306 = CARTESIAN_POINT('',(722.2,74.10479066835,431.20479066835));
#4307 = SURFACE_CURVE('',#4308,(#4313,#4324),.PCURVE_S1.);
#4308 = CIRCLE('',#4309,9.55);
#4309 = AXIS2_PLACEMENT_3D('',#4310,#4311,#4312);
#4310 = CARTESIAN_POINT('',(722.2,67.351920908019,424.45192090801));
#4311 = DIRECTION('',(-1.,0.,-1.110223024625E-16));
#4312 = DIRECTION('',(-7.850462293419E-17,0.707106781187,0.707106781187)
  );
#4313 = PCURVE('',#3823,#4314);
#4314 = DEFINITIONAL_REPRESENTATION('',(#4315),#4323);
#4315 = ( BOUNDED_CURVE() B_SPLINE_CURVE(2,(#4316,#4317,#4318,#4319,
#4320,#4321,#4322),.UNSPECIFIED.,.T.,.F.) B_SPLINE_CURVE_WITH_KNOTS((1,2
    ,2,2,2,1),(-2.094395102393,0.,2.094395102393,4.188790204786,
6.28318530718,8.377580409573),.UNSPECIFIED.) CURVE() 
GEOMETRIC_REPRESENTATION_ITEM() RATIONAL_B_SPLINE_CURVE((1.,0.5,1.,0.5,
1.,0.5,1.)) REPRESENTATION_ITEM('') );
#4316 = CARTESIAN_POINT('',(-74.10479066835,74.10479066835));
#4317 = CARTESIAN_POINT('',(-62.40847714656,85.80110419014));
#4318 = CARTESIAN_POINT('',(-58.12732926695,69.823642788748));
#4319 = CARTESIAN_POINT('',(-53.84618138735,53.846181387356));
#4320 = CARTESIAN_POINT('',(-69.82364278874,58.127329266958));
#4321 = CARTESIAN_POINT('',(-85.80110419014,62.408477146561));
#4322 = CARTESIAN_POINT('',(-74.10479066835,74.10479066835));
#4323 = ( GEOMETRIC_REPRESENTATION_CONTEXT(2) 
PARAMETRIC_REPRESENTATION_CONTEXT() REPRESENTATION_CONTEXT('2D SPACE',''
  ) );
#4324 = PCURVE('',#4030,#4325);
#4325 = DEFINITIONAL_REPRESENTATION('',(#4326),#4330);
#4326 = LINE('',#4327,#4328);
#4327 = CARTESIAN_POINT('',(-6.28318530718,-24.8));
#4328 = VECTOR('',#4329,1.);
#4329 = DIRECTION('',(1.,-0.));
#4330 = ( GEOMETRIC_REPRESENTATION_CONTEXT(2) 
PARAMETRIC_REPRESENTATION_CONTEXT() REPRESENTATION_CONTEXT('2D SPACE',''
  ) );
#4331 = FACE_BOUND('',#4332,.T.);
#4332 = EDGE_LOOP('',(#4333));
#4333 = ORIENTED_EDGE('',*,*,#4334,.F.);
#4334 = EDGE_CURVE('',#4335,#4335,#4337,.T.);
#4335 = VERTEX_POINT('',#4336);
#4336 = CARTESIAN_POINT('',(722.2,0.,278.5));
#4337 = SURFACE_CURVE('',#4338,(#4343,#4350),.PCURVE_S1.);
#4338 = CIRCLE('',#4339,78.6);
#4339 = AXIS2_PLACEMENT_3D('',#4340,#4341,#4342);
#4340 = CARTESIAN_POINT('',(722.2,0.,357.1));
#4341 = DIRECTION('',(1.,-0.,1.110223024625E-16));
#4342 = DIRECTION('',(1.110223024625E-16,0.,-1.));
#4343 = PCURVE('',#3823,#4344);
#4344 = DEFINITIONAL_REPRESENTATION('',(#4345),#4349);
#4345 = CIRCLE('',#4346,78.6);
#4346 = AXIS2_PLACEMENT_2D('',#4347,#4348);
#4347 = CARTESIAN_POINT('',(0.,-1.45946181826E-15));
#4348 = DIRECTION('',(1.,0.));
#4349 = ( GEOMETRIC_REPRESENTATION_CONTEXT(2) 
PARAMETRIC_REPRESENTATION_CONTEXT() REPRESENTATION_CONTEXT('2D SPACE',''
  ) );
#4350 = PCURVE('',#4351,#4356);
#4351 = CYLINDRICAL_SURFACE('',#4352,78.6);
#4352 = AXIS2_PLACEMENT_3D('',#4353,#4354,#4355);
#4353 = CARTESIAN_POINT('',(722.2,0.,357.1));
#4354 = DIRECTION('',(-1.,-0.,-1.110223024625E-16));
#4355 = DIRECTION('',(1.110223024625E-16,0.,-1.));
#4356 = DEFINITIONAL_REPRESENTATION('',(#4357),#4361);
#4357 = LINE('',#4358,#4359);
#4358 = CARTESIAN_POINT('',(-0.,0.));
#4359 = VECTOR('',#4360,1.);
#4360 = DIRECTION('',(-1.,0.));
#4361 = ( GEOMETRIC_REPRESENTATION_CONTEXT(2) 
PARAMETRIC_REPRESENTATION_CONTEXT() REPRESENTATION_CONTEXT('2D SPACE',''
  ) );
#4362 = FACE_BOUND('',#4363,.T.);
#4363 = EDGE_LOOP('',(#4364));
#4364 = ORIENTED_EDGE('',*,*,#4365,.T.);
#4365 = EDGE_CURVE('',#4366,#4366,#4368,.T.);
#4366 = VERTEX_POINT('',#4367);
#4367 = CARTESIAN_POINT('',(722.2,0.,252.3));
#4368 = SURFACE_CURVE('',#4369,(#4374,#4385),.PCURVE_S1.);
#4369 = CIRCLE('',#4370,9.55);
#4370 = AXIS2_PLACEMENT_3D('',#4371,#4372,#4373);
#4371 = CARTESIAN_POINT('',(722.2,0.,261.85));
#4372 = DIRECTION('',(-1.,-0.,-1.110223024625E-16));
#4373 = DIRECTION('',(1.110223024625E-16,0.,-1.));
#4374 = PCURVE('',#3823,#4375);
#4375 = DEFINITIONAL_REPRESENTATION('',(#4376),#4384);
#4376 = ( BOUNDED_CURVE() B_SPLINE_CURVE(2,(#4377,#4378,#4379,#4380,
#4381,#4382,#4383),.UNSPECIFIED.,.T.,.F.) B_SPLINE_CURVE_WITH_KNOTS((1,2
    ,2,2,2,1),(-2.094395102393,0.,2.094395102393,4.188790204786,
6.28318530718,8.377580409573),.UNSPECIFIED.) CURVE() 
GEOMETRIC_REPRESENTATION_ITEM() RATIONAL_B_SPLINE_CURVE((1.,0.5,1.,0.5,
1.,0.5,1.)) REPRESENTATION_ITEM('') );
#4377 = CARTESIAN_POINT('',(104.8,-1.45946181826E-15));
#4378 = CARTESIAN_POINT('',(104.8,-16.54108521228));
#4379 = CARTESIAN_POINT('',(90.475,-8.270542606141));
#4380 = CARTESIAN_POINT('',(76.15,-3.798537204631E-15));
#4381 = CARTESIAN_POINT('',(90.475,8.270542606141));
#4382 = CARTESIAN_POINT('',(104.8,16.541085212283));
#4383 = CARTESIAN_POINT('',(104.8,-1.45946181826E-15));
#4384 = ( GEOMETRIC_REPRESENTATION_CONTEXT(2) 
PARAMETRIC_REPRESENTATION_CONTEXT() REPRESENTATION_CONTEXT('2D SPACE',''
  ) );
#4385 = PCURVE('',#4096,#4386);
#4386 = DEFINITIONAL_REPRESENTATION('',(#4387),#4391);
#4387 = LINE('',#4388,#4389);
#4388 = CARTESIAN_POINT('',(-6.28318530718,-24.8));
#4389 = VECTOR('',#4390,1.);
#4390 = DIRECTION('',(1.,-0.));
#4391 = ( GEOMETRIC_REPRESENTATION_CONTEXT(2) 
PARAMETRIC_REPRESENTATION_CONTEXT() REPRESENTATION_CONTEXT('2D SPACE',''
  ) );
#4392 = FACE_BOUND('',#4393,.T.);
#4393 = EDGE_LOOP('',(#4394));
#4394 = ORIENTED_EDGE('',*,*,#4395,.T.);
#4395 = EDGE_CURVE('',#4396,#4396,#4398,.T.);
#4396 = VERTEX_POINT('',#4397);
#4397 = CARTESIAN_POINT('',(722.2,104.8,357.1));
#4398 = SURFACE_CURVE('',#4399,(#4404,#4415),.PCURVE_S1.);
#4399 = CIRCLE('',#4400,9.55);
#4400 = AXIS2_PLACEMENT_3D('',#4401,#4402,#4403);
#4401 = CARTESIAN_POINT('',(722.2,95.25,357.1));
#4402 = DIRECTION('',(-1.,0.,-1.110223024625E-16));
#4403 = DIRECTION('',(1.232595164408E-32,1.,-1.110223024625E-16));
#4404 = PCURVE('',#3823,#4405);
#4405 = DEFINITIONAL_REPRESENTATION('',(#4406),#4414);
#4406 = ( BOUNDED_CURVE() B_SPLINE_CURVE(2,(#4407,#4408,#4409,#4410,
#4411,#4412,#4413),.UNSPECIFIED.,.T.,.F.) B_SPLINE_CURVE_WITH_KNOTS((1,2
    ,2,2,2,1),(-2.094395102393,0.,2.094395102393,4.188790204786,
6.28318530718,8.377580409573),.UNSPECIFIED.) CURVE() 
GEOMETRIC_REPRESENTATION_ITEM() RATIONAL_B_SPLINE_CURVE((1.,0.5,1.,0.5,
1.,0.5,1.)) REPRESENTATION_ITEM('') );
#4407 = CARTESIAN_POINT('',(1.060262988517E-15,104.8));
#4408 = CARTESIAN_POINT('',(16.541085212283,104.8));
#4409 = CARTESIAN_POINT('',(8.270542606141,90.475));
#4410 = CARTESIAN_POINT('',(2.185494093374E-16,76.15));
#4411 = CARTESIAN_POINT('',(-8.270542606141,90.475));
#4412 = CARTESIAN_POINT('',(-16.54108521228,104.8));
#4413 = CARTESIAN_POINT('',(1.060262988517E-15,104.8));
#4414 = ( GEOMETRIC_REPRESENTATION_CONTEXT(2) 
PARAMETRIC_REPRESENTATION_CONTEXT() REPRESENTATION_CONTEXT('2D SPACE',''
  ) );
#4415 = PCURVE('',#4131,#4416);
#4416 = DEFINITIONAL_REPRESENTATION('',(#4417),#4421);
#4417 = LINE('',#4418,#4419);
#4418 = CARTESIAN_POINT('',(-6.28318530718,-24.8));
#4419 = VECTOR('',#4420,1.);
#4420 = DIRECTION('',(1.,-0.));
#4421 = ( GEOMETRIC_REPRESENTATION_CONTEXT(2) 
PARAMETRIC_REPRESENTATION_CONTEXT() REPRESENTATION_CONTEXT('2D SPACE',''
  ) );
#4422 = FACE_BOUND('',#4423,.T.);
#4423 = EDGE_LOOP('',(#4424));
#4424 = ORIENTED_EDGE('',*,*,#4425,.T.);
#4425 = EDGE_CURVE('',#4426,#4426,#4428,.T.);
#4426 = VERTEX_POINT('',#4427);
#4427 = CARTESIAN_POINT('',(722.2,74.10479066835,282.99520933165));
#4428 = SURFACE_CURVE('',#4429,(#4434,#4445),.PCURVE_S1.);
#4429 = CIRCLE('',#4430,9.55);
#4430 = AXIS2_PLACEMENT_3D('',#4431,#4432,#4433);
#4431 = CARTESIAN_POINT('',(722.2,67.351920908019,289.74807909198));
#4432 = DIRECTION('',(-1.,0.,-1.110223024625E-16));
#4433 = DIRECTION('',(7.850462293419E-17,0.707106781187,-0.707106781187)
  );
#4434 = PCURVE('',#3823,#4435);
#4435 = DEFINITIONAL_REPRESENTATION('',(#4436),#4444);
#4436 = ( BOUNDED_CURVE() B_SPLINE_CURVE(2,(#4437,#4438,#4439,#4440,
#4441,#4442,#4443),.UNSPECIFIED.,.T.,.F.) B_SPLINE_CURVE_WITH_KNOTS((1,2
    ,2,2,2,1),(-2.094395102393,0.,2.094395102393,4.188790204786,
6.28318530718,8.377580409573),.UNSPECIFIED.) CURVE() 
GEOMETRIC_REPRESENTATION_ITEM() RATIONAL_B_SPLINE_CURVE((1.,0.5,1.,0.5,
1.,0.5,1.)) REPRESENTATION_ITEM('') );
#4437 = CARTESIAN_POINT('',(74.10479066835,74.10479066835));
#4438 = CARTESIAN_POINT('',(85.80110419014,62.408477146561));
#4439 = CARTESIAN_POINT('',(69.823642788748,58.127329266958));
#4440 = CARTESIAN_POINT('',(53.846181387356,53.846181387356));
#4441 = CARTESIAN_POINT('',(58.127329266958,69.823642788748));
#4442 = CARTESIAN_POINT('',(62.408477146561,85.80110419014));
#4443 = CARTESIAN_POINT('',(74.10479066835,74.10479066835));
#4444 = ( GEOMETRIC_REPRESENTATION_CONTEXT(2) 
PARAMETRIC_REPRESENTATION_CONTEXT() REPRESENTATION_CONTEXT('2D SPACE',''
  ) );
#4445 = PCURVE('',#4166,#4446);
#4446 = DEFINITIONAL_REPRESENTATION('',(#4447),#4451);
#4447 = LINE('',#4448,#4449);
#4448 = CARTESIAN_POINT('',(-6.28318530718,-24.8));
#4449 = VECTOR('',#4450,1.);
#4450 = DIRECTION('',(1.,-0.));
#4451 = ( GEOMETRIC_REPRESENTATION_CONTEXT(2) 
PARAMETRIC_REPRESENTATION_CONTEXT() REPRESENTATION_CONTEXT('2D SPACE',''
  ) );
#4452 = ADVANCED_FACE('',(#4453),#3890,.F.);
#4453 = FACE_BOUND('',#4454,.T.);
#4454 = EDGE_LOOP('',(#4455,#4456,#4477,#4478));
#4455 = ORIENTED_EDGE('',*,*,#3869,.T.);
#4456 = ORIENTED_EDGE('',*,*,#4457,.T.);
#4457 = EDGE_CURVE('',#3870,#4185,#4458,.T.);
#4458 = SEAM_CURVE('',#4459,(#4463,#4470),.PCURVE_S1.);
#4459 = LINE('',#4460,#4461);
#4460 = CARTESIAN_POINT('',(697.4,-74.10479066835,431.20479066835));
#4461 = VECTOR('',#4462,1.);
#4462 = DIRECTION('',(1.,0.,1.110223024625E-16));
#4463 = PCURVE('',#3890,#4464);
#4464 = DEFINITIONAL_REPRESENTATION('',(#4465),#4469);
#4465 = LINE('',#4466,#4467);
#4466 = CARTESIAN_POINT('',(-6.28318530718,0.));
#4467 = VECTOR('',#4468,1.);
#4468 = DIRECTION('',(-0.,-1.));
#4469 = ( GEOMETRIC_REPRESENTATION_CONTEXT(2) 
PARAMETRIC_REPRESENTATION_CONTEXT() REPRESENTATION_CONTEXT('2D SPACE',''
  ) );
#4470 = PCURVE('',#3890,#4471);
#4471 = DEFINITIONAL_REPRESENTATION('',(#4472),#4476);
#4472 = LINE('',#4473,#4474);
#4473 = CARTESIAN_POINT('',(-0.,0.));
#4474 = VECTOR('',#4475,1.);
#4475 = DIRECTION('',(-0.,-1.));
#4476 = ( GEOMETRIC_REPRESENTATION_CONTEXT(2) 
PARAMETRIC_REPRESENTATION_CONTEXT() REPRESENTATION_CONTEXT('2D SPACE',''
  ) );
#4477 = ORIENTED_EDGE('',*,*,#4184,.F.);
#4478 = ORIENTED_EDGE('',*,*,#4457,.F.);
#4479 = ADVANCED_FACE('',(#4480),#3925,.F.);
#4480 = FACE_BOUND('',#4481,.T.);
#4481 = EDGE_LOOP('',(#4482,#4483,#4504,#4505));
#4482 = ORIENTED_EDGE('',*,*,#3904,.T.);
#4483 = ORIENTED_EDGE('',*,*,#4484,.T.);
#4484 = EDGE_CURVE('',#3905,#4215,#4485,.T.);
#4485 = SEAM_CURVE('',#4486,(#4490,#4497),.PCURVE_S1.);
#4486 = LINE('',#4487,#4488);
#4487 = CARTESIAN_POINT('',(697.4,-104.8,357.1));
#4488 = VECTOR('',#4489,1.);
#4489 = DIRECTION('',(1.,0.,1.110223024625E-16));
#4490 = PCURVE('',#3925,#4491);
#4491 = DEFINITIONAL_REPRESENTATION('',(#4492),#4496);
#4492 = LINE('',#4493,#4494);
#4493 = CARTESIAN_POINT('',(-6.28318530718,0.));
#4494 = VECTOR('',#4495,1.);
#4495 = DIRECTION('',(-0.,-1.));
#4496 = ( GEOMETRIC_REPRESENTATION_CONTEXT(2) 
PARAMETRIC_REPRESENTATION_CONTEXT() REPRESENTATION_CONTEXT('2D SPACE',''
  ) );
#4497 = PCURVE('',#3925,#4498);
#4498 = DEFINITIONAL_REPRESENTATION('',(#4499),#4503);
#4499 = LINE('',#4500,#4501);
#4500 = CARTESIAN_POINT('',(-0.,0.));
#4501 = VECTOR('',#4502,1.);
#4502 = DIRECTION('',(-0.,-1.));
#4503 = ( GEOMETRIC_REPRESENTATION_CONTEXT(2) 
PARAMETRIC_REPRESENTATION_CONTEXT() REPRESENTATION_CONTEXT('2D SPACE',''
  ) );
#4504 = ORIENTED_EDGE('',*,*,#4214,.F.);
#4505 = ORIENTED_EDGE('',*,*,#4484,.F.);
#4506 = ADVANCED_FACE('',(#4507),#3960,.F.);
#4507 = FACE_BOUND('',#4508,.T.);
#4508 = EDGE_LOOP('',(#4509,#4510,#4531,#4532));
#4509 = ORIENTED_EDGE('',*,*,#3939,.T.);
#4510 = ORIENTED_EDGE('',*,*,#4511,.T.);
#4511 = EDGE_CURVE('',#3940,#4245,#4512,.T.);
#4512 = SEAM_CURVE('',#4513,(#4517,#4524),.PCURVE_S1.);
#4513 = LINE('',#4514,#4515);
#4514 = CARTESIAN_POINT('',(697.4,-74.10479066835,282.99520933165));
#4515 = VECTOR('',#4516,1.);
#4516 = DIRECTION('',(1.,0.,1.110223024625E-16));
#4517 = PCURVE('',#3960,#4518);
#4518 = DEFINITIONAL_REPRESENTATION('',(#4519),#4523);
#4519 = LINE('',#4520,#4521);
#4520 = CARTESIAN_POINT('',(-6.28318530718,0.));
#4521 = VECTOR('',#4522,1.);
#4522 = DIRECTION('',(-0.,-1.));
#4523 = ( GEOMETRIC_REPRESENTATION_CONTEXT(2) 
PARAMETRIC_REPRESENTATION_CONTEXT() REPRESENTATION_CONTEXT('2D SPACE',''
  ) );
#4524 = PCURVE('',#3960,#4525);
#4525 = DEFINITIONAL_REPRESENTATION('',(#4526),#4530);
#4526 = LINE('',#4527,#4528);
#4527 = CARTESIAN_POINT('',(-0.,0.));
#4528 = VECTOR('',#4529,1.);
#4529 = DIRECTION('',(-0.,-1.));
#4530 = ( GEOMETRIC_REPRESENTATION_CONTEXT(2) 
PARAMETRIC_REPRESENTATION_CONTEXT() REPRESENTATION_CONTEXT('2D SPACE',''
  ) );
#4531 = ORIENTED_EDGE('',*,*,#4244,.F.);
#4532 = ORIENTED_EDGE('',*,*,#4511,.F.);
#4533 = ADVANCED_FACE('',(#4534),#3995,.F.);
#4534 = FACE_BOUND('',#4535,.T.);
#4535 = EDGE_LOOP('',(#4536,#4537,#4558,#4559));
#4536 = ORIENTED_EDGE('',*,*,#3974,.T.);
#4537 = ORIENTED_EDGE('',*,*,#4538,.T.);
#4538 = EDGE_CURVE('',#3975,#4275,#4539,.T.);
#4539 = SEAM_CURVE('',#4540,(#4544,#4551),.PCURVE_S1.);
#4540 = LINE('',#4541,#4542);
#4541 = CARTESIAN_POINT('',(697.4,1.283429845506E-14,461.9));
#4542 = VECTOR('',#4543,1.);
#4543 = DIRECTION('',(1.,0.,1.110223024625E-16));
#4544 = PCURVE('',#3995,#4545);
#4545 = DEFINITIONAL_REPRESENTATION('',(#4546),#4550);
#4546 = LINE('',#4547,#4548);
#4547 = CARTESIAN_POINT('',(-6.28318530718,0.));
#4548 = VECTOR('',#4549,1.);
#4549 = DIRECTION('',(-0.,-1.));
#4550 = ( GEOMETRIC_REPRESENTATION_CONTEXT(2) 
PARAMETRIC_REPRESENTATION_CONTEXT() REPRESENTATION_CONTEXT('2D SPACE',''
  ) );
#4551 = PCURVE('',#3995,#4552);
#4552 = DEFINITIONAL_REPRESENTATION('',(#4553),#4557);
#4553 = LINE('',#4554,#4555);
#4554 = CARTESIAN_POINT('',(-0.,0.));
#4555 = VECTOR('',#4556,1.);
#4556 = DIRECTION('',(-0.,-1.));
#4557 = ( GEOMETRIC_REPRESENTATION_CONTEXT(2) 
PARAMETRIC_REPRESENTATION_CONTEXT() REPRESENTATION_CONTEXT('2D SPACE',''
  ) );
#4558 = ORIENTED_EDGE('',*,*,#4274,.F.);
#4559 = ORIENTED_EDGE('',*,*,#4538,.F.);
#4560 = ADVANCED_FACE('',(#4561),#4030,.F.);
#4561 = FACE_BOUND('',#4562,.T.);
#4562 = EDGE_LOOP('',(#4563,#4564,#4585,#4586));
#4563 = ORIENTED_EDGE('',*,*,#4009,.T.);
#4564 = ORIENTED_EDGE('',*,*,#4565,.T.);
#4565 = EDGE_CURVE('',#4010,#4305,#4566,.T.);
#4566 = SEAM_CURVE('',#4567,(#4571,#4578),.PCURVE_S1.);
#4567 = LINE('',#4568,#4569);
#4568 = CARTESIAN_POINT('',(697.4,74.10479066835,431.20479066835));
#4569 = VECTOR('',#4570,1.);
#4570 = DIRECTION('',(1.,0.,1.110223024625E-16));
#4571 = PCURVE('',#4030,#4572);
#4572 = DEFINITIONAL_REPRESENTATION('',(#4573),#4577);
#4573 = LINE('',#4574,#4575);
#4574 = CARTESIAN_POINT('',(-6.28318530718,0.));
#4575 = VECTOR('',#4576,1.);
#4576 = DIRECTION('',(-0.,-1.));
#4577 = ( GEOMETRIC_REPRESENTATION_CONTEXT(2) 
PARAMETRIC_REPRESENTATION_CONTEXT() REPRESENTATION_CONTEXT('2D SPACE',''
  ) );
#4578 = PCURVE('',#4030,#4579);
#4579 = DEFINITIONAL_REPRESENTATION('',(#4580),#4584);
#4580 = LINE('',#4581,#4582);
#4581 = CARTESIAN_POINT('',(-0.,0.));
#4582 = VECTOR('',#4583,1.);
#4583 = DIRECTION('',(-0.,-1.));
#4584 = ( GEOMETRIC_REPRESENTATION_CONTEXT(2) 
PARAMETRIC_REPRESENTATION_CONTEXT() REPRESENTATION_CONTEXT('2D SPACE',''
  ) );
#4585 = ORIENTED_EDGE('',*,*,#4304,.F.);
#4586 = ORIENTED_EDGE('',*,*,#4565,.F.);
#4587 = ADVANCED_FACE('',(#4588),#4061,.T.);
#4588 = FACE_BOUND('',#4589,.F.);
#4589 = EDGE_LOOP('',(#4590,#4591,#4614,#4641));
#4590 = ORIENTED_EDGE('',*,*,#4044,.T.);
#4591 = ORIENTED_EDGE('',*,*,#4592,.T.);
#4592 = EDGE_CURVE('',#4045,#4593,#4595,.T.);
#4593 = VERTEX_POINT('',#4594);
#4594 = CARTESIAN_POINT('',(693.4,0.,285.65));
#4595 = SEAM_CURVE('',#4596,(#4600,#4607),.PCURVE_S1.);
#4596 = LINE('',#4597,#4598);
#4597 = CARTESIAN_POINT('',(698.4,0.,285.65));
#4598 = VECTOR('',#4599,1.);
#4599 = DIRECTION('',(-1.,0.,-1.110223024625E-16));
#4600 = PCURVE('',#4061,#4601);
#4601 = DEFINITIONAL_REPRESENTATION('',(#4602),#4606);
#4602 = LINE('',#4603,#4604);
#4603 = CARTESIAN_POINT('',(-0.,0.));
#4604 = VECTOR('',#4605,1.);
#4605 = DIRECTION('',(-0.,1.));
#4606 = ( GEOMETRIC_REPRESENTATION_CONTEXT(2) 
PARAMETRIC_REPRESENTATION_CONTEXT() REPRESENTATION_CONTEXT('2D SPACE',''
  ) );
#4607 = PCURVE('',#4061,#4608);
#4608 = DEFINITIONAL_REPRESENTATION('',(#4609),#4613);
#4609 = LINE('',#4610,#4611);
#4610 = CARTESIAN_POINT('',(-6.28318530718,0.));
#4611 = VECTOR('',#4612,1.);
#4612 = DIRECTION('',(-0.,1.));
#4613 = ( GEOMETRIC_REPRESENTATION_CONTEXT(2) 
PARAMETRIC_REPRESENTATION_CONTEXT() REPRESENTATION_CONTEXT('2D SPACE',''
  ) );
#4614 = ORIENTED_EDGE('',*,*,#4615,.F.);
#4615 = EDGE_CURVE('',#4593,#4593,#4616,.T.);
#4616 = SURFACE_CURVE('',#4617,(#4622,#4629),.PCURVE_S1.);
#4617 = CIRCLE('',#4618,71.45);
#4618 = AXIS2_PLACEMENT_3D('',#4619,#4620,#4621);
#4619 = CARTESIAN_POINT('',(693.4,0.,357.1));
#4620 = DIRECTION('',(1.,-0.,1.110223024625E-16));
#4621 = DIRECTION('',(1.110223024625E-16,0.,-1.));
#4622 = PCURVE('',#4061,#4623);
#4623 = DEFINITIONAL_REPRESENTATION('',(#4624),#4628);
#4624 = LINE('',#4625,#4626);
#4625 = CARTESIAN_POINT('',(-0.,5.));
#4626 = VECTOR('',#4627,1.);
#4627 = DIRECTION('',(-1.,0.));
#4628 = ( GEOMETRIC_REPRESENTATION_CONTEXT(2) 
PARAMETRIC_REPRESENTATION_CONTEXT() REPRESENTATION_CONTEXT('2D SPACE',''
  ) );
#4629 = PCURVE('',#4630,#4635);
#4630 = CONICAL_SURFACE('',#4631,71.45,0.229541834615);
#4631 = AXIS2_PLACEMENT_3D('',#4632,#4633,#4634);
#4632 = CARTESIAN_POINT('',(693.4,0.,357.1));
#4633 = DIRECTION('',(1.,0.,1.110223024625E-16));
#4634 = DIRECTION('',(1.110223024625E-16,0.,-1.));
#4635 = DEFINITIONAL_REPRESENTATION('',(#4636),#4640);
#4636 = LINE('',#4637,#4638);
#4637 = CARTESIAN_POINT('',(0.,-0.));
#4638 = VECTOR('',#4639,1.);
#4639 = DIRECTION('',(1.,-0.));
#4640 = ( GEOMETRIC_REPRESENTATION_CONTEXT(2) 
PARAMETRIC_REPRESENTATION_CONTEXT() REPRESENTATION_CONTEXT('2D SPACE',''
  ) );
#4641 = ORIENTED_EDGE('',*,*,#4592,.F.);
#4642 = ADVANCED_FACE('',(#4643),#4096,.F.);
#4643 = FACE_BOUND('',#4644,.T.);
#4644 = EDGE_LOOP('',(#4645,#4646,#4667,#4668));
#4645 = ORIENTED_EDGE('',*,*,#4075,.T.);
#4646 = ORIENTED_EDGE('',*,*,#4647,.T.);
#4647 = EDGE_CURVE('',#4076,#4366,#4648,.T.);
#4648 = SEAM_CURVE('',#4649,(#4653,#4660),.PCURVE_S1.);
#4649 = LINE('',#4650,#4651);
#4650 = CARTESIAN_POINT('',(697.4,0.,252.3));
#4651 = VECTOR('',#4652,1.);
#4652 = DIRECTION('',(1.,0.,1.110223024625E-16));
#4653 = PCURVE('',#4096,#4654);
#4654 = DEFINITIONAL_REPRESENTATION('',(#4655),#4659);
#4655 = LINE('',#4656,#4657);
#4656 = CARTESIAN_POINT('',(-6.28318530718,0.));
#4657 = VECTOR('',#4658,1.);
#4658 = DIRECTION('',(-0.,-1.));
#4659 = ( GEOMETRIC_REPRESENTATION_CONTEXT(2) 
PARAMETRIC_REPRESENTATION_CONTEXT() REPRESENTATION_CONTEXT('2D SPACE',''
  ) );
#4660 = PCURVE('',#4096,#4661);
#4661 = DEFINITIONAL_REPRESENTATION('',(#4662),#4666);
#4662 = LINE('',#4663,#4664);
#4663 = CARTESIAN_POINT('',(-0.,0.));
#4664 = VECTOR('',#4665,1.);
#4665 = DIRECTION('',(-0.,-1.));
#4666 = ( GEOMETRIC_REPRESENTATION_CONTEXT(2) 
PARAMETRIC_REPRESENTATION_CONTEXT() REPRESENTATION_CONTEXT('2D SPACE',''
  ) );
#4667 = ORIENTED_EDGE('',*,*,#4365,.F.);
#4668 = ORIENTED_EDGE('',*,*,#4647,.F.);
#4669 = ADVANCED_FACE('',(#4670),#4131,.F.);
#4670 = FACE_BOUND('',#4671,.T.);
#4671 = EDGE_LOOP('',(#4672,#4673,#4694,#4695));
#4672 = ORIENTED_EDGE('',*,*,#4110,.T.);
#4673 = ORIENTED_EDGE('',*,*,#4674,.T.);
#4674 = EDGE_CURVE('',#4111,#4396,#4675,.T.);
#4675 = SEAM_CURVE('',#4676,(#4680,#4687),.PCURVE_S1.);
#4676 = LINE('',#4677,#4678);
#4677 = CARTESIAN_POINT('',(697.4,104.8,357.1));
#4678 = VECTOR('',#4679,1.);
#4679 = DIRECTION('',(1.,0.,1.110223024625E-16));
#4680 = PCURVE('',#4131,#4681);
#4681 = DEFINITIONAL_REPRESENTATION('',(#4682),#4686);
#4682 = LINE('',#4683,#4684);
#4683 = CARTESIAN_POINT('',(-6.28318530718,0.));
#4684 = VECTOR('',#4685,1.);
#4685 = DIRECTION('',(-0.,-1.));
#4686 = ( GEOMETRIC_REPRESENTATION_CONTEXT(2) 
PARAMETRIC_REPRESENTATION_CONTEXT() REPRESENTATION_CONTEXT('2D SPACE',''
  ) );
#4687 = PCURVE('',#4131,#4688);
#4688 = DEFINITIONAL_REPRESENTATION('',(#4689),#4693);
#4689 = LINE('',#4690,#4691);
#4690 = CARTESIAN_POINT('',(-0.,0.));
#4691 = VECTOR('',#4692,1.);
#4692 = DIRECTION('',(-0.,-1.));
#4693 = ( GEOMETRIC_REPRESENTATION_CONTEXT(2) 
PARAMETRIC_REPRESENTATION_CONTEXT() REPRESENTATION_CONTEXT('2D SPACE',''
  ) );
#4694 = ORIENTED_EDGE('',*,*,#4395,.F.);
#4695 = ORIENTED_EDGE('',*,*,#4674,.F.);
#4696 = ADVANCED_FACE('',(#4697),#4166,.F.);
#4697 = FACE_BOUND('',#4698,.T.);
#4698 = EDGE_LOOP('',(#4699,#4700,#4721,#4722));
#4699 = ORIENTED_EDGE('',*,*,#4145,.T.);
#4700 = ORIENTED_EDGE('',*,*,#4701,.T.);
#4701 = EDGE_CURVE('',#4146,#4426,#4702,.T.);
#4702 = SEAM_CURVE('',#4703,(#4707,#4714),.PCURVE_S1.);
#4703 = LINE('',#4704,#4705);
#4704 = CARTESIAN_POINT('',(697.4,74.10479066835,282.99520933165));
#4705 = VECTOR('',#4706,1.);
#4706 = DIRECTION('',(1.,0.,1.110223024625E-16));
#4707 = PCURVE('',#4166,#4708);
#4708 = DEFINITIONAL_REPRESENTATION('',(#4709),#4713);
#4709 = LINE('',#4710,#4711);
#4710 = CARTESIAN_POINT('',(-6.28318530718,0.));
#4711 = VECTOR('',#4712,1.);
#4712 = DIRECTION('',(-0.,-1.));
#4713 = ( GEOMETRIC_REPRESENTATION_CONTEXT(2) 
PARAMETRIC_REPRESENTATION_CONTEXT() REPRESENTATION_CONTEXT('2D SPACE',''
  ) );
#4714 = PCURVE('',#4166,#4715);
#4715 = DEFINITIONAL_REPRESENTATION('',(#4716),#4720);
#4716 = LINE('',#4717,#4718);
#4717 = CARTESIAN_POINT('',(-0.,0.));
#4718 = VECTOR('',#4719,1.);
#4719 = DIRECTION('',(-0.,-1.));
#4720 = ( GEOMETRIC_REPRESENTATION_CONTEXT(2) 
PARAMETRIC_REPRESENTATION_CONTEXT() REPRESENTATION_CONTEXT('2D SPACE',''
  ) );
#4721 = ORIENTED_EDGE('',*,*,#4425,.F.);
#4722 = ORIENTED_EDGE('',*,*,#4701,.F.);
#4723 = ADVANCED_FACE('',(#4724),#4351,.T.);
#4724 = FACE_BOUND('',#4725,.F.);
#4725 = EDGE_LOOP('',(#4726,#4749,#4776,#4777));
#4726 = ORIENTED_EDGE('',*,*,#4727,.T.);
#4727 = EDGE_CURVE('',#4335,#4728,#4730,.T.);
#4728 = VERTEX_POINT('',#4729);
#4729 = CARTESIAN_POINT('',(723.8,0.,278.5));
#4730 = SEAM_CURVE('',#4731,(#4735,#4742),.PCURVE_S1.);
#4731 = LINE('',#4732,#4733);
#4732 = CARTESIAN_POINT('',(722.2,0.,278.5));
#4733 = VECTOR('',#4734,1.);
#4734 = DIRECTION('',(1.,0.,1.110223024625E-16));
#4735 = PCURVE('',#4351,#4736);
#4736 = DEFINITIONAL_REPRESENTATION('',(#4737),#4741);
#4737 = LINE('',#4738,#4739);
#4738 = CARTESIAN_POINT('',(-0.,0.));
#4739 = VECTOR('',#4740,1.);
#4740 = DIRECTION('',(-0.,-1.));
#4741 = ( GEOMETRIC_REPRESENTATION_CONTEXT(2) 
PARAMETRIC_REPRESENTATION_CONTEXT() REPRESENTATION_CONTEXT('2D SPACE',''
  ) );
#4742 = PCURVE('',#4351,#4743);
#4743 = DEFINITIONAL_REPRESENTATION('',(#4744),#4748);
#4744 = LINE('',#4745,#4746);
#4745 = CARTESIAN_POINT('',(-6.28318530718,0.));
#4746 = VECTOR('',#4747,1.);
#4747 = DIRECTION('',(-0.,-1.));
#4748 = ( GEOMETRIC_REPRESENTATION_CONTEXT(2) 
PARAMETRIC_REPRESENTATION_CONTEXT() REPRESENTATION_CONTEXT('2D SPACE',''
  ) );
#4749 = ORIENTED_EDGE('',*,*,#4750,.T.);
#4750 = EDGE_CURVE('',#4728,#4728,#4751,.T.);
#4751 = SURFACE_CURVE('',#4752,(#4757,#4764),.PCURVE_S1.);
#4752 = CIRCLE('',#4753,78.6);
#4753 = AXIS2_PLACEMENT_3D('',#4754,#4755,#4756);
#4754 = CARTESIAN_POINT('',(723.8,0.,357.1));
#4755 = DIRECTION('',(1.,-0.,1.110223024625E-16));
#4756 = DIRECTION('',(1.110223024625E-16,0.,-1.));
#4757 = PCURVE('',#4351,#4758);
#4758 = DEFINITIONAL_REPRESENTATION('',(#4759),#4763);
#4759 = LINE('',#4760,#4761);
#4760 = CARTESIAN_POINT('',(-0.,-1.6));
#4761 = VECTOR('',#4762,1.);
#4762 = DIRECTION('',(-1.,0.));
#4763 = ( GEOMETRIC_REPRESENTATION_CONTEXT(2) 
PARAMETRIC_REPRESENTATION_CONTEXT() REPRESENTATION_CONTEXT('2D SPACE',''
  ) );
#4764 = PCURVE('',#4765,#4770);
#4765 = PLANE('',#4766);
#4766 = AXIS2_PLACEMENT_3D('',#4767,#4768,#4769);
#4767 = CARTESIAN_POINT('',(723.8,5.698923450613E-15,357.1));
#4768 = DIRECTION('',(1.,0.,1.110223024625E-16));
#4769 = DIRECTION('',(1.110223024625E-16,0.,-1.));
#4770 = DEFINITIONAL_REPRESENTATION('',(#4771),#4775);
#4771 = CIRCLE('',#4772,78.6);
#4772 = AXIS2_PLACEMENT_2D('',#4773,#4774);
#4773 = CARTESIAN_POINT('',(0.,-5.698923450613E-15));
#4774 = DIRECTION('',(1.,0.));
#4775 = ( GEOMETRIC_REPRESENTATION_CONTEXT(2) 
PARAMETRIC_REPRESENTATION_CONTEXT() REPRESENTATION_CONTEXT('2D SPACE',''
  ) );
#4776 = ORIENTED_EDGE('',*,*,#4727,.F.);
#4777 = ORIENTED_EDGE('',*,*,#4334,.F.);
#4778 = ADVANCED_FACE('',(#4779),#4630,.T.);
#4779 = FACE_BOUND('',#4780,.F.);
#4780 = EDGE_LOOP('',(#4781,#4782,#4805,#4832));
#4781 = ORIENTED_EDGE('',*,*,#4615,.T.);
#4782 = ORIENTED_EDGE('',*,*,#4783,.T.);
#4783 = EDGE_CURVE('',#4593,#4784,#4786,.T.);
#4784 = VERTEX_POINT('',#4785);
#4785 = CARTESIAN_POINT('',(632.2,0.,299.95));
#4786 = SEAM_CURVE('',#4787,(#4791,#4798),.PCURVE_S1.);
#4787 = LINE('',#4788,#4789);
#4788 = CARTESIAN_POINT('',(693.4,0.,285.65));
#4789 = VECTOR('',#4790,1.);
#4790 = DIRECTION('',(-0.973770744218,0.,0.227531399384));
#4791 = PCURVE('',#4630,#4792);
#4792 = DEFINITIONAL_REPRESENTATION('',(#4793),#4797);
#4793 = LINE('',#4794,#4795);
#4794 = CARTESIAN_POINT('',(0.,-0.));
#4795 = VECTOR('',#4796,1.);
#4796 = DIRECTION('',(0.,-1.));
#4797 = ( GEOMETRIC_REPRESENTATION_CONTEXT(2) 
PARAMETRIC_REPRESENTATION_CONTEXT() REPRESENTATION_CONTEXT('2D SPACE',''
  ) );
#4798 = PCURVE('',#4630,#4799);
#4799 = DEFINITIONAL_REPRESENTATION('',(#4800),#4804);
#4800 = LINE('',#4801,#4802);
#4801 = CARTESIAN_POINT('',(6.28318530718,-0.));
#4802 = VECTOR('',#4803,1.);
#4803 = DIRECTION('',(0.,-1.));
#4804 = ( GEOMETRIC_REPRESENTATION_CONTEXT(2) 
PARAMETRIC_REPRESENTATION_CONTEXT() REPRESENTATION_CONTEXT('2D SPACE',''
  ) );
#4805 = ORIENTED_EDGE('',*,*,#4806,.F.);
#4806 = EDGE_CURVE('',#4784,#4784,#4807,.T.);
#4807 = SURFACE_CURVE('',#4808,(#4813,#4820),.PCURVE_S1.);
#4808 = CIRCLE('',#4809,57.15);
#4809 = AXIS2_PLACEMENT_3D('',#4810,#4811,#4812);
#4810 = CARTESIAN_POINT('',(632.2,0.,357.1));
#4811 = DIRECTION('',(1.,-0.,1.110223024625E-16));
#4812 = DIRECTION('',(1.110223024625E-16,0.,-1.));
#4813 = PCURVE('',#4630,#4814);
#4814 = DEFINITIONAL_REPRESENTATION('',(#4815),#4819);
#4815 = LINE('',#4816,#4817);
#4816 = CARTESIAN_POINT('',(0.,-61.2));
#4817 = VECTOR('',#4818,1.);
#4818 = DIRECTION('',(1.,-0.));
#4819 = ( GEOMETRIC_REPRESENTATION_CONTEXT(2) 
PARAMETRIC_REPRESENTATION_CONTEXT() REPRESENTATION_CONTEXT('2D SPACE',''
  ) );
#4820 = PCURVE('',#4821,#4826);
#4821 = CYLINDRICAL_SURFACE('',#4822,57.15);
#4822 = AXIS2_PLACEMENT_3D('',#4823,#4824,#4825);
#4823 = CARTESIAN_POINT('',(632.2,0.,357.1));
#4824 = DIRECTION('',(-1.,-0.,-1.110223024625E-16));
#4825 = DIRECTION('',(1.110223024625E-16,0.,-1.));
#4826 = DEFINITIONAL_REPRESENTATION('',(#4827),#4831);
#4827 = LINE('',#4828,#4829);
#4828 = CARTESIAN_POINT('',(-0.,0.));
#4829 = VECTOR('',#4830,1.);
#4830 = DIRECTION('',(-1.,0.));
#4831 = ( GEOMETRIC_REPRESENTATION_CONTEXT(2) 
PARAMETRIC_REPRESENTATION_CONTEXT() REPRESENTATION_CONTEXT('2D SPACE',''
  ) );
#4832 = ORIENTED_EDGE('',*,*,#4783,.F.);
#4833 = ADVANCED_FACE('',(#4834,#4837),#4765,.T.);
#4834 = FACE_BOUND('',#4835,.T.);
#4835 = EDGE_LOOP('',(#4836));
#4836 = ORIENTED_EDGE('',*,*,#4750,.T.);
#4837 = FACE_BOUND('',#4838,.T.);
#4838 = EDGE_LOOP('',(#4839));
#4839 = ORIENTED_EDGE('',*,*,#4840,.T.);
#4840 = EDGE_CURVE('',#4841,#4841,#4843,.T.);
#4841 = VERTEX_POINT('',#4842);
#4842 = CARTESIAN_POINT('',(723.8,0.,305.97));
#4843 = SURFACE_CURVE('',#4844,(#4849,#4860),.PCURVE_S1.);
#4844 = CIRCLE('',#4845,51.13);
#4845 = AXIS2_PLACEMENT_3D('',#4846,#4847,#4848);
#4846 = CARTESIAN_POINT('',(723.8,0.,357.1));
#4847 = DIRECTION('',(-1.,-0.,-1.110223024625E-16));
#4848 = DIRECTION('',(1.110223024625E-16,0.,-1.));
#4849 = PCURVE('',#4765,#4850);
#4850 = DEFINITIONAL_REPRESENTATION('',(#4851),#4859);
#4851 = ( BOUNDED_CURVE() B_SPLINE_CURVE(2,(#4852,#4853,#4854,#4855,
#4856,#4857,#4858),.UNSPECIFIED.,.T.,.F.) B_SPLINE_CURVE_WITH_KNOTS((1,2
    ,2,2,2,1),(-2.094395102393,0.,2.094395102393,4.188790204786,
6.28318530718,8.377580409573),.UNSPECIFIED.) CURVE() 
GEOMETRIC_REPRESENTATION_ITEM() RATIONAL_B_SPLINE_CURVE((1.,0.5,1.,0.5,
1.,0.5,1.)) REPRESENTATION_ITEM('') );
#4852 = CARTESIAN_POINT('',(51.13,-5.698923450613E-15));
#4853 = CARTESIAN_POINT('',(51.13,-88.55975779099));
#4854 = CARTESIAN_POINT('',(-25.565,-44.27987889549));
#4855 = CARTESIAN_POINT('',(-102.26,-1.822216161869E-14));
#4856 = CARTESIAN_POINT('',(-25.565,44.279878895498));
#4857 = CARTESIAN_POINT('',(51.13,88.559757790997));
#4858 = CARTESIAN_POINT('',(51.13,-5.698923450613E-15));
#4859 = ( GEOMETRIC_REPRESENTATION_CONTEXT(2) 
PARAMETRIC_REPRESENTATION_CONTEXT() REPRESENTATION_CONTEXT('2D SPACE',''
  ) );
#4860 = PCURVE('',#4861,#4866);
#4861 = CYLINDRICAL_SURFACE('',#4862,51.13);
#4862 = AXIS2_PLACEMENT_3D('',#4863,#4864,#4865);
#4863 = CARTESIAN_POINT('',(621.2,0.,357.1));
#4864 = DIRECTION('',(-1.,-0.,-1.110223024625E-16));
#4865 = DIRECTION('',(1.110223024625E-16,0.,-1.));
#4866 = DEFINITIONAL_REPRESENTATION('',(#4867),#4871);
#4867 = LINE('',#4868,#4869);
#4868 = CARTESIAN_POINT('',(-6.28318530718,-102.6));
#4869 = VECTOR('',#4870,1.);
#4870 = DIRECTION('',(1.,-0.));
#4871 = ( GEOMETRIC_REPRESENTATION_CONTEXT(2) 
PARAMETRIC_REPRESENTATION_CONTEXT() REPRESENTATION_CONTEXT('2D SPACE',''
  ) );
#4872 = ADVANCED_FACE('',(#4873),#4821,.T.);
#4873 = FACE_BOUND('',#4874,.F.);
#4874 = EDGE_LOOP('',(#4875,#4876,#4899,#4926));
#4875 = ORIENTED_EDGE('',*,*,#4806,.T.);
#4876 = ORIENTED_EDGE('',*,*,#4877,.T.);
#4877 = EDGE_CURVE('',#4784,#4878,#4880,.T.);
#4878 = VERTEX_POINT('',#4879);
#4879 = CARTESIAN_POINT('',(625.2,0.,299.95));
#4880 = SEAM_CURVE('',#4881,(#4885,#4892),.PCURVE_S1.);
#4881 = LINE('',#4882,#4883);
#4882 = CARTESIAN_POINT('',(632.2,0.,299.95));
#4883 = VECTOR('',#4884,1.);
#4884 = DIRECTION('',(-1.,0.,-1.110223024625E-16));
#4885 = PCURVE('',#4821,#4886);
#4886 = DEFINITIONAL_REPRESENTATION('',(#4887),#4891);
#4887 = LINE('',#4888,#4889);
#4888 = CARTESIAN_POINT('',(-0.,0.));
#4889 = VECTOR('',#4890,1.);
#4890 = DIRECTION('',(-0.,1.));
#4891 = ( GEOMETRIC_REPRESENTATION_CONTEXT(2) 
PARAMETRIC_REPRESENTATION_CONTEXT() REPRESENTATION_CONTEXT('2D SPACE',''
  ) );
#4892 = PCURVE('',#4821,#4893);
#4893 = DEFINITIONAL_REPRESENTATION('',(#4894),#4898);
#4894 = LINE('',#4895,#4896);
#4895 = CARTESIAN_POINT('',(-6.28318530718,0.));
#4896 = VECTOR('',#4897,1.);
#4897 = DIRECTION('',(-0.,1.));
#4898 = ( GEOMETRIC_REPRESENTATION_CONTEXT(2) 
PARAMETRIC_REPRESENTATION_CONTEXT() REPRESENTATION_CONTEXT('2D SPACE',''
  ) );
#4899 = ORIENTED_EDGE('',*,*,#4900,.F.);
#4900 = EDGE_CURVE('',#4878,#4878,#4901,.T.);
#4901 = SURFACE_CURVE('',#4902,(#4907,#4914),.PCURVE_S1.);
#4902 = CIRCLE('',#4903,57.15);
#4903 = AXIS2_PLACEMENT_3D('',#4904,#4905,#4906);
#4904 = CARTESIAN_POINT('',(625.2,0.,357.1));
#4905 = DIRECTION('',(1.,-0.,1.110223024625E-16));
#4906 = DIRECTION('',(1.110223024625E-16,0.,-1.));
#4907 = PCURVE('',#4821,#4908);
#4908 = DEFINITIONAL_REPRESENTATION('',(#4909),#4913);
#4909 = LINE('',#4910,#4911);
#4910 = CARTESIAN_POINT('',(-0.,7.));
#4911 = VECTOR('',#4912,1.);
#4912 = DIRECTION('',(-1.,0.));
#4913 = ( GEOMETRIC_REPRESENTATION_CONTEXT(2) 
PARAMETRIC_REPRESENTATION_CONTEXT() REPRESENTATION_CONTEXT('2D SPACE',''
  ) );
#4914 = PCURVE('',#4915,#4920);
#4915 = PLANE('',#4916);
#4916 = AXIS2_PLACEMENT_3D('',#4917,#4918,#4919);
#4917 = CARTESIAN_POINT('',(625.2,0.,357.1));
#4918 = DIRECTION('',(1.,0.,1.110223024625E-16));
#4919 = DIRECTION('',(1.110223024625E-16,0.,-1.));
#4920 = DEFINITIONAL_REPRESENTATION('',(#4921),#4925);
#4921 = CIRCLE('',#4922,57.15);
#4922 = AXIS2_PLACEMENT_2D('',#4923,#4924);
#4923 = CARTESIAN_POINT('',(0.,0.));
#4924 = DIRECTION('',(1.,0.));
#4925 = ( GEOMETRIC_REPRESENTATION_CONTEXT(2) 
PARAMETRIC_REPRESENTATION_CONTEXT() REPRESENTATION_CONTEXT('2D SPACE',''
  ) );
#4926 = ORIENTED_EDGE('',*,*,#4877,.F.);
#4927 = ADVANCED_FACE('',(#4928),#4861,.F.);
#4928 = FACE_BOUND('',#4929,.T.);
#4929 = EDGE_LOOP('',(#4930,#4931,#4954,#4976));
#4930 = ORIENTED_EDGE('',*,*,#4840,.F.);
#4931 = ORIENTED_EDGE('',*,*,#4932,.T.);
#4932 = EDGE_CURVE('',#4841,#4933,#4935,.T.);
#4933 = VERTEX_POINT('',#4934);
#4934 = CARTESIAN_POINT('',(625.2,0.,305.97));
#4935 = SEAM_CURVE('',#4936,(#4940,#4947),.PCURVE_S1.);
#4936 = LINE('',#4937,#4938);
#4937 = CARTESIAN_POINT('',(723.8,0.,305.97));
#4938 = VECTOR('',#4939,1.);
#4939 = DIRECTION('',(-1.,0.,-1.110223024625E-16));
#4940 = PCURVE('',#4861,#4941);
#4941 = DEFINITIONAL_REPRESENTATION('',(#4942),#4946);
#4942 = LINE('',#4943,#4944);
#4943 = CARTESIAN_POINT('',(-6.28318530718,-102.6));
#4944 = VECTOR('',#4945,1.);
#4945 = DIRECTION('',(0.,1.));
#4946 = ( GEOMETRIC_REPRESENTATION_CONTEXT(2) 
PARAMETRIC_REPRESENTATION_CONTEXT() REPRESENTATION_CONTEXT('2D SPACE',''
  ) );
#4947 = PCURVE('',#4861,#4948);
#4948 = DEFINITIONAL_REPRESENTATION('',(#4949),#4953);
#4949 = LINE('',#4950,#4951);
#4950 = CARTESIAN_POINT('',(-0.,-102.6));
#4951 = VECTOR('',#4952,1.);
#4952 = DIRECTION('',(0.,1.));
#4953 = ( GEOMETRIC_REPRESENTATION_CONTEXT(2) 
PARAMETRIC_REPRESENTATION_CONTEXT() REPRESENTATION_CONTEXT('2D SPACE',''
  ) );
#4954 = ORIENTED_EDGE('',*,*,#4955,.F.);
#4955 = EDGE_CURVE('',#4933,#4933,#4956,.T.);
#4956 = SURFACE_CURVE('',#4957,(#4962,#4969),.PCURVE_S1.);
#4957 = CIRCLE('',#4958,51.13);
#4958 = AXIS2_PLACEMENT_3D('',#4959,#4960,#4961);
#4959 = CARTESIAN_POINT('',(625.2,0.,357.1));
#4960 = DIRECTION('',(1.,-0.,1.110223024625E-16));
#4961 = DIRECTION('',(1.110223024625E-16,0.,-1.));
#4962 = PCURVE('',#4861,#4963);
#4963 = DEFINITIONAL_REPRESENTATION('',(#4964),#4968);
#4964 = LINE('',#4965,#4966);
#4965 = CARTESIAN_POINT('',(-0.,-4.));
#4966 = VECTOR('',#4967,1.);
#4967 = DIRECTION('',(-1.,0.));
#4968 = ( GEOMETRIC_REPRESENTATION_CONTEXT(2) 
PARAMETRIC_REPRESENTATION_CONTEXT() REPRESENTATION_CONTEXT('2D SPACE',''
  ) );
#4969 = PCURVE('',#4915,#4970);
#4970 = DEFINITIONAL_REPRESENTATION('',(#4971),#4975);
#4971 = CIRCLE('',#4972,51.13);
#4972 = AXIS2_PLACEMENT_2D('',#4973,#4974);
#4973 = CARTESIAN_POINT('',(0.,0.));
#4974 = DIRECTION('',(1.,0.));
#4975 = ( GEOMETRIC_REPRESENTATION_CONTEXT(2) 
PARAMETRIC_REPRESENTATION_CONTEXT() REPRESENTATION_CONTEXT('2D SPACE',''
  ) );
#4976 = ORIENTED_EDGE('',*,*,#4932,.F.);
#4977 = ADVANCED_FACE('',(#4978,#4981),#4915,.F.);
#4978 = FACE_BOUND('',#4979,.F.);
#4979 = EDGE_LOOP('',(#4980));
#4980 = ORIENTED_EDGE('',*,*,#4900,.T.);
#4981 = FACE_BOUND('',#4982,.F.);
#4982 = EDGE_LOOP('',(#4983));
#4983 = ORIENTED_EDGE('',*,*,#4955,.F.);
#4984 = ( GEOMETRIC_REPRESENTATION_CONTEXT(3) 
GLOBAL_UNCERTAINTY_ASSIGNED_CONTEXT((#4988)) 
GLOBAL_UNIT_ASSIGNED_CONTEXT((#4985,#4986,#4987)) REPRESENTATION_CONTEXT
('Context #1','3D Context with UNIT and UNCERTAINTY') );
#4985 = ( LENGTH_UNIT() NAMED_UNIT(*) SI_UNIT(.MILLI.,.METRE.) );
#4986 = ( NAMED_UNIT(*) PLANE_ANGLE_UNIT() SI_UNIT($,.RADIAN.) );
#4987 = ( NAMED_UNIT(*) SI_UNIT($,.STERADIAN.) SOLID_ANGLE_UNIT() );
#4988 = UNCERTAINTY_MEASURE_WITH_UNIT(LENGTH_MEASURE(1.E-07),#4985,
  'distance_accuracy_value','confusion accuracy');
#4989 = CONTEXT_DEPENDENT_SHAPE_REPRESENTATION(#4990,#4992);
#4990 = ( REPRESENTATION_RELATIONSHIP('','',#3771,#10) 
REPRESENTATION_RELATIONSHIP_WITH_TRANSFORMATION(#4991) 
SHAPE_REPRESENTATION_RELATIONSHIP() );
#4991 = ITEM_DEFINED_TRANSFORMATION('','',#11,#35);
#4992 = PRODUCT_DEFINITION_SHAPE('Placement','Placement of an item',
  #4993);
#4993 = NEXT_ASSEMBLY_USAGE_OCCURRENCE('24','','',#5,#3766,$);
#4994 = PRODUCT_RELATED_PRODUCT_CATEGORY('part',$,(#3768));
ENDSEC;
END-ISO-10303-21;
