ISO-10303-21;
HEADER;
FILE_DESCRIPTION(('Open CASCADE Model'),'2;1');
FILE_NAME('Open CASCADE Shape Model','2026-01-27T22:11:49',('Author'),(
    'Open CASCADE'),'Open CASCADE STEP processor 7.8','Open CASCADE 7.8'
  ,'Unknown');
FILE_SCHEMA(('AUTOMOTIVE_DESIGN { 1 0 10303 214 1 1 1 1 }'));
ENDSEC;
DATA;
#1 = APPLICATION_PROTOCOL_DEFINITION('international standard',
  'automotive_design',2000,#2);
#2 = APPLICATION_CONTEXT(
  'core data for automotive mechanical design processes');
#3 = SHAPE_DEFINITION_REPRESENTATION(#4,#10);
#4 = PRODUCT_DEFINITION_SHAPE('','',#5);
#5 = PRODUCT_DEFINITION('design','',#6,#9);
#6 = PRODUCT_DEFINITION_FORMATION('','',#7);
#7 = PRODUCT('Open CASCADE STEP translator 7.8 15',
  'Open CASCADE STEP translator 7.8 15','',(#8));
#8 = PRODUCT_CONTEXT('',#2,'mechanical');
#9 = PRODUCT_DEFINITION_CONTEXT('part definition',#2,'design');
#10 = SHAPE_REPRESENTATION('',(#11,#15,#19,#23,#27,#31,#35),#39);
#11 = AXIS2_PLACEMENT_3D('',#12,#13,#14);
#12 = CARTESIAN_POINT('',(0.,0.,0.));
#13 = DIRECTION('',(0.,0.,1.));
#14 = DIRECTION('',(1.,0.,-0.));
#15 = AXIS2_PLACEMENT_3D('',#16,#17,#18);
#16 = CARTESIAN_POINT('',(0.,0.,0.));
#17 = DIRECTION('',(0.,0.,1.));
#18 = DIRECTION('',(1.,0.,-0.));
#19 = AXIS2_PLACEMENT_3D('',#20,#21,#22);
#20 = CARTESIAN_POINT('',(0.,0.,0.));
#21 = DIRECTION('',(0.,0.,1.));
#22 = DIRECTION('',(1.,0.,-0.));
#23 = AXIS2_PLACEMENT_3D('',#24,#25,#26);
#24 = CARTESIAN_POINT('',(0.,0.,0.));
#25 = DIRECTION('',(0.,0.,1.));
#26 = DIRECTION('',(1.,0.,-0.));
#27 = AXIS2_PLACEMENT_3D('',#28,#29,#30);
#28 = CARTESIAN_POINT('',(0.,0.,0.));
#29 = DIRECTION('',(0.,0.,1.));
#30 = DIRECTION('',(1.,0.,-0.));
#31 = AXIS2_PLACEMENT_3D('',#32,#33,#34);
#32 = CARTESIAN_POINT('',(0.,0.,0.));
#33 = DIRECTION('',(0.,0.,1.));
#34 = DIRECTION('',(1.,0.,-0.));
#35 = AXIS2_PLACEMENT_3D('',#36,#37,#38);
#36 = CARTESIAN_POINT('',(0.,0.,0.));
#37 = DIRECTION('',(0.,0.,1.));
#38 = DIRECTION('',(1.,0.,-0.));
#39 = ( GEOMETRIC_REPRESENTATION_CONTEXT(3) 
GLOBAL_UNCERTAINTY_ASSIGNED_CONTEXT((#43)) GLOBAL_UNIT_ASSIGNED_CONTEXT(
(#40,#41,#42)) REPRESENTATION_CONTEXT('Context #1',
  '3D Context with UNIT and UNCERTAINTY') );
#40 = ( LENGTH_UNIT() NAMED_UNIT(*) SI_UNIT(.MILLI.,.METRE.) );
#41 = ( NAMED_UNIT(*) PLANE_ANGLE_UNIT() SI_UNIT($,.RADIAN.) );
#42 = ( NAMED_UNIT(*) SI_UNIT($,.STERADIAN.) SOLID_ANGLE_UNIT() );
#43 = UNCERTAINTY_MEASURE_WITH_UNIT(LENGTH_MEASURE(2.E-07),#40,
  'distance_accuracy_value','confusion accuracy');
#44 = PRODUCT_RELATED_PRODUCT_CATEGORY('part',$,(#7));
#45 = SHAPE_DEFINITION_REPRESENTATION(#46,#52);
#46 = PRODUCT_DEFINITION_SHAPE('','',#47);
#47 = PRODUCT_DEFINITION('design','',#48,#51);
#48 = PRODUCT_DEFINITION_FORMATION('','',#49);
#49 = PRODUCT('Open CASCADE STEP translator 7.8 15.1',
  'Open CASCADE STEP translator 7.8 15.1','',(#50));
#50 = PRODUCT_CONTEXT('',#2,'mechanical');
#51 = PRODUCT_DEFINITION_CONTEXT('part definition',#2,'design');
#52 = ADVANCED_BREP_SHAPE_REPRESENTATION('',(#11,#53),#897);
#53 = MANIFOLD_SOLID_BREP('',#54);
#54 = CLOSED_SHELL('',(#55,#143,#318,#473,#500,#527,#582,#609,#636,#691,
    #746,#785,#840,#890));
#55 = ADVANCED_FACE('',(#56),#70,.T.);
#56 = FACE_BOUND('',#57,.F.);
#57 = EDGE_LOOP('',(#58,#88,#115,#116));
#58 = ORIENTED_EDGE('',*,*,#59,.T.);
#59 = EDGE_CURVE('',#60,#62,#64,.T.);
#60 = VERTEX_POINT('',#61);
#61 = CARTESIAN_POINT('',(76.2,0.,20.7));
#62 = VERTEX_POINT('',#63);
#63 = CARTESIAN_POINT('',(76.2,-2.339075386371E-15,1.6));
#64 = SEAM_CURVE('',#65,(#69,#81),.PCURVE_S1.);
#65 = LINE('',#66,#67);
#66 = CARTESIAN_POINT('',(76.2,0.,20.7));
#67 = VECTOR('',#68,1.);
#68 = DIRECTION('',(0.,-1.224646799147E-16,-1.));
#69 = PCURVE('',#70,#75);
#70 = CYLINDRICAL_SURFACE('',#71,76.2);
#71 = AXIS2_PLACEMENT_3D('',#72,#73,#74);
#72 = CARTESIAN_POINT('',(0.,0.,20.7));
#73 = DIRECTION('',(-0.,1.224646799147E-16,1.));
#74 = DIRECTION('',(1.,0.,0.));
#75 = DEFINITIONAL_REPRESENTATION('',(#76),#80);
#76 = LINE('',#77,#78);
#77 = CARTESIAN_POINT('',(-0.,0.));
#78 = VECTOR('',#79,1.);
#79 = DIRECTION('',(-0.,-1.));
#80 = ( GEOMETRIC_REPRESENTATION_CONTEXT(2) 
PARAMETRIC_REPRESENTATION_CONTEXT() REPRESENTATION_CONTEXT('2D SPACE',''
  ) );
#81 = PCURVE('',#70,#82);
#82 = DEFINITIONAL_REPRESENTATION('',(#83),#87);
#83 = LINE('',#84,#85);
#84 = CARTESIAN_POINT('',(-6.28318530718,0.));
#85 = VECTOR('',#86,1.);
#86 = DIRECTION('',(-0.,-1.));
#87 = ( GEOMETRIC_REPRESENTATION_CONTEXT(2) 
PARAMETRIC_REPRESENTATION_CONTEXT() REPRESENTATION_CONTEXT('2D SPACE',''
  ) );
#88 = ORIENTED_EDGE('',*,*,#89,.T.);
#89 = EDGE_CURVE('',#62,#62,#90,.T.);
#90 = SURFACE_CURVE('',#91,(#96,#103),.PCURVE_S1.);
#91 = CIRCLE('',#92,76.2);
#92 = AXIS2_PLACEMENT_3D('',#93,#94,#95);
#93 = CARTESIAN_POINT('',(0.,-2.339075386371E-15,1.6));
#94 = DIRECTION('',(0.,-1.224646799147E-16,-1.));
#95 = DIRECTION('',(1.,0.,0.));
#96 = PCURVE('',#70,#97);
#97 = DEFINITIONAL_REPRESENTATION('',(#98),#102);
#98 = LINE('',#99,#100);
#99 = CARTESIAN_POINT('',(-0.,-19.1));
#100 = VECTOR('',#101,1.);
#101 = DIRECTION('',(-1.,0.));
#102 = ( GEOMETRIC_REPRESENTATION_CONTEXT(2) 
PARAMETRIC_REPRESENTATION_CONTEXT() REPRESENTATION_CONTEXT('2D SPACE',''
  ) );
#103 = PCURVE('',#104,#109);
#104 = PLANE('',#105);
#105 = AXIS2_PLACEMENT_3D('',#106,#107,#108);
#106 = CARTESIAN_POINT('',(-2.297012296129E-15,-1.301054629331E-14,1.6)
  );
#107 = DIRECTION('',(0.,-1.224646799147E-16,-1.));
#108 = DIRECTION('',(1.,0.,0.));
#109 = DEFINITIONAL_REPRESENTATION('',(#110),#114);
#110 = CIRCLE('',#111,76.2);
#111 = AXIS2_PLACEMENT_2D('',#112,#113);
#112 = CARTESIAN_POINT('',(2.297012296129E-15,-1.067147090694E-14));
#113 = DIRECTION('',(1.,0.));
#114 = ( GEOMETRIC_REPRESENTATION_CONTEXT(2) 
PARAMETRIC_REPRESENTATION_CONTEXT() REPRESENTATION_CONTEXT('2D SPACE',''
  ) );
#115 = ORIENTED_EDGE('',*,*,#59,.F.);
#116 = ORIENTED_EDGE('',*,*,#117,.F.);
#117 = EDGE_CURVE('',#60,#60,#118,.T.);
#118 = SURFACE_CURVE('',#119,(#124,#131),.PCURVE_S1.);
#119 = CIRCLE('',#120,76.2);
#120 = AXIS2_PLACEMENT_3D('',#121,#122,#123);
#121 = CARTESIAN_POINT('',(0.,0.,20.7));
#122 = DIRECTION('',(0.,-1.224646799147E-16,-1.));
#123 = DIRECTION('',(1.,0.,0.));
#124 = PCURVE('',#70,#125);
#125 = DEFINITIONAL_REPRESENTATION('',(#126),#130);
#126 = LINE('',#127,#128);
#127 = CARTESIAN_POINT('',(-0.,0.));
#128 = VECTOR('',#129,1.);
#129 = DIRECTION('',(-1.,0.));
#130 = ( GEOMETRIC_REPRESENTATION_CONTEXT(2) 
PARAMETRIC_REPRESENTATION_CONTEXT() REPRESENTATION_CONTEXT('2D SPACE',''
  ) );
#131 = PCURVE('',#132,#137);
#132 = PLANE('',#133);
#133 = AXIS2_PLACEMENT_3D('',#134,#135,#136);
#134 = CARTESIAN_POINT('',(-2.297012296129E-15,-1.067147090694E-14,20.7)
  );
#135 = DIRECTION('',(0.,-1.224646799147E-16,-1.));
#136 = DIRECTION('',(1.,0.,0.));
#137 = DEFINITIONAL_REPRESENTATION('',(#138),#142);
#138 = CIRCLE('',#139,76.2);
#139 = AXIS2_PLACEMENT_2D('',#140,#141);
#140 = CARTESIAN_POINT('',(2.297012296129E-15,-1.067147090694E-14));
#141 = DIRECTION('',(1.,0.));
#142 = ( GEOMETRIC_REPRESENTATION_CONTEXT(2) 
PARAMETRIC_REPRESENTATION_CONTEXT() REPRESENTATION_CONTEXT('2D SPACE',''
  ) );
#143 = ADVANCED_FACE('',(#144,#147,#182,#217,#248,#283),#132,.F.);
#144 = FACE_BOUND('',#145,.F.);
#145 = EDGE_LOOP('',(#146));
#146 = ORIENTED_EDGE('',*,*,#117,.T.);
#147 = FACE_BOUND('',#148,.F.);
#148 = EDGE_LOOP('',(#149));
#149 = ORIENTED_EDGE('',*,*,#150,.T.);
#150 = EDGE_CURVE('',#151,#151,#153,.T.);
#151 = VERTEX_POINT('',#152);
#152 = CARTESIAN_POINT('',(-1.319745627532E-14,69.85,20.7));
#153 = SURFACE_CURVE('',#154,(#159,#170),.PCURVE_S1.);
#154 = CIRCLE('',#155,9.55);
#155 = AXIS2_PLACEMENT_3D('',#156,#157,#158);
#156 = CARTESIAN_POINT('',(-1.107693029829E-14,60.3,20.7));
#157 = DIRECTION('',(0.,1.224646799147E-16,1.));
#158 = DIRECTION('',(-2.22044604925E-16,1.,-1.224646799147E-16));
#159 = PCURVE('',#132,#160);
#160 = DEFINITIONAL_REPRESENTATION('',(#161),#169);
#161 = ( BOUNDED_CURVE() B_SPLINE_CURVE(2,(#162,#163,#164,#165,#166,#167
,#168),.UNSPECIFIED.,.T.,.F.) B_SPLINE_CURVE_WITH_KNOTS((1,2,2,2,2,1),(
    -2.094395102393,0.,2.094395102393,4.188790204786,6.28318530718,
8.377580409573),.UNSPECIFIED.) CURVE() GEOMETRIC_REPRESENTATION_ITEM() 
RATIONAL_B_SPLINE_CURVE((1.,0.5,1.,0.5,1.,0.5,1.)) REPRESENTATION_ITEM(
  '') );
#162 = CARTESIAN_POINT('',(-1.090044397919E-14,-69.85));
#163 = CARTESIAN_POINT('',(-16.54108521228,-69.85));
#164 = CARTESIAN_POINT('',(-8.270542606141,-55.525));
#165 = CARTESIAN_POINT('',(-6.877941434462E-15,-41.2));
#166 = CARTESIAN_POINT('',(8.270542606141,-55.525));
#167 = CARTESIAN_POINT('',(16.541085212283,-69.85));
#168 = CARTESIAN_POINT('',(-1.090044397919E-14,-69.85));
#169 = ( GEOMETRIC_REPRESENTATION_CONTEXT(2) 
PARAMETRIC_REPRESENTATION_CONTEXT() REPRESENTATION_CONTEXT('2D SPACE',''
  ) );
#170 = PCURVE('',#171,#176);
#171 = CYLINDRICAL_SURFACE('',#172,9.55);
#172 = AXIS2_PLACEMENT_3D('',#173,#174,#175);
#173 = CARTESIAN_POINT('',(-1.107693029829E-14,60.3,21.7));
#174 = DIRECTION('',(-0.,1.224646799147E-16,1.));
#175 = DIRECTION('',(-2.22044604925E-16,1.,-1.224646799147E-16));
#176 = DEFINITIONAL_REPRESENTATION('',(#177),#181);
#177 = LINE('',#178,#179);
#178 = CARTESIAN_POINT('',(-6.28318530718,-1.));
#179 = VECTOR('',#180,1.);
#180 = DIRECTION('',(1.,-0.));
#181 = ( GEOMETRIC_REPRESENTATION_CONTEXT(2) 
PARAMETRIC_REPRESENTATION_CONTEXT() REPRESENTATION_CONTEXT('2D SPACE',''
  ) );
#182 = FACE_BOUND('',#183,.F.);
#183 = EDGE_LOOP('',(#184));
#184 = ORIENTED_EDGE('',*,*,#185,.T.);
#185 = EDGE_CURVE('',#186,#186,#188,.T.);
#186 = VERTEX_POINT('',#187);
#187 = CARTESIAN_POINT('',(-69.85,-8.554157892044E-15,20.7));
#188 = SURFACE_CURVE('',#189,(#194,#205),.PCURVE_S1.);
#189 = CIRCLE('',#190,9.55);
#190 = AXIS2_PLACEMENT_3D('',#191,#192,#193);
#191 = CARTESIAN_POINT('',(-60.3,-7.384620198859E-15,20.7));
#192 = DIRECTION('',(0.,1.224646799147E-16,1.));
#193 = DIRECTION('',(-1.,-1.224646799147E-16,1.499759782662E-32));
#194 = PCURVE('',#132,#195);
#195 = DEFINITIONAL_REPRESENTATION('',(#196),#204);
#196 = ( BOUNDED_CURVE() B_SPLINE_CURVE(2,(#197,#198,#199,#200,#201,#202
,#203),.UNSPECIFIED.,.T.,.F.) B_SPLINE_CURVE_WITH_KNOTS((1,2,2,2,2,1),(
    -2.094395102393,0.,2.094395102393,4.188790204786,6.28318530718,
8.377580409573),.UNSPECIFIED.) CURVE() GEOMETRIC_REPRESENTATION_ITEM() 
RATIONAL_B_SPLINE_CURVE((1.,0.5,1.,0.5,1.,0.5,1.)) REPRESENTATION_ITEM(
  '') );
#197 = CARTESIAN_POINT('',(-69.85,-2.117313014897E-15));
#198 = CARTESIAN_POINT('',(-69.85,16.541085212283));
#199 = CARTESIAN_POINT('',(-55.525,8.270542606141));
#200 = CARTESIAN_POINT('',(-41.2,-3.286850708082E-15));
#201 = CARTESIAN_POINT('',(-55.525,-8.270542606141));
#202 = CARTESIAN_POINT('',(-69.85,-16.54108521228));
#203 = CARTESIAN_POINT('',(-69.85,-2.117313014897E-15));
#204 = ( GEOMETRIC_REPRESENTATION_CONTEXT(2) 
PARAMETRIC_REPRESENTATION_CONTEXT() REPRESENTATION_CONTEXT('2D SPACE',''
  ) );
#205 = PCURVE('',#206,#211);
#206 = CYLINDRICAL_SURFACE('',#207,9.55);
#207 = AXIS2_PLACEMENT_3D('',#208,#209,#210);
#208 = CARTESIAN_POINT('',(-60.3,-7.262155518944E-15,21.7));
#209 = DIRECTION('',(-0.,1.224646799147E-16,1.));
#210 = DIRECTION('',(-1.,-1.224646799147E-16,1.499759782662E-32));
#211 = DEFINITIONAL_REPRESENTATION('',(#212),#216);
#212 = LINE('',#213,#214);
#213 = CARTESIAN_POINT('',(-6.28318530718,-1.));
#214 = VECTOR('',#215,1.);
#215 = DIRECTION('',(1.,-0.));
#216 = ( GEOMETRIC_REPRESENTATION_CONTEXT(2) 
PARAMETRIC_REPRESENTATION_CONTEXT() REPRESENTATION_CONTEXT('2D SPACE',''
  ) );
#217 = FACE_BOUND('',#218,.F.);
#218 = EDGE_LOOP('',(#219));
#219 = ORIENTED_EDGE('',*,*,#220,.F.);
#220 = EDGE_CURVE('',#221,#221,#223,.T.);
#221 = VERTEX_POINT('',#222);
#222 = CARTESIAN_POINT('',(42.05,0.,20.7));
#223 = SURFACE_CURVE('',#224,(#229,#236),.PCURVE_S1.);
#224 = CIRCLE('',#225,42.05);
#225 = AXIS2_PLACEMENT_3D('',#226,#227,#228);
#226 = CARTESIAN_POINT('',(0.,0.,20.7));
#227 = DIRECTION('',(0.,-1.224646799147E-16,-1.));
#228 = DIRECTION('',(1.,0.,0.));
#229 = PCURVE('',#132,#230);
#230 = DEFINITIONAL_REPRESENTATION('',(#231),#235);
#231 = CIRCLE('',#232,42.05);
#232 = AXIS2_PLACEMENT_2D('',#233,#234);
#233 = CARTESIAN_POINT('',(2.297012296129E-15,-1.067147090694E-14));
#234 = DIRECTION('',(1.,0.));
#235 = ( GEOMETRIC_REPRESENTATION_CONTEXT(2) 
PARAMETRIC_REPRESENTATION_CONTEXT() REPRESENTATION_CONTEXT('2D SPACE',''
  ) );
#236 = PCURVE('',#237,#242);
#237 = CYLINDRICAL_SURFACE('',#238,42.05);
#238 = AXIS2_PLACEMENT_3D('',#239,#240,#241);
#239 = CARTESIAN_POINT('',(0.,0.,20.7));
#240 = DIRECTION('',(-0.,1.224646799147E-16,1.));
#241 = DIRECTION('',(1.,0.,0.));
#242 = DEFINITIONAL_REPRESENTATION('',(#243),#247);
#243 = LINE('',#244,#245);
#244 = CARTESIAN_POINT('',(-0.,0.));
#245 = VECTOR('',#246,1.);
#246 = DIRECTION('',(-1.,0.));
#247 = ( GEOMETRIC_REPRESENTATION_CONTEXT(2) 
PARAMETRIC_REPRESENTATION_CONTEXT() REPRESENTATION_CONTEXT('2D SPACE',''
  ) );
#248 = FACE_BOUND('',#249,.F.);
#249 = EDGE_LOOP('',(#250));
#250 = ORIENTED_EDGE('',*,*,#251,.T.);
#251 = EDGE_CURVE('',#252,#252,#254,.T.);
#252 = VERTEX_POINT('',#253);
#253 = CARTESIAN_POINT('',(69.85,0.,20.7));
#254 = SURFACE_CURVE('',#255,(#260,#271),.PCURVE_S1.);
#255 = CIRCLE('',#256,9.55);
#256 = AXIS2_PLACEMENT_3D('',#257,#258,#259);
#257 = CARTESIAN_POINT('',(60.3,0.,20.7));
#258 = DIRECTION('',(-0.,1.224646799147E-16,1.));
#259 = DIRECTION('',(1.,0.,0.));
#260 = PCURVE('',#132,#261);
#261 = DEFINITIONAL_REPRESENTATION('',(#262),#270);
#262 = ( BOUNDED_CURVE() B_SPLINE_CURVE(2,(#263,#264,#265,#266,#267,#268
,#269),.UNSPECIFIED.,.T.,.F.) B_SPLINE_CURVE_WITH_KNOTS((1,2,2,2,2,1),(
    -2.094395102393,0.,2.094395102393,4.188790204786,6.28318530718,
8.377580409573),.UNSPECIFIED.) CURVE() GEOMETRIC_REPRESENTATION_ITEM() 
RATIONAL_B_SPLINE_CURVE((1.,0.5,1.,0.5,1.,0.5,1.)) REPRESENTATION_ITEM(
  '') );
#263 = CARTESIAN_POINT('',(69.85,-1.067147090694E-14));
#264 = CARTESIAN_POINT('',(69.85,-16.54108521228));
#265 = CARTESIAN_POINT('',(55.525,-8.270542606141));
#266 = CARTESIAN_POINT('',(41.2,-1.301054629331E-14));
#267 = CARTESIAN_POINT('',(55.525,8.270542606141));
#268 = CARTESIAN_POINT('',(69.85,16.541085212283));
#269 = CARTESIAN_POINT('',(69.85,-1.067147090694E-14));
#270 = ( GEOMETRIC_REPRESENTATION_CONTEXT(2) 
PARAMETRIC_REPRESENTATION_CONTEXT() REPRESENTATION_CONTEXT('2D SPACE',''
  ) );
#271 = PCURVE('',#272,#277);
#272 = CYLINDRICAL_SURFACE('',#273,9.55);
#273 = AXIS2_PLACEMENT_3D('',#274,#275,#276);
#274 = CARTESIAN_POINT('',(60.3,1.224646799147E-16,21.7));
#275 = DIRECTION('',(-0.,1.224646799147E-16,1.));
#276 = DIRECTION('',(1.,0.,0.));
#277 = DEFINITIONAL_REPRESENTATION('',(#278),#282);
#278 = LINE('',#279,#280);
#279 = CARTESIAN_POINT('',(-6.28318530718,-1.));
#280 = VECTOR('',#281,1.);
#281 = DIRECTION('',(1.,-0.));
#282 = ( GEOMETRIC_REPRESENTATION_CONTEXT(2) 
PARAMETRIC_REPRESENTATION_CONTEXT() REPRESENTATION_CONTEXT('2D SPACE',''
  ) );
#283 = FACE_BOUND('',#284,.F.);
#284 = EDGE_LOOP('',(#285));
#285 = ORIENTED_EDGE('',*,*,#286,.T.);
#286 = EDGE_CURVE('',#287,#287,#289,.T.);
#287 = VERTEX_POINT('',#288);
#288 = CARTESIAN_POINT('',(4.752573087946E-15,-69.85,20.7));
#289 = SURFACE_CURVE('',#290,(#295,#306),.PCURVE_S1.);
#290 = CIRCLE('',#291,9.55);
#291 = AXIS2_PLACEMENT_3D('',#292,#293,#294);
#292 = CARTESIAN_POINT('',(3.692310099429E-15,-60.3,20.7));
#293 = DIRECTION('',(0.,1.224646799147E-16,1.));
#294 = DIRECTION('',(1.110223024625E-16,-1.,1.224646799147E-16));
#295 = PCURVE('',#132,#296);
#296 = DEFINITIONAL_REPRESENTATION('',(#297),#305);
#297 = ( BOUNDED_CURVE() B_SPLINE_CURVE(2,(#298,#299,#300,#301,#302,#303
,#304),.UNSPECIFIED.,.T.,.F.) B_SPLINE_CURVE_WITH_KNOTS((1,2,2,2,2,1),(
    -2.094395102393,0.,2.094395102393,4.188790204786,6.28318530718,
8.377580409573),.UNSPECIFIED.) CURVE() GEOMETRIC_REPRESENTATION_ITEM() 
RATIONAL_B_SPLINE_CURVE((1.,0.5,1.,0.5,1.,0.5,1.)) REPRESENTATION_ITEM(
  '') );
#298 = CARTESIAN_POINT('',(7.049585384076E-15,69.85));
#299 = CARTESIAN_POINT('',(16.541085212283,69.85));
#300 = CARTESIAN_POINT('',(8.270542606141,55.525));
#301 = CARTESIAN_POINT('',(6.207871804896E-15,41.2));
#302 = CARTESIAN_POINT('',(-8.270542606141,55.525));
#303 = CARTESIAN_POINT('',(-16.54108521228,69.85));
#304 = CARTESIAN_POINT('',(7.049585384076E-15,69.85));
#305 = ( GEOMETRIC_REPRESENTATION_CONTEXT(2) 
PARAMETRIC_REPRESENTATION_CONTEXT() REPRESENTATION_CONTEXT('2D SPACE',''
  ) );
#306 = PCURVE('',#307,#312);
#307 = CYLINDRICAL_SURFACE('',#308,9.55);
#308 = AXIS2_PLACEMENT_3D('',#309,#310,#311);
#309 = CARTESIAN_POINT('',(3.692310099429E-15,-60.3,21.7));
#310 = DIRECTION('',(0.,1.224646799147E-16,1.));
#311 = DIRECTION('',(1.110223024625E-16,-1.,1.224646799147E-16));
#312 = DEFINITIONAL_REPRESENTATION('',(#313),#317);
#313 = LINE('',#314,#315);
#314 = CARTESIAN_POINT('',(-6.28318530718,-1.));
#315 = VECTOR('',#316,1.);
#316 = DIRECTION('',(1.,-0.));
#317 = ( GEOMETRIC_REPRESENTATION_CONTEXT(2) 
PARAMETRIC_REPRESENTATION_CONTEXT() REPRESENTATION_CONTEXT('2D SPACE',''
  ) );
#318 = ADVANCED_FACE('',(#319,#322,#352,#382,#413,#443),#104,.T.);
#319 = FACE_BOUND('',#320,.T.);
#320 = EDGE_LOOP('',(#321));
#321 = ORIENTED_EDGE('',*,*,#89,.T.);
#322 = FACE_BOUND('',#323,.T.);
#323 = EDGE_LOOP('',(#324));
#324 = ORIENTED_EDGE('',*,*,#325,.T.);
#325 = EDGE_CURVE('',#326,#326,#328,.T.);
#326 = VERTEX_POINT('',#327);
#327 = CARTESIAN_POINT('',(-1.319745627532E-14,69.85,1.6));
#328 = SURFACE_CURVE('',#329,(#334,#345),.PCURVE_S1.);
#329 = CIRCLE('',#330,9.55);
#330 = AXIS2_PLACEMENT_3D('',#331,#332,#333);
#331 = CARTESIAN_POINT('',(-1.107693029829E-14,60.3,1.6));
#332 = DIRECTION('',(0.,1.224646799147E-16,1.));
#333 = DIRECTION('',(-2.22044604925E-16,1.,-1.224646799147E-16));
#334 = PCURVE('',#104,#335);
#335 = DEFINITIONAL_REPRESENTATION('',(#336),#344);
#336 = ( BOUNDED_CURVE() B_SPLINE_CURVE(2,(#337,#338,#339,#340,#341,#342
,#343),.UNSPECIFIED.,.T.,.F.) B_SPLINE_CURVE_WITH_KNOTS((1,2,2,2,2,1),(
    -2.094395102393,0.,2.094395102393,4.188790204786,6.28318530718,
8.377580409573),.UNSPECIFIED.) CURVE() GEOMETRIC_REPRESENTATION_ITEM() 
RATIONAL_B_SPLINE_CURVE((1.,0.5,1.,0.5,1.,0.5,1.)) REPRESENTATION_ITEM(
  '') );
#337 = CARTESIAN_POINT('',(-1.090044397919E-14,-69.85));
#338 = CARTESIAN_POINT('',(-16.54108521228,-69.85));
#339 = CARTESIAN_POINT('',(-8.270542606141,-55.525));
#340 = CARTESIAN_POINT('',(-6.877941434462E-15,-41.2));
#341 = CARTESIAN_POINT('',(8.270542606141,-55.525));
#342 = CARTESIAN_POINT('',(16.541085212283,-69.85));
#343 = CARTESIAN_POINT('',(-1.090044397919E-14,-69.85));
#344 = ( GEOMETRIC_REPRESENTATION_CONTEXT(2) 
PARAMETRIC_REPRESENTATION_CONTEXT() REPRESENTATION_CONTEXT('2D SPACE',''
  ) );
#345 = PCURVE('',#171,#346);
#346 = DEFINITIONAL_REPRESENTATION('',(#347),#351);
#347 = LINE('',#348,#349);
#348 = CARTESIAN_POINT('',(-6.28318530718,-20.1));
#349 = VECTOR('',#350,1.);
#350 = DIRECTION('',(1.,-0.));
#351 = ( GEOMETRIC_REPRESENTATION_CONTEXT(2) 
PARAMETRIC_REPRESENTATION_CONTEXT() REPRESENTATION_CONTEXT('2D SPACE',''
  ) );
#352 = FACE_BOUND('',#353,.T.);
#353 = EDGE_LOOP('',(#354));
#354 = ORIENTED_EDGE('',*,*,#355,.T.);
#355 = EDGE_CURVE('',#356,#356,#358,.T.);
#356 = VERTEX_POINT('',#357);
#357 = CARTESIAN_POINT('',(-69.85,-1.089323327842E-14,1.6));
#358 = SURFACE_CURVE('',#359,(#364,#375),.PCURVE_S1.);
#359 = CIRCLE('',#360,9.55);
#360 = AXIS2_PLACEMENT_3D('',#361,#362,#363);
#361 = CARTESIAN_POINT('',(-60.3,-9.72369558523E-15,1.6));
#362 = DIRECTION('',(0.,1.224646799147E-16,1.));
#363 = DIRECTION('',(-1.,-1.224646799147E-16,1.499759782662E-32));
#364 = PCURVE('',#104,#365);
#365 = DEFINITIONAL_REPRESENTATION('',(#366),#374);
#366 = ( BOUNDED_CURVE() B_SPLINE_CURVE(2,(#367,#368,#369,#370,#371,#372
,#373),.UNSPECIFIED.,.T.,.F.) B_SPLINE_CURVE_WITH_KNOTS((1,2,2,2,2,1),(
    -2.094395102393,0.,2.094395102393,4.188790204786,6.28318530718,
8.377580409573),.UNSPECIFIED.) CURVE() GEOMETRIC_REPRESENTATION_ITEM() 
RATIONAL_B_SPLINE_CURVE((1.,0.5,1.,0.5,1.,0.5,1.)) REPRESENTATION_ITEM(
  '') );
#367 = CARTESIAN_POINT('',(-69.85,-2.117313014897E-15));
#368 = CARTESIAN_POINT('',(-69.85,16.541085212283));
#369 = CARTESIAN_POINT('',(-55.525,8.270542606141));
#370 = CARTESIAN_POINT('',(-41.2,-3.286850708082E-15));
#371 = CARTESIAN_POINT('',(-55.525,-8.270542606141));
#372 = CARTESIAN_POINT('',(-69.85,-16.54108521228));
#373 = CARTESIAN_POINT('',(-69.85,-2.117313014897E-15));
#374 = ( GEOMETRIC_REPRESENTATION_CONTEXT(2) 
PARAMETRIC_REPRESENTATION_CONTEXT() REPRESENTATION_CONTEXT('2D SPACE',''
  ) );
#375 = PCURVE('',#206,#376);
#376 = DEFINITIONAL_REPRESENTATION('',(#377),#381);
#377 = LINE('',#378,#379);
#378 = CARTESIAN_POINT('',(-6.28318530718,-20.1));
#379 = VECTOR('',#380,1.);
#380 = DIRECTION('',(1.,-0.));
#381 = ( GEOMETRIC_REPRESENTATION_CONTEXT(2) 
PARAMETRIC_REPRESENTATION_CONTEXT() REPRESENTATION_CONTEXT('2D SPACE',''
  ) );
#382 = FACE_BOUND('',#383,.T.);
#383 = EDGE_LOOP('',(#384));
#384 = ORIENTED_EDGE('',*,*,#385,.F.);
#385 = EDGE_CURVE('',#386,#386,#388,.T.);
#386 = VERTEX_POINT('',#387);
#387 = CARTESIAN_POINT('',(46.05,-2.339075386371E-15,1.6));
#388 = SURFACE_CURVE('',#389,(#394,#401),.PCURVE_S1.);
#389 = CIRCLE('',#390,46.05);
#390 = AXIS2_PLACEMENT_3D('',#391,#392,#393);
#391 = CARTESIAN_POINT('',(0.,-2.339075386371E-15,1.6));
#392 = DIRECTION('',(0.,-1.224646799147E-16,-1.));
#393 = DIRECTION('',(1.,0.,0.));
#394 = PCURVE('',#104,#395);
#395 = DEFINITIONAL_REPRESENTATION('',(#396),#400);
#396 = CIRCLE('',#397,46.05);
#397 = AXIS2_PLACEMENT_2D('',#398,#399);
#398 = CARTESIAN_POINT('',(2.297012296129E-15,-1.067147090694E-14));
#399 = DIRECTION('',(1.,0.));
#400 = ( GEOMETRIC_REPRESENTATION_CONTEXT(2) 
PARAMETRIC_REPRESENTATION_CONTEXT() REPRESENTATION_CONTEXT('2D SPACE',''
  ) );
#401 = PCURVE('',#402,#407);
#402 = CYLINDRICAL_SURFACE('',#403,46.05);
#403 = AXIS2_PLACEMENT_3D('',#404,#405,#406);
#404 = CARTESIAN_POINT('',(0.,-2.339075386371E-15,1.6));
#405 = DIRECTION('',(-0.,1.224646799147E-16,1.));
#406 = DIRECTION('',(1.,0.,0.));
#407 = DEFINITIONAL_REPRESENTATION('',(#408),#412);
#408 = LINE('',#409,#410);
#409 = CARTESIAN_POINT('',(-0.,0.));
#410 = VECTOR('',#411,1.);
#411 = DIRECTION('',(-1.,0.));
#412 = ( GEOMETRIC_REPRESENTATION_CONTEXT(2) 
PARAMETRIC_REPRESENTATION_CONTEXT() REPRESENTATION_CONTEXT('2D SPACE',''
  ) );
#413 = FACE_BOUND('',#414,.T.);
#414 = EDGE_LOOP('',(#415));
#415 = ORIENTED_EDGE('',*,*,#416,.T.);
#416 = EDGE_CURVE('',#417,#417,#419,.T.);
#417 = VERTEX_POINT('',#418);
#418 = CARTESIAN_POINT('',(69.85,-2.339075386371E-15,1.6));
#419 = SURFACE_CURVE('',#420,(#425,#436),.PCURVE_S1.);
#420 = CIRCLE('',#421,9.55);
#421 = AXIS2_PLACEMENT_3D('',#422,#423,#424);
#422 = CARTESIAN_POINT('',(60.3,-2.339075386371E-15,1.6));
#423 = DIRECTION('',(-0.,1.224646799147E-16,1.));
#424 = DIRECTION('',(1.,0.,0.));
#425 = PCURVE('',#104,#426);
#426 = DEFINITIONAL_REPRESENTATION('',(#427),#435);
#427 = ( BOUNDED_CURVE() B_SPLINE_CURVE(2,(#428,#429,#430,#431,#432,#433
,#434),.UNSPECIFIED.,.T.,.F.) B_SPLINE_CURVE_WITH_KNOTS((1,2,2,2,2,1),(
    -2.094395102393,0.,2.094395102393,4.188790204786,6.28318530718,
8.377580409573),.UNSPECIFIED.) CURVE() GEOMETRIC_REPRESENTATION_ITEM() 
RATIONAL_B_SPLINE_CURVE((1.,0.5,1.,0.5,1.,0.5,1.)) REPRESENTATION_ITEM(
  '') );
#428 = CARTESIAN_POINT('',(69.85,-1.067147090694E-14));
#429 = CARTESIAN_POINT('',(69.85,-16.54108521228));
#430 = CARTESIAN_POINT('',(55.525,-8.270542606141));
#431 = CARTESIAN_POINT('',(41.2,-1.301054629331E-14));
#432 = CARTESIAN_POINT('',(55.525,8.270542606141));
#433 = CARTESIAN_POINT('',(69.85,16.541085212283));
#434 = CARTESIAN_POINT('',(69.85,-1.067147090694E-14));
#435 = ( GEOMETRIC_REPRESENTATION_CONTEXT(2) 
PARAMETRIC_REPRESENTATION_CONTEXT() REPRESENTATION_CONTEXT('2D SPACE',''
  ) );
#436 = PCURVE('',#272,#437);
#437 = DEFINITIONAL_REPRESENTATION('',(#438),#442);
#438 = LINE('',#439,#440);
#439 = CARTESIAN_POINT('',(-6.28318530718,-20.1));
#440 = VECTOR('',#441,1.);
#441 = DIRECTION('',(1.,-0.));
#442 = ( GEOMETRIC_REPRESENTATION_CONTEXT(2) 
PARAMETRIC_REPRESENTATION_CONTEXT() REPRESENTATION_CONTEXT('2D SPACE',''
  ) );
#443 = FACE_BOUND('',#444,.T.);
#444 = EDGE_LOOP('',(#445));
#445 = ORIENTED_EDGE('',*,*,#446,.T.);
#446 = EDGE_CURVE('',#447,#447,#449,.T.);
#447 = VERTEX_POINT('',#448);
#448 = CARTESIAN_POINT('',(4.752573087946E-15,-69.85,1.6));
#449 = SURFACE_CURVE('',#450,(#455,#466),.PCURVE_S1.);
#450 = CIRCLE('',#451,9.55);
#451 = AXIS2_PLACEMENT_3D('',#452,#453,#454);
#452 = CARTESIAN_POINT('',(3.692310099429E-15,-60.3,1.6));
#453 = DIRECTION('',(0.,1.224646799147E-16,1.));
#454 = DIRECTION('',(1.110223024625E-16,-1.,1.224646799147E-16));
#455 = PCURVE('',#104,#456);
#456 = DEFINITIONAL_REPRESENTATION('',(#457),#465);
#457 = ( BOUNDED_CURVE() B_SPLINE_CURVE(2,(#458,#459,#460,#461,#462,#463
,#464),.UNSPECIFIED.,.T.,.F.) B_SPLINE_CURVE_WITH_KNOTS((1,2,2,2,2,1),(
    -2.094395102393,0.,2.094395102393,4.188790204786,6.28318530718,
8.377580409573),.UNSPECIFIED.) CURVE() GEOMETRIC_REPRESENTATION_ITEM() 
RATIONAL_B_SPLINE_CURVE((1.,0.5,1.,0.5,1.,0.5,1.)) REPRESENTATION_ITEM(
  '') );
#458 = CARTESIAN_POINT('',(7.049585384076E-15,69.85));
#459 = CARTESIAN_POINT('',(16.541085212283,69.85));
#460 = CARTESIAN_POINT('',(8.270542606141,55.525));
#461 = CARTESIAN_POINT('',(6.207871804896E-15,41.2));
#462 = CARTESIAN_POINT('',(-8.270542606141,55.525));
#463 = CARTESIAN_POINT('',(-16.54108521228,69.85));
#464 = CARTESIAN_POINT('',(7.049585384076E-15,69.85));
#465 = ( GEOMETRIC_REPRESENTATION_CONTEXT(2) 
PARAMETRIC_REPRESENTATION_CONTEXT() REPRESENTATION_CONTEXT('2D SPACE',''
  ) );
#466 = PCURVE('',#307,#467);
#467 = DEFINITIONAL_REPRESENTATION('',(#468),#472);
#468 = LINE('',#469,#470);
#469 = CARTESIAN_POINT('',(-6.28318530718,-20.1));
#470 = VECTOR('',#471,1.);
#471 = DIRECTION('',(1.,-0.));
#472 = ( GEOMETRIC_REPRESENTATION_CONTEXT(2) 
PARAMETRIC_REPRESENTATION_CONTEXT() REPRESENTATION_CONTEXT('2D SPACE',''
  ) );
#473 = ADVANCED_FACE('',(#474),#171,.F.);
#474 = FACE_BOUND('',#475,.T.);
#475 = EDGE_LOOP('',(#476,#477,#498,#499));
#476 = ORIENTED_EDGE('',*,*,#150,.T.);
#477 = ORIENTED_EDGE('',*,*,#478,.T.);
#478 = EDGE_CURVE('',#151,#326,#479,.T.);
#479 = SEAM_CURVE('',#480,(#484,#491),.PCURVE_S1.);
#480 = LINE('',#481,#482);
#481 = CARTESIAN_POINT('',(-1.319745627532E-14,69.85,21.7));
#482 = VECTOR('',#483,1.);
#483 = DIRECTION('',(0.,-1.224646799147E-16,-1.));
#484 = PCURVE('',#171,#485);
#485 = DEFINITIONAL_REPRESENTATION('',(#486),#490);
#486 = LINE('',#487,#488);
#487 = CARTESIAN_POINT('',(-6.28318530718,0.));
#488 = VECTOR('',#489,1.);
#489 = DIRECTION('',(-0.,-1.));
#490 = ( GEOMETRIC_REPRESENTATION_CONTEXT(2) 
PARAMETRIC_REPRESENTATION_CONTEXT() REPRESENTATION_CONTEXT('2D SPACE',''
  ) );
#491 = PCURVE('',#171,#492);
#492 = DEFINITIONAL_REPRESENTATION('',(#493),#497);
#493 = LINE('',#494,#495);
#494 = CARTESIAN_POINT('',(-0.,0.));
#495 = VECTOR('',#496,1.);
#496 = DIRECTION('',(-0.,-1.));
#497 = ( GEOMETRIC_REPRESENTATION_CONTEXT(2) 
PARAMETRIC_REPRESENTATION_CONTEXT() REPRESENTATION_CONTEXT('2D SPACE',''
  ) );
#498 = ORIENTED_EDGE('',*,*,#325,.F.);
#499 = ORIENTED_EDGE('',*,*,#478,.F.);
#500 = ADVANCED_FACE('',(#501),#206,.F.);
#501 = FACE_BOUND('',#502,.T.);
#502 = EDGE_LOOP('',(#503,#504,#525,#526));
#503 = ORIENTED_EDGE('',*,*,#185,.T.);
#504 = ORIENTED_EDGE('',*,*,#505,.T.);
#505 = EDGE_CURVE('',#186,#356,#506,.T.);
#506 = SEAM_CURVE('',#507,(#511,#518),.PCURVE_S1.);
#507 = LINE('',#508,#509);
#508 = CARTESIAN_POINT('',(-69.85,-8.43169321213E-15,21.7));
#509 = VECTOR('',#510,1.);
#510 = DIRECTION('',(0.,-1.224646799147E-16,-1.));
#511 = PCURVE('',#206,#512);
#512 = DEFINITIONAL_REPRESENTATION('',(#513),#517);
#513 = LINE('',#514,#515);
#514 = CARTESIAN_POINT('',(-6.28318530718,0.));
#515 = VECTOR('',#516,1.);
#516 = DIRECTION('',(-0.,-1.));
#517 = ( GEOMETRIC_REPRESENTATION_CONTEXT(2) 
PARAMETRIC_REPRESENTATION_CONTEXT() REPRESENTATION_CONTEXT('2D SPACE',''
  ) );
#518 = PCURVE('',#206,#519);
#519 = DEFINITIONAL_REPRESENTATION('',(#520),#524);
#520 = LINE('',#521,#522);
#521 = CARTESIAN_POINT('',(-0.,0.));
#522 = VECTOR('',#523,1.);
#523 = DIRECTION('',(-0.,-1.));
#524 = ( GEOMETRIC_REPRESENTATION_CONTEXT(2) 
PARAMETRIC_REPRESENTATION_CONTEXT() REPRESENTATION_CONTEXT('2D SPACE',''
  ) );
#525 = ORIENTED_EDGE('',*,*,#355,.F.);
#526 = ORIENTED_EDGE('',*,*,#505,.F.);
#527 = ADVANCED_FACE('',(#528),#237,.T.);
#528 = FACE_BOUND('',#529,.F.);
#529 = EDGE_LOOP('',(#530,#531,#554,#581));
#530 = ORIENTED_EDGE('',*,*,#220,.T.);
#531 = ORIENTED_EDGE('',*,*,#532,.T.);
#532 = EDGE_CURVE('',#221,#533,#535,.T.);
#533 = VERTEX_POINT('',#534);
#534 = CARTESIAN_POINT('',(42.05,6.123233995737E-16,25.7));
#535 = SEAM_CURVE('',#536,(#540,#547),.PCURVE_S1.);
#536 = LINE('',#537,#538);
#537 = CARTESIAN_POINT('',(42.05,0.,20.7));
#538 = VECTOR('',#539,1.);
#539 = DIRECTION('',(0.,1.224646799147E-16,1.));
#540 = PCURVE('',#237,#541);
#541 = DEFINITIONAL_REPRESENTATION('',(#542),#546);
#542 = LINE('',#543,#544);
#543 = CARTESIAN_POINT('',(-0.,0.));
#544 = VECTOR('',#545,1.);
#545 = DIRECTION('',(-0.,1.));
#546 = ( GEOMETRIC_REPRESENTATION_CONTEXT(2) 
PARAMETRIC_REPRESENTATION_CONTEXT() REPRESENTATION_CONTEXT('2D SPACE',''
  ) );
#547 = PCURVE('',#237,#548);
#548 = DEFINITIONAL_REPRESENTATION('',(#549),#553);
#549 = LINE('',#550,#551);
#550 = CARTESIAN_POINT('',(-6.28318530718,0.));
#551 = VECTOR('',#552,1.);
#552 = DIRECTION('',(-0.,1.));
#553 = ( GEOMETRIC_REPRESENTATION_CONTEXT(2) 
PARAMETRIC_REPRESENTATION_CONTEXT() REPRESENTATION_CONTEXT('2D SPACE',''
  ) );
#554 = ORIENTED_EDGE('',*,*,#555,.F.);
#555 = EDGE_CURVE('',#533,#533,#556,.T.);
#556 = SURFACE_CURVE('',#557,(#562,#569),.PCURVE_S1.);
#557 = CIRCLE('',#558,42.05);
#558 = AXIS2_PLACEMENT_3D('',#559,#560,#561);
#559 = CARTESIAN_POINT('',(0.,6.123233995737E-16,25.7));
#560 = DIRECTION('',(0.,-1.224646799147E-16,-1.));
#561 = DIRECTION('',(1.,0.,0.));
#562 = PCURVE('',#237,#563);
#563 = DEFINITIONAL_REPRESENTATION('',(#564),#568);
#564 = LINE('',#565,#566);
#565 = CARTESIAN_POINT('',(-0.,5.));
#566 = VECTOR('',#567,1.);
#567 = DIRECTION('',(-1.,0.));
#568 = ( GEOMETRIC_REPRESENTATION_CONTEXT(2) 
PARAMETRIC_REPRESENTATION_CONTEXT() REPRESENTATION_CONTEXT('2D SPACE',''
  ) );
#569 = PCURVE('',#570,#575);
#570 = CONICAL_SURFACE('',#571,42.05,0.248487420657);
#571 = AXIS2_PLACEMENT_3D('',#572,#573,#574);
#572 = CARTESIAN_POINT('',(0.,6.123233995737E-16,25.7));
#573 = DIRECTION('',(0.,-1.224646799147E-16,-1.));
#574 = DIRECTION('',(1.,0.,0.));
#575 = DEFINITIONAL_REPRESENTATION('',(#576),#580);
#576 = LINE('',#577,#578);
#577 = CARTESIAN_POINT('',(0.,-0.));
#578 = VECTOR('',#579,1.);
#579 = DIRECTION('',(1.,-0.));
#580 = ( GEOMETRIC_REPRESENTATION_CONTEXT(2) 
PARAMETRIC_REPRESENTATION_CONTEXT() REPRESENTATION_CONTEXT('2D SPACE',''
  ) );
#581 = ORIENTED_EDGE('',*,*,#532,.F.);
#582 = ADVANCED_FACE('',(#583),#272,.F.);
#583 = FACE_BOUND('',#584,.T.);
#584 = EDGE_LOOP('',(#585,#586,#607,#608));
#585 = ORIENTED_EDGE('',*,*,#251,.T.);
#586 = ORIENTED_EDGE('',*,*,#587,.T.);
#587 = EDGE_CURVE('',#252,#417,#588,.T.);
#588 = SEAM_CURVE('',#589,(#593,#600),.PCURVE_S1.);
#589 = LINE('',#590,#591);
#590 = CARTESIAN_POINT('',(69.85,1.224646799147E-16,21.7));
#591 = VECTOR('',#592,1.);
#592 = DIRECTION('',(0.,-1.224646799147E-16,-1.));
#593 = PCURVE('',#272,#594);
#594 = DEFINITIONAL_REPRESENTATION('',(#595),#599);
#595 = LINE('',#596,#597);
#596 = CARTESIAN_POINT('',(-6.28318530718,0.));
#597 = VECTOR('',#598,1.);
#598 = DIRECTION('',(-0.,-1.));
#599 = ( GEOMETRIC_REPRESENTATION_CONTEXT(2) 
PARAMETRIC_REPRESENTATION_CONTEXT() REPRESENTATION_CONTEXT('2D SPACE',''
  ) );
#600 = PCURVE('',#272,#601);
#601 = DEFINITIONAL_REPRESENTATION('',(#602),#606);
#602 = LINE('',#603,#604);
#603 = CARTESIAN_POINT('',(-0.,0.));
#604 = VECTOR('',#605,1.);
#605 = DIRECTION('',(-0.,-1.));
#606 = ( GEOMETRIC_REPRESENTATION_CONTEXT(2) 
PARAMETRIC_REPRESENTATION_CONTEXT() REPRESENTATION_CONTEXT('2D SPACE',''
  ) );
#607 = ORIENTED_EDGE('',*,*,#416,.F.);
#608 = ORIENTED_EDGE('',*,*,#587,.F.);
#609 = ADVANCED_FACE('',(#610),#307,.F.);
#610 = FACE_BOUND('',#611,.T.);
#611 = EDGE_LOOP('',(#612,#613,#634,#635));
#612 = ORIENTED_EDGE('',*,*,#286,.T.);
#613 = ORIENTED_EDGE('',*,*,#614,.T.);
#614 = EDGE_CURVE('',#287,#447,#615,.T.);
#615 = SEAM_CURVE('',#616,(#620,#627),.PCURVE_S1.);
#616 = LINE('',#617,#618);
#617 = CARTESIAN_POINT('',(4.752573087946E-15,-69.85,21.7));
#618 = VECTOR('',#619,1.);
#619 = DIRECTION('',(0.,-1.224646799147E-16,-1.));
#620 = PCURVE('',#307,#621);
#621 = DEFINITIONAL_REPRESENTATION('',(#622),#626);
#622 = LINE('',#623,#624);
#623 = CARTESIAN_POINT('',(-6.28318530718,0.));
#624 = VECTOR('',#625,1.);
#625 = DIRECTION('',(-0.,-1.));
#626 = ( GEOMETRIC_REPRESENTATION_CONTEXT(2) 
PARAMETRIC_REPRESENTATION_CONTEXT() REPRESENTATION_CONTEXT('2D SPACE',''
  ) );
#627 = PCURVE('',#307,#628);
#628 = DEFINITIONAL_REPRESENTATION('',(#629),#633);
#629 = LINE('',#630,#631);
#630 = CARTESIAN_POINT('',(-0.,0.));
#631 = VECTOR('',#632,1.);
#632 = DIRECTION('',(-0.,-1.));
#633 = ( GEOMETRIC_REPRESENTATION_CONTEXT(2) 
PARAMETRIC_REPRESENTATION_CONTEXT() REPRESENTATION_CONTEXT('2D SPACE',''
  ) );
#634 = ORIENTED_EDGE('',*,*,#446,.F.);
#635 = ORIENTED_EDGE('',*,*,#614,.F.);
#636 = ADVANCED_FACE('',(#637),#402,.T.);
#637 = FACE_BOUND('',#638,.F.);
#638 = EDGE_LOOP('',(#639,#662,#689,#690));
#639 = ORIENTED_EDGE('',*,*,#640,.T.);
#640 = EDGE_CURVE('',#386,#641,#643,.T.);
#641 = VERTEX_POINT('',#642);
#642 = CARTESIAN_POINT('',(46.05,-2.535018874235E-15,0.));
#643 = SEAM_CURVE('',#644,(#648,#655),.PCURVE_S1.);
#644 = LINE('',#645,#646);
#645 = CARTESIAN_POINT('',(46.05,-2.339075386371E-15,1.6));
#646 = VECTOR('',#647,1.);
#647 = DIRECTION('',(0.,-1.224646799147E-16,-1.));
#648 = PCURVE('',#402,#649);
#649 = DEFINITIONAL_REPRESENTATION('',(#650),#654);
#650 = LINE('',#651,#652);
#651 = CARTESIAN_POINT('',(-0.,0.));
#652 = VECTOR('',#653,1.);
#653 = DIRECTION('',(-0.,-1.));
#654 = ( GEOMETRIC_REPRESENTATION_CONTEXT(2) 
PARAMETRIC_REPRESENTATION_CONTEXT() REPRESENTATION_CONTEXT('2D SPACE',''
  ) );
#655 = PCURVE('',#402,#656);
#656 = DEFINITIONAL_REPRESENTATION('',(#657),#661);
#657 = LINE('',#658,#659);
#658 = CARTESIAN_POINT('',(-6.28318530718,0.));
#659 = VECTOR('',#660,1.);
#660 = DIRECTION('',(-0.,-1.));
#661 = ( GEOMETRIC_REPRESENTATION_CONTEXT(2) 
PARAMETRIC_REPRESENTATION_CONTEXT() REPRESENTATION_CONTEXT('2D SPACE',''
  ) );
#662 = ORIENTED_EDGE('',*,*,#663,.T.);
#663 = EDGE_CURVE('',#641,#641,#664,.T.);
#664 = SURFACE_CURVE('',#665,(#670,#677),.PCURVE_S1.);
#665 = CIRCLE('',#666,46.05);
#666 = AXIS2_PLACEMENT_3D('',#667,#668,#669);
#667 = CARTESIAN_POINT('',(0.,-2.535018874235E-15,0.));
#668 = DIRECTION('',(0.,-1.224646799147E-16,-1.));
#669 = DIRECTION('',(1.,0.,0.));
#670 = PCURVE('',#402,#671);
#671 = DEFINITIONAL_REPRESENTATION('',(#672),#676);
#672 = LINE('',#673,#674);
#673 = CARTESIAN_POINT('',(-0.,-1.6));
#674 = VECTOR('',#675,1.);
#675 = DIRECTION('',(-1.,0.));
#676 = ( GEOMETRIC_REPRESENTATION_CONTEXT(2) 
PARAMETRIC_REPRESENTATION_CONTEXT() REPRESENTATION_CONTEXT('2D SPACE',''
  ) );
#677 = PCURVE('',#678,#683);
#678 = PLANE('',#679);
#679 = AXIS2_PLACEMENT_3D('',#680,#681,#682);
#680 = CARTESIAN_POINT('',(-2.850689527118E-15,-6.35656509178E-15,0.));
#681 = DIRECTION('',(0.,-1.224646799147E-16,-1.));
#682 = DIRECTION('',(1.,0.,0.));
#683 = DEFINITIONAL_REPRESENTATION('',(#684),#688);
#684 = CIRCLE('',#685,46.05);
#685 = AXIS2_PLACEMENT_2D('',#686,#687);
#686 = CARTESIAN_POINT('',(2.850689527118E-15,-3.821546217545E-15));
#687 = DIRECTION('',(1.,0.));
#688 = ( GEOMETRIC_REPRESENTATION_CONTEXT(2) 
PARAMETRIC_REPRESENTATION_CONTEXT() REPRESENTATION_CONTEXT('2D SPACE',''
  ) );
#689 = ORIENTED_EDGE('',*,*,#640,.F.);
#690 = ORIENTED_EDGE('',*,*,#385,.F.);
#691 = ADVANCED_FACE('',(#692),#570,.T.);
#692 = FACE_BOUND('',#693,.F.);
#693 = EDGE_LOOP('',(#694,#695,#718,#745));
#694 = ORIENTED_EDGE('',*,*,#555,.T.);
#695 = ORIENTED_EDGE('',*,*,#696,.T.);
#696 = EDGE_CURVE('',#533,#697,#699,.T.);
#697 = VERTEX_POINT('',#698);
#698 = CARTESIAN_POINT('',(30.15,6.355916887575E-15,72.6));
#699 = SEAM_CURVE('',#700,(#704,#711),.PCURVE_S1.);
#700 = LINE('',#701,#702);
#701 = CARTESIAN_POINT('',(42.05,6.123233995737E-16,25.7));
#702 = VECTOR('',#703,1.);
#703 = DIRECTION('',(-0.245938119882,1.187032423367E-16,0.969285531301)
  );
#704 = PCURVE('',#570,#705);
#705 = DEFINITIONAL_REPRESENTATION('',(#706),#710);
#706 = LINE('',#707,#708);
#707 = CARTESIAN_POINT('',(0.,-0.));
#708 = VECTOR('',#709,1.);
#709 = DIRECTION('',(0.,-1.));
#710 = ( GEOMETRIC_REPRESENTATION_CONTEXT(2) 
PARAMETRIC_REPRESENTATION_CONTEXT() REPRESENTATION_CONTEXT('2D SPACE',''
  ) );
#711 = PCURVE('',#570,#712);
#712 = DEFINITIONAL_REPRESENTATION('',(#713),#717);
#713 = LINE('',#714,#715);
#714 = CARTESIAN_POINT('',(6.28318530718,-0.));
#715 = VECTOR('',#716,1.);
#716 = DIRECTION('',(0.,-1.));
#717 = ( GEOMETRIC_REPRESENTATION_CONTEXT(2) 
PARAMETRIC_REPRESENTATION_CONTEXT() REPRESENTATION_CONTEXT('2D SPACE',''
  ) );
#718 = ORIENTED_EDGE('',*,*,#719,.F.);
#719 = EDGE_CURVE('',#697,#697,#720,.T.);
#720 = SURFACE_CURVE('',#721,(#726,#733),.PCURVE_S1.);
#721 = CIRCLE('',#722,30.15);
#722 = AXIS2_PLACEMENT_3D('',#723,#724,#725);
#723 = CARTESIAN_POINT('',(0.,6.355916887575E-15,72.6));
#724 = DIRECTION('',(0.,-1.224646799147E-16,-1.));
#725 = DIRECTION('',(1.,0.,0.));
#726 = PCURVE('',#570,#727);
#727 = DEFINITIONAL_REPRESENTATION('',(#728),#732);
#728 = LINE('',#729,#730);
#729 = CARTESIAN_POINT('',(0.,-46.9));
#730 = VECTOR('',#731,1.);
#731 = DIRECTION('',(1.,-0.));
#732 = ( GEOMETRIC_REPRESENTATION_CONTEXT(2) 
PARAMETRIC_REPRESENTATION_CONTEXT() REPRESENTATION_CONTEXT('2D SPACE',''
  ) );
#733 = PCURVE('',#734,#739);
#734 = CYLINDRICAL_SURFACE('',#735,30.15);
#735 = AXIS2_PLACEMENT_3D('',#736,#737,#738);
#736 = CARTESIAN_POINT('',(0.,6.355916887575E-15,72.6));
#737 = DIRECTION('',(-0.,1.224646799147E-16,1.));
#738 = DIRECTION('',(1.,0.,0.));
#739 = DEFINITIONAL_REPRESENTATION('',(#740),#744);
#740 = LINE('',#741,#742);
#741 = CARTESIAN_POINT('',(-0.,0.));
#742 = VECTOR('',#743,1.);
#743 = DIRECTION('',(-1.,0.));
#744 = ( GEOMETRIC_REPRESENTATION_CONTEXT(2) 
PARAMETRIC_REPRESENTATION_CONTEXT() REPRESENTATION_CONTEXT('2D SPACE',''
  ) );
#745 = ORIENTED_EDGE('',*,*,#696,.F.);
#746 = ADVANCED_FACE('',(#747,#750),#678,.T.);
#747 = FACE_BOUND('',#748,.T.);
#748 = EDGE_LOOP('',(#749));
#749 = ORIENTED_EDGE('',*,*,#663,.T.);
#750 = FACE_BOUND('',#751,.T.);
#751 = EDGE_LOOP('',(#752));
#752 = ORIENTED_EDGE('',*,*,#753,.T.);
#753 = EDGE_CURVE('',#754,#754,#756,.T.);
#754 = VERTEX_POINT('',#755);
#755 = CARTESIAN_POINT('',(26.24,-2.535018874235E-15,7.105427357601E-15)
  );
#756 = SURFACE_CURVE('',#757,(#762,#773),.PCURVE_S1.);
#757 = CIRCLE('',#758,26.24);
#758 = AXIS2_PLACEMENT_3D('',#759,#760,#761);
#759 = CARTESIAN_POINT('',(0.,-2.535018874235E-15,7.105427357601E-15));
#760 = DIRECTION('',(-0.,1.224646799147E-16,1.));
#761 = DIRECTION('',(1.,0.,0.));
#762 = PCURVE('',#678,#763);
#763 = DEFINITIONAL_REPRESENTATION('',(#764),#772);
#764 = ( BOUNDED_CURVE() B_SPLINE_CURVE(2,(#765,#766,#767,#768,#769,#770
,#771),.UNSPECIFIED.,.T.,.F.) B_SPLINE_CURVE_WITH_KNOTS((1,2,2,2,2,1),(
    -2.094395102393,0.,2.094395102393,4.188790204786,6.28318530718,
8.377580409573),.UNSPECIFIED.) CURVE() GEOMETRIC_REPRESENTATION_ITEM() 
RATIONAL_B_SPLINE_CURVE((1.,0.5,1.,0.5,1.,0.5,1.)) REPRESENTATION_ITEM(
  '') );
#765 = CARTESIAN_POINT('',(26.24,-3.821546217545E-15));
#766 = CARTESIAN_POINT('',(26.24,-45.4490131906));
#767 = CARTESIAN_POINT('',(-13.12,-22.7245065953));
#768 = CARTESIAN_POINT('',(-52.48,-1.024849261947E-14));
#769 = CARTESIAN_POINT('',(-13.12,22.724506595304));
#770 = CARTESIAN_POINT('',(26.24,45.449013190607));
#771 = CARTESIAN_POINT('',(26.24,-3.821546217545E-15));
#772 = ( GEOMETRIC_REPRESENTATION_CONTEXT(2) 
PARAMETRIC_REPRESENTATION_CONTEXT() REPRESENTATION_CONTEXT('2D SPACE',''
  ) );
#773 = PCURVE('',#774,#779);
#774 = CYLINDRICAL_SURFACE('',#775,26.24);
#775 = AXIS2_PLACEMENT_3D('',#776,#777,#778);
#776 = CARTESIAN_POINT('',(0.,7.703028366637E-15,83.6));
#777 = DIRECTION('',(-0.,1.224646799147E-16,1.));
#778 = DIRECTION('',(1.,0.,0.));
#779 = DEFINITIONAL_REPRESENTATION('',(#780),#784);
#780 = LINE('',#781,#782);
#781 = CARTESIAN_POINT('',(-6.28318530718,-83.6));
#782 = VECTOR('',#783,1.);
#783 = DIRECTION('',(1.,-0.));
#784 = ( GEOMETRIC_REPRESENTATION_CONTEXT(2) 
PARAMETRIC_REPRESENTATION_CONTEXT() REPRESENTATION_CONTEXT('2D SPACE',''
  ) );
#785 = ADVANCED_FACE('',(#786),#734,.T.);
#786 = FACE_BOUND('',#787,.F.);
#787 = EDGE_LOOP('',(#788,#789,#812,#839));
#788 = ORIENTED_EDGE('',*,*,#719,.T.);
#789 = ORIENTED_EDGE('',*,*,#790,.T.);
#790 = EDGE_CURVE('',#697,#791,#793,.T.);
#791 = VERTEX_POINT('',#792);
#792 = CARTESIAN_POINT('',(30.15,7.213169646978E-15,79.6));
#793 = SEAM_CURVE('',#794,(#798,#805),.PCURVE_S1.);
#794 = LINE('',#795,#796);
#795 = CARTESIAN_POINT('',(30.15,6.355916887575E-15,72.6));
#796 = VECTOR('',#797,1.);
#797 = DIRECTION('',(0.,1.224646799147E-16,1.));
#798 = PCURVE('',#734,#799);
#799 = DEFINITIONAL_REPRESENTATION('',(#800),#804);
#800 = LINE('',#801,#802);
#801 = CARTESIAN_POINT('',(-0.,0.));
#802 = VECTOR('',#803,1.);
#803 = DIRECTION('',(-0.,1.));
#804 = ( GEOMETRIC_REPRESENTATION_CONTEXT(2) 
PARAMETRIC_REPRESENTATION_CONTEXT() REPRESENTATION_CONTEXT('2D SPACE',''
  ) );
#805 = PCURVE('',#734,#806);
#806 = DEFINITIONAL_REPRESENTATION('',(#807),#811);
#807 = LINE('',#808,#809);
#808 = CARTESIAN_POINT('',(-6.28318530718,0.));
#809 = VECTOR('',#810,1.);
#810 = DIRECTION('',(-0.,1.));
#811 = ( GEOMETRIC_REPRESENTATION_CONTEXT(2) 
PARAMETRIC_REPRESENTATION_CONTEXT() REPRESENTATION_CONTEXT('2D SPACE',''
  ) );
#812 = ORIENTED_EDGE('',*,*,#813,.F.);
#813 = EDGE_CURVE('',#791,#791,#814,.T.);
#814 = SURFACE_CURVE('',#815,(#820,#827),.PCURVE_S1.);
#815 = CIRCLE('',#816,30.15);
#816 = AXIS2_PLACEMENT_3D('',#817,#818,#819);
#817 = CARTESIAN_POINT('',(0.,7.213169646978E-15,79.6));
#818 = DIRECTION('',(0.,-1.224646799147E-16,-1.));
#819 = DIRECTION('',(1.,0.,0.));
#820 = PCURVE('',#734,#821);
#821 = DEFINITIONAL_REPRESENTATION('',(#822),#826);
#822 = LINE('',#823,#824);
#823 = CARTESIAN_POINT('',(-0.,7.));
#824 = VECTOR('',#825,1.);
#825 = DIRECTION('',(-1.,0.));
#826 = ( GEOMETRIC_REPRESENTATION_CONTEXT(2) 
PARAMETRIC_REPRESENTATION_CONTEXT() REPRESENTATION_CONTEXT('2D SPACE',''
  ) );
#827 = PCURVE('',#828,#833);
#828 = PLANE('',#829);
#829 = AXIS2_PLACEMENT_3D('',#830,#831,#832);
#830 = CARTESIAN_POINT('',(0.,7.213169646978E-15,79.6));
#831 = DIRECTION('',(0.,-1.224646799147E-16,-1.));
#832 = DIRECTION('',(1.,0.,0.));
#833 = DEFINITIONAL_REPRESENTATION('',(#834),#838);
#834 = CIRCLE('',#835,30.15);
#835 = AXIS2_PLACEMENT_2D('',#836,#837);
#836 = CARTESIAN_POINT('',(0.,0.));
#837 = DIRECTION('',(1.,0.));
#838 = ( GEOMETRIC_REPRESENTATION_CONTEXT(2) 
PARAMETRIC_REPRESENTATION_CONTEXT() REPRESENTATION_CONTEXT('2D SPACE',''
  ) );
#839 = ORIENTED_EDGE('',*,*,#790,.F.);
#840 = ADVANCED_FACE('',(#841),#774,.F.);
#841 = FACE_BOUND('',#842,.T.);
#842 = EDGE_LOOP('',(#843,#844,#867,#889));
#843 = ORIENTED_EDGE('',*,*,#753,.F.);
#844 = ORIENTED_EDGE('',*,*,#845,.T.);
#845 = EDGE_CURVE('',#754,#846,#848,.T.);
#846 = VERTEX_POINT('',#847);
#847 = CARTESIAN_POINT('',(26.24,7.213169646978E-15,79.6));
#848 = SEAM_CURVE('',#849,(#853,#860),.PCURVE_S1.);
#849 = LINE('',#850,#851);
#850 = CARTESIAN_POINT('',(26.24,-2.535018874235E-15,7.105427357601E-15)
  );
#851 = VECTOR('',#852,1.);
#852 = DIRECTION('',(0.,1.224646799147E-16,1.));
#853 = PCURVE('',#774,#854);
#854 = DEFINITIONAL_REPRESENTATION('',(#855),#859);
#855 = LINE('',#856,#857);
#856 = CARTESIAN_POINT('',(-6.28318530718,-83.6));
#857 = VECTOR('',#858,1.);
#858 = DIRECTION('',(0.,1.));
#859 = ( GEOMETRIC_REPRESENTATION_CONTEXT(2) 
PARAMETRIC_REPRESENTATION_CONTEXT() REPRESENTATION_CONTEXT('2D SPACE',''
  ) );
#860 = PCURVE('',#774,#861);
#861 = DEFINITIONAL_REPRESENTATION('',(#862),#866);
#862 = LINE('',#863,#864);
#863 = CARTESIAN_POINT('',(-0.,-83.6));
#864 = VECTOR('',#865,1.);
#865 = DIRECTION('',(0.,1.));
#866 = ( GEOMETRIC_REPRESENTATION_CONTEXT(2) 
PARAMETRIC_REPRESENTATION_CONTEXT() REPRESENTATION_CONTEXT('2D SPACE',''
  ) );
#867 = ORIENTED_EDGE('',*,*,#868,.F.);
#868 = EDGE_CURVE('',#846,#846,#869,.T.);
#869 = SURFACE_CURVE('',#870,(#875,#882),.PCURVE_S1.);
#870 = CIRCLE('',#871,26.24);
#871 = AXIS2_PLACEMENT_3D('',#872,#873,#874);
#872 = CARTESIAN_POINT('',(0.,7.213169646978E-15,79.6));
#873 = DIRECTION('',(0.,-1.224646799147E-16,-1.));
#874 = DIRECTION('',(1.,0.,0.));
#875 = PCURVE('',#774,#876);
#876 = DEFINITIONAL_REPRESENTATION('',(#877),#881);
#877 = LINE('',#878,#879);
#878 = CARTESIAN_POINT('',(-0.,-4.));
#879 = VECTOR('',#880,1.);
#880 = DIRECTION('',(-1.,0.));
#881 = ( GEOMETRIC_REPRESENTATION_CONTEXT(2) 
PARAMETRIC_REPRESENTATION_CONTEXT() REPRESENTATION_CONTEXT('2D SPACE',''
  ) );
#882 = PCURVE('',#828,#883);
#883 = DEFINITIONAL_REPRESENTATION('',(#884),#888);
#884 = CIRCLE('',#885,26.24);
#885 = AXIS2_PLACEMENT_2D('',#886,#887);
#886 = CARTESIAN_POINT('',(0.,0.));
#887 = DIRECTION('',(1.,0.));
#888 = ( GEOMETRIC_REPRESENTATION_CONTEXT(2) 
PARAMETRIC_REPRESENTATION_CONTEXT() REPRESENTATION_CONTEXT('2D SPACE',''
  ) );
#889 = ORIENTED_EDGE('',*,*,#845,.F.);
#890 = ADVANCED_FACE('',(#891,#894),#828,.F.);
#891 = FACE_BOUND('',#892,.F.);
#892 = EDGE_LOOP('',(#893));
#893 = ORIENTED_EDGE('',*,*,#813,.T.);
#894 = FACE_BOUND('',#895,.F.);
#895 = EDGE_LOOP('',(#896));
#896 = ORIENTED_EDGE('',*,*,#868,.F.);
#897 = ( GEOMETRIC_REPRESENTATION_CONTEXT(3) 
GLOBAL_UNCERTAINTY_ASSIGNED_CONTEXT((#901)) GLOBAL_UNIT_ASSIGNED_CONTEXT
((#898,#899,#900)) REPRESENTATION_CONTEXT('Context #1',
  '3D Context with UNIT and UNCERTAINTY') );
#898 = ( LENGTH_UNIT() NAMED_UNIT(*) SI_UNIT(.MILLI.,.METRE.) );
#899 = ( NAMED_UNIT(*) PLANE_ANGLE_UNIT() SI_UNIT($,.RADIAN.) );
#900 = ( NAMED_UNIT(*) SI_UNIT($,.STERADIAN.) SOLID_ANGLE_UNIT() );
#901 = UNCERTAINTY_MEASURE_WITH_UNIT(LENGTH_MEASURE(1.E-07),#898,
  'distance_accuracy_value','confusion accuracy');
#902 = CONTEXT_DEPENDENT_SHAPE_REPRESENTATION(#903,#905);
#903 = ( REPRESENTATION_RELATIONSHIP('','',#52,#10) 
REPRESENTATION_RELATIONSHIP_WITH_TRANSFORMATION(#904) 
SHAPE_REPRESENTATION_RELATIONSHIP() );
#904 = ITEM_DEFINED_TRANSFORMATION('','',#11,#15);
#905 = PRODUCT_DEFINITION_SHAPE('Placement','Placement of an item',#906
  );
#906 = NEXT_ASSEMBLY_USAGE_OCCURRENCE('13','','',#5,#47,$);
#907 = PRODUCT_RELATED_PRODUCT_CATEGORY('part',$,(#49));
#908 = SHAPE_DEFINITION_REPRESENTATION(#909,#915);
#909 = PRODUCT_DEFINITION_SHAPE('','',#910);
#910 = PRODUCT_DEFINITION('design','',#911,#914);
#911 = PRODUCT_DEFINITION_FORMATION('','',#912);
#912 = PRODUCT('Open CASCADE STEP translator 7.8 15.2',
  'Open CASCADE STEP translator 7.8 15.2','',(#913));
#913 = PRODUCT_CONTEXT('',#2,'mechanical');
#914 = PRODUCT_DEFINITION_CONTEXT('part definition',#2,'design');
#915 = ADVANCED_BREP_SHAPE_REPRESENTATION('',(#11,#916),#1098);
#916 = MANIFOLD_SOLID_BREP('',#917);
#917 = CLOSED_SHELL('',(#918,#1006,#1084,#1091));
#918 = ADVANCED_FACE('',(#919),#933,.T.);
#919 = FACE_BOUND('',#920,.F.);
#920 = EDGE_LOOP('',(#921,#951,#978,#979));
#921 = ORIENTED_EDGE('',*,*,#922,.T.);
#922 = EDGE_CURVE('',#923,#925,#927,.T.);
#923 = VERTEX_POINT('',#924);
#924 = CARTESIAN_POINT('',(30.15,0.,85.6));
#925 = VERTEX_POINT('',#926);
#926 = CARTESIAN_POINT('',(30.15,0.,316.1));
#927 = SEAM_CURVE('',#928,(#932,#944),.PCURVE_S1.);
#928 = LINE('',#929,#930);
#929 = CARTESIAN_POINT('',(30.15,0.,85.6));
#930 = VECTOR('',#931,1.);
#931 = DIRECTION('',(0.,0.,1.));
#932 = PCURVE('',#933,#938);
#933 = CYLINDRICAL_SURFACE('',#934,30.15);
#934 = AXIS2_PLACEMENT_3D('',#935,#936,#937);
#935 = CARTESIAN_POINT('',(0.,0.,85.6));
#936 = DIRECTION('',(-0.,-0.,-1.));
#937 = DIRECTION('',(1.,0.,0.));
#938 = DEFINITIONAL_REPRESENTATION('',(#939),#943);
#939 = LINE('',#940,#941);
#940 = CARTESIAN_POINT('',(-0.,0.));
#941 = VECTOR('',#942,1.);
#942 = DIRECTION('',(-0.,-1.));
#943 = ( GEOMETRIC_REPRESENTATION_CONTEXT(2) 
PARAMETRIC_REPRESENTATION_CONTEXT() REPRESENTATION_CONTEXT('2D SPACE',''
  ) );
#944 = PCURVE('',#933,#945);
#945 = DEFINITIONAL_REPRESENTATION('',(#946),#950);
#946 = LINE('',#947,#948);
#947 = CARTESIAN_POINT('',(-6.28318530718,0.));
#948 = VECTOR('',#949,1.);
#949 = DIRECTION('',(-0.,-1.));
#950 = ( GEOMETRIC_REPRESENTATION_CONTEXT(2) 
PARAMETRIC_REPRESENTATION_CONTEXT() REPRESENTATION_CONTEXT('2D SPACE',''
  ) );
#951 = ORIENTED_EDGE('',*,*,#952,.T.);
#952 = EDGE_CURVE('',#925,#925,#953,.T.);
#953 = SURFACE_CURVE('',#954,(#959,#966),.PCURVE_S1.);
#954 = CIRCLE('',#955,30.15);
#955 = AXIS2_PLACEMENT_3D('',#956,#957,#958);
#956 = CARTESIAN_POINT('',(0.,0.,316.1));
#957 = DIRECTION('',(0.,0.,1.));
#958 = DIRECTION('',(1.,0.,0.));
#959 = PCURVE('',#933,#960);
#960 = DEFINITIONAL_REPRESENTATION('',(#961),#965);
#961 = LINE('',#962,#963);
#962 = CARTESIAN_POINT('',(-0.,-230.5));
#963 = VECTOR('',#964,1.);
#964 = DIRECTION('',(-1.,0.));
#965 = ( GEOMETRIC_REPRESENTATION_CONTEXT(2) 
PARAMETRIC_REPRESENTATION_CONTEXT() REPRESENTATION_CONTEXT('2D SPACE',''
  ) );
#966 = PCURVE('',#967,#972);
#967 = PLANE('',#968);
#968 = AXIS2_PLACEMENT_3D('',#969,#970,#971);
#969 = CARTESIAN_POINT('',(-1.451346077654E-15,3.123268199818E-15,316.1)
  );
#970 = DIRECTION('',(0.,0.,1.));
#971 = DIRECTION('',(1.,0.,-0.));
#972 = DEFINITIONAL_REPRESENTATION('',(#973),#977);
#973 = CIRCLE('',#974,30.15);
#974 = AXIS2_PLACEMENT_2D('',#975,#976);
#975 = CARTESIAN_POINT('',(1.451346077654E-15,-3.123268199818E-15));
#976 = DIRECTION('',(1.,0.));
#977 = ( GEOMETRIC_REPRESENTATION_CONTEXT(2) 
PARAMETRIC_REPRESENTATION_CONTEXT() REPRESENTATION_CONTEXT('2D SPACE',''
  ) );
#978 = ORIENTED_EDGE('',*,*,#922,.F.);
#979 = ORIENTED_EDGE('',*,*,#980,.F.);
#980 = EDGE_CURVE('',#923,#923,#981,.T.);
#981 = SURFACE_CURVE('',#982,(#987,#994),.PCURVE_S1.);
#982 = CIRCLE('',#983,30.15);
#983 = AXIS2_PLACEMENT_3D('',#984,#985,#986);
#984 = CARTESIAN_POINT('',(0.,0.,85.6));
#985 = DIRECTION('',(0.,0.,1.));
#986 = DIRECTION('',(1.,0.,0.));
#987 = PCURVE('',#933,#988);
#988 = DEFINITIONAL_REPRESENTATION('',(#989),#993);
#989 = LINE('',#990,#991);
#990 = CARTESIAN_POINT('',(-0.,0.));
#991 = VECTOR('',#992,1.);
#992 = DIRECTION('',(-1.,0.));
#993 = ( GEOMETRIC_REPRESENTATION_CONTEXT(2) 
PARAMETRIC_REPRESENTATION_CONTEXT() REPRESENTATION_CONTEXT('2D SPACE',''
  ) );
#994 = PCURVE('',#995,#1000);
#995 = PLANE('',#996);
#996 = AXIS2_PLACEMENT_3D('',#997,#998,#999);
#997 = CARTESIAN_POINT('',(-1.451346077654E-15,3.123268199818E-15,85.6)
  );
#998 = DIRECTION('',(0.,0.,1.));
#999 = DIRECTION('',(1.,0.,-0.));
#1000 = DEFINITIONAL_REPRESENTATION('',(#1001),#1005);
#1001 = CIRCLE('',#1002,30.15);
#1002 = AXIS2_PLACEMENT_2D('',#1003,#1004);
#1003 = CARTESIAN_POINT('',(1.451346077654E-15,-3.123268199818E-15));
#1004 = DIRECTION('',(1.,0.));
#1005 = ( GEOMETRIC_REPRESENTATION_CONTEXT(2) 
PARAMETRIC_REPRESENTATION_CONTEXT() REPRESENTATION_CONTEXT('2D SPACE',''
  ) );
#1006 = ADVANCED_FACE('',(#1007),#1021,.F.);
#1007 = FACE_BOUND('',#1008,.T.);
#1008 = EDGE_LOOP('',(#1009,#1039,#1061,#1062));
#1009 = ORIENTED_EDGE('',*,*,#1010,.T.);
#1010 = EDGE_CURVE('',#1011,#1013,#1015,.T.);
#1011 = VERTEX_POINT('',#1012);
#1012 = CARTESIAN_POINT('',(26.24,9.426769296983E-16,85.6));
#1013 = VERTEX_POINT('',#1014);
#1014 = CARTESIAN_POINT('',(26.24,9.426769296983E-16,316.1));
#1015 = SEAM_CURVE('',#1016,(#1020,#1032),.PCURVE_S1.);
#1016 = LINE('',#1017,#1018);
#1017 = CARTESIAN_POINT('',(26.24,9.426769296983E-16,85.6));
#1018 = VECTOR('',#1019,1.);
#1019 = DIRECTION('',(0.,0.,1.));
#1020 = PCURVE('',#1021,#1026);
#1021 = CYLINDRICAL_SURFACE('',#1022,26.24);
#1022 = AXIS2_PLACEMENT_3D('',#1023,#1024,#1025);
#1023 = CARTESIAN_POINT('',(1.432868933141E-13,9.426769296983E-16,85.6)
  );
#1024 = DIRECTION('',(-0.,-0.,-1.));
#1025 = DIRECTION('',(1.,0.,0.));
#1026 = DEFINITIONAL_REPRESENTATION('',(#1027),#1031);
#1027 = LINE('',#1028,#1029);
#1028 = CARTESIAN_POINT('',(-0.,0.));
#1029 = VECTOR('',#1030,1.);
#1030 = DIRECTION('',(-0.,-1.));
#1031 = ( GEOMETRIC_REPRESENTATION_CONTEXT(2) 
PARAMETRIC_REPRESENTATION_CONTEXT() REPRESENTATION_CONTEXT('2D SPACE',''
  ) );
#1032 = PCURVE('',#1021,#1033);
#1033 = DEFINITIONAL_REPRESENTATION('',(#1034),#1038);
#1034 = LINE('',#1035,#1036);
#1035 = CARTESIAN_POINT('',(-6.28318530718,0.));
#1036 = VECTOR('',#1037,1.);
#1037 = DIRECTION('',(-0.,-1.));
#1038 = ( GEOMETRIC_REPRESENTATION_CONTEXT(2) 
PARAMETRIC_REPRESENTATION_CONTEXT() REPRESENTATION_CONTEXT('2D SPACE',''
  ) );
#1039 = ORIENTED_EDGE('',*,*,#1040,.T.);
#1040 = EDGE_CURVE('',#1013,#1013,#1041,.T.);
#1041 = SURFACE_CURVE('',#1042,(#1047,#1054),.PCURVE_S1.);
#1042 = CIRCLE('',#1043,26.24);
#1043 = AXIS2_PLACEMENT_3D('',#1044,#1045,#1046);
#1044 = CARTESIAN_POINT('',(1.432868933141E-13,9.426769296983E-16,316.1)
  );
#1045 = DIRECTION('',(0.,0.,1.));
#1046 = DIRECTION('',(1.,0.,0.));
#1047 = PCURVE('',#1021,#1048);
#1048 = DEFINITIONAL_REPRESENTATION('',(#1049),#1053);
#1049 = LINE('',#1050,#1051);
#1050 = CARTESIAN_POINT('',(-0.,-230.5));
#1051 = VECTOR('',#1052,1.);
#1052 = DIRECTION('',(-1.,0.));
#1053 = ( GEOMETRIC_REPRESENTATION_CONTEXT(2) 
PARAMETRIC_REPRESENTATION_CONTEXT() REPRESENTATION_CONTEXT('2D SPACE',''
  ) );
#1054 = PCURVE('',#967,#1055);
#1055 = DEFINITIONAL_REPRESENTATION('',(#1056),#1060);
#1056 = CIRCLE('',#1057,26.24);
#1057 = AXIS2_PLACEMENT_2D('',#1058,#1059);
#1058 = CARTESIAN_POINT('',(1.447382393918E-13,-2.18059127012E-15));
#1059 = DIRECTION('',(1.,0.));
#1060 = ( GEOMETRIC_REPRESENTATION_CONTEXT(2) 
PARAMETRIC_REPRESENTATION_CONTEXT() REPRESENTATION_CONTEXT('2D SPACE',''
  ) );
#1061 = ORIENTED_EDGE('',*,*,#1010,.F.);
#1062 = ORIENTED_EDGE('',*,*,#1063,.F.);
#1063 = EDGE_CURVE('',#1011,#1011,#1064,.T.);
#1064 = SURFACE_CURVE('',#1065,(#1070,#1077),.PCURVE_S1.);
#1065 = CIRCLE('',#1066,26.24);
#1066 = AXIS2_PLACEMENT_3D('',#1067,#1068,#1069);
#1067 = CARTESIAN_POINT('',(1.432868933141E-13,9.426769296983E-16,85.6)
  );
#1068 = DIRECTION('',(0.,0.,1.));
#1069 = DIRECTION('',(1.,0.,0.));
#1070 = PCURVE('',#1021,#1071);
#1071 = DEFINITIONAL_REPRESENTATION('',(#1072),#1076);
#1072 = LINE('',#1073,#1074);
#1073 = CARTESIAN_POINT('',(-0.,0.));
#1074 = VECTOR('',#1075,1.);
#1075 = DIRECTION('',(-1.,0.));
#1076 = ( GEOMETRIC_REPRESENTATION_CONTEXT(2) 
PARAMETRIC_REPRESENTATION_CONTEXT() REPRESENTATION_CONTEXT('2D SPACE',''
  ) );
#1077 = PCURVE('',#995,#1078);
#1078 = DEFINITIONAL_REPRESENTATION('',(#1079),#1083);
#1079 = CIRCLE('',#1080,26.24);
#1080 = AXIS2_PLACEMENT_2D('',#1081,#1082);
#1081 = CARTESIAN_POINT('',(1.447382393918E-13,-2.18059127012E-15));
#1082 = DIRECTION('',(1.,0.));
#1083 = ( GEOMETRIC_REPRESENTATION_CONTEXT(2) 
PARAMETRIC_REPRESENTATION_CONTEXT() REPRESENTATION_CONTEXT('2D SPACE',''
  ) );
#1084 = ADVANCED_FACE('',(#1085,#1088),#995,.F.);
#1085 = FACE_BOUND('',#1086,.F.);
#1086 = EDGE_LOOP('',(#1087));
#1087 = ORIENTED_EDGE('',*,*,#980,.T.);
#1088 = FACE_BOUND('',#1089,.F.);
#1089 = EDGE_LOOP('',(#1090));
#1090 = ORIENTED_EDGE('',*,*,#1063,.F.);
#1091 = ADVANCED_FACE('',(#1092,#1095),#967,.T.);
#1092 = FACE_BOUND('',#1093,.T.);
#1093 = EDGE_LOOP('',(#1094));
#1094 = ORIENTED_EDGE('',*,*,#952,.T.);
#1095 = FACE_BOUND('',#1096,.T.);
#1096 = EDGE_LOOP('',(#1097));
#1097 = ORIENTED_EDGE('',*,*,#1040,.F.);
#1098 = ( GEOMETRIC_REPRESENTATION_CONTEXT(3) 
GLOBAL_UNCERTAINTY_ASSIGNED_CONTEXT((#1102)) 
GLOBAL_UNIT_ASSIGNED_CONTEXT((#1099,#1100,#1101)) REPRESENTATION_CONTEXT
('Context #1','3D Context with UNIT and UNCERTAINTY') );
#1099 = ( LENGTH_UNIT() NAMED_UNIT(*) SI_UNIT(.MILLI.,.METRE.) );
#1100 = ( NAMED_UNIT(*) PLANE_ANGLE_UNIT() SI_UNIT($,.RADIAN.) );
#1101 = ( NAMED_UNIT(*) SI_UNIT($,.STERADIAN.) SOLID_ANGLE_UNIT() );
#1102 = UNCERTAINTY_MEASURE_WITH_UNIT(LENGTH_MEASURE(1.E-07),#1099,
  'distance_accuracy_value','confusion accuracy');
#1103 = CONTEXT_DEPENDENT_SHAPE_REPRESENTATION(#1104,#1106);
#1104 = ( REPRESENTATION_RELATIONSHIP('','',#915,#10) 
REPRESENTATION_RELATIONSHIP_WITH_TRANSFORMATION(#1105) 
SHAPE_REPRESENTATION_RELATIONSHIP() );
#1105 = ITEM_DEFINED_TRANSFORMATION('','',#11,#19);
#1106 = PRODUCT_DEFINITION_SHAPE('Placement','Placement of an item',
  #1107);
#1107 = NEXT_ASSEMBLY_USAGE_OCCURRENCE('14','','',#5,#910,$);
#1108 = PRODUCT_RELATED_PRODUCT_CATEGORY('part',$,(#912));
#1109 = SHAPE_DEFINITION_REPRESENTATION(#1110,#1116);
#1110 = PRODUCT_DEFINITION_SHAPE('','',#1111);
#1111 = PRODUCT_DEFINITION('design','',#1112,#1115);
#1112 = PRODUCT_DEFINITION_FORMATION('','',#1113);
#1113 = PRODUCT('Open CASCADE STEP translator 7.8 15.3',
  'Open CASCADE STEP translator 7.8 15.3','',(#1114));
#1114 = PRODUCT_CONTEXT('',#2,'mechanical');
#1115 = PRODUCT_DEFINITION_CONTEXT('part definition',#2,'design');
#1116 = ADVANCED_BREP_SHAPE_REPRESENTATION('',(#11,#1117),#3043);
#1117 = MANIFOLD_SOLID_BREP('',#1118);
#1118 = CLOSED_SHELL('',(#1119,#1631,#1670,#1882,#1998,#2060,#2171,#2276
    ,#2383,#2445,#2538,#2839,#2871,#2933,#2940,#3033));
#1119 = ADVANCED_FACE('',(#1120),#1133,.T.);
#1120 = FACE_BOUND('',#1121,.T.);
#1121 = EDGE_LOOP('',(#1122,#1160,#1184,#1217,#1287,#1333,#1394,#1427,
    #1488,#1534,#1604,#1630));
#1122 = ORIENTED_EDGE('',*,*,#1123,.F.);
#1123 = EDGE_CURVE('',#1124,#1124,#1126,.T.);
#1124 = VERTEX_POINT('',#1125);
#1125 = CARTESIAN_POINT('',(5.123679258645E-15,0.,108.05));
#1126 = SURFACE_CURVE('',#1127,(#1132,#1144),.PCURVE_S1.);
#1127 = CIRCLE('',#1128,30.15);
#1128 = AXIS2_PLACEMENT_3D('',#1129,#1130,#1131);
#1129 = CARTESIAN_POINT('',(1.577721810442E-30,0.,138.2));
#1130 = DIRECTION('',(-1.,0.,-1.699396105687E-16));
#1131 = DIRECTION('',(-1.699396105687E-16,0.,1.));
#1132 = PCURVE('',#1133,#1138);
#1133 = TOROIDAL_SURFACE('',#1134,180.9,30.15);
#1134 = AXIS2_PLACEMENT_3D('',#1135,#1136,#1137);
#1135 = CARTESIAN_POINT('',(3.074207555187E-14,0.,-42.7));
#1136 = DIRECTION('',(0.,1.,0.));
#1137 = DIRECTION('',(-1.699396105687E-16,0.,1.));
#1138 = DEFINITIONAL_REPRESENTATION('',(#1139),#1143);
#1139 = LINE('',#1140,#1141);
#1140 = CARTESIAN_POINT('',(0.,0.));
#1141 = VECTOR('',#1142,1.);
#1142 = DIRECTION('',(0.,1.));
#1143 = ( GEOMETRIC_REPRESENTATION_CONTEXT(2) 
PARAMETRIC_REPRESENTATION_CONTEXT() REPRESENTATION_CONTEXT('2D SPACE',''
  ) );
#1144 = PCURVE('',#1145,#1150);
#1145 = PLANE('',#1146);
#1146 = AXIS2_PLACEMENT_3D('',#1147,#1148,#1149);
#1147 = CARTESIAN_POINT('',(1.853015506927E-30,-3.9592292609E-15,138.2)
  );
#1148 = DIRECTION('',(1.,0.,1.110223024625E-16));
#1149 = DIRECTION('',(1.110223024625E-16,0.,-1.));
#1150 = DEFINITIONAL_REPRESENTATION('',(#1151),#1159);
#1151 = ( BOUNDED_CURVE() B_SPLINE_CURVE(2,(#1152,#1153,#1154,#1155,
#1156,#1157,#1158),.UNSPECIFIED.,.T.,.F.) B_SPLINE_CURVE_WITH_KNOTS((1,2
    ,2,2,2,1),(-2.094395102393,0.,2.094395102393,4.188790204786,
6.28318530718,8.377580409573),.UNSPECIFIED.) CURVE() 
GEOMETRIC_REPRESENTATION_ITEM() RATIONAL_B_SPLINE_CURVE((1.,0.5,1.,0.5,
1.,0.5,1.)) REPRESENTATION_ITEM('') );
#1152 = CARTESIAN_POINT('',(-30.15,3.9592292609E-15));
#1153 = CARTESIAN_POINT('',(-30.15,52.221331848202));
#1154 = CARTESIAN_POINT('',(15.075,26.110665924101));
#1155 = CARTESIAN_POINT('',(60.3,1.134384945976E-14));
#1156 = CARTESIAN_POINT('',(15.075,-26.1106659241));
#1157 = CARTESIAN_POINT('',(-30.15,-52.2213318482));
#1158 = CARTESIAN_POINT('',(-30.15,3.9592292609E-15));
#1159 = ( GEOMETRIC_REPRESENTATION_CONTEXT(2) 
PARAMETRIC_REPRESENTATION_CONTEXT() REPRESENTATION_CONTEXT('2D SPACE',''
  ) );
#1160 = ORIENTED_EDGE('',*,*,#1161,.T.);
#1161 = EDGE_CURVE('',#1124,#1162,#1164,.T.);
#1162 = VERTEX_POINT('',#1163);
#1163 = CARTESIAN_POINT('',(150.75,0.,-42.7));
#1164 = SEAM_CURVE('',#1165,(#1170,#1177),.PCURVE_S1.);
#1165 = CIRCLE('',#1166,150.75);
#1166 = AXIS2_PLACEMENT_3D('',#1167,#1168,#1169);
#1167 = CARTESIAN_POINT('',(3.074207555187E-14,1.107693029829E-14,-42.7)
  );
#1168 = DIRECTION('',(0.,1.,-0.));
#1169 = DIRECTION('',(-1.699396105687E-16,0.,1.));
#1170 = PCURVE('',#1133,#1171);
#1171 = DEFINITIONAL_REPRESENTATION('',(#1172),#1176);
#1172 = LINE('',#1173,#1174);
#1173 = CARTESIAN_POINT('',(0.,9.424777960769));
#1174 = VECTOR('',#1175,1.);
#1175 = DIRECTION('',(1.,0.));
#1176 = ( GEOMETRIC_REPRESENTATION_CONTEXT(2) 
PARAMETRIC_REPRESENTATION_CONTEXT() REPRESENTATION_CONTEXT('2D SPACE',''
  ) );
#1177 = PCURVE('',#1133,#1178);
#1178 = DEFINITIONAL_REPRESENTATION('',(#1179),#1183);
#1179 = LINE('',#1180,#1181);
#1180 = CARTESIAN_POINT('',(0.,3.14159265359));
#1181 = VECTOR('',#1182,1.);
#1182 = DIRECTION('',(1.,0.));
#1183 = ( GEOMETRIC_REPRESENTATION_CONTEXT(2) 
PARAMETRIC_REPRESENTATION_CONTEXT() REPRESENTATION_CONTEXT('2D SPACE',''
  ) );
#1184 = ORIENTED_EDGE('',*,*,#1185,.T.);
#1185 = EDGE_CURVE('',#1162,#1186,#1188,.T.);
#1186 = VERTEX_POINT('',#1187);
#1187 = CARTESIAN_POINT('',(180.9,-30.15,-42.7));
#1188 = SURFACE_CURVE('',#1189,(#1194,#1201),.PCURVE_S1.);
#1189 = CIRCLE('',#1190,30.15);
#1190 = AXIS2_PLACEMENT_3D('',#1191,#1192,#1193);
#1191 = CARTESIAN_POINT('',(180.9,0.,-42.7));
#1192 = DIRECTION('',(-9.127345600996E-18,0.,1.));
#1193 = DIRECTION('',(1.,0.,9.127345600996E-18));
#1194 = PCURVE('',#1133,#1195);
#1195 = DEFINITIONAL_REPRESENTATION('',(#1196),#1200);
#1196 = LINE('',#1197,#1198);
#1197 = CARTESIAN_POINT('',(1.570796326795,0.));
#1198 = VECTOR('',#1199,1.);
#1199 = DIRECTION('',(0.,1.));
#1200 = ( GEOMETRIC_REPRESENTATION_CONTEXT(2) 
PARAMETRIC_REPRESENTATION_CONTEXT() REPRESENTATION_CONTEXT('2D SPACE',''
  ) );
#1201 = PCURVE('',#1202,#1207);
#1202 = PLANE('',#1203);
#1203 = AXIS2_PLACEMENT_3D('',#1204,#1205,#1206);
#1204 = CARTESIAN_POINT('',(180.9,-3.9592292609E-15,-42.7));
#1205 = DIRECTION('',(1.110223024625E-16,0.,-1.));
#1206 = DIRECTION('',(1.,0.,1.110223024625E-16));
#1207 = DEFINITIONAL_REPRESENTATION('',(#1208),#1216);
#1208 = ( BOUNDED_CURVE() B_SPLINE_CURVE(2,(#1209,#1210,#1211,#1212,
#1213,#1214,#1215),.UNSPECIFIED.,.T.,.F.) B_SPLINE_CURVE_WITH_KNOTS((1,2
    ,2,2,2,1),(-2.094395102393,0.,2.094395102393,4.188790204786,
6.28318530718,8.377580409573),.UNSPECIFIED.) CURVE() 
GEOMETRIC_REPRESENTATION_ITEM() RATIONAL_B_SPLINE_CURVE((1.,0.5,1.,0.5,
1.,0.5,1.)) REPRESENTATION_ITEM('') );
#1209 = CARTESIAN_POINT('',(30.15,-3.9592292609E-15));
#1210 = CARTESIAN_POINT('',(30.15,-52.2213318482));
#1211 = CARTESIAN_POINT('',(-15.075,-26.1106659241));
#1212 = CARTESIAN_POINT('',(-60.3,-1.134384945976E-14));
#1213 = CARTESIAN_POINT('',(-15.075,26.110665924101));
#1214 = CARTESIAN_POINT('',(30.15,52.221331848202));
#1215 = CARTESIAN_POINT('',(30.15,-3.9592292609E-15));
#1216 = ( GEOMETRIC_REPRESENTATION_CONTEXT(2) 
PARAMETRIC_REPRESENTATION_CONTEXT() REPRESENTATION_CONTEXT('2D SPACE',''
  ) );
#1217 = ORIENTED_EDGE('',*,*,#1218,.T.);
#1218 = EDGE_CURVE('',#1186,#1219,#1221,.T.);
#1219 = VERTEX_POINT('',#1220);
#1220 = CARTESIAN_POINT('',(180.9,-30.14952393095,-34.86873530414));
#1221 = SURFACE_CURVE('',#1222,(#1240,#1261),.PCURVE_S1.);
#1222 = B_SPLINE_CURVE_WITH_KNOTS('',6,(#1223,#1224,#1225,#1226,#1227,
    #1228,#1229,#1230,#1231,#1232,#1233,#1234,#1235,#1236,#1237,#1238,
    #1239),.UNSPECIFIED.,.F.,.F.,(7,5,5,7),(0.,0.500047311302,
    0.770104771578,1.),.UNSPECIFIED.);
#1223 = CARTESIAN_POINT('',(180.9,-30.15,-42.7));
#1224 = CARTESIAN_POINT('',(180.9,-30.15,-39.58453224234));
#1225 = CARTESIAN_POINT('',(180.9,-30.14999990121,-36.46906738062));
#1226 = CARTESIAN_POINT('',(180.9,-30.15000035965,-33.35360187568));
#1227 = CARTESIAN_POINT('',(180.9,-30.14896803873,-30.23813762657));
#1228 = CARTESIAN_POINT('',(180.9,-30.14484534526,-27.12268195021));
#1229 = CARTESIAN_POINT('',(180.9,-30.12908218094,-22.32471421572));
#1230 = CARTESIAN_POINT('',(180.9,-30.12177153182,-20.64218965399));
#1231 = CARTESIAN_POINT('',(180.9,-30.11220166098,-18.95967605203));
#1232 = CARTESIAN_POINT('',(180.9,-30.0998142254,-17.27718125118));
#1233 = CARTESIAN_POINT('',(180.9,-30.08397017585,-15.59471878381));
#1234 = CARTESIAN_POINT('',(180.9,-30.04690912236,-12.48010065967));
#1235 = CARTESIAN_POINT('',(180.9,-30.02684144339,-11.04793249614));
#1236 = CARTESIAN_POINT('',(180.9,-30.00330505923,-9.615814977189));
#1237 = CARTESIAN_POINT('',(180.9,-29.97581461606,-8.183767549885));
#1238 = CARTESIAN_POINT('',(180.9,-29.94384236374,-6.751817509596));
#1239 = CARTESIAN_POINT('',(180.9,-29.90681815576,-5.32));
#1240 = PCURVE('',#1133,#1241);
#1241 = DEFINITIONAL_REPRESENTATION('',(#1242),#1260);
#1242 = B_SPLINE_CURVE_WITH_KNOTS('',6,(#1243,#1244,#1245,#1246,#1247,
    #1248,#1249,#1250,#1251,#1252,#1253,#1254,#1255,#1256,#1257,#1258,
    #1259),.UNSPECIFIED.,.F.,.F.,(7,5,5,7),(0.,0.500047311302,
    0.770104771578,1.),.UNSPECIFIED.);
#1243 = CARTESIAN_POINT('',(1.570796326795,4.712388980385));
#1244 = CARTESIAN_POINT('',(1.553574282806,4.712388980385));
#1245 = CARTESIAN_POINT('',(1.536352254933,4.714524490917));
#1246 = CARTESIAN_POINT('',(1.519148611797,4.718795510061));
#1247 = CARTESIAN_POINT('',(1.501981755305,4.725196327847));
#1248 = CARTESIAN_POINT('',(1.484869715054,4.733715564885));
#1249 = CARTESIAN_POINT('',(1.45862715734,4.75008072044));
#1250 = CARTESIAN_POINT('',(1.449445566052,4.756434141));
#1251 = CARTESIAN_POINT('',(1.440287752732,4.763400323765));
#1252 = CARTESIAN_POINT('',(1.431156411727,4.770977433868));
#1253 = CARTESIAN_POINT('',(1.422054189058,4.779163885573));
#1254 = CARTESIAN_POINT('',(1.405262089082,4.795445460765));
#1255 = CARTESIAN_POINT('',(1.397563491719,4.803373134491));
#1256 = CARTESIAN_POINT('',(1.389889470886,4.811740924326));
#1257 = CARTESIAN_POINT('',(1.382241608383,4.820548532895));
#1258 = CARTESIAN_POINT('',(1.374621471869,4.829796101744));
#1259 = CARTESIAN_POINT('',(1.367030614864,4.839484211344));
#1260 = ( GEOMETRIC_REPRESENTATION_CONTEXT(2) 
PARAMETRIC_REPRESENTATION_CONTEXT() REPRESENTATION_CONTEXT('2D SPACE',''
  ) );
#1261 = PCURVE('',#1262,#1267);
#1262 = PLANE('',#1263);
#1263 = AXIS2_PLACEMENT_3D('',#1264,#1265,#1266);
#1264 = CARTESIAN_POINT('',(180.9,1.537916223339E-15,-42.7));
#1265 = DIRECTION('',(1.,0.,1.110223024625E-16));
#1266 = DIRECTION('',(1.110223024625E-16,0.,-1.));
#1267 = DEFINITIONAL_REPRESENTATION('',(#1268),#1286);
#1268 = B_SPLINE_CURVE_WITH_KNOTS('',6,(#1269,#1270,#1271,#1272,#1273,
    #1274,#1275,#1276,#1277,#1278,#1279,#1280,#1281,#1282,#1283,#1284,
    #1285),.UNSPECIFIED.,.F.,.F.,(7,5,5,7),(0.,0.500047311302,
    0.770104771578,1.),.UNSPECIFIED.);
#1269 = CARTESIAN_POINT('',(2.84217094304E-14,-30.15));
#1270 = CARTESIAN_POINT('',(-3.115467757651,-30.15));
#1271 = CARTESIAN_POINT('',(-6.230932619377,-30.14999990121));
#1272 = CARTESIAN_POINT('',(-9.346398124318,-30.15000035965));
#1273 = CARTESIAN_POINT('',(-12.46186237342,-30.14896803873));
#1274 = CARTESIAN_POINT('',(-15.57731804978,-30.14484534526));
#1275 = CARTESIAN_POINT('',(-20.37528578427,-30.12908218094));
#1276 = CARTESIAN_POINT('',(-22.05781034601,-30.12177153182));
#1277 = CARTESIAN_POINT('',(-23.74032394796,-30.11220166098));
#1278 = CARTESIAN_POINT('',(-25.42281874881,-30.0998142254));
#1279 = CARTESIAN_POINT('',(-27.10528121618,-30.08397017585));
#1280 = CARTESIAN_POINT('',(-30.21989934032,-30.04690912236));
#1281 = CARTESIAN_POINT('',(-31.65206750386,-30.02684144339));
#1282 = CARTESIAN_POINT('',(-33.08418502281,-30.00330505923));
#1283 = CARTESIAN_POINT('',(-34.51623245011,-29.97581461606));
#1284 = CARTESIAN_POINT('',(-35.9481824904,-29.94384236374));
#1285 = CARTESIAN_POINT('',(-37.38,-29.90681815576));
#1286 = ( GEOMETRIC_REPRESENTATION_CONTEXT(2) 
PARAMETRIC_REPRESENTATION_CONTEXT() REPRESENTATION_CONTEXT('2D SPACE',''
  ) );
#1287 = ORIENTED_EDGE('',*,*,#1288,.T.);
#1288 = EDGE_CURVE('',#1219,#1289,#1291,.T.);
#1289 = VERTEX_POINT('',#1290);
#1290 = CARTESIAN_POINT('',(184.80019881839,-29.86832169337,
    -33.85659232981));
#1291 = SURFACE_CURVE('',#1292,(#1302,#1315),.PCURVE_S1.);
#1292 = B_SPLINE_CURVE_WITH_KNOTS('',8,(#1293,#1294,#1295,#1296,#1297,
    #1298,#1299,#1300,#1301),.UNSPECIFIED.,.F.,.F.,(9,9),(0.,1.),
  .PIECEWISE_BEZIER_KNOTS.);
#1293 = CARTESIAN_POINT('',(180.8999994,-30.14952393433,-34.86873531712)
  );
#1294 = CARTESIAN_POINT('',(181.39844896698,-30.14672281805,
    -34.85795132174));
#1295 = CARTESIAN_POINT('',(181.89655396337,-30.13449663877,
    -34.8108997324));
#1296 = CARTESIAN_POINT('',(182.39235812995,-30.11277176768,
    -34.72751237992));
#1297 = CARTESIAN_POINT('',(182.88441866439,-30.08166309167,
    -34.60944067922));
#1298 = CARTESIAN_POINT('',(183.37175427245,-30.04139425749,
    -34.45978424105));
#1299 = CARTESIAN_POINT('',(183.85371081793,-29.99223290872,
    -34.28211195927));
#1300 = CARTESIAN_POINT('',(184.32990604333,-29.93445801633,
    -34.07996560111));
#1301 = CARTESIAN_POINT('',(184.80019941839,-29.86832160899,
    -33.85659204483));
#1302 = PCURVE('',#1133,#1303);
#1303 = DEFINITIONAL_REPRESENTATION('',(#1304),#1314);
#1304 = B_SPLINE_CURVE_WITH_KNOTS('',8,(#1305,#1306,#1307,#1308,#1309,
    #1310,#1311,#1312,#1313),.UNSPECIFIED.,.F.,.F.,(9,9),(0.,1.),
  .PIECEWISE_BEZIER_KNOTS.);
#1305 = CARTESIAN_POINT('',(1.527532766375,4.718008579603));
#1306 = CARTESIAN_POINT('',(1.527592324037,4.734541164542));
#1307 = CARTESIAN_POINT('',(1.527451315572,4.751116137501));
#1308 = CARTESIAN_POINT('',(1.527111103505,4.767675389008));
#1309 = CARTESIAN_POINT('',(1.526582661007,4.784176807802));
#1310 = CARTESIAN_POINT('',(1.525884715948,4.800592534462));
#1311 = CARTESIAN_POINT('',(1.525038155216,4.81690477157));
#1312 = CARTESIAN_POINT('',(1.524063382045,4.833104171854));
#1313 = CARTESIAN_POINT('',(1.522978917556,4.849189203166));
#1314 = ( GEOMETRIC_REPRESENTATION_CONTEXT(2) 
PARAMETRIC_REPRESENTATION_CONTEXT() REPRESENTATION_CONTEXT('2D SPACE',''
  ) );
#1315 = PCURVE('',#1316,#1321);
#1316 = CYLINDRICAL_SURFACE('',#1317,31.15);
#1317 = AXIS2_PLACEMENT_3D('',#1318,#1319,#1320);
#1318 = CARTESIAN_POINT('',(180.9,0.,-42.7));
#1319 = DIRECTION('',(-1.,-0.,-1.110223024625E-16));
#1320 = DIRECTION('',(1.110223024625E-16,0.,-1.));
#1321 = DEFINITIONAL_REPRESENTATION('',(#1322),#1332);
#1322 = B_SPLINE_CURVE_WITH_KNOTS('',8,(#1323,#1324,#1325,#1326,#1327,
    #1328,#1329,#1330,#1331),.UNSPECIFIED.,.F.,.F.,(9,9),(0.,1.),
  .PIECEWISE_BEZIER_KNOTS.);
#1323 = CARTESIAN_POINT('',(-4.45825741043,5.999999999062E-07));
#1324 = CARTESIAN_POINT('',(-4.45789972666,-0.498448966982));
#1325 = CARTESIAN_POINT('',(-4.456339080946,-0.996553963371));
#1326 = CARTESIAN_POINT('',(-4.453572762505,-1.492358129959));
#1327 = CARTESIAN_POINT('',(-4.449653001452,-1.984418664392));
#1328 = CARTESIAN_POINT('',(-4.444677902513,-2.47175427245));
#1329 = CARTESIAN_POINT('',(-4.438760133457,-2.953710817932));
#1330 = CARTESIAN_POINT('',(-4.432011140705,-3.429906043338));
#1331 = CARTESIAN_POINT('',(-4.42453252978,-3.900199418398));
#1332 = ( GEOMETRIC_REPRESENTATION_CONTEXT(2) 
PARAMETRIC_REPRESENTATION_CONTEXT() REPRESENTATION_CONTEXT('2D SPACE',''
  ) );
#1333 = ORIENTED_EDGE('',*,*,#1334,.F.);
#1334 = EDGE_CURVE('',#1335,#1289,#1337,.T.);
#1335 = VERTEX_POINT('',#1336);
#1336 = CARTESIAN_POINT('',(184.80019881839,-29.89667120562,-42.7));
#1337 = SURFACE_CURVE('',#1338,(#1353,#1371),.PCURVE_S1.);
#1338 = B_SPLINE_CURVE_WITH_KNOTS('',7,(#1339,#1340,#1341,#1342,#1343,
    #1344,#1345,#1346,#1347,#1348,#1349,#1350,#1351,#1352),
  .UNSPECIFIED.,.F.,.F.,(8,6,8),(0.,0.850210196829,1.),.UNSPECIFIED.);
#1339 = CARTESIAN_POINT('',(184.80019881839,-29.89667120562,-42.7));
#1340 = CARTESIAN_POINT('',(184.80019881839,-29.89667120562,
    -38.1584500039));
#1341 = CARTESIAN_POINT('',(184.80019881839,-29.87968482925,
    -33.61706176764));
#1342 = CARTESIAN_POINT('',(184.80019881839,-29.8457097183,
    -29.07565992248));
#1343 = CARTESIAN_POINT('',(184.80019881839,-29.79120231248,
    -24.53431891517));
#1344 = CARTESIAN_POINT('',(184.80019881839,-29.70900948807,
    -19.99336496298));
#1345 = CARTESIAN_POINT('',(184.80019881839,-29.58862280403,
    -15.45337183369));
#1346 = CARTESIAN_POINT('',(184.80019881839,-29.38519505981,
    -10.11563285958));
#1347 = CARTESIAN_POINT('',(184.80019881839,-29.35309213901,
    -9.316157023827));
#1348 = CARTESIAN_POINT('',(184.80019881839,-29.31927932419,
    -8.516751056031));
#1349 = CARTESIAN_POINT('',(184.80019881839,-29.28367440825,
    -7.717422860098));
#1350 = CARTESIAN_POINT('',(184.80019881839,-29.24619135203,
    -6.918181410432));
#1351 = CARTESIAN_POINT('',(184.80019881839,-29.20674028426,
    -6.119036751932));
#1352 = CARTESIAN_POINT('',(184.80019881839,-29.16522750159,-5.32));
#1353 = PCURVE('',#1133,#1354);
#1354 = DEFINITIONAL_REPRESENTATION('',(#1355),#1370);
#1355 = B_SPLINE_CURVE_WITH_KNOTS('',7,(#1356,#1357,#1358,#1359,#1360,
    #1361,#1362,#1363,#1364,#1365,#1366,#1367,#1368,#1369),
  .UNSPECIFIED.,.F.,.F.,(8,6,8),(0.,0.850210196829,1.),.UNSPECIFIED.);
#1356 = CARTESIAN_POINT('',(1.570796326795,4.842112336511));
#1357 = CARTESIAN_POINT('',(1.546220866243,4.842112336511));
#1358 = CARTESIAN_POINT('',(1.521646281062,4.846467743604));
#1359 = CARTESIAN_POINT('',(1.497120107223,4.855178068039));
#1360 = CARTESIAN_POINT('',(1.472691218365,4.868239784151));
#1361 = CARTESIAN_POINT('',(1.44840844397,4.885644992806));
#1362 = CARTESIAN_POINT('',(1.424318965853,4.907396178348));
#1363 = CARTESIAN_POINT('',(1.396265033469,4.938154702879));
#1364 = CARTESIAN_POINT('',(1.392070258346,4.942898551282));
#1365 = CARTESIAN_POINT('',(1.387883156246,4.947779205016));
#1366 = CARTESIAN_POINT('',(1.38370398341,4.952796987341));
#1367 = CARTESIAN_POINT('',(1.379532997186,4.957952274518));
#1368 = CARTESIAN_POINT('',(1.375370456029,4.963245495802));
#1369 = CARTESIAN_POINT('',(1.371216619499,4.96867713345));
#1370 = ( GEOMETRIC_REPRESENTATION_CONTEXT(2) 
PARAMETRIC_REPRESENTATION_CONTEXT() REPRESENTATION_CONTEXT('2D SPACE',''
  ) );
#1371 = PCURVE('',#1372,#1377);
#1372 = PLANE('',#1373);
#1373 = AXIS2_PLACEMENT_3D('',#1374,#1375,#1376);
#1374 = CARTESIAN_POINT('',(184.80019881839,1.537916223339E-15,-42.7));
#1375 = DIRECTION('',(1.,0.,1.110223024625E-16));
#1376 = DIRECTION('',(1.110223024625E-16,0.,-1.));
#1377 = DEFINITIONAL_REPRESENTATION('',(#1378),#1393);
#1378 = B_SPLINE_CURVE_WITH_KNOTS('',7,(#1379,#1380,#1381,#1382,#1383,
    #1384,#1385,#1386,#1387,#1388,#1389,#1390,#1391,#1392),
  .UNSPECIFIED.,.F.,.F.,(8,6,8),(0.,0.850210196829,1.),.UNSPECIFIED.);
#1379 = CARTESIAN_POINT('',(2.84217094304E-14,-29.89667120562));
#1380 = CARTESIAN_POINT('',(-4.541549996092,-29.89667120562));
#1381 = CARTESIAN_POINT('',(-9.082938232357,-29.87968482925));
#1382 = CARTESIAN_POINT('',(-13.62434007751,-29.8457097183));
#1383 = CARTESIAN_POINT('',(-18.16568108483,-29.79120231248));
#1384 = CARTESIAN_POINT('',(-22.70663503701,-29.70900948807));
#1385 = CARTESIAN_POINT('',(-27.2466281663,-29.58862280403));
#1386 = CARTESIAN_POINT('',(-32.58436714041,-29.38519505981));
#1387 = CARTESIAN_POINT('',(-33.38384297617,-29.35309213901));
#1388 = CARTESIAN_POINT('',(-34.18324894396,-29.31927932419));
#1389 = CARTESIAN_POINT('',(-34.9825771399,-29.28367440825));
#1390 = CARTESIAN_POINT('',(-35.78181858956,-29.24619135203));
#1391 = CARTESIAN_POINT('',(-36.58096324806,-29.20674028426));
#1392 = CARTESIAN_POINT('',(-37.38,-29.16522750159));
#1393 = ( GEOMETRIC_REPRESENTATION_CONTEXT(2) 
PARAMETRIC_REPRESENTATION_CONTEXT() REPRESENTATION_CONTEXT('2D SPACE',''
  ) );
#1394 = ORIENTED_EDGE('',*,*,#1395,.T.);
#1395 = EDGE_CURVE('',#1335,#1396,#1398,.T.);
#1396 = VERTEX_POINT('',#1397);
#1397 = CARTESIAN_POINT('',(184.80019881839,29.89667120562,-42.7));
#1398 = SURFACE_CURVE('',#1399,(#1404,#1411),.PCURVE_S1.);
#1399 = CIRCLE('',#1400,30.15);
#1400 = AXIS2_PLACEMENT_3D('',#1401,#1402,#1403);
#1401 = CARTESIAN_POINT('',(180.9,0.,-42.7));
#1402 = DIRECTION('',(-9.127345600996E-18,0.,1.));
#1403 = DIRECTION('',(1.,0.,9.127345600996E-18));
#1404 = PCURVE('',#1133,#1405);
#1405 = DEFINITIONAL_REPRESENTATION('',(#1406),#1410);
#1406 = LINE('',#1407,#1408);
#1407 = CARTESIAN_POINT('',(1.570796326795,0.));
#1408 = VECTOR('',#1409,1.);
#1409 = DIRECTION('',(0.,1.));
#1410 = ( GEOMETRIC_REPRESENTATION_CONTEXT(2) 
PARAMETRIC_REPRESENTATION_CONTEXT() REPRESENTATION_CONTEXT('2D SPACE',''
  ) );
#1411 = PCURVE('',#1412,#1417);
#1412 = PLANE('',#1413);
#1413 = AXIS2_PLACEMENT_3D('',#1414,#1415,#1416);
#1414 = CARTESIAN_POINT('',(180.9,-3.9592292609E-15,-42.7));
#1415 = DIRECTION('',(1.110223024625E-16,0.,-1.));
#1416 = DIRECTION('',(1.,0.,1.110223024625E-16));
#1417 = DEFINITIONAL_REPRESENTATION('',(#1418),#1426);
#1418 = ( BOUNDED_CURVE() B_SPLINE_CURVE(2,(#1419,#1420,#1421,#1422,
#1423,#1424,#1425),.UNSPECIFIED.,.T.,.F.) B_SPLINE_CURVE_WITH_KNOTS((1,2
    ,2,2,2,1),(-2.094395102393,0.,2.094395102393,4.188790204786,
6.28318530718,8.377580409573),.UNSPECIFIED.) CURVE() 
GEOMETRIC_REPRESENTATION_ITEM() RATIONAL_B_SPLINE_CURVE((1.,0.5,1.,0.5,
1.,0.5,1.)) REPRESENTATION_ITEM('') );
#1419 = CARTESIAN_POINT('',(30.15,-3.9592292609E-15));
#1420 = CARTESIAN_POINT('',(30.15,-52.2213318482));
#1421 = CARTESIAN_POINT('',(-15.075,-26.1106659241));
#1422 = CARTESIAN_POINT('',(-60.3,-1.134384945976E-14));
#1423 = CARTESIAN_POINT('',(-15.075,26.110665924101));
#1424 = CARTESIAN_POINT('',(30.15,52.221331848202));
#1425 = CARTESIAN_POINT('',(30.15,-3.9592292609E-15));
#1426 = ( GEOMETRIC_REPRESENTATION_CONTEXT(2) 
PARAMETRIC_REPRESENTATION_CONTEXT() REPRESENTATION_CONTEXT('2D SPACE',''
  ) );
#1427 = ORIENTED_EDGE('',*,*,#1428,.F.);
#1428 = EDGE_CURVE('',#1429,#1396,#1431,.T.);
#1429 = VERTEX_POINT('',#1430);
#1430 = CARTESIAN_POINT('',(184.80019881839,29.868321693375,
    -33.85659232981));
#1431 = SURFACE_CURVE('',#1432,(#1447,#1465),.PCURVE_S1.);
#1432 = B_SPLINE_CURVE_WITH_KNOTS('',7,(#1433,#1434,#1435,#1436,#1437,
    #1438,#1439,#1440,#1441,#1442,#1443,#1444,#1445,#1446),
  .UNSPECIFIED.,.F.,.F.,(8,6,8),(0.,0.695704340645,1.),.UNSPECIFIED.);
#1433 = CARTESIAN_POINT('',(184.80019881839,29.165227501593,-5.32));
#1434 = CARTESIAN_POINT('',(184.80019881839,29.358034240707,
    -9.031138128103));
#1435 = CARTESIAN_POINT('',(184.80019881839,29.506358351424,
    -12.74446468991));
#1436 = CARTESIAN_POINT('',(184.80019881839,29.619619943548,
    -16.4591146766));
#1437 = CARTESIAN_POINT('',(184.80019881839,29.705338813832,
    -20.17446690817));
#1438 = CARTESIAN_POINT('',(184.80019881839,29.769481680911,
    -23.89013359709));
#1439 = CARTESIAN_POINT('',(184.80019881839,29.816418089689,
    -27.60596131162));
#1440 = CARTESIAN_POINT('',(184.80019881839,29.863156447639,
    -32.94740948715));
#1441 = CARTESIAN_POINT('',(184.80019881839,29.874619674956,
    -34.57281362462));
#1442 = CARTESIAN_POINT('',(184.80019881839,29.88355700645,
    -36.19823557343));
#1443 = CARTESIAN_POINT('',(184.80019881839,29.890143332866,
    -37.82366950626));
#1444 = CARTESIAN_POINT('',(184.80019881839,29.894495279385,
    -39.44911060007));
#1445 = CARTESIAN_POINT('',(184.80019881839,29.89667120562,
    -41.07455503613));
#1446 = CARTESIAN_POINT('',(184.80019881839,29.89667120562,-42.7));
#1447 = PCURVE('',#1133,#1448);
#1448 = DEFINITIONAL_REPRESENTATION('',(#1449),#1464);
#1449 = B_SPLINE_CURVE_WITH_KNOTS('',7,(#1450,#1451,#1452,#1453,#1454,
    #1455,#1456,#1457,#1458,#1459,#1460,#1461,#1462,#1463),
  .UNSPECIFIED.,.F.,.F.,(8,6,8),(0.,0.695704340645,1.),.UNSPECIFIED.);
#1450 = CARTESIAN_POINT('',(1.371216619499,7.597693480909));
#1451 = CARTESIAN_POINT('',(1.390509175299,7.622920803084));
#1452 = CARTESIAN_POINT('',(1.409988776024,7.645161254535));
#1453 = CARTESIAN_POINT('',(1.429630719739,7.664466094388));
#1454 = CARTESIAN_POINT('',(1.449409374631,7.680853830922));
#1455 = CARTESIAN_POINT('',(1.469298590502,7.694329705503));
#1456 = CARTESIAN_POINT('',(1.489272275837,7.704893675163));
#1457 = CARTESIAN_POINT('',(1.518067031475,7.715890592173));
#1458 = CARTESIAN_POINT('',(1.526840317249,7.718679521175));
#1459 = CARTESIAN_POINT('',(1.535622550753,7.720910881564));
#1460 = CARTESIAN_POINT('',(1.544411505742,7.722584527293));
#1461 = CARTESIAN_POINT('',(1.553204948611,7.723700349768));
#1462 = CARTESIAN_POINT('',(1.562000638401,7.724258277848));
#1463 = CARTESIAN_POINT('',(1.570796326795,7.724258277848));
#1464 = ( GEOMETRIC_REPRESENTATION_CONTEXT(2) 
PARAMETRIC_REPRESENTATION_CONTEXT() REPRESENTATION_CONTEXT('2D SPACE',''
  ) );
#1465 = PCURVE('',#1466,#1471);
#1466 = PLANE('',#1467);
#1467 = AXIS2_PLACEMENT_3D('',#1468,#1469,#1470);
#1468 = CARTESIAN_POINT('',(184.80019881839,1.537916223339E-15,-42.7));
#1469 = DIRECTION('',(1.,0.,1.110223024625E-16));
#1470 = DIRECTION('',(1.110223024625E-16,0.,-1.));
#1471 = DEFINITIONAL_REPRESENTATION('',(#1472),#1487);
#1472 = B_SPLINE_CURVE_WITH_KNOTS('',7,(#1473,#1474,#1475,#1476,#1477,
    #1478,#1479,#1480,#1481,#1482,#1483,#1484,#1485,#1486),
  .UNSPECIFIED.,.F.,.F.,(8,6,8),(0.,0.695704340645,1.),.UNSPECIFIED.);
#1473 = CARTESIAN_POINT('',(-37.38,29.165227501593));
#1474 = CARTESIAN_POINT('',(-33.66886187189,29.358034240707));
#1475 = CARTESIAN_POINT('',(-29.95553531008,29.506358351424));
#1476 = CARTESIAN_POINT('',(-26.24088532339,29.619619943548));
#1477 = CARTESIAN_POINT('',(-22.52553309183,29.705338813832));
#1478 = CARTESIAN_POINT('',(-18.8098664029,29.769481680911));
#1479 = CARTESIAN_POINT('',(-15.09403868837,29.816418089689));
#1480 = CARTESIAN_POINT('',(-9.752590512841,29.863156447639));
#1481 = CARTESIAN_POINT('',(-8.127186375378,29.874619674956));
#1482 = CARTESIAN_POINT('',(-6.501764426567,29.88355700645));
#1483 = CARTESIAN_POINT('',(-4.876330493739,29.890143332866));
#1484 = CARTESIAN_POINT('',(-3.250889399929,29.894495279385));
#1485 = CARTESIAN_POINT('',(-1.62544496387,29.89667120562));
#1486 = CARTESIAN_POINT('',(2.84217094304E-14,29.89667120562));
#1487 = ( GEOMETRIC_REPRESENTATION_CONTEXT(2) 
PARAMETRIC_REPRESENTATION_CONTEXT() REPRESENTATION_CONTEXT('2D SPACE',''
  ) );
#1488 = ORIENTED_EDGE('',*,*,#1489,.T.);
#1489 = EDGE_CURVE('',#1429,#1490,#1492,.T.);
#1490 = VERTEX_POINT('',#1491);
#1491 = CARTESIAN_POINT('',(180.9,30.149523930958,-34.86873530414));
#1492 = SURFACE_CURVE('',#1493,(#1503,#1516),.PCURVE_S1.);
#1493 = B_SPLINE_CURVE_WITH_KNOTS('',8,(#1494,#1495,#1496,#1497,#1498,
    #1499,#1500,#1501,#1502),.UNSPECIFIED.,.F.,.F.,(9,9),(0.,1.),
  .PIECEWISE_BEZIER_KNOTS.);
#1494 = CARTESIAN_POINT('',(184.80019941839,29.868321608998,
    -33.85659204483));
#1495 = CARTESIAN_POINT('',(184.32990859421,29.934457657614,
    -34.07996438952));
#1496 = CARTESIAN_POINT('',(183.85371043762,29.992233062633,
    -34.28211239834));
#1497 = CARTESIAN_POINT('',(183.37175190024,30.041394511534,
    -34.45978521668));
#1498 = CARTESIAN_POINT('',(182.88441745345,30.081663071232,
    -34.60944064909));
#1499 = CARTESIAN_POINT('',(182.39236077511,30.112771426566,
    -34.72751110472));
#1500 = CARTESIAN_POINT('',(181.89656109724,30.134496296121,
    -34.81089840188));
#1501 = CARTESIAN_POINT('',(181.39845698469,30.146722772999,
    -34.85795114828));
#1502 = CARTESIAN_POINT('',(180.8999994,30.14952393433,-34.86873531712)
  );
#1503 = PCURVE('',#1133,#1504);
#1504 = DEFINITIONAL_REPRESENTATION('',(#1505),#1515);
#1505 = B_SPLINE_CURVE_WITH_KNOTS('',8,(#1506,#1507,#1508,#1509,#1510,
    #1511,#1512,#1513,#1514),.UNSPECIFIED.,.F.,.F.,(9,9),(0.,1.),
  .PIECEWISE_BEZIER_KNOTS.);
#1506 = CARTESIAN_POINT('',(1.522978917556,7.717181411193));
#1507 = CARTESIAN_POINT('',(1.524063376163,7.733266355259));
#1508 = CARTESIAN_POINT('',(1.525038157421,7.749465856748));
#1509 = CARTESIAN_POINT('',(1.525884720664,7.765778160204));
#1510 = CARTESIAN_POINT('',(1.526582660658,7.782193846298));
#1511 = CARTESIAN_POINT('',(1.527111097179,7.798695135453));
#1512 = CARTESIAN_POINT('',(1.52745130993,7.815254238512));
#1513 = CARTESIAN_POINT('',(1.527592324995,7.831829183885));
#1514 = CARTESIAN_POINT('',(1.527532766375,7.848362034757));
#1515 = ( GEOMETRIC_REPRESENTATION_CONTEXT(2) 
PARAMETRIC_REPRESENTATION_CONTEXT() REPRESENTATION_CONTEXT('2D SPACE',''
  ) );
#1516 = PCURVE('',#1517,#1522);
#1517 = CYLINDRICAL_SURFACE('',#1518,31.15);
#1518 = AXIS2_PLACEMENT_3D('',#1519,#1520,#1521);
#1519 = CARTESIAN_POINT('',(180.9,0.,-42.7));
#1520 = DIRECTION('',(-1.,-0.,-1.110223024625E-16));
#1521 = DIRECTION('',(1.110223024625E-16,0.,-1.));
#1522 = DEFINITIONAL_REPRESENTATION('',(#1523),#1533);
#1523 = B_SPLINE_CURVE_WITH_KNOTS('',8,(#1524,#1525,#1526,#1527,#1528,
    #1529,#1530,#1531,#1532),.UNSPECIFIED.,.F.,.F.,(9,9),(0.,1.),
  .PIECEWISE_BEZIER_KNOTS.);
#1524 = CARTESIAN_POINT('',(-1.858652777399,-3.900199418398));
#1525 = CARTESIAN_POINT('',(-1.851174207039,-3.429908594216));
#1526 = CARTESIAN_POINT('',(-1.84442515881,-2.953710437625));
#1527 = CARTESIAN_POINT('',(-1.838507372308,-2.471751900247));
#1528 = CARTESIAN_POINT('',(-1.833532306848,-1.984417453459));
#1529 = CARTESIAN_POINT('',(-1.829612587029,-1.492360775113));
#1530 = CARTESIAN_POINT('',(-1.826846270351,-0.996561097248));
#1531 = CARTESIAN_POINT('',(-1.825285586273,-0.498456984699));
#1532 = CARTESIAN_POINT('',(-1.82492789675,5.999999999062E-07));
#1533 = ( GEOMETRIC_REPRESENTATION_CONTEXT(2) 
PARAMETRIC_REPRESENTATION_CONTEXT() REPRESENTATION_CONTEXT('2D SPACE',''
  ) );
#1534 = ORIENTED_EDGE('',*,*,#1535,.T.);
#1535 = EDGE_CURVE('',#1490,#1536,#1538,.T.);
#1536 = VERTEX_POINT('',#1537);
#1537 = CARTESIAN_POINT('',(180.9,30.15,-42.7));
#1538 = SURFACE_CURVE('',#1539,(#1557,#1578),.PCURVE_S1.);
#1539 = B_SPLINE_CURVE_WITH_KNOTS('',6,(#1540,#1541,#1542,#1543,#1544,
    #1545,#1546,#1547,#1548,#1549,#1550,#1551,#1552,#1553,#1554,#1555,
    #1556),.UNSPECIFIED.,.F.,.F.,(7,5,5,7),(0.,0.440112972621,
    0.75462515085,1.),.UNSPECIFIED.);
#1540 = CARTESIAN_POINT('',(180.9,29.906818155769,-5.32));
#1541 = CARTESIAN_POINT('',(180.9,29.977697599741,-8.061083051101));
#1542 = CARTESIAN_POINT('',(180.9,30.030060789241,-10.80263541609));
#1543 = CARTESIAN_POINT('',(180.9,30.067913066862,-13.54444099887));
#1544 = CARTESIAN_POINT('',(180.9,30.094673754478,-16.28635809668));
#1545 = CARTESIAN_POINT('',(180.9,30.11321770677,-19.02831864873));
#1546 = CARTESIAN_POINT('',(180.9,30.134862005256,-23.72981543287));
#1547 = CARTESIAN_POINT('',(180.9,30.140859427124,-25.68931802487));
#1548 = CARTESIAN_POINT('',(180.9,30.144671617045,-27.64882885009));
#1549 = CARTESIAN_POINT('',(180.9,30.14698692134,-29.60834313368));
#1550 = CARTESIAN_POINT('',(180.9,30.148339375189,-31.56785892662));
#1551 = CARTESIAN_POINT('',(180.9,30.149701054539,-35.05614614554));
#1552 = CARTESIAN_POINT('',(180.9,30.149940080728,-36.5849160936));
#1553 = CARTESIAN_POINT('',(180.9,30.150000029598,-38.11368667652));
#1554 = CARTESIAN_POINT('',(180.9,30.150000094689,-39.64245765235));
#1555 = CARTESIAN_POINT('',(180.9,30.15,-41.17122881615));
#1556 = CARTESIAN_POINT('',(180.9,30.15,-42.7));
#1557 = PCURVE('',#1133,#1558);
#1558 = DEFINITIONAL_REPRESENTATION('',(#1559),#1577);
#1559 = B_SPLINE_CURVE_WITH_KNOTS('',6,(#1560,#1561,#1562,#1563,#1564,
    #1565,#1566,#1567,#1568,#1569,#1570,#1571,#1572,#1573,#1574,#1575,
    #1576),.UNSPECIFIED.,.F.,.F.,(7,5,5,7),(0.,0.440112972621,
    0.75462515085,1.),.UNSPECIFIED.);
#1560 = CARTESIAN_POINT('',(1.367030614864,7.726886403015));
#1561 = CARTESIAN_POINT('',(1.381562613069,7.745433398595));
#1562 = CARTESIAN_POINT('',(1.396201827291,7.762365588868));
#1563 = CARTESIAN_POINT('',(1.410937546651,7.777688050954));
#1564 = CARTESIAN_POINT('',(1.425758619858,7.791397133338));
#1565 = CARTESIAN_POINT('',(1.440653610765,7.803485892152));
#1566 = CARTESIAN_POINT('',(1.466299792638,7.821422213428));
#1567 = CARTESIAN_POINT('',(1.477020402219,7.828066326475));
#1568 = CARTESIAN_POINT('',(1.487768562569,7.833876246506));
#1569 = CARTESIAN_POINT('',(1.498539898137,7.838849027743));
#1570 = CARTESIAN_POINT('',(1.509329953081,7.842982032833));
#1571 = CARTESIAN_POINT('',(1.52856346148,7.848841190913));
#1572 = CARTESIAN_POINT('',(1.537001350081,7.850896715715));
#1573 = CARTESIAN_POINT('',(1.545445744886,7.852439002399));
#1574 = CARTESIAN_POINT('',(1.553894487387,7.853467417222));
#1575 = CARTESIAN_POINT('',(1.562345408145,7.853981633974));
#1576 = CARTESIAN_POINT('',(1.570796326795,7.853981633974));
#1577 = ( GEOMETRIC_REPRESENTATION_CONTEXT(2) 
PARAMETRIC_REPRESENTATION_CONTEXT() REPRESENTATION_CONTEXT('2D SPACE',''
  ) );
#1578 = PCURVE('',#1579,#1584);
#1579 = PLANE('',#1580);
#1580 = AXIS2_PLACEMENT_3D('',#1581,#1582,#1583);
#1581 = CARTESIAN_POINT('',(180.9,1.537916223339E-15,-42.7));
#1582 = DIRECTION('',(1.,0.,1.110223024625E-16));
#1583 = DIRECTION('',(1.110223024625E-16,0.,-1.));
#1584 = DEFINITIONAL_REPRESENTATION('',(#1585),#1603);
#1585 = B_SPLINE_CURVE_WITH_KNOTS('',6,(#1586,#1587,#1588,#1589,#1590,
    #1591,#1592,#1593,#1594,#1595,#1596,#1597,#1598,#1599,#1600,#1601,
    #1602),.UNSPECIFIED.,.F.,.F.,(7,5,5,7),(0.,0.440112972621,
    0.75462515085,1.),.UNSPECIFIED.);
#1586 = CARTESIAN_POINT('',(-37.38,29.906818155769));
#1587 = CARTESIAN_POINT('',(-34.63891694889,29.977697599741));
#1588 = CARTESIAN_POINT('',(-31.8973645839,30.030060789241));
#1589 = CARTESIAN_POINT('',(-29.15555900112,30.067913066862));
#1590 = CARTESIAN_POINT('',(-26.41364190331,30.094673754478));
#1591 = CARTESIAN_POINT('',(-23.67168135126,30.11321770677));
#1592 = CARTESIAN_POINT('',(-18.97018456712,30.134862005256));
#1593 = CARTESIAN_POINT('',(-17.01068197512,30.140859427124));
#1594 = CARTESIAN_POINT('',(-15.0511711499,30.144671617045));
#1595 = CARTESIAN_POINT('',(-13.09165686631,30.14698692134));
#1596 = CARTESIAN_POINT('',(-11.13214107337,30.148339375189));
#1597 = CARTESIAN_POINT('',(-7.643853854454,30.149701054539));
#1598 = CARTESIAN_POINT('',(-6.115083906397,30.149940080728));
#1599 = CARTESIAN_POINT('',(-4.586313323479,30.150000029598));
#1600 = CARTESIAN_POINT('',(-3.057542347647,30.150000094689));
#1601 = CARTESIAN_POINT('',(-1.528771183842,30.15));
#1602 = CARTESIAN_POINT('',(2.84217094304E-14,30.15));
#1603 = ( GEOMETRIC_REPRESENTATION_CONTEXT(2) 
PARAMETRIC_REPRESENTATION_CONTEXT() REPRESENTATION_CONTEXT('2D SPACE',''
  ) );
#1604 = ORIENTED_EDGE('',*,*,#1605,.T.);
#1605 = EDGE_CURVE('',#1536,#1162,#1606,.T.);
#1606 = SURFACE_CURVE('',#1607,(#1612,#1619),.PCURVE_S1.);
#1607 = CIRCLE('',#1608,30.15);
#1608 = AXIS2_PLACEMENT_3D('',#1609,#1610,#1611);
#1609 = CARTESIAN_POINT('',(180.9,0.,-42.7));
#1610 = DIRECTION('',(-9.127345600996E-18,0.,1.));
#1611 = DIRECTION('',(1.,0.,9.127345600996E-18));
#1612 = PCURVE('',#1133,#1613);
#1613 = DEFINITIONAL_REPRESENTATION('',(#1614),#1618);
#1614 = LINE('',#1615,#1616);
#1615 = CARTESIAN_POINT('',(1.570796326795,0.));
#1616 = VECTOR('',#1617,1.);
#1617 = DIRECTION('',(0.,1.));
#1618 = ( GEOMETRIC_REPRESENTATION_CONTEXT(2) 
PARAMETRIC_REPRESENTATION_CONTEXT() REPRESENTATION_CONTEXT('2D SPACE',''
  ) );
#1619 = PCURVE('',#1202,#1620);
#1620 = DEFINITIONAL_REPRESENTATION('',(#1621),#1629);
#1621 = ( BOUNDED_CURVE() B_SPLINE_CURVE(2,(#1622,#1623,#1624,#1625,
#1626,#1627,#1628),.UNSPECIFIED.,.T.,.F.) B_SPLINE_CURVE_WITH_KNOTS((1,2
    ,2,2,2,1),(-2.094395102393,0.,2.094395102393,4.188790204786,
6.28318530718,8.377580409573),.UNSPECIFIED.) CURVE() 
GEOMETRIC_REPRESENTATION_ITEM() RATIONAL_B_SPLINE_CURVE((1.,0.5,1.,0.5,
1.,0.5,1.)) REPRESENTATION_ITEM('') );
#1622 = CARTESIAN_POINT('',(30.15,-3.9592292609E-15));
#1623 = CARTESIAN_POINT('',(30.15,-52.2213318482));
#1624 = CARTESIAN_POINT('',(-15.075,-26.1106659241));
#1625 = CARTESIAN_POINT('',(-60.3,-1.134384945976E-14));
#1626 = CARTESIAN_POINT('',(-15.075,26.110665924101));
#1627 = CARTESIAN_POINT('',(30.15,52.221331848202));
#1628 = CARTESIAN_POINT('',(30.15,-3.9592292609E-15));
#1629 = ( GEOMETRIC_REPRESENTATION_CONTEXT(2) 
PARAMETRIC_REPRESENTATION_CONTEXT() REPRESENTATION_CONTEXT('2D SPACE',''
  ) );
#1630 = ORIENTED_EDGE('',*,*,#1161,.F.);
#1631 = ADVANCED_FACE('',(#1632,#1635),#1145,.F.);
#1632 = FACE_BOUND('',#1633,.F.);
#1633 = EDGE_LOOP('',(#1634));
#1634 = ORIENTED_EDGE('',*,*,#1123,.F.);
#1635 = FACE_BOUND('',#1636,.F.);
#1636 = EDGE_LOOP('',(#1637));
#1637 = ORIENTED_EDGE('',*,*,#1638,.T.);
#1638 = EDGE_CURVE('',#1639,#1639,#1641,.T.);
#1639 = VERTEX_POINT('',#1640);
#1640 = CARTESIAN_POINT('',(4.459215381322E-15,0.,111.96));
#1641 = SURFACE_CURVE('',#1642,(#1647,#1658),.PCURVE_S1.);
#1642 = CIRCLE('',#1643,26.24);
#1643 = AXIS2_PLACEMENT_3D('',#1644,#1645,#1646);
#1644 = CARTESIAN_POINT('',(1.577721810442E-30,0.,138.2));
#1645 = DIRECTION('',(-1.,0.,-1.699396105687E-16));
#1646 = DIRECTION('',(-1.699396105687E-16,0.,1.));
#1647 = PCURVE('',#1145,#1648);
#1648 = DEFINITIONAL_REPRESENTATION('',(#1649),#1657);
#1649 = ( BOUNDED_CURVE() B_SPLINE_CURVE(2,(#1650,#1651,#1652,#1653,
#1654,#1655,#1656),.UNSPECIFIED.,.T.,.F.) B_SPLINE_CURVE_WITH_KNOTS((1,2
    ,2,2,2,1),(-2.094395102393,0.,2.094395102393,4.188790204786,
6.28318530718,8.377580409573),.UNSPECIFIED.) CURVE() 
GEOMETRIC_REPRESENTATION_ITEM() RATIONAL_B_SPLINE_CURVE((1.,0.5,1.,0.5,
1.,0.5,1.)) REPRESENTATION_ITEM('') );
#1650 = CARTESIAN_POINT('',(-26.24,3.9592292609E-15));
#1651 = CARTESIAN_POINT('',(-26.24,45.449013190607));
#1652 = CARTESIAN_POINT('',(13.12,22.724506595304));
#1653 = CARTESIAN_POINT('',(52.48,1.038617566283E-14));
#1654 = CARTESIAN_POINT('',(13.12,-22.7245065953));
#1655 = CARTESIAN_POINT('',(-26.24,-45.4490131906));
#1656 = CARTESIAN_POINT('',(-26.24,3.9592292609E-15));
#1657 = ( GEOMETRIC_REPRESENTATION_CONTEXT(2) 
PARAMETRIC_REPRESENTATION_CONTEXT() REPRESENTATION_CONTEXT('2D SPACE',''
  ) );
#1658 = PCURVE('',#1659,#1664);
#1659 = TOROIDAL_SURFACE('',#1660,180.9,26.24);
#1660 = AXIS2_PLACEMENT_3D('',#1661,#1662,#1663);
#1661 = CARTESIAN_POINT('',(3.074207555187E-14,0.,-42.7));
#1662 = DIRECTION('',(0.,1.,0.));
#1663 = DIRECTION('',(-1.699396105687E-16,0.,1.));
#1664 = DEFINITIONAL_REPRESENTATION('',(#1665),#1669);
#1665 = LINE('',#1666,#1667);
#1666 = CARTESIAN_POINT('',(0.,0.));
#1667 = VECTOR('',#1668,1.);
#1668 = DIRECTION('',(0.,1.));
#1669 = ( GEOMETRIC_REPRESENTATION_CONTEXT(2) 
PARAMETRIC_REPRESENTATION_CONTEXT() REPRESENTATION_CONTEXT('2D SPACE',''
  ) );
#1670 = ADVANCED_FACE('',(#1671),#1202,.T.);
#1671 = FACE_BOUND('',#1672,.T.);
#1672 = EDGE_LOOP('',(#1673,#1674,#1675,#1698,#1726,#1754,#1782,#1810,
    #1833,#1861));
#1673 = ORIENTED_EDGE('',*,*,#1185,.F.);
#1674 = ORIENTED_EDGE('',*,*,#1605,.F.);
#1675 = ORIENTED_EDGE('',*,*,#1676,.T.);
#1676 = EDGE_CURVE('',#1536,#1677,#1679,.T.);
#1677 = VERTEX_POINT('',#1678);
#1678 = CARTESIAN_POINT('',(180.9,27.022,-42.7));
#1679 = SURFACE_CURVE('',#1680,(#1684,#1691),.PCURVE_S1.);
#1680 = LINE('',#1681,#1682);
#1681 = CARTESIAN_POINT('',(180.9,-1.210656518781E-15,-42.7));
#1682 = VECTOR('',#1683,1.);
#1683 = DIRECTION('',(0.,-1.,0.));
#1684 = PCURVE('',#1202,#1685);
#1685 = DEFINITIONAL_REPRESENTATION('',(#1686),#1690);
#1686 = LINE('',#1687,#1688);
#1687 = CARTESIAN_POINT('',(0.,-2.74857274212E-15));
#1688 = VECTOR('',#1689,1.);
#1689 = DIRECTION('',(0.,1.));
#1690 = ( GEOMETRIC_REPRESENTATION_CONTEXT(2) 
PARAMETRIC_REPRESENTATION_CONTEXT() REPRESENTATION_CONTEXT('2D SPACE',''
  ) );
#1691 = PCURVE('',#1579,#1692);
#1692 = DEFINITIONAL_REPRESENTATION('',(#1693),#1697);
#1693 = LINE('',#1694,#1695);
#1694 = CARTESIAN_POINT('',(2.84217094304E-14,-2.74857274212E-15));
#1695 = VECTOR('',#1696,1.);
#1696 = DIRECTION('',(0.,-1.));
#1697 = ( GEOMETRIC_REPRESENTATION_CONTEXT(2) 
PARAMETRIC_REPRESENTATION_CONTEXT() REPRESENTATION_CONTEXT('2D SPACE',''
  ) );
#1698 = ORIENTED_EDGE('',*,*,#1699,.F.);
#1699 = EDGE_CURVE('',#1700,#1677,#1702,.T.);
#1700 = VERTEX_POINT('',#1701);
#1701 = CARTESIAN_POINT('',(182.4,27.022,-42.7));
#1702 = SURFACE_CURVE('',#1703,(#1707,#1714),.PCURVE_S1.);
#1703 = LINE('',#1704,#1705);
#1704 = CARTESIAN_POINT('',(180.9,27.022,-42.7));
#1705 = VECTOR('',#1706,1.);
#1706 = DIRECTION('',(-1.,-0.,-1.110223024625E-16));
#1707 = PCURVE('',#1202,#1708);
#1708 = DEFINITIONAL_REPRESENTATION('',(#1709),#1713);
#1709 = LINE('',#1710,#1711);
#1710 = CARTESIAN_POINT('',(2.84217094304E-14,-27.022));
#1711 = VECTOR('',#1712,1.);
#1712 = DIRECTION('',(-1.,0.));
#1713 = ( GEOMETRIC_REPRESENTATION_CONTEXT(2) 
PARAMETRIC_REPRESENTATION_CONTEXT() REPRESENTATION_CONTEXT('2D SPACE',''
  ) );
#1714 = PCURVE('',#1715,#1720);
#1715 = CYLINDRICAL_SURFACE('',#1716,27.022);
#1716 = AXIS2_PLACEMENT_3D('',#1717,#1718,#1719);
#1717 = CARTESIAN_POINT('',(180.9,9.124144279423E-16,-42.7));
#1718 = DIRECTION('',(-1.,-0.,-1.110223024625E-16));
#1719 = DIRECTION('',(1.110223024625E-16,0.,-1.));
#1720 = DEFINITIONAL_REPRESENTATION('',(#1721),#1725);
#1721 = LINE('',#1722,#1723);
#1722 = CARTESIAN_POINT('',(-1.570796326795,0.));
#1723 = VECTOR('',#1724,1.);
#1724 = DIRECTION('',(-0.,1.));
#1725 = ( GEOMETRIC_REPRESENTATION_CONTEXT(2) 
PARAMETRIC_REPRESENTATION_CONTEXT() REPRESENTATION_CONTEXT('2D SPACE',''
  ) );
#1726 = ORIENTED_EDGE('',*,*,#1727,.T.);
#1727 = EDGE_CURVE('',#1700,#1728,#1730,.T.);
#1728 = VERTEX_POINT('',#1729);
#1729 = CARTESIAN_POINT('',(182.4,26.197091441609,-42.7));
#1730 = SURFACE_CURVE('',#1731,(#1735,#1742),.PCURVE_S1.);
#1731 = LINE('',#1732,#1733);
#1732 = CARTESIAN_POINT('',(182.4,-1.97961463045E-15,-42.7));
#1733 = VECTOR('',#1734,1.);
#1734 = DIRECTION('',(0.,-1.,0.));
#1735 = PCURVE('',#1202,#1736);
#1736 = DEFINITIONAL_REPRESENTATION('',(#1737),#1741);
#1737 = LINE('',#1738,#1739);
#1738 = CARTESIAN_POINT('',(1.5,-1.97961463045E-15));
#1739 = VECTOR('',#1740,1.);
#1740 = DIRECTION('',(0.,1.));
#1741 = ( GEOMETRIC_REPRESENTATION_CONTEXT(2) 
PARAMETRIC_REPRESENTATION_CONTEXT() REPRESENTATION_CONTEXT('2D SPACE',''
  ) );
#1742 = PCURVE('',#1743,#1748);
#1743 = PLANE('',#1744);
#1744 = AXIS2_PLACEMENT_3D('',#1745,#1746,#1747);
#1745 = CARTESIAN_POINT('',(182.4,0.,-42.7));
#1746 = DIRECTION('',(1.,0.,1.110223024625E-16));
#1747 = DIRECTION('',(1.110223024625E-16,0.,-1.));
#1748 = DEFINITIONAL_REPRESENTATION('',(#1749),#1753);
#1749 = LINE('',#1750,#1751);
#1750 = CARTESIAN_POINT('',(0.,-1.97961463045E-15));
#1751 = VECTOR('',#1752,1.);
#1752 = DIRECTION('',(0.,-1.));
#1753 = ( GEOMETRIC_REPRESENTATION_CONTEXT(2) 
PARAMETRIC_REPRESENTATION_CONTEXT() REPRESENTATION_CONTEXT('2D SPACE',''
  ) );
#1754 = ORIENTED_EDGE('',*,*,#1755,.T.);
#1755 = EDGE_CURVE('',#1728,#1756,#1758,.T.);
#1756 = VERTEX_POINT('',#1757);
#1757 = CARTESIAN_POINT('',(154.66,0.,-42.7));
#1758 = SURFACE_CURVE('',#1759,(#1764,#1775),.PCURVE_S1.);
#1759 = CIRCLE('',#1760,26.24);
#1760 = AXIS2_PLACEMENT_3D('',#1761,#1762,#1763);
#1761 = CARTESIAN_POINT('',(180.9,0.,-42.7));
#1762 = DIRECTION('',(-9.127345600996E-18,0.,1.));
#1763 = DIRECTION('',(1.,0.,9.127345600996E-18));
#1764 = PCURVE('',#1202,#1765);
#1765 = DEFINITIONAL_REPRESENTATION('',(#1766),#1774);
#1766 = ( BOUNDED_CURVE() B_SPLINE_CURVE(2,(#1767,#1768,#1769,#1770,
#1771,#1772,#1773),.UNSPECIFIED.,.T.,.F.) B_SPLINE_CURVE_WITH_KNOTS((1,2
    ,2,2,2,1),(-2.094395102393,0.,2.094395102393,4.188790204786,
6.28318530718,8.377580409573),.UNSPECIFIED.) CURVE() 
GEOMETRIC_REPRESENTATION_ITEM() RATIONAL_B_SPLINE_CURVE((1.,0.5,1.,0.5,
1.,0.5,1.)) REPRESENTATION_ITEM('') );
#1767 = CARTESIAN_POINT('',(26.24,-3.9592292609E-15));
#1768 = CARTESIAN_POINT('',(26.24,-45.4490131906));
#1769 = CARTESIAN_POINT('',(-13.12,-22.7245065953));
#1770 = CARTESIAN_POINT('',(-52.48,-1.038617566283E-14));
#1771 = CARTESIAN_POINT('',(-13.12,22.724506595304));
#1772 = CARTESIAN_POINT('',(26.24,45.449013190607));
#1773 = CARTESIAN_POINT('',(26.24,-3.9592292609E-15));
#1774 = ( GEOMETRIC_REPRESENTATION_CONTEXT(2) 
PARAMETRIC_REPRESENTATION_CONTEXT() REPRESENTATION_CONTEXT('2D SPACE',''
  ) );
#1775 = PCURVE('',#1659,#1776);
#1776 = DEFINITIONAL_REPRESENTATION('',(#1777),#1781);
#1777 = LINE('',#1778,#1779);
#1778 = CARTESIAN_POINT('',(1.570796326795,0.));
#1779 = VECTOR('',#1780,1.);
#1780 = DIRECTION('',(0.,1.));
#1781 = ( GEOMETRIC_REPRESENTATION_CONTEXT(2) 
PARAMETRIC_REPRESENTATION_CONTEXT() REPRESENTATION_CONTEXT('2D SPACE',''
  ) );
#1782 = ORIENTED_EDGE('',*,*,#1783,.T.);
#1783 = EDGE_CURVE('',#1756,#1784,#1786,.T.);
#1784 = VERTEX_POINT('',#1785);
#1785 = CARTESIAN_POINT('',(182.4,-26.1970914416,-42.7));
#1786 = SURFACE_CURVE('',#1787,(#1792,#1803),.PCURVE_S1.);
#1787 = CIRCLE('',#1788,26.24);
#1788 = AXIS2_PLACEMENT_3D('',#1789,#1790,#1791);
#1789 = CARTESIAN_POINT('',(180.9,0.,-42.7));
#1790 = DIRECTION('',(-9.127345600996E-18,0.,1.));
#1791 = DIRECTION('',(1.,0.,9.127345600996E-18));
#1792 = PCURVE('',#1202,#1793);
#1793 = DEFINITIONAL_REPRESENTATION('',(#1794),#1802);
#1794 = ( BOUNDED_CURVE() B_SPLINE_CURVE(2,(#1795,#1796,#1797,#1798,
#1799,#1800,#1801),.UNSPECIFIED.,.T.,.F.) B_SPLINE_CURVE_WITH_KNOTS((1,2
    ,2,2,2,1),(-2.094395102393,0.,2.094395102393,4.188790204786,
6.28318530718,8.377580409573),.UNSPECIFIED.) CURVE() 
GEOMETRIC_REPRESENTATION_ITEM() RATIONAL_B_SPLINE_CURVE((1.,0.5,1.,0.5,
1.,0.5,1.)) REPRESENTATION_ITEM('') );
#1795 = CARTESIAN_POINT('',(26.24,-3.9592292609E-15));
#1796 = CARTESIAN_POINT('',(26.24,-45.4490131906));
#1797 = CARTESIAN_POINT('',(-13.12,-22.7245065953));
#1798 = CARTESIAN_POINT('',(-52.48,-1.038617566283E-14));
#1799 = CARTESIAN_POINT('',(-13.12,22.724506595304));
#1800 = CARTESIAN_POINT('',(26.24,45.449013190607));
#1801 = CARTESIAN_POINT('',(26.24,-3.9592292609E-15));
#1802 = ( GEOMETRIC_REPRESENTATION_CONTEXT(2) 
PARAMETRIC_REPRESENTATION_CONTEXT() REPRESENTATION_CONTEXT('2D SPACE',''
  ) );
#1803 = PCURVE('',#1659,#1804);
#1804 = DEFINITIONAL_REPRESENTATION('',(#1805),#1809);
#1805 = LINE('',#1806,#1807);
#1806 = CARTESIAN_POINT('',(1.570796326795,0.));
#1807 = VECTOR('',#1808,1.);
#1808 = DIRECTION('',(0.,1.));
#1809 = ( GEOMETRIC_REPRESENTATION_CONTEXT(2) 
PARAMETRIC_REPRESENTATION_CONTEXT() REPRESENTATION_CONTEXT('2D SPACE',''
  ) );
#1810 = ORIENTED_EDGE('',*,*,#1811,.T.);
#1811 = EDGE_CURVE('',#1784,#1812,#1814,.T.);
#1812 = VERTEX_POINT('',#1813);
#1813 = CARTESIAN_POINT('',(182.4,-27.022,-42.7));
#1814 = SURFACE_CURVE('',#1815,(#1819,#1826),.PCURVE_S1.);
#1815 = LINE('',#1816,#1817);
#1816 = CARTESIAN_POINT('',(182.4,-1.97961463045E-15,-42.7));
#1817 = VECTOR('',#1818,1.);
#1818 = DIRECTION('',(0.,-1.,0.));
#1819 = PCURVE('',#1202,#1820);
#1820 = DEFINITIONAL_REPRESENTATION('',(#1821),#1825);
#1821 = LINE('',#1822,#1823);
#1822 = CARTESIAN_POINT('',(1.5,-1.97961463045E-15));
#1823 = VECTOR('',#1824,1.);
#1824 = DIRECTION('',(0.,1.));
#1825 = ( GEOMETRIC_REPRESENTATION_CONTEXT(2) 
PARAMETRIC_REPRESENTATION_CONTEXT() REPRESENTATION_CONTEXT('2D SPACE',''
  ) );
#1826 = PCURVE('',#1743,#1827);
#1827 = DEFINITIONAL_REPRESENTATION('',(#1828),#1832);
#1828 = LINE('',#1829,#1830);
#1829 = CARTESIAN_POINT('',(0.,-1.97961463045E-15));
#1830 = VECTOR('',#1831,1.);
#1831 = DIRECTION('',(0.,-1.));
#1832 = ( GEOMETRIC_REPRESENTATION_CONTEXT(2) 
PARAMETRIC_REPRESENTATION_CONTEXT() REPRESENTATION_CONTEXT('2D SPACE',''
  ) );
#1833 = ORIENTED_EDGE('',*,*,#1834,.T.);
#1834 = EDGE_CURVE('',#1812,#1835,#1837,.T.);
#1835 = VERTEX_POINT('',#1836);
#1836 = CARTESIAN_POINT('',(180.9,-27.022,-42.7));
#1837 = SURFACE_CURVE('',#1838,(#1842,#1849),.PCURVE_S1.);
#1838 = LINE('',#1839,#1840);
#1839 = CARTESIAN_POINT('',(180.9,-27.022,-42.7));
#1840 = VECTOR('',#1841,1.);
#1841 = DIRECTION('',(-1.,-0.,-1.110223024625E-16));
#1842 = PCURVE('',#1202,#1843);
#1843 = DEFINITIONAL_REPRESENTATION('',(#1844),#1848);
#1844 = LINE('',#1845,#1846);
#1845 = CARTESIAN_POINT('',(2.84217094304E-14,27.022));
#1846 = VECTOR('',#1847,1.);
#1847 = DIRECTION('',(-1.,0.));
#1848 = ( GEOMETRIC_REPRESENTATION_CONTEXT(2) 
PARAMETRIC_REPRESENTATION_CONTEXT() REPRESENTATION_CONTEXT('2D SPACE',''
  ) );
#1849 = PCURVE('',#1850,#1855);
#1850 = CYLINDRICAL_SURFACE('',#1851,27.022);
#1851 = AXIS2_PLACEMENT_3D('',#1852,#1853,#1854);
#1852 = CARTESIAN_POINT('',(180.9,9.124144279423E-16,-42.7));
#1853 = DIRECTION('',(-1.,-0.,-1.110223024625E-16));
#1854 = DIRECTION('',(1.110223024625E-16,0.,-1.));
#1855 = DEFINITIONAL_REPRESENTATION('',(#1856),#1860);
#1856 = LINE('',#1857,#1858);
#1857 = CARTESIAN_POINT('',(-4.712388980385,0.));
#1858 = VECTOR('',#1859,1.);
#1859 = DIRECTION('',(-0.,1.));
#1860 = ( GEOMETRIC_REPRESENTATION_CONTEXT(2) 
PARAMETRIC_REPRESENTATION_CONTEXT() REPRESENTATION_CONTEXT('2D SPACE',''
  ) );
#1861 = ORIENTED_EDGE('',*,*,#1862,.T.);
#1862 = EDGE_CURVE('',#1835,#1186,#1863,.T.);
#1863 = SURFACE_CURVE('',#1864,(#1868,#1875),.PCURVE_S1.);
#1864 = LINE('',#1865,#1866);
#1865 = CARTESIAN_POINT('',(180.9,-1.210656518781E-15,-42.7));
#1866 = VECTOR('',#1867,1.);
#1867 = DIRECTION('',(0.,-1.,0.));
#1868 = PCURVE('',#1202,#1869);
#1869 = DEFINITIONAL_REPRESENTATION('',(#1870),#1874);
#1870 = LINE('',#1871,#1872);
#1871 = CARTESIAN_POINT('',(0.,-2.74857274212E-15));
#1872 = VECTOR('',#1873,1.);
#1873 = DIRECTION('',(0.,1.));
#1874 = ( GEOMETRIC_REPRESENTATION_CONTEXT(2) 
PARAMETRIC_REPRESENTATION_CONTEXT() REPRESENTATION_CONTEXT('2D SPACE',''
  ) );
#1875 = PCURVE('',#1262,#1876);
#1876 = DEFINITIONAL_REPRESENTATION('',(#1877),#1881);
#1877 = LINE('',#1878,#1879);
#1878 = CARTESIAN_POINT('',(2.84217094304E-14,-2.74857274212E-15));
#1879 = VECTOR('',#1880,1.);
#1880 = DIRECTION('',(0.,-1.));
#1881 = ( GEOMETRIC_REPRESENTATION_CONTEXT(2) 
PARAMETRIC_REPRESENTATION_CONTEXT() REPRESENTATION_CONTEXT('2D SPACE',''
  ) );
#1882 = ADVANCED_FACE('',(#1883),#1579,.T.);
#1883 = FACE_BOUND('',#1884,.T.);
#1884 = EDGE_LOOP('',(#1885,#1886,#1910,#1975,#1997));
#1885 = ORIENTED_EDGE('',*,*,#1535,.F.);
#1886 = ORIENTED_EDGE('',*,*,#1887,.T.);
#1887 = EDGE_CURVE('',#1490,#1888,#1890,.T.);
#1888 = VERTEX_POINT('',#1889);
#1889 = CARTESIAN_POINT('',(180.9,26.228438873155,-25.89549184661));
#1890 = SURFACE_CURVE('',#1891,(#1896,#1903),.PCURVE_S1.);
#1891 = CIRCLE('',#1892,31.15);
#1892 = AXIS2_PLACEMENT_3D('',#1893,#1894,#1895);
#1893 = CARTESIAN_POINT('',(180.9,0.,-42.7));
#1894 = DIRECTION('',(1.,-0.,1.110223024625E-16));
#1895 = DIRECTION('',(1.110223024625E-16,0.,-1.));
#1896 = PCURVE('',#1579,#1897);
#1897 = DEFINITIONAL_REPRESENTATION('',(#1898),#1902);
#1898 = CIRCLE('',#1899,31.15);
#1899 = AXIS2_PLACEMENT_2D('',#1900,#1901);
#1900 = CARTESIAN_POINT('',(2.84217094304E-14,-1.537916223339E-15));
#1901 = DIRECTION('',(1.,0.));
#1902 = ( GEOMETRIC_REPRESENTATION_CONTEXT(2) 
PARAMETRIC_REPRESENTATION_CONTEXT() REPRESENTATION_CONTEXT('2D SPACE',''
  ) );
#1903 = PCURVE('',#1517,#1904);
#1904 = DEFINITIONAL_REPRESENTATION('',(#1905),#1909);
#1905 = LINE('',#1906,#1907);
#1906 = CARTESIAN_POINT('',(-0.,0.));
#1907 = VECTOR('',#1908,1.);
#1908 = DIRECTION('',(-1.,0.));
#1909 = ( GEOMETRIC_REPRESENTATION_CONTEXT(2) 
PARAMETRIC_REPRESENTATION_CONTEXT() REPRESENTATION_CONTEXT('2D SPACE',''
  ) );
#1910 = ORIENTED_EDGE('',*,*,#1911,.T.);
#1911 = EDGE_CURVE('',#1888,#1912,#1914,.T.);
#1912 = VERTEX_POINT('',#1913);
#1913 = CARTESIAN_POINT('',(180.9,26.239747466159,-36.24522371323));
#1914 = SURFACE_CURVE('',#1915,(#1933,#1954),.PCURVE_S1.);
#1915 = B_SPLINE_CURVE_WITH_KNOTS('',6,(#1916,#1917,#1918,#1919,#1920,
    #1921,#1922,#1923,#1924,#1925,#1926,#1927,#1928,#1929,#1930,#1931,
    #1932),.UNSPECIFIED.,.F.,.F.,(7,5,5,7),(0.,0.440574800564,
    0.75521582123,1.),.UNSPECIFIED.);
#1916 = CARTESIAN_POINT('',(180.9,25.960217106223,-5.32));
#1917 = CARTESIAN_POINT('',(180.9,26.04194964276,-8.063689616511));
#1918 = CARTESIAN_POINT('',(180.9,26.102238984467,-10.8080051869));
#1919 = CARTESIAN_POINT('',(180.9,26.145781106574,-13.55265708693));
#1920 = CARTESIAN_POINT('',(180.9,26.176539475973,-16.29745625881));
#1921 = CARTESIAN_POINT('',(180.9,26.197838433598,-19.04231245083));
#1922 = CARTESIAN_POINT('',(180.9,26.222674143349,-23.74754923557));
#1923 = CARTESIAN_POINT('',(180.9,26.229547875234,-25.70788462256));
#1924 = CARTESIAN_POINT('',(180.9,26.23391338573,-27.66823089809));
#1925 = CARTESIAN_POINT('',(180.9,26.236562167441,-29.62858176135));
#1926 = CARTESIAN_POINT('',(180.9,26.238107610679,-31.58893464093));
#1927 = CARTESIAN_POINT('',(180.9,26.239659780947,-35.07440699484));
#1928 = CARTESIAN_POINT('',(180.9,26.239931809537,-36.59952450216));
#1929 = CARTESIAN_POINT('',(180.9,26.240000032959,-38.12464285278));
#1930 = CARTESIAN_POINT('',(180.9,26.240000106286,-39.64976172623));
#1931 = CARTESIAN_POINT('',(180.9,26.24,-41.17488085009));
#1932 = CARTESIAN_POINT('',(180.9,26.24,-42.7));
#1933 = PCURVE('',#1579,#1934);
#1934 = DEFINITIONAL_REPRESENTATION('',(#1935),#1953);
#1935 = B_SPLINE_CURVE_WITH_KNOTS('',6,(#1936,#1937,#1938,#1939,#1940,
    #1941,#1942,#1943,#1944,#1945,#1946,#1947,#1948,#1949,#1950,#1951,
    #1952),.UNSPECIFIED.,.F.,.F.,(7,5,5,7),(0.,0.440574800564,
    0.75521582123,1.),.UNSPECIFIED.);
#1936 = CARTESIAN_POINT('',(-37.38,25.960217106223));
#1937 = CARTESIAN_POINT('',(-34.63631038348,26.04194964276));
#1938 = CARTESIAN_POINT('',(-31.89199481309,26.102238984467));
#1939 = CARTESIAN_POINT('',(-29.14734291306,26.145781106574));
#1940 = CARTESIAN_POINT('',(-26.40254374118,26.176539475973));
#1941 = CARTESIAN_POINT('',(-23.65768754916,26.197838433598));
#1942 = CARTESIAN_POINT('',(-18.95245076442,26.222674143349));
#1943 = CARTESIAN_POINT('',(-16.99211537743,26.229547875234));
#1944 = CARTESIAN_POINT('',(-15.0317691019,26.23391338573));
#1945 = CARTESIAN_POINT('',(-13.07141823864,26.236562167441));
#1946 = CARTESIAN_POINT('',(-11.11106535906,26.238107610679));
#1947 = CARTESIAN_POINT('',(-7.625593005151,26.239659780947));
#1948 = CARTESIAN_POINT('',(-6.100475497831,26.239931809537));
#1949 = CARTESIAN_POINT('',(-4.575357147214,26.240000032959));
#1950 = CARTESIAN_POINT('',(-3.050238273765,26.240000106286));
#1951 = CARTESIAN_POINT('',(-1.525119149903,26.24));
#1952 = CARTESIAN_POINT('',(2.84217094304E-14,26.24));
#1953 = ( GEOMETRIC_REPRESENTATION_CONTEXT(2) 
PARAMETRIC_REPRESENTATION_CONTEXT() REPRESENTATION_CONTEXT('2D SPACE',''
  ) );
#1954 = PCURVE('',#1659,#1955);
#1955 = DEFINITIONAL_REPRESENTATION('',(#1956),#1974);
#1956 = B_SPLINE_CURVE_WITH_KNOTS('',6,(#1957,#1958,#1959,#1960,#1961,
    #1962,#1963,#1964,#1965,#1966,#1967,#1968,#1969,#1970,#1971,#1972,
    #1973),.UNSPECIFIED.,.F.,.F.,(7,5,5,7),(0.,0.440574800564,
    0.75521582123,1.),.UNSPECIFIED.);
#1957 = CARTESIAN_POINT('',(1.367030614864,7.707821038027));
#1958 = CARTESIAN_POINT('',(1.381576431915,7.72920795797));
#1959 = CARTESIAN_POINT('',(1.396230494683,7.748712339973));
#1960 = CARTESIAN_POINT('',(1.410981697539,7.766350196609));
#1961 = CARTESIAN_POINT('',(1.425818605787,7.782122823007));
#1962 = CARTESIAN_POINT('',(1.440729627102,7.796025499697));
#1963 = CARTESIAN_POINT('',(1.466396757795,7.816639676877));
#1964 = CARTESIAN_POINT('',(1.47712214081,7.82427074508));
#1965 = CARTESIAN_POINT('',(1.48787508598,7.83094194));
#1966 = CARTESIAN_POINT('',(1.498651203371,7.836650187031));
#1967 = CARTESIAN_POINT('',(1.509446027542,7.841392569695));
#1968 = CARTESIAN_POINT('',(1.528664250708,7.84810339532));
#1969 = CARTESIAN_POINT('',(1.537082041973,7.850453951063));
#1970 = CARTESIAN_POINT('',(1.545506294174,7.852217593883));
#1971 = CARTESIAN_POINT('',(1.553934863719,7.853393611473));
#1972 = CARTESIAN_POINT('',(1.562365596281,7.853981633974));
#1973 = CARTESIAN_POINT('',(1.570796326795,7.853981633974));
#1974 = ( GEOMETRIC_REPRESENTATION_CONTEXT(2) 
PARAMETRIC_REPRESENTATION_CONTEXT() REPRESENTATION_CONTEXT('2D SPACE',''
  ) );
#1975 = ORIENTED_EDGE('',*,*,#1976,.F.);
#1976 = EDGE_CURVE('',#1677,#1912,#1977,.T.);
#1977 = SURFACE_CURVE('',#1978,(#1983,#1990),.PCURVE_S1.);
#1978 = CIRCLE('',#1979,27.022);
#1979 = AXIS2_PLACEMENT_3D('',#1980,#1981,#1982);
#1980 = CARTESIAN_POINT('',(180.9,9.124144279423E-16,-42.7));
#1981 = DIRECTION('',(1.,-0.,1.110223024625E-16));
#1982 = DIRECTION('',(1.110223024625E-16,0.,-1.));
#1983 = PCURVE('',#1579,#1984);
#1984 = DEFINITIONAL_REPRESENTATION('',(#1985),#1989);
#1985 = CIRCLE('',#1986,27.022);
#1986 = AXIS2_PLACEMENT_2D('',#1987,#1988);
#1987 = CARTESIAN_POINT('',(1.705302565824E-13,-6.255017953964E-16));
#1988 = DIRECTION('',(1.,0.));
#1989 = ( GEOMETRIC_REPRESENTATION_CONTEXT(2) 
PARAMETRIC_REPRESENTATION_CONTEXT() REPRESENTATION_CONTEXT('2D SPACE',''
  ) );
#1990 = PCURVE('',#1715,#1991);
#1991 = DEFINITIONAL_REPRESENTATION('',(#1992),#1996);
#1992 = LINE('',#1993,#1994);
#1993 = CARTESIAN_POINT('',(-0.,0.));
#1994 = VECTOR('',#1995,1.);
#1995 = DIRECTION('',(-1.,0.));
#1996 = ( GEOMETRIC_REPRESENTATION_CONTEXT(2) 
PARAMETRIC_REPRESENTATION_CONTEXT() REPRESENTATION_CONTEXT('2D SPACE',''
  ) );
#1997 = ORIENTED_EDGE('',*,*,#1676,.F.);
#1998 = ADVANCED_FACE('',(#1999),#1517,.F.);
#1999 = FACE_BOUND('',#2000,.T.);
#2000 = EDGE_LOOP('',(#2001,#2002,#2003,#2027));
#2001 = ORIENTED_EDGE('',*,*,#1887,.F.);
#2002 = ORIENTED_EDGE('',*,*,#1489,.F.);
#2003 = ORIENTED_EDGE('',*,*,#2004,.T.);
#2004 = EDGE_CURVE('',#1429,#2005,#2007,.T.);
#2005 = VERTEX_POINT('',#2006);
#2006 = CARTESIAN_POINT('',(184.80019881839,25.811798868949,
    -25.26229547363));
#2007 = SURFACE_CURVE('',#2008,(#2013,#2020),.PCURVE_S1.);
#2008 = CIRCLE('',#2009,31.15);
#2009 = AXIS2_PLACEMENT_3D('',#2010,#2011,#2012);
#2010 = CARTESIAN_POINT('',(184.80019881839,0.,-42.7));
#2011 = DIRECTION('',(1.,-0.,1.110223024625E-16));
#2012 = DIRECTION('',(1.110223024625E-16,0.,-1.));
#2013 = PCURVE('',#1517,#2014);
#2014 = DEFINITIONAL_REPRESENTATION('',(#2015),#2019);
#2015 = LINE('',#2016,#2017);
#2016 = CARTESIAN_POINT('',(-0.,-3.900198818398));
#2017 = VECTOR('',#2018,1.);
#2018 = DIRECTION('',(-1.,0.));
#2019 = ( GEOMETRIC_REPRESENTATION_CONTEXT(2) 
PARAMETRIC_REPRESENTATION_CONTEXT() REPRESENTATION_CONTEXT('2D SPACE',''
  ) );
#2020 = PCURVE('',#1466,#2021);
#2021 = DEFINITIONAL_REPRESENTATION('',(#2022),#2026);
#2022 = CIRCLE('',#2023,31.15);
#2023 = AXIS2_PLACEMENT_2D('',#2024,#2025);
#2024 = CARTESIAN_POINT('',(2.84217094304E-14,-1.537916223339E-15));
#2025 = DIRECTION('',(1.,0.));
#2026 = ( GEOMETRIC_REPRESENTATION_CONTEXT(2) 
PARAMETRIC_REPRESENTATION_CONTEXT() REPRESENTATION_CONTEXT('2D SPACE',''
  ) );
#2027 = ORIENTED_EDGE('',*,*,#2028,.T.);
#2028 = EDGE_CURVE('',#2005,#1888,#2029,.T.);
#2029 = SURFACE_CURVE('',#2030,(#2038,#2049),.PCURVE_S1.);
#2030 = B_SPLINE_CURVE_WITH_KNOTS('',6,(#2031,#2032,#2033,#2034,#2035,
    #2036,#2037),.UNSPECIFIED.,.F.,.F.,(7,7),(0.,1.),
  .PIECEWISE_BEZIER_KNOTS.);
#2031 = CARTESIAN_POINT('',(184.80019941839,25.81179875684,
    -25.26229530768));
#2032 = CARTESIAN_POINT('',(184.16063262718,25.931300251313,
    -25.43918490301));
#2033 = CARTESIAN_POINT('',(183.51549101311,26.030837654789,
    -25.58965867171));
#2034 = CARTESIAN_POINT('',(182.8657151431,26.110295359735,-25.711726741
    ));
#2035 = CARTESIAN_POINT('',(182.21236949548,26.169637423292,
    -25.80380833436));
#2036 = CARTESIAN_POINT('',(181.55666970225,26.208939378559,
    -25.86505707883));
#2037 = CARTESIAN_POINT('',(180.8999994,26.228438890972,-25.89549187442)
  );
#2038 = PCURVE('',#1517,#2039);
#2039 = DEFINITIONAL_REPRESENTATION('',(#2040),#2048);
#2040 = B_SPLINE_CURVE_WITH_KNOTS('',6,(#2041,#2042,#2043,#2044,#2045,
    #2046,#2047),.UNSPECIFIED.,.F.,.F.,(7,7),(0.,1.),
  .PIECEWISE_BEZIER_KNOTS.);
#2041 = CARTESIAN_POINT('',(-2.16493821406,-3.900199418398));
#2042 = CARTESIAN_POINT('',(-2.158085162206,-3.260632627189));
#2043 = CARTESIAN_POINT('',(-2.152293581441,-2.615491013115));
#2044 = CARTESIAN_POINT('',(-2.147617893478,-1.965715143101));
#2045 = CARTESIAN_POINT('',(-2.144101146715,-1.312369495485));
#2046 = CARTESIAN_POINT('',(-2.141764904989,-0.656669702259));
#2047 = CARTESIAN_POINT('',(-2.140604531102,5.999999999062E-07));
#2048 = ( GEOMETRIC_REPRESENTATION_CONTEXT(2) 
PARAMETRIC_REPRESENTATION_CONTEXT() REPRESENTATION_CONTEXT('2D SPACE',''
  ) );
#2049 = PCURVE('',#1659,#2050);
#2050 = DEFINITIONAL_REPRESENTATION('',(#2051),#2059);
#2051 = B_SPLINE_CURVE_WITH_KNOTS('',6,(#2052,#2053,#2054,#2055,#2056,
    #2057,#2058),.UNSPECIFIED.,.F.,.F.,(7,7),(0.,1.),
  .PIECEWISE_BEZIER_KNOTS.);
#2052 = CARTESIAN_POINT('',(1.476715120541,7.673077117037));
#2053 = CARTESIAN_POINT('',(1.477340183336,7.698389410891));
#2054 = CARTESIAN_POINT('',(1.477826023732,7.723676591074));
#2055 = CARTESIAN_POINT('',(1.478160286476,7.748927715108));
#2056 = CARTESIAN_POINT('',(1.478332458309,7.774128287467));
#2057 = CARTESIAN_POINT('',(1.478335765052,7.799259256707));
#2058 = CARTESIAN_POINT('',(1.478168245035,7.824295832571));
#2059 = ( GEOMETRIC_REPRESENTATION_CONTEXT(2) 
PARAMETRIC_REPRESENTATION_CONTEXT() REPRESENTATION_CONTEXT('2D SPACE',''
  ) );
#2060 = ADVANCED_FACE('',(#2061),#1466,.F.);
#2061 = FACE_BOUND('',#2062,.F.);
#2062 = EDGE_LOOP('',(#2063,#2064,#2065,#2121,#2150));
#2063 = ORIENTED_EDGE('',*,*,#1428,.F.);
#2064 = ORIENTED_EDGE('',*,*,#2004,.T.);
#2065 = ORIENTED_EDGE('',*,*,#2066,.T.);
#2066 = EDGE_CURVE('',#2005,#2067,#2069,.T.);
#2067 = VERTEX_POINT('',#2068);
#2068 = CARTESIAN_POINT('',(184.80019881839,25.92441698002,
    -35.07680590263));
#2069 = SURFACE_CURVE('',#2070,(#2085,#2103),.PCURVE_S1.);
#2070 = B_SPLINE_CURVE_WITH_KNOTS('',7,(#2071,#2072,#2073,#2074,#2075,
    #2076,#2077,#2078,#2079,#2080,#2081,#2082,#2083,#2084),
  .UNSPECIFIED.,.F.,.F.,(8,6,8),(0.,0.68518226152,1.),.UNSPECIFIED.);
#2071 = CARTESIAN_POINT('',(184.80019881839,25.102302588003,-5.32));
#2072 = CARTESIAN_POINT('',(184.80019881839,25.322845772849,
    -8.973648328182));
#2073 = CARTESIAN_POINT('',(184.80019881839,25.492756437031,
    -12.63019298874));
#2074 = CARTESIAN_POINT('',(184.80019881839,25.62291977374,
    -16.28848607508));
#2075 = CARTESIAN_POINT('',(184.80019881839,25.721832055602,
    -19.94770959974));
#2076 = CARTESIAN_POINT('',(184.80019881839,25.796222161857,
    -23.60735395487));
#2077 = CARTESIAN_POINT('',(184.80019881839,25.851028234901,
    -27.26721855452));
#2078 = CARTESIAN_POINT('',(184.80019881839,25.907104738072,
    -32.60914085105));
#2079 = CARTESIAN_POINT('',(184.80019881839,25.921299584242,
    -34.29090974129));
#2080 = CARTESIAN_POINT('',(184.80019881839,25.932345459399,
    -35.9727051916));
#2081 = CARTESIAN_POINT('',(184.80019881839,25.940474894352,
    -37.65451837062));
#2082 = CARTESIAN_POINT('',(184.80019881839,25.94584288999,
    -39.33634204922));
#2083 = CARTESIAN_POINT('',(184.80019881839,25.948526917283,
    -41.01817060054));
#2084 = CARTESIAN_POINT('',(184.80019881839,25.948526917283,-42.7));
#2085 = PCURVE('',#1466,#2086);
#2086 = DEFINITIONAL_REPRESENTATION('',(#2087),#2102);
#2087 = B_SPLINE_CURVE_WITH_KNOTS('',7,(#2088,#2089,#2090,#2091,#2092,
    #2093,#2094,#2095,#2096,#2097,#2098,#2099,#2100,#2101),
  .UNSPECIFIED.,.F.,.F.,(8,6,8),(0.,0.68518226152,1.),.UNSPECIFIED.);
#2088 = CARTESIAN_POINT('',(-37.38,25.102302588003));
#2089 = CARTESIAN_POINT('',(-33.72635167181,25.322845772849));
#2090 = CARTESIAN_POINT('',(-30.06980701126,25.492756437031));
#2091 = CARTESIAN_POINT('',(-26.41151392491,25.62291977374));
#2092 = CARTESIAN_POINT('',(-22.75229040025,25.721832055602));
#2093 = CARTESIAN_POINT('',(-19.09264604512,25.796222161857));
#2094 = CARTESIAN_POINT('',(-15.43278144547,25.851028234901));
#2095 = CARTESIAN_POINT('',(-10.09085914894,25.907104738072));
#2096 = CARTESIAN_POINT('',(-8.409090258705,25.921299584242));
#2097 = CARTESIAN_POINT('',(-6.727294808391,25.932345459399));
#2098 = CARTESIAN_POINT('',(-5.045481629377,25.940474894352));
#2099 = CARTESIAN_POINT('',(-3.363657950778,25.94584288999));
#2100 = CARTESIAN_POINT('',(-1.681829399452,25.948526917283));
#2101 = CARTESIAN_POINT('',(2.84217094304E-14,25.948526917283));
#2102 = ( GEOMETRIC_REPRESENTATION_CONTEXT(2) 
PARAMETRIC_REPRESENTATION_CONTEXT() REPRESENTATION_CONTEXT('2D SPACE',''
  ) );
#2103 = PCURVE('',#1659,#2104);
#2104 = DEFINITIONAL_REPRESENTATION('',(#2105),#2120);
#2105 = B_SPLINE_CURVE_WITH_KNOTS('',7,(#2106,#2107,#2108,#2109,#2110,
    #2111,#2112,#2113,#2114,#2115,#2116,#2117,#2118,#2119),
  .UNSPECIFIED.,.F.,.F.,(8,6,8),(0.,0.68518226152,1.),.UNSPECIFIED.);
#2106 = CARTESIAN_POINT('',(1.371216619499,7.558433482533));
#2107 = CARTESIAN_POINT('',(1.390210311411,7.587289911531));
#2108 = CARTESIAN_POINT('',(1.409389327847,7.612712176872));
#2109 = CARTESIAN_POINT('',(1.428728550786,7.634797041828));
#2110 = CARTESIAN_POINT('',(1.448202385579,7.653586991145));
#2111 = CARTESIAN_POINT('',(1.46778516147,7.669102458062));
#2112 = CARTESIAN_POINT('',(1.48745171529,7.681352435717));
#2113 = CARTESIAN_POINT('',(1.516241354451,7.694470353242));
#2114 = CARTESIAN_POINT('',(1.525317258582,7.697911469887));
#2115 = CARTESIAN_POINT('',(1.534403107829,7.700664188187));
#2116 = CARTESIAN_POINT('',(1.543496425674,7.702728670969));
#2117 = CARTESIAN_POINT('',(1.552594729012,7.704105005738));
#2118 = CARTESIAN_POINT('',(1.561695528147,7.704793204686));
#2119 = CARTESIAN_POINT('',(1.570796326795,7.704793204686));
#2120 = ( GEOMETRIC_REPRESENTATION_CONTEXT(2) 
PARAMETRIC_REPRESENTATION_CONTEXT() REPRESENTATION_CONTEXT('2D SPACE',''
  ) );
#2121 = ORIENTED_EDGE('',*,*,#2122,.F.);
#2122 = EDGE_CURVE('',#2123,#2067,#2125,.T.);
#2123 = VERTEX_POINT('',#2124);
#2124 = CARTESIAN_POINT('',(184.80019881839,27.022,-42.7));
#2125 = SURFACE_CURVE('',#2126,(#2131,#2138),.PCURVE_S1.);
#2126 = CIRCLE('',#2127,27.022);
#2127 = AXIS2_PLACEMENT_3D('',#2128,#2129,#2130);
#2128 = CARTESIAN_POINT('',(184.80019881839,9.124144279423E-16,-42.7));
#2129 = DIRECTION('',(1.,-0.,1.110223024625E-16));
#2130 = DIRECTION('',(1.110223024625E-16,0.,-1.));
#2131 = PCURVE('',#1466,#2132);
#2132 = DEFINITIONAL_REPRESENTATION('',(#2133),#2137);
#2133 = CIRCLE('',#2134,27.022);
#2134 = AXIS2_PLACEMENT_2D('',#2135,#2136);
#2135 = CARTESIAN_POINT('',(1.705302565824E-13,-6.255017953964E-16));
#2136 = DIRECTION('',(1.,0.));
#2137 = ( GEOMETRIC_REPRESENTATION_CONTEXT(2) 
PARAMETRIC_REPRESENTATION_CONTEXT() REPRESENTATION_CONTEXT('2D SPACE',''
  ) );
#2138 = PCURVE('',#2139,#2144);
#2139 = CONICAL_SURFACE('',#2140,30.15,0.916297857297);
#2140 = AXIS2_PLACEMENT_3D('',#2141,#2142,#2143);
#2141 = CARTESIAN_POINT('',(182.4,0.,-42.7));
#2142 = DIRECTION('',(-1.,-0.,-1.110223024625E-16));
#2143 = DIRECTION('',(1.110223024625E-16,0.,-1.));
#2144 = DEFINITIONAL_REPRESENTATION('',(#2145),#2149);
#2145 = LINE('',#2146,#2147);
#2146 = CARTESIAN_POINT('',(-0.,-2.400198818398));
#2147 = VECTOR('',#2148,1.);
#2148 = DIRECTION('',(-1.,-0.));
#2149 = ( GEOMETRIC_REPRESENTATION_CONTEXT(2) 
PARAMETRIC_REPRESENTATION_CONTEXT() REPRESENTATION_CONTEXT('2D SPACE',''
  ) );
#2150 = ORIENTED_EDGE('',*,*,#2151,.F.);
#2151 = EDGE_CURVE('',#1396,#2123,#2152,.T.);
#2152 = SURFACE_CURVE('',#2153,(#2157,#2164),.PCURVE_S1.);
#2153 = LINE('',#2154,#2155);
#2154 = CARTESIAN_POINT('',(184.80019881839,-1.210656518781E-15,-42.7));
#2155 = VECTOR('',#2156,1.);
#2156 = DIRECTION('',(0.,-1.,0.));
#2157 = PCURVE('',#1466,#2158);
#2158 = DEFINITIONAL_REPRESENTATION('',(#2159),#2163);
#2159 = LINE('',#2160,#2161);
#2160 = CARTESIAN_POINT('',(2.84217094304E-14,-2.74857274212E-15));
#2161 = VECTOR('',#2162,1.);
#2162 = DIRECTION('',(0.,-1.));
#2163 = ( GEOMETRIC_REPRESENTATION_CONTEXT(2) 
PARAMETRIC_REPRESENTATION_CONTEXT() REPRESENTATION_CONTEXT('2D SPACE',''
  ) );
#2164 = PCURVE('',#1412,#2165);
#2165 = DEFINITIONAL_REPRESENTATION('',(#2166),#2170);
#2166 = LINE('',#2167,#2168);
#2167 = CARTESIAN_POINT('',(3.900198818398,-2.74857274212E-15));
#2168 = VECTOR('',#2169,1.);
#2169 = DIRECTION('',(0.,1.));
#2170 = ( GEOMETRIC_REPRESENTATION_CONTEXT(2) 
PARAMETRIC_REPRESENTATION_CONTEXT() REPRESENTATION_CONTEXT('2D SPACE',''
  ) );
#2171 = ADVANCED_FACE('',(#2172),#1412,.T.);
#2172 = FACE_BOUND('',#2173,.T.);
#2173 = EDGE_LOOP('',(#2174,#2197,#2225,#2253,#2274,#2275));
#2174 = ORIENTED_EDGE('',*,*,#2175,.F.);
#2175 = EDGE_CURVE('',#2176,#1335,#2178,.T.);
#2176 = VERTEX_POINT('',#2177);
#2177 = CARTESIAN_POINT('',(184.80019881839,-27.022,-42.7));
#2178 = SURFACE_CURVE('',#2179,(#2183,#2190),.PCURVE_S1.);
#2179 = LINE('',#2180,#2181);
#2180 = CARTESIAN_POINT('',(184.80019881839,-1.210656518781E-15,-42.7));
#2181 = VECTOR('',#2182,1.);
#2182 = DIRECTION('',(0.,-1.,0.));
#2183 = PCURVE('',#1412,#2184);
#2184 = DEFINITIONAL_REPRESENTATION('',(#2185),#2189);
#2185 = LINE('',#2186,#2187);
#2186 = CARTESIAN_POINT('',(3.900198818398,-2.74857274212E-15));
#2187 = VECTOR('',#2188,1.);
#2188 = DIRECTION('',(0.,1.));
#2189 = ( GEOMETRIC_REPRESENTATION_CONTEXT(2) 
PARAMETRIC_REPRESENTATION_CONTEXT() REPRESENTATION_CONTEXT('2D SPACE',''
  ) );
#2190 = PCURVE('',#1372,#2191);
#2191 = DEFINITIONAL_REPRESENTATION('',(#2192),#2196);
#2192 = LINE('',#2193,#2194);
#2193 = CARTESIAN_POINT('',(2.84217094304E-14,-2.74857274212E-15));
#2194 = VECTOR('',#2195,1.);
#2195 = DIRECTION('',(0.,-1.));
#2196 = ( GEOMETRIC_REPRESENTATION_CONTEXT(2) 
PARAMETRIC_REPRESENTATION_CONTEXT() REPRESENTATION_CONTEXT('2D SPACE',''
  ) );
#2197 = ORIENTED_EDGE('',*,*,#2198,.F.);
#2198 = EDGE_CURVE('',#2199,#2176,#2201,.T.);
#2199 = VERTEX_POINT('',#2200);
#2200 = CARTESIAN_POINT('',(184.80019881839,-25.94852691728,-42.7));
#2201 = SURFACE_CURVE('',#2202,(#2206,#2213),.PCURVE_S1.);
#2202 = LINE('',#2203,#2204);
#2203 = CARTESIAN_POINT('',(184.80019881839,-1.97961463045E-15,-42.7));
#2204 = VECTOR('',#2205,1.);
#2205 = DIRECTION('',(0.,-1.,0.));
#2206 = PCURVE('',#1412,#2207);
#2207 = DEFINITIONAL_REPRESENTATION('',(#2208),#2212);
#2208 = LINE('',#2209,#2210);
#2209 = CARTESIAN_POINT('',(3.900198818398,-1.97961463045E-15));
#2210 = VECTOR('',#2211,1.);
#2211 = DIRECTION('',(0.,1.));
#2212 = ( GEOMETRIC_REPRESENTATION_CONTEXT(2) 
PARAMETRIC_REPRESENTATION_CONTEXT() REPRESENTATION_CONTEXT('2D SPACE',''
  ) );
#2213 = PCURVE('',#2214,#2219);
#2214 = PLANE('',#2215);
#2215 = AXIS2_PLACEMENT_3D('',#2216,#2217,#2218);
#2216 = CARTESIAN_POINT('',(184.80019881839,0.,-42.7));
#2217 = DIRECTION('',(1.,0.,1.110223024625E-16));
#2218 = DIRECTION('',(1.110223024625E-16,0.,-1.));
#2219 = DEFINITIONAL_REPRESENTATION('',(#2220),#2224);
#2220 = LINE('',#2221,#2222);
#2221 = CARTESIAN_POINT('',(0.,-1.97961463045E-15));
#2222 = VECTOR('',#2223,1.);
#2223 = DIRECTION('',(0.,-1.));
#2224 = ( GEOMETRIC_REPRESENTATION_CONTEXT(2) 
PARAMETRIC_REPRESENTATION_CONTEXT() REPRESENTATION_CONTEXT('2D SPACE',''
  ) );
#2225 = ORIENTED_EDGE('',*,*,#2226,.T.);
#2226 = EDGE_CURVE('',#2199,#2227,#2229,.T.);
#2227 = VERTEX_POINT('',#2228);
#2228 = CARTESIAN_POINT('',(184.80019881839,25.948526917283,-42.7));
#2229 = SURFACE_CURVE('',#2230,(#2235,#2246),.PCURVE_S1.);
#2230 = CIRCLE('',#2231,26.24);
#2231 = AXIS2_PLACEMENT_3D('',#2232,#2233,#2234);
#2232 = CARTESIAN_POINT('',(180.9,0.,-42.7));
#2233 = DIRECTION('',(-9.127345600996E-18,0.,1.));
#2234 = DIRECTION('',(1.,0.,9.127345600996E-18));
#2235 = PCURVE('',#1412,#2236);
#2236 = DEFINITIONAL_REPRESENTATION('',(#2237),#2245);
#2237 = ( BOUNDED_CURVE() B_SPLINE_CURVE(2,(#2238,#2239,#2240,#2241,
#2242,#2243,#2244),.UNSPECIFIED.,.T.,.F.) B_SPLINE_CURVE_WITH_KNOTS((1,2
    ,2,2,2,1),(-2.094395102393,0.,2.094395102393,4.188790204786,
6.28318530718,8.377580409573),.UNSPECIFIED.) CURVE() 
GEOMETRIC_REPRESENTATION_ITEM() RATIONAL_B_SPLINE_CURVE((1.,0.5,1.,0.5,
1.,0.5,1.)) REPRESENTATION_ITEM('') );
#2238 = CARTESIAN_POINT('',(26.24,-3.9592292609E-15));
#2239 = CARTESIAN_POINT('',(26.24,-45.4490131906));
#2240 = CARTESIAN_POINT('',(-13.12,-22.7245065953));
#2241 = CARTESIAN_POINT('',(-52.48,-1.038617566283E-14));
#2242 = CARTESIAN_POINT('',(-13.12,22.724506595304));
#2243 = CARTESIAN_POINT('',(26.24,45.449013190607));
#2244 = CARTESIAN_POINT('',(26.24,-3.9592292609E-15));
#2245 = ( GEOMETRIC_REPRESENTATION_CONTEXT(2) 
PARAMETRIC_REPRESENTATION_CONTEXT() REPRESENTATION_CONTEXT('2D SPACE',''
  ) );
#2246 = PCURVE('',#1659,#2247);
#2247 = DEFINITIONAL_REPRESENTATION('',(#2248),#2252);
#2248 = LINE('',#2249,#2250);
#2249 = CARTESIAN_POINT('',(1.570796326795,0.));
#2250 = VECTOR('',#2251,1.);
#2251 = DIRECTION('',(0.,1.));
#2252 = ( GEOMETRIC_REPRESENTATION_CONTEXT(2) 
PARAMETRIC_REPRESENTATION_CONTEXT() REPRESENTATION_CONTEXT('2D SPACE',''
  ) );
#2253 = ORIENTED_EDGE('',*,*,#2254,.F.);
#2254 = EDGE_CURVE('',#2123,#2227,#2255,.T.);
#2255 = SURFACE_CURVE('',#2256,(#2260,#2267),.PCURVE_S1.);
#2256 = LINE('',#2257,#2258);
#2257 = CARTESIAN_POINT('',(184.80019881839,-1.97961463045E-15,-42.7));
#2258 = VECTOR('',#2259,1.);
#2259 = DIRECTION('',(0.,-1.,0.));
#2260 = PCURVE('',#1412,#2261);
#2261 = DEFINITIONAL_REPRESENTATION('',(#2262),#2266);
#2262 = LINE('',#2263,#2264);
#2263 = CARTESIAN_POINT('',(3.900198818398,-1.97961463045E-15));
#2264 = VECTOR('',#2265,1.);
#2265 = DIRECTION('',(0.,1.));
#2266 = ( GEOMETRIC_REPRESENTATION_CONTEXT(2) 
PARAMETRIC_REPRESENTATION_CONTEXT() REPRESENTATION_CONTEXT('2D SPACE',''
  ) );
#2267 = PCURVE('',#2214,#2268);
#2268 = DEFINITIONAL_REPRESENTATION('',(#2269),#2273);
#2269 = LINE('',#2270,#2271);
#2270 = CARTESIAN_POINT('',(0.,-1.97961463045E-15));
#2271 = VECTOR('',#2272,1.);
#2272 = DIRECTION('',(0.,-1.));
#2273 = ( GEOMETRIC_REPRESENTATION_CONTEXT(2) 
PARAMETRIC_REPRESENTATION_CONTEXT() REPRESENTATION_CONTEXT('2D SPACE',''
  ) );
#2274 = ORIENTED_EDGE('',*,*,#2151,.F.);
#2275 = ORIENTED_EDGE('',*,*,#1395,.F.);
#2276 = ADVANCED_FACE('',(#2277),#1372,.F.);
#2277 = FACE_BOUND('',#2278,.F.);
#2278 = EDGE_LOOP('',(#2279,#2303,#2304,#2305,#2329));
#2279 = ORIENTED_EDGE('',*,*,#2280,.T.);
#2280 = EDGE_CURVE('',#2281,#1289,#2283,.T.);
#2281 = VERTEX_POINT('',#2282);
#2282 = CARTESIAN_POINT('',(184.80019881839,-25.81179886894,
    -25.26229547363));
#2283 = SURFACE_CURVE('',#2284,(#2289,#2296),.PCURVE_S1.);
#2284 = CIRCLE('',#2285,31.15);
#2285 = AXIS2_PLACEMENT_3D('',#2286,#2287,#2288);
#2286 = CARTESIAN_POINT('',(184.80019881839,0.,-42.7));
#2287 = DIRECTION('',(1.,-0.,1.110223024625E-16));
#2288 = DIRECTION('',(1.110223024625E-16,0.,-1.));
#2289 = PCURVE('',#1372,#2290);
#2290 = DEFINITIONAL_REPRESENTATION('',(#2291),#2295);
#2291 = CIRCLE('',#2292,31.15);
#2292 = AXIS2_PLACEMENT_2D('',#2293,#2294);
#2293 = CARTESIAN_POINT('',(2.84217094304E-14,-1.537916223339E-15));
#2294 = DIRECTION('',(1.,0.));
#2295 = ( GEOMETRIC_REPRESENTATION_CONTEXT(2) 
PARAMETRIC_REPRESENTATION_CONTEXT() REPRESENTATION_CONTEXT('2D SPACE',''
  ) );
#2296 = PCURVE('',#1316,#2297);
#2297 = DEFINITIONAL_REPRESENTATION('',(#2298),#2302);
#2298 = LINE('',#2299,#2300);
#2299 = CARTESIAN_POINT('',(-0.,-3.900198818398));
#2300 = VECTOR('',#2301,1.);
#2301 = DIRECTION('',(-1.,0.));
#2302 = ( GEOMETRIC_REPRESENTATION_CONTEXT(2) 
PARAMETRIC_REPRESENTATION_CONTEXT() REPRESENTATION_CONTEXT('2D SPACE',''
  ) );
#2303 = ORIENTED_EDGE('',*,*,#1334,.F.);
#2304 = ORIENTED_EDGE('',*,*,#2175,.F.);
#2305 = ORIENTED_EDGE('',*,*,#2306,.F.);
#2306 = EDGE_CURVE('',#2307,#2176,#2309,.T.);
#2307 = VERTEX_POINT('',#2308);
#2308 = CARTESIAN_POINT('',(184.80019881839,-25.92441698002,
    -35.07680590263));
#2309 = SURFACE_CURVE('',#2310,(#2315,#2322),.PCURVE_S1.);
#2310 = CIRCLE('',#2311,27.022);
#2311 = AXIS2_PLACEMENT_3D('',#2312,#2313,#2314);
#2312 = CARTESIAN_POINT('',(184.80019881839,9.124144279423E-16,-42.7));
#2313 = DIRECTION('',(1.,-0.,1.110223024625E-16));
#2314 = DIRECTION('',(1.110223024625E-16,0.,-1.));
#2315 = PCURVE('',#1372,#2316);
#2316 = DEFINITIONAL_REPRESENTATION('',(#2317),#2321);
#2317 = CIRCLE('',#2318,27.022);
#2318 = AXIS2_PLACEMENT_2D('',#2319,#2320);
#2319 = CARTESIAN_POINT('',(1.705302565824E-13,-6.255017953964E-16));
#2320 = DIRECTION('',(1.,0.));
#2321 = ( GEOMETRIC_REPRESENTATION_CONTEXT(2) 
PARAMETRIC_REPRESENTATION_CONTEXT() REPRESENTATION_CONTEXT('2D SPACE',''
  ) );
#2322 = PCURVE('',#2139,#2323);
#2323 = DEFINITIONAL_REPRESENTATION('',(#2324),#2328);
#2324 = LINE('',#2325,#2326);
#2325 = CARTESIAN_POINT('',(-0.,-2.400198818398));
#2326 = VECTOR('',#2327,1.);
#2327 = DIRECTION('',(-1.,-0.));
#2328 = ( GEOMETRIC_REPRESENTATION_CONTEXT(2) 
PARAMETRIC_REPRESENTATION_CONTEXT() REPRESENTATION_CONTEXT('2D SPACE',''
  ) );
#2329 = ORIENTED_EDGE('',*,*,#2330,.T.);
#2330 = EDGE_CURVE('',#2307,#2281,#2331,.T.);
#2331 = SURFACE_CURVE('',#2332,(#2347,#2365),.PCURVE_S1.);
#2332 = B_SPLINE_CURVE_WITH_KNOTS('',7,(#2333,#2334,#2335,#2336,#2337,
    #2338,#2339,#2340,#2341,#2342,#2343,#2344,#2345,#2346),
  .UNSPECIFIED.,.F.,.F.,(8,6,8),(0.,0.841856589793,1.),.UNSPECIFIED.);
#2333 = CARTESIAN_POINT('',(184.80019881839,-25.94852691728,-42.7));
#2334 = CARTESIAN_POINT('',(184.80019881839,-25.94852691728,
    -38.20259038106));
#2335 = CARTESIAN_POINT('',(184.80019881839,-25.92933487945,
    -33.70539135277));
#2336 = CARTESIAN_POINT('',(184.80019881839,-25.8909468436,
    -29.20817638992));
#2337 = CARTESIAN_POINT('',(184.80019881839,-25.82942148945,
    -24.71103869961));
#2338 = CARTESIAN_POINT('',(184.80019881839,-25.73677240248,
    -20.21439519914));
#2339 = CARTESIAN_POINT('',(184.80019881839,-25.60125871936,
    -15.71898066437));
#2340 = CARTESIAN_POINT('',(184.80019881839,-25.36984106409,
    -10.38183508174));
#2341 = CARTESIAN_POINT('',(184.80019881839,-25.33115136109,
    -9.537892753747));
#2342 = CARTESIAN_POINT('',(184.80019881839,-25.29026065972,
    -8.694053137745));
#2343 = CARTESIAN_POINT('',(184.80019881839,-25.24705432081,
    -7.85032874111));
#2344 = CARTESIAN_POINT('',(184.80019881839,-25.20141153857,
    -7.006733941806));
#2345 = CARTESIAN_POINT('',(184.80019881839,-25.15320534064,
    -6.163284988387));
#2346 = CARTESIAN_POINT('',(184.80019881839,-25.102302588,-5.32));
#2347 = PCURVE('',#1372,#2348);
#2348 = DEFINITIONAL_REPRESENTATION('',(#2349),#2364);
#2349 = B_SPLINE_CURVE_WITH_KNOTS('',7,(#2350,#2351,#2352,#2353,#2354,
    #2355,#2356,#2357,#2358,#2359,#2360,#2361,#2362,#2363),
  .UNSPECIFIED.,.F.,.F.,(8,6,8),(0.,0.841856589793,1.),.UNSPECIFIED.);
#2350 = CARTESIAN_POINT('',(2.84217094304E-14,-25.94852691728));
#2351 = CARTESIAN_POINT('',(-4.497409618939,-25.94852691728));
#2352 = CARTESIAN_POINT('',(-8.994608647227,-25.92933487945));
#2353 = CARTESIAN_POINT('',(-13.49182361007,-25.8909468436));
#2354 = CARTESIAN_POINT('',(-17.98896130038,-25.82942148945));
#2355 = CARTESIAN_POINT('',(-22.48560480085,-25.73677240248));
#2356 = CARTESIAN_POINT('',(-26.98101933563,-25.60125871936));
#2357 = CARTESIAN_POINT('',(-32.31816491825,-25.36984106409));
#2358 = CARTESIAN_POINT('',(-33.16210724625,-25.33115136109));
#2359 = CARTESIAN_POINT('',(-34.00594686225,-25.29026065972));
#2360 = CARTESIAN_POINT('',(-34.84967125889,-25.24705432081));
#2361 = CARTESIAN_POINT('',(-35.69326605819,-25.20141153857));
#2362 = CARTESIAN_POINT('',(-36.53671501161,-25.15320534064));
#2363 = CARTESIAN_POINT('',(-37.38,-25.102302588));
#2364 = ( GEOMETRIC_REPRESENTATION_CONTEXT(2) 
PARAMETRIC_REPRESENTATION_CONTEXT() REPRESENTATION_CONTEXT('2D SPACE',''
  ) );
#2365 = PCURVE('',#1659,#2366);
#2366 = DEFINITIONAL_REPRESENTATION('',(#2367),#2382);
#2367 = B_SPLINE_CURVE_WITH_KNOTS('',7,(#2368,#2369,#2370,#2371,#2372,
    #2373,#2374,#2375,#2376,#2377,#2378,#2379,#2380,#2381),
  .UNSPECIFIED.,.F.,.F.,(8,6,8),(0.,0.841856589793,1.),.UNSPECIFIED.);
#2368 = CARTESIAN_POINT('',(1.570796326795,4.861577409673));
#2369 = CARTESIAN_POINT('',(1.54645972084,4.861577409673));
#2370 = CARTESIAN_POINT('',(1.52212425448,4.866498423815));
#2371 = CARTESIAN_POINT('',(1.497835786942,4.87633977794));
#2372 = CARTESIAN_POINT('',(1.473641888663,4.89110310713));
#2373 = CARTESIAN_POINT('',(1.449590553315,4.910791288396));
#2374 = CARTESIAN_POINT('',(1.425728609785,4.935427502778));
#2375 = CARTESIAN_POINT('',(1.397662107595,4.970697661152));
#2376 = CARTESIAN_POINT('',(1.393231888206,4.976453764731));
#2377 = CARTESIAN_POINT('',(1.388810295988,4.982388897186));
#2378 = CARTESIAN_POINT('',(1.384397649042,4.988503842586));
#2379 = CARTESIAN_POINT('',(1.37999426938,4.994799500644));
#2380 = CARTESIAN_POINT('',(1.375600482921,5.001276886721));
#2381 = CARTESIAN_POINT('',(1.371216619499,5.007937131826));
#2382 = ( GEOMETRIC_REPRESENTATION_CONTEXT(2) 
PARAMETRIC_REPRESENTATION_CONTEXT() REPRESENTATION_CONTEXT('2D SPACE',''
  ) );
#2383 = ADVANCED_FACE('',(#2384),#1316,.F.);
#2384 = FACE_BOUND('',#2385,.T.);
#2385 = EDGE_LOOP('',(#2386,#2387,#2411,#2444));
#2386 = ORIENTED_EDGE('',*,*,#1288,.F.);
#2387 = ORIENTED_EDGE('',*,*,#2388,.F.);
#2388 = EDGE_CURVE('',#2389,#1219,#2391,.T.);
#2389 = VERTEX_POINT('',#2390);
#2390 = CARTESIAN_POINT('',(180.9,-26.22843887315,-25.89549184661));
#2391 = SURFACE_CURVE('',#2392,(#2397,#2404),.PCURVE_S1.);
#2392 = CIRCLE('',#2393,31.15);
#2393 = AXIS2_PLACEMENT_3D('',#2394,#2395,#2396);
#2394 = CARTESIAN_POINT('',(180.9,0.,-42.7));
#2395 = DIRECTION('',(1.,-0.,1.110223024625E-16));
#2396 = DIRECTION('',(1.110223024625E-16,0.,-1.));
#2397 = PCURVE('',#1316,#2398);
#2398 = DEFINITIONAL_REPRESENTATION('',(#2399),#2403);
#2399 = LINE('',#2400,#2401);
#2400 = CARTESIAN_POINT('',(-0.,0.));
#2401 = VECTOR('',#2402,1.);
#2402 = DIRECTION('',(-1.,0.));
#2403 = ( GEOMETRIC_REPRESENTATION_CONTEXT(2) 
PARAMETRIC_REPRESENTATION_CONTEXT() REPRESENTATION_CONTEXT('2D SPACE',''
  ) );
#2404 = PCURVE('',#1262,#2405);
#2405 = DEFINITIONAL_REPRESENTATION('',(#2406),#2410);
#2406 = CIRCLE('',#2407,31.15);
#2407 = AXIS2_PLACEMENT_2D('',#2408,#2409);
#2408 = CARTESIAN_POINT('',(2.84217094304E-14,-1.537916223339E-15));
#2409 = DIRECTION('',(1.,0.));
#2410 = ( GEOMETRIC_REPRESENTATION_CONTEXT(2) 
PARAMETRIC_REPRESENTATION_CONTEXT() REPRESENTATION_CONTEXT('2D SPACE',''
  ) );
#2411 = ORIENTED_EDGE('',*,*,#2412,.T.);
#2412 = EDGE_CURVE('',#2389,#2281,#2413,.T.);
#2413 = SURFACE_CURVE('',#2414,(#2422,#2433),.PCURVE_S1.);
#2414 = B_SPLINE_CURVE_WITH_KNOTS('',6,(#2415,#2416,#2417,#2418,#2419,
    #2420,#2421),.UNSPECIFIED.,.F.,.F.,(7,7),(0.,1.),
  .PIECEWISE_BEZIER_KNOTS.);
#2415 = CARTESIAN_POINT('',(180.8999994,-26.22843889097,-25.89549187442)
  );
#2416 = CARTESIAN_POINT('',(181.5566698851,-26.20893937312,
    -25.86505707036));
#2417 = CARTESIAN_POINT('',(182.21236969726,-26.16963740654,
    -25.80380831818));
#2418 = CARTESIAN_POINT('',(182.86571529108,-26.11029533977,
    -25.71172669686));
#2419 = CARTESIAN_POINT('',(183.51549109009,-26.03083764297,
    -25.58965865991));
#2420 = CARTESIAN_POINT('',(184.16063266655,-25.93130024395,
    -25.43918489212));
#2421 = CARTESIAN_POINT('',(184.80019941839,-25.81179875684,
    -25.26229530768));
#2422 = PCURVE('',#1316,#2423);
#2423 = DEFINITIONAL_REPRESENTATION('',(#2424),#2432);
#2424 = B_SPLINE_CURVE_WITH_KNOTS('',6,(#2425,#2426,#2427,#2428,#2429,
    #2430,#2431),.UNSPECIFIED.,.F.,.F.,(7,7),(0.,1.),
  .PIECEWISE_BEZIER_KNOTS.);
#2425 = CARTESIAN_POINT('',(-4.142580776077,5.999999999062E-07));
#2426 = CARTESIAN_POINT('',(-4.141420401867,-0.656669885106));
#2427 = CARTESIAN_POINT('',(-4.139084159768,-1.31236969726));
#2428 = CARTESIAN_POINT('',(-4.135567412122,-1.965715291087));
#2429 = CARTESIAN_POINT('',(-4.130891725234,-2.61549109009));
#2430 = CARTESIAN_POINT('',(-4.125100144552,-3.260632666551));
#2431 = CARTESIAN_POINT('',(-4.11824709312,-3.900199418398));
#2432 = ( GEOMETRIC_REPRESENTATION_CONTEXT(2) 
PARAMETRIC_REPRESENTATION_CONTEXT() REPRESENTATION_CONTEXT('2D SPACE',''
  ) );
#2433 = PCURVE('',#1659,#2434);
#2434 = DEFINITIONAL_REPRESENTATION('',(#2435),#2443);
#2435 = B_SPLINE_CURVE_WITH_KNOTS('',6,(#2436,#2437,#2438,#2439,#2440,
    #2441,#2442),.UNSPECIFIED.,.F.,.F.,(7,7),(0.,1.),
  .PIECEWISE_BEZIER_KNOTS.);
#2436 = CARTESIAN_POINT('',(1.478168245035,4.742074781788));
#2437 = CARTESIAN_POINT('',(1.478335765099,4.767111364623));
#2438 = CARTESIAN_POINT('',(1.478332458326,4.792242334645));
#2439 = CARTESIAN_POINT('',(1.478160286306,4.817442905035));
#2440 = CARTESIAN_POINT('',(1.47782602371,4.842694026295));
#2441 = CARTESIAN_POINT('',(1.477340183298,4.867981205026));
#2442 = CARTESIAN_POINT('',(1.476715120541,4.893293497322));
#2443 = ( GEOMETRIC_REPRESENTATION_CONTEXT(2) 
PARAMETRIC_REPRESENTATION_CONTEXT() REPRESENTATION_CONTEXT('2D SPACE',''
  ) );
#2444 = ORIENTED_EDGE('',*,*,#2280,.T.);
#2445 = ADVANCED_FACE('',(#2446),#1262,.T.);
#2446 = FACE_BOUND('',#2447,.T.);
#2447 = EDGE_LOOP('',(#2448,#2449,#2450,#2451,#2475));
#2448 = ORIENTED_EDGE('',*,*,#2388,.T.);
#2449 = ORIENTED_EDGE('',*,*,#1218,.F.);
#2450 = ORIENTED_EDGE('',*,*,#1862,.F.);
#2451 = ORIENTED_EDGE('',*,*,#2452,.F.);
#2452 = EDGE_CURVE('',#2453,#1835,#2455,.T.);
#2453 = VERTEX_POINT('',#2454);
#2454 = CARTESIAN_POINT('',(180.9,-26.23974746615,-36.24522371323));
#2455 = SURFACE_CURVE('',#2456,(#2461,#2468),.PCURVE_S1.);
#2456 = CIRCLE('',#2457,27.022);
#2457 = AXIS2_PLACEMENT_3D('',#2458,#2459,#2460);
#2458 = CARTESIAN_POINT('',(180.9,9.124144279423E-16,-42.7));
#2459 = DIRECTION('',(1.,-0.,1.110223024625E-16));
#2460 = DIRECTION('',(1.110223024625E-16,0.,-1.));
#2461 = PCURVE('',#1262,#2462);
#2462 = DEFINITIONAL_REPRESENTATION('',(#2463),#2467);
#2463 = CIRCLE('',#2464,27.022);
#2464 = AXIS2_PLACEMENT_2D('',#2465,#2466);
#2465 = CARTESIAN_POINT('',(1.705302565824E-13,-6.255017953964E-16));
#2466 = DIRECTION('',(1.,0.));
#2467 = ( GEOMETRIC_REPRESENTATION_CONTEXT(2) 
PARAMETRIC_REPRESENTATION_CONTEXT() REPRESENTATION_CONTEXT('2D SPACE',''
  ) );
#2468 = PCURVE('',#1850,#2469);
#2469 = DEFINITIONAL_REPRESENTATION('',(#2470),#2474);
#2470 = LINE('',#2471,#2472);
#2471 = CARTESIAN_POINT('',(-0.,0.));
#2472 = VECTOR('',#2473,1.);
#2473 = DIRECTION('',(-1.,0.));
#2474 = ( GEOMETRIC_REPRESENTATION_CONTEXT(2) 
PARAMETRIC_REPRESENTATION_CONTEXT() REPRESENTATION_CONTEXT('2D SPACE',''
  ) );
#2475 = ORIENTED_EDGE('',*,*,#2476,.T.);
#2476 = EDGE_CURVE('',#2453,#2389,#2477,.T.);
#2477 = SURFACE_CURVE('',#2478,(#2496,#2517),.PCURVE_S1.);
#2478 = B_SPLINE_CURVE_WITH_KNOTS('',6,(#2479,#2480,#2481,#2482,#2483,
    #2484,#2485,#2486,#2487,#2488,#2489,#2490,#2491,#2492,#2493,#2494,
    #2495),.UNSPECIFIED.,.F.,.F.,(7,5,5,7),(0.,0.499871538962,
    0.769809629915,1.),.UNSPECIFIED.);
#2479 = CARTESIAN_POINT('',(180.9,-26.24,-42.7));
#2480 = CARTESIAN_POINT('',(180.9,-26.24,-39.58557083296));
#2481 = CARTESIAN_POINT('',(180.9,-26.23999985487,-36.47114548638));
#2482 = CARTESIAN_POINT('',(180.9,-26.24000052824,-33.35671932542));
#2483 = CARTESIAN_POINT('',(180.9,-26.23881561046,-30.24229488606));
#2484 = CARTESIAN_POINT('',(180.9,-26.23408561551,-27.12788184208));
#2485 = CARTESIAN_POINT('',(180.9,-26.21599538607,-22.33168275908));
#2486 = CARTESIAN_POINT('',(180.9,-26.20760581952,-20.64988015358));
#2487 = CARTESIAN_POINT('',(180.9,-26.19662277159,-18.96809202764));
#2488 = CARTESIAN_POINT('',(180.9,-26.18240489131,-17.28632872973));
#2489 = CARTESIAN_POINT('',(180.9,-26.16421683269,-15.60460814628));
#2490 = CARTESIAN_POINT('',(180.9,-26.12162654101,-12.48892244903));
#2491 = CARTESIAN_POINT('',(180.9,-26.09853376462,-11.05494102548));
#2492 = CARTESIAN_POINT('',(180.9,-26.07143634,-9.621026815801));
#2493 = CARTESIAN_POINT('',(180.9,-26.03977040143,-8.187205760449));
#2494 = CARTESIAN_POINT('',(180.9,-26.00292046758,-6.753514413413));
#2495 = CARTESIAN_POINT('',(180.9,-25.96021710622,-5.32));
#2496 = PCURVE('',#1262,#2497);
#2497 = DEFINITIONAL_REPRESENTATION('',(#2498),#2516);
#2498 = B_SPLINE_CURVE_WITH_KNOTS('',6,(#2499,#2500,#2501,#2502,#2503,
    #2504,#2505,#2506,#2507,#2508,#2509,#2510,#2511,#2512,#2513,#2514,
    #2515),.UNSPECIFIED.,.F.,.F.,(7,5,5,7),(0.,0.499871538962,
    0.769809629915,1.),.UNSPECIFIED.);
#2499 = CARTESIAN_POINT('',(2.84217094304E-14,-26.24));
#2500 = CARTESIAN_POINT('',(-3.114429167031,-26.24));
#2501 = CARTESIAN_POINT('',(-6.228854513612,-26.23999985487));
#2502 = CARTESIAN_POINT('',(-9.343280674573,-26.24000052824));
#2503 = CARTESIAN_POINT('',(-12.45770511393,-26.23881561046));
#2504 = CARTESIAN_POINT('',(-15.57211815791,-26.23408561551));
#2505 = CARTESIAN_POINT('',(-20.36831724091,-26.21599538607));
#2506 = CARTESIAN_POINT('',(-22.05011984642,-26.20760581952));
#2507 = CARTESIAN_POINT('',(-23.73190797235,-26.19662277159));
#2508 = CARTESIAN_POINT('',(-25.41367127026,-26.18240489131));
#2509 = CARTESIAN_POINT('',(-27.09539185371,-26.16421683269));
#2510 = CARTESIAN_POINT('',(-30.21107755096,-26.12162654101));
#2511 = CARTESIAN_POINT('',(-31.64505897451,-26.09853376462));
#2512 = CARTESIAN_POINT('',(-33.07897318419,-26.07143634));
#2513 = CARTESIAN_POINT('',(-34.51279423955,-26.03977040143));
#2514 = CARTESIAN_POINT('',(-35.94648558658,-26.00292046758));
#2515 = CARTESIAN_POINT('',(-37.38,-25.96021710622));
#2516 = ( GEOMETRIC_REPRESENTATION_CONTEXT(2) 
PARAMETRIC_REPRESENTATION_CONTEXT() REPRESENTATION_CONTEXT('2D SPACE',''
  ) );
#2517 = PCURVE('',#1659,#2518);
#2518 = DEFINITIONAL_REPRESENTATION('',(#2519),#2537);
#2519 = B_SPLINE_CURVE_WITH_KNOTS('',6,(#2520,#2521,#2522,#2523,#2524,
    #2525,#2526,#2527,#2528,#2529,#2530,#2531,#2532,#2533,#2534,#2535,
    #2536),.UNSPECIFIED.,.F.,.F.,(7,5,5,7),(0.,0.499871538962,
    0.769809629915,1.),.UNSPECIFIED.);
#2520 = CARTESIAN_POINT('',(1.570796326795,4.712388980385));
#2521 = CARTESIAN_POINT('',(1.553580024047,4.712388980385));
#2522 = CARTESIAN_POINT('',(1.536363742527,4.714841065648));
#2523 = CARTESIAN_POINT('',(1.519165826413,4.719745232418));
#2524 = CARTESIAN_POINT('',(1.502004662693,4.727094927517));
#2525 = CARTESIAN_POINT('',(1.484898276374,4.736877095937));
#2526 = CARTESIAN_POINT('',(1.458665207046,4.755670717624));
#2527 = CARTESIAN_POINT('',(1.449487471707,4.762966988418));
#2528 = CARTESIAN_POINT('',(1.440333511742,4.770967430146));
#2529 = CARTESIAN_POINT('',(1.431206025457,4.779670570935));
#2530 = CARTESIAN_POINT('',(1.422107672549,4.789075477403));
#2531 = CARTESIAN_POINT('',(1.405309510018,4.807799907399));
#2532 = CARTESIAN_POINT('',(1.397601047355,4.816928139788));
#2533 = CARTESIAN_POINT('',(1.389917303483,4.826566391181));
#2534 = CARTESIAN_POINT('',(1.382259902603,4.83671508466));
#2535 = CARTESIAN_POINT('',(1.374630468095,4.847375404949));
#2536 = CARTESIAN_POINT('',(1.367030614864,4.858549576333));
#2537 = ( GEOMETRIC_REPRESENTATION_CONTEXT(2) 
PARAMETRIC_REPRESENTATION_CONTEXT() REPRESENTATION_CONTEXT('2D SPACE',''
  ) );
#2538 = ADVANCED_FACE('',(#2539),#1659,.F.);
#2539 = FACE_BOUND('',#2540,.F.);
#2540 = EDGE_LOOP('',(#2541,#2563,#2564,#2565,#2566,#2616,#2655,#2656,
    #2657,#2658,#2706,#2707,#2746,#2747,#2748,#2749,#2790,#2838));
#2541 = ORIENTED_EDGE('',*,*,#2542,.F.);
#2542 = EDGE_CURVE('',#1639,#1756,#2543,.T.);
#2543 = SEAM_CURVE('',#2544,(#2549,#2556),.PCURVE_S1.);
#2544 = CIRCLE('',#2545,154.66);
#2545 = AXIS2_PLACEMENT_3D('',#2546,#2547,#2548);
#2546 = CARTESIAN_POINT('',(3.074207555187E-14,9.640419602888E-15,-42.7)
  );
#2547 = DIRECTION('',(0.,1.,-0.));
#2548 = DIRECTION('',(-1.699396105687E-16,0.,1.));
#2549 = PCURVE('',#1659,#2550);
#2550 = DEFINITIONAL_REPRESENTATION('',(#2551),#2555);
#2551 = LINE('',#2552,#2553);
#2552 = CARTESIAN_POINT('',(0.,9.424777960769));
#2553 = VECTOR('',#2554,1.);
#2554 = DIRECTION('',(1.,0.));
#2555 = ( GEOMETRIC_REPRESENTATION_CONTEXT(2) 
PARAMETRIC_REPRESENTATION_CONTEXT() REPRESENTATION_CONTEXT('2D SPACE',''
  ) );
#2556 = PCURVE('',#1659,#2557);
#2557 = DEFINITIONAL_REPRESENTATION('',(#2558),#2562);
#2558 = LINE('',#2559,#2560);
#2559 = CARTESIAN_POINT('',(0.,3.14159265359));
#2560 = VECTOR('',#2561,1.);
#2561 = DIRECTION('',(1.,0.));
#2562 = ( GEOMETRIC_REPRESENTATION_CONTEXT(2) 
PARAMETRIC_REPRESENTATION_CONTEXT() REPRESENTATION_CONTEXT('2D SPACE',''
  ) );
#2563 = ORIENTED_EDGE('',*,*,#1638,.F.);
#2564 = ORIENTED_EDGE('',*,*,#2542,.T.);
#2565 = ORIENTED_EDGE('',*,*,#1783,.T.);
#2566 = ORIENTED_EDGE('',*,*,#2567,.T.);
#2567 = EDGE_CURVE('',#1784,#2568,#2570,.T.);
#2568 = VERTEX_POINT('',#2569);
#2569 = CARTESIAN_POINT('',(182.4,-26.18986170345,-36.04570604678));
#2570 = SURFACE_CURVE('',#2571,(#2584,#2600),.PCURVE_S1.);
#2571 = B_SPLINE_CURVE_WITH_KNOTS('',6,(#2572,#2573,#2574,#2575,#2576,
    #2577,#2578,#2579,#2580,#2581,#2582,#2583),.UNSPECIFIED.,.F.,.F.,(7,
    5,7),(0.,0.600630376451,1.),.UNSPECIFIED.);
#2572 = CARTESIAN_POINT('',(182.4,-26.1970914416,-42.7));
#2573 = CARTESIAN_POINT('',(182.4,-26.1970914416,-39.07767608177));
#2574 = CARTESIAN_POINT('',(182.4,-26.19214839883,-35.45537135684));
#2575 = CARTESIAN_POINT('',(182.4,-26.18226460828,-31.83305989519));
#2576 = CARTESIAN_POINT('',(182.4,-26.16530907931,-28.21076450312));
#2577 = CARTESIAN_POINT('',(182.4,-26.1370568253,-24.58855664399));
#2578 = CARTESIAN_POINT('',(182.4,-26.06075586913,-18.55822513387));
#2579 = CARTESIAN_POINT('',(182.4,-26.02251270943,-16.15001156091));
#2580 = CARTESIAN_POINT('',(182.4,-25.97465202473,-13.74194453978));
#2581 = CARTESIAN_POINT('',(182.4,-25.91491984087,-11.33412545645));
#2582 = CARTESIAN_POINT('',(182.4,-25.84066060815,-8.926728044451));
#2583 = CARTESIAN_POINT('',(182.4,-25.74875583047,-6.52));
#2584 = PCURVE('',#1659,#2585);
#2585 = DEFINITIONAL_REPRESENTATION('',(#2586),#2599);
#2586 = B_SPLINE_CURVE_WITH_KNOTS('',6,(#2587,#2588,#2589,#2590,#2591,
    #2592,#2593,#2594,#2595,#2596,#2597,#2598),.UNSPECIFIED.,.F.,.F.,(7,
    5,7),(0.,0.600630376451,1.),.UNSPECIFIED.);
#2587 = CARTESIAN_POINT('',(1.570796326795,4.769584794124));
#2588 = CARTESIAN_POINT('',(1.550937094787,4.769584794124));
#2589 = CARTESIAN_POINT('',(1.531077966624,4.772879649277));
#2590 = CARTESIAN_POINT('',(1.511247002296,4.779470809475));
#2591 = CARTESIAN_POINT('',(1.491472512974,4.789348359496));
#2592 = CARTESIAN_POINT('',(1.47178228505,4.802500926628));
#2593 = CARTESIAN_POINT('',(1.439184065508,4.829846632595));
#2594 = CARTESIAN_POINT('',(1.426214430594,4.842214344043));
#2595 = CARTESIAN_POINT('',(1.41330165177,4.856028270177));
#2596 = CARTESIAN_POINT('',(1.400453574673,4.871290283948));
#2597 = CARTESIAN_POINT('',(1.387678031005,4.888006608517));
#2598 = CARTESIAN_POINT('',(1.374982743731,4.906192503223));
#2599 = ( GEOMETRIC_REPRESENTATION_CONTEXT(2) 
PARAMETRIC_REPRESENTATION_CONTEXT() REPRESENTATION_CONTEXT('2D SPACE',''
  ) );
#2600 = PCURVE('',#1743,#2601);
#2601 = DEFINITIONAL_REPRESENTATION('',(#2602),#2615);
#2602 = B_SPLINE_CURVE_WITH_KNOTS('',6,(#2603,#2604,#2605,#2606,#2607,
    #2608,#2609,#2610,#2611,#2612,#2613,#2614),.UNSPECIFIED.,.F.,.F.,(7,
    5,7),(0.,0.600630376451,1.),.UNSPECIFIED.);
#2603 = CARTESIAN_POINT('',(0.,-26.1970914416));
#2604 = CARTESIAN_POINT('',(-3.622323918229,-26.1970914416));
#2605 = CARTESIAN_POINT('',(-7.244628643157,-26.19214839883));
#2606 = CARTESIAN_POINT('',(-10.8669401048,-26.18226460828));
#2607 = CARTESIAN_POINT('',(-14.48923549687,-26.16530907931));
#2608 = CARTESIAN_POINT('',(-18.111443356,-26.1370568253));
#2609 = CARTESIAN_POINT('',(-24.14177486612,-26.06075586913));
#2610 = CARTESIAN_POINT('',(-26.54998843908,-26.02251270943));
#2611 = CARTESIAN_POINT('',(-28.95805546021,-25.97465202473));
#2612 = CARTESIAN_POINT('',(-31.36587454354,-25.91491984087));
#2613 = CARTESIAN_POINT('',(-33.77327195554,-25.84066060815));
#2614 = CARTESIAN_POINT('',(-36.18,-25.74875583047));
#2615 = ( GEOMETRIC_REPRESENTATION_CONTEXT(2) 
PARAMETRIC_REPRESENTATION_CONTEXT() REPRESENTATION_CONTEXT('2D SPACE',''
  ) );
#2616 = ORIENTED_EDGE('',*,*,#2617,.F.);
#2617 = EDGE_CURVE('',#2453,#2568,#2618,.T.);
#2618 = SURFACE_CURVE('',#2619,(#2629,#2642),.PCURVE_S1.);
#2619 = B_SPLINE_CURVE_WITH_KNOTS('',8,(#2620,#2621,#2622,#2623,#2624,
    #2625,#2626,#2627,#2628),.UNSPECIFIED.,.F.,.F.,(9,9),(0.,1.),
  .PIECEWISE_BEZIER_KNOTS.);
#2620 = CARTESIAN_POINT('',(180.8999994,-26.23974746879,-36.24522372393)
  );
#2621 = CARTESIAN_POINT('',(181.40216759721,-26.23754432445,
    -36.23626757294));
#2622 = CARTESIAN_POINT('',(181.90384974718,-26.22435293962,
    -36.1826570629));
#2623 = CARTESIAN_POINT('',(182.40216990859,-26.20009692126,
    -36.08434821834));
#2624 = CARTESIAN_POINT('',(182.8952349082,-26.16502559756,
    -35.94443331982));
#2625 = CARTESIAN_POINT('',(183.38197609374,-26.11952723161,
    -35.76846680162));
#2626 = CARTESIAN_POINT('',(183.86178458194,-26.0640143558,
    -35.56198303991));
#2627 = CARTESIAN_POINT('',(184.33446583843,-25.99887919028,
    -35.33003168616));
#2628 = CARTESIAN_POINT('',(184.80019941839,-25.92441688409,
    -35.07680557641));
#2629 = PCURVE('',#1659,#2630);
#2630 = DEFINITIONAL_REPRESENTATION('',(#2631),#2641);
#2631 = B_SPLINE_CURVE_WITH_KNOTS('',8,(#2632,#2633,#2634,#2635,#2636,
    #2637,#2638,#2639,#2640),.UNSPECIFIED.,.F.,.F.,(9,9),(0.,1.),
  .PIECEWISE_BEZIER_KNOTS.);
#2632 = CARTESIAN_POINT('',(1.535129997039,4.716776216011));
#2633 = CARTESIAN_POINT('',(1.535179474919,4.735913907643));
#2634 = CARTESIAN_POINT('',(1.534982012081,4.755095626534));
#2635 = CARTESIAN_POINT('',(1.534539534665,4.77422226202));
#2636 = CARTESIAN_POINT('',(1.533871482924,4.793230352773));
#2637 = CARTESIAN_POINT('',(1.533010387911,4.812085990269));
#2638 = CARTESIAN_POINT('',(1.531987965716,4.830771608318));
#2639 = CARTESIAN_POINT('',(1.530832851286,4.849284661813));
#2640 = CARTESIAN_POINT('',(1.529568693572,4.867637043133));
#2641 = ( GEOMETRIC_REPRESENTATION_CONTEXT(2) 
PARAMETRIC_REPRESENTATION_CONTEXT() REPRESENTATION_CONTEXT('2D SPACE',''
  ) );
#2642 = PCURVE('',#1850,#2643);
#2643 = DEFINITIONAL_REPRESENTATION('',(#2644),#2654);
#2644 = B_SPLINE_CURVE_WITH_KNOTS('',8,(#2645,#2646,#2647,#2648,#2649,
    #2650,#2651,#2652,#2653),.UNSPECIFIED.,.F.,.F.,(9,9),(0.,1.),
  .PIECEWISE_BEZIER_KNOTS.);
#2645 = CARTESIAN_POINT('',(-4.47118579654,5.999999999062E-07));
#2646 = CARTESIAN_POINT('',(-4.470844476526,-0.502167597218));
#2647 = CARTESIAN_POINT('',(-4.468801341095,-1.003849747181));
#2648 = CARTESIAN_POINT('',(-4.465054138229,-1.502169908594));
#2649 = CARTESIAN_POINT('',(-4.459716174179,-1.995234908205));
#2650 = CARTESIAN_POINT('',(-4.4529904893,-2.481976093747));
#2651 = CARTESIAN_POINT('',(-4.445078566923,-2.96178458194));
#2652 = CARTESIAN_POINT('',(-4.436163414676,-3.434465838432));
#2653 = CARTESIAN_POINT('',(-4.426395553324,-3.900199418398));
#2654 = ( GEOMETRIC_REPRESENTATION_CONTEXT(2) 
PARAMETRIC_REPRESENTATION_CONTEXT() REPRESENTATION_CONTEXT('2D SPACE',''
  ) );
#2655 = ORIENTED_EDGE('',*,*,#2476,.T.);
#2656 = ORIENTED_EDGE('',*,*,#2412,.T.);
#2657 = ORIENTED_EDGE('',*,*,#2330,.F.);
#2658 = ORIENTED_EDGE('',*,*,#2659,.F.);
#2659 = EDGE_CURVE('',#2199,#2307,#2660,.T.);
#2660 = SURFACE_CURVE('',#2661,(#2674,#2690),.PCURVE_S1.);
#2661 = B_SPLINE_CURVE_WITH_KNOTS('',6,(#2662,#2663,#2664,#2665,#2666,
    #2667,#2668,#2669,#2670,#2671,#2672,#2673),.UNSPECIFIED.,.F.,.F.,(7,
    5,7),(0.,0.733270189496,1.),.UNSPECIFIED.);
#2662 = CARTESIAN_POINT('',(184.80019881839,-25.94852691728,-42.7));
#2663 = CARTESIAN_POINT('',(184.80019881839,-25.94852691728,
    -38.7361038176));
#2664 = CARTESIAN_POINT('',(184.80019881839,-25.93319050198,
    -34.77226337715));
#2665 = CARTESIAN_POINT('',(184.80019881839,-25.90252463527,
    -30.80844432427));
#2666 = CARTESIAN_POINT('',(184.80019881839,-25.85349644696,
    -26.84476753983));
#2667 = CARTESIAN_POINT('',(184.80019881839,-25.78012973747,
    -22.88150721149));
#2668 = CARTESIAN_POINT('',(184.80019881839,-25.6344175278,
    -17.47775272851));
#2669 = CARTESIAN_POINT('',(184.80019881839,-25.59112199975,
    -16.03653347655));
#2670 = CARTESIAN_POINT('',(184.80019881839,-25.54295637133,
    -14.59546400998));
#2671 = CARTESIAN_POINT('',(184.80019881839,-25.48942528765,
    -13.15458285955));
#2672 = CARTESIAN_POINT('',(184.80019881839,-25.42997468682,
    -11.71394060145));
#2673 = CARTESIAN_POINT('',(184.80019881839,-25.36398808546,-10.2736));
#2674 = PCURVE('',#1659,#2675);
#2675 = DEFINITIONAL_REPRESENTATION('',(#2676),#2689);
#2676 = B_SPLINE_CURVE_WITH_KNOTS('',6,(#2677,#2678,#2679,#2680,#2681,
    #2682,#2683,#2684,#2685,#2686,#2687,#2688),.UNSPECIFIED.,.F.,.F.,(7,
    5,7),(0.,0.733270189496,1.),.UNSPECIFIED.);
#2677 = CARTESIAN_POINT('',(1.570796326795,4.861577409673));
#2678 = CARTESIAN_POINT('',(1.549346695205,4.861577409673));
#2679 = CARTESIAN_POINT('',(1.527897365793,4.865509394027));
#2680 = CARTESIAN_POINT('',(1.506483676177,4.873373088824));
#2681 = CARTESIAN_POINT('',(1.485141815964,4.885169865903));
#2682 = CARTESIAN_POINT('',(1.463907582734,4.900899912332));
#2683 = CARTESIAN_POINT('',(1.43514285316,4.927764099033));
#2684 = CARTESIAN_POINT('',(1.427489278169,4.935454644433));
#2685 = CARTESIAN_POINT('',(1.419856220089,4.943671931651));
#2686 = CARTESIAN_POINT('',(1.412245381951,4.952418170915));
#2687 = CARTESIAN_POINT('',(1.404658480809,4.961696383583));
#2688 = CARTESIAN_POINT('',(1.397097239773,4.971510678878));
#2689 = ( GEOMETRIC_REPRESENTATION_CONTEXT(2) 
PARAMETRIC_REPRESENTATION_CONTEXT() REPRESENTATION_CONTEXT('2D SPACE',''
  ) );
#2690 = PCURVE('',#2214,#2691);
#2691 = DEFINITIONAL_REPRESENTATION('',(#2692),#2705);
#2692 = B_SPLINE_CURVE_WITH_KNOTS('',6,(#2693,#2694,#2695,#2696,#2697,
    #2698,#2699,#2700,#2701,#2702,#2703,#2704),.UNSPECIFIED.,.F.,.F.,(7,
    5,7),(0.,0.733270189496,1.),.UNSPECIFIED.);
#2693 = CARTESIAN_POINT('',(0.,-25.94852691728));
#2694 = CARTESIAN_POINT('',(-3.9638961824,-25.94852691728));
#2695 = CARTESIAN_POINT('',(-7.927736622847,-25.93319050198));
#2696 = CARTESIAN_POINT('',(-11.89155567572,-25.90252463527));
#2697 = CARTESIAN_POINT('',(-15.85523246016,-25.85349644696));
#2698 = CARTESIAN_POINT('',(-19.8184927885,-25.78012973747));
#2699 = CARTESIAN_POINT('',(-25.22224727148,-25.6344175278));
#2700 = CARTESIAN_POINT('',(-26.66346652344,-25.59112199975));
#2701 = CARTESIAN_POINT('',(-28.10453599002,-25.54295637133));
#2702 = CARTESIAN_POINT('',(-29.54541714044,-25.48942528765));
#2703 = CARTESIAN_POINT('',(-30.98605939854,-25.42997468682));
#2704 = CARTESIAN_POINT('',(-32.4264,-25.36398808546));
#2705 = ( GEOMETRIC_REPRESENTATION_CONTEXT(2) 
PARAMETRIC_REPRESENTATION_CONTEXT() REPRESENTATION_CONTEXT('2D SPACE',''
  ) );
#2706 = ORIENTED_EDGE('',*,*,#2226,.T.);
#2707 = ORIENTED_EDGE('',*,*,#2708,.F.);
#2708 = EDGE_CURVE('',#2067,#2227,#2709,.T.);
#2709 = SURFACE_CURVE('',#2710,(#2720,#2733),.PCURVE_S1.);
#2710 = B_SPLINE_CURVE_WITH_KNOTS('',8,(#2711,#2712,#2713,#2714,#2715,
    #2716,#2717,#2718,#2719),.UNSPECIFIED.,.F.,.F.,(9,9),(0.,1.),
  .PIECEWISE_BEZIER_KNOTS.);
#2711 = CARTESIAN_POINT('',(184.80019881839,25.363988085464,-10.2736));
#2712 = CARTESIAN_POINT('',(184.80019881839,25.549535252532,
    -14.32368157237));
#2713 = CARTESIAN_POINT('',(184.80019881839,25.685852487413,
    -18.37577228628));
#2714 = CARTESIAN_POINT('',(184.80019881839,25.78457685081,
    -22.42908070034));
#2715 = CARTESIAN_POINT('',(184.80019881839,25.854620232246,
    -26.48301846797));
#2716 = CARTESIAN_POINT('',(184.80019881839,25.902690381331,
    -30.53718892708));
#2717 = CARTESIAN_POINT('',(184.80019881839,25.933247077511,
    -34.59138711323));
#2718 = CARTESIAN_POINT('',(184.80019881839,25.948526917283,
    -38.64559865815));
#2719 = CARTESIAN_POINT('',(184.80019881839,25.948526917283,-42.7));
#2720 = PCURVE('',#1659,#2721);
#2721 = DEFINITIONAL_REPRESENTATION('',(#2722),#2732);
#2722 = B_SPLINE_CURVE_WITH_KNOTS('',8,(#2723,#2724,#2725,#2726,#2727,
    #2728,#2729,#2730,#2731),.UNSPECIFIED.,.F.,.F.,(9,9),(0.,1.),
  .PIECEWISE_BEZIER_KNOTS.);
#2723 = CARTESIAN_POINT('',(1.397097239773,7.594859935481));
#2724 = CARTESIAN_POINT('',(1.418358629581,7.622456669531));
#2725 = CARTESIAN_POINT('',(1.439811868194,7.646014779931));
#2726 = CARTESIAN_POINT('',(1.461426529935,7.6656153728));
#2727 = CARTESIAN_POINT('',(1.483170913395,7.68128777212));
#2728 = CARTESIAN_POINT('',(1.505012503959,7.693040788452));
#2729 = CARTESIAN_POINT('',(1.526918598626,7.700875509104));
#2730 = CARTESIAN_POINT('',(1.548856949198,7.704793204686));
#2731 = CARTESIAN_POINT('',(1.570796326795,7.704793204686));
#2732 = ( GEOMETRIC_REPRESENTATION_CONTEXT(2) 
PARAMETRIC_REPRESENTATION_CONTEXT() REPRESENTATION_CONTEXT('2D SPACE',''
  ) );
#2733 = PCURVE('',#2214,#2734);
#2734 = DEFINITIONAL_REPRESENTATION('',(#2735),#2745);
#2735 = B_SPLINE_CURVE_WITH_KNOTS('',8,(#2736,#2737,#2738,#2739,#2740,
    #2741,#2742,#2743,#2744),.UNSPECIFIED.,.F.,.F.,(9,9),(0.,1.),
  .PIECEWISE_BEZIER_KNOTS.);
#2736 = CARTESIAN_POINT('',(-32.4264,25.363988085464));
#2737 = CARTESIAN_POINT('',(-28.37631842762,25.549535252532));
#2738 = CARTESIAN_POINT('',(-24.32422771371,25.685852487413));
#2739 = CARTESIAN_POINT('',(-20.27091929966,25.78457685081));
#2740 = CARTESIAN_POINT('',(-16.21698153202,25.854620232246));
#2741 = CARTESIAN_POINT('',(-12.16281107291,25.902690381331));
#2742 = CARTESIAN_POINT('',(-8.108612886769,25.933247077511));
#2743 = CARTESIAN_POINT('',(-4.054401341841,25.948526917283));
#2744 = CARTESIAN_POINT('',(0.,25.948526917283));
#2745 = ( GEOMETRIC_REPRESENTATION_CONTEXT(2) 
PARAMETRIC_REPRESENTATION_CONTEXT() REPRESENTATION_CONTEXT('2D SPACE',''
  ) );
#2746 = ORIENTED_EDGE('',*,*,#2066,.F.);
#2747 = ORIENTED_EDGE('',*,*,#2028,.T.);
#2748 = ORIENTED_EDGE('',*,*,#1911,.T.);
#2749 = ORIENTED_EDGE('',*,*,#2750,.F.);
#2750 = EDGE_CURVE('',#2751,#1912,#2753,.T.);
#2751 = VERTEX_POINT('',#2752);
#2752 = CARTESIAN_POINT('',(182.4,26.189861703442,-36.04570604686));
#2753 = SURFACE_CURVE('',#2754,(#2764,#2777),.PCURVE_S1.);
#2754 = B_SPLINE_CURVE_WITH_KNOTS('',8,(#2755,#2756,#2757,#2758,#2759,
    #2760,#2761,#2762,#2763),.UNSPECIFIED.,.F.,.F.,(9,9),(0.,1.),
  .PIECEWISE_BEZIER_KNOTS.);
#2755 = CARTESIAN_POINT('',(184.80019941839,25.924416884091,
    -35.07680557641));
#2756 = CARTESIAN_POINT('',(184.33446705914,25.99887899511,
    -35.33003102244));
#2757 = CARTESIAN_POINT('',(183.86178424124,26.064014464657,
    -35.56198335208));
#2758 = CARTESIAN_POINT('',(183.38197456156,26.119527424133,
    -35.76846755208));
#2759 = CARTESIAN_POINT('',(182.89523391734,26.165025601449,
    -35.94443339123));
#2760 = CARTESIAN_POINT('',(182.40217075009,26.200096794993,
    -36.08434770201));
#2761 = CARTESIAN_POINT('',(181.90385173525,26.224352860261,
    -36.18265674004));
#2762 = CARTESIAN_POINT('',(181.40216924567,26.237544317225,
    -36.23626754354));
#2763 = CARTESIAN_POINT('',(180.8999994,26.239747468791,-36.24522372393)
  );
#2764 = PCURVE('',#1659,#2765);
#2765 = DEFINITIONAL_REPRESENTATION('',(#2766),#2776);
#2766 = B_SPLINE_CURVE_WITH_KNOTS('',8,(#2767,#2768,#2769,#2770,#2771,
    #2772,#2773,#2774,#2775),.UNSPECIFIED.,.F.,.F.,(9,9),(0.,1.),
  .PIECEWISE_BEZIER_KNOTS.);
#2767 = CARTESIAN_POINT('',(1.529568693572,7.698733571226));
#2768 = CARTESIAN_POINT('',(1.530832847973,7.717085904444));
#2769 = CARTESIAN_POINT('',(1.53198796729,7.735599020057));
#2770 = CARTESIAN_POINT('',(1.533010391664,7.754284683825));
#2771 = CARTESIAN_POINT('',(1.533871483192,7.773140299134));
#2772 = CARTESIAN_POINT('',(1.53453953199,7.792148319486));
#2773 = CARTESIAN_POINT('',(1.534982010693,7.811274911654));
#2774 = CARTESIAN_POINT('',(1.535179475081,7.830456643893));
#2775 = CARTESIAN_POINT('',(1.535129997039,7.849594398348));
#2776 = ( GEOMETRIC_REPRESENTATION_CONTEXT(2) 
PARAMETRIC_REPRESENTATION_CONTEXT() REPRESENTATION_CONTEXT('2D SPACE',''
  ) );
#2777 = PCURVE('',#1715,#2778);
#2778 = DEFINITIONAL_REPRESENTATION('',(#2779),#2789);
#2779 = B_SPLINE_CURVE_WITH_KNOTS('',8,(#2780,#2781,#2782,#2783,#2784,
    #2785,#2786,#2787,#2788),.UNSPECIFIED.,.F.,.F.,(9,9),(0.,1.),
  .PIECEWISE_BEZIER_KNOTS.);
#2780 = CARTESIAN_POINT('',(-1.856789753856,-3.900199418398));
#2781 = CARTESIAN_POINT('',(-1.847021918106,-3.434467059145));
#2782 = CARTESIAN_POINT('',(-1.83810672804,-2.961784241248));
#2783 = CARTESIAN_POINT('',(-1.830194789227,-2.48197456157));
#2784 = CARTESIAN_POINT('',(-1.8234691304,-1.995233917341));
#2785 = CARTESIAN_POINT('',(-1.818131188616,-1.502170750098));
#2786 = CARTESIAN_POINT('',(-1.814383978391,-1.003851735257));
#2787 = CARTESIAN_POINT('',(-1.812340831775,-0.502169245675));
#2788 = CARTESIAN_POINT('',(-1.811999510639,5.999999999062E-07));
#2789 = ( GEOMETRIC_REPRESENTATION_CONTEXT(2) 
PARAMETRIC_REPRESENTATION_CONTEXT() REPRESENTATION_CONTEXT('2D SPACE',''
  ) );
#2790 = ORIENTED_EDGE('',*,*,#2791,.T.);
#2791 = EDGE_CURVE('',#2751,#1728,#2792,.T.);
#2792 = SURFACE_CURVE('',#2793,(#2806,#2822),.PCURVE_S1.);
#2793 = B_SPLINE_CURVE_WITH_KNOTS('',6,(#2794,#2795,#2796,#2797,#2798,
    #2799,#2800,#2801,#2802,#2803,#2804,#2805),.UNSPECIFIED.,.F.,.F.,(7,
    5,7),(0.,0.528593979874,1.),.UNSPECIFIED.);
#2794 = CARTESIAN_POINT('',(182.4,25.748755830474,-6.52));
#2795 = CARTESIAN_POINT('',(182.4,25.870398422377,-9.705477890667));
#2796 = CARTESIAN_POINT('',(182.4,25.961128153894,-12.89210066018));
#2797 = CARTESIAN_POINT('',(182.4,26.02817599456,-16.07933982217));
#2798 = CARTESIAN_POINT('',(182.4,26.077357026392,-19.26685315613));
#2799 = CARTESIAN_POINT('',(182.4,26.11329810644,-22.45447906513));
#2800 = CARTESIAN_POINT('',(182.4,26.162617994988,-28.48511737934));
#2801 = CARTESIAN_POINT('',(182.4,26.178017093406,-31.32806134094));
#2802 = CARTESIAN_POINT('',(182.4,26.187957858836,-34.17103665587));
#2803 = CARTESIAN_POINT('',(182.4,26.194046510066,-37.0140221275));
#2804 = CARTESIAN_POINT('',(182.4,26.197091441609,-39.857008801));
#2805 = CARTESIAN_POINT('',(182.4,26.197091441609,-42.7));
#2806 = PCURVE('',#1659,#2807);
#2807 = DEFINITIONAL_REPRESENTATION('',(#2808),#2821);
#2808 = B_SPLINE_CURVE_WITH_KNOTS('',6,(#2809,#2810,#2811,#2812,#2813,
    #2814,#2815,#2816,#2817,#2818,#2819,#2820),.UNSPECIFIED.,.F.,.F.,(7,
    5,7),(0.,0.528593979874,1.),.UNSPECIFIED.);
#2809 = CARTESIAN_POINT('',(1.374982743731,7.660178111136));
#2810 = CARTESIAN_POINT('',(1.391785870707,7.684248452462));
#2811 = CARTESIAN_POINT('',(1.408729447817,7.705744136199));
#2812 = CARTESIAN_POINT('',(1.425795805881,7.724700924572));
#2813 = CARTESIAN_POINT('',(1.44296673939,7.741126482153));
#2814 = CARTESIAN_POINT('',(1.460223873663,7.755019268002));
#2815 = CARTESIAN_POINT('',(1.492999934226,7.776501260431));
#2816 = CARTESIAN_POINT('',(1.508504699211,7.78460976536));
#2817 = CARTESIAN_POINT('',(1.524050291567,7.790696283432));
#2818 = CARTESIAN_POINT('',(1.539623202214,7.794756088809));
#2819 = CARTESIAN_POINT('',(1.555209752239,7.796785820235));
#2820 = CARTESIAN_POINT('',(1.570796326795,7.796785820235));
#2821 = ( GEOMETRIC_REPRESENTATION_CONTEXT(2) 
PARAMETRIC_REPRESENTATION_CONTEXT() REPRESENTATION_CONTEXT('2D SPACE',''
  ) );
#2822 = PCURVE('',#1743,#2823);
#2823 = DEFINITIONAL_REPRESENTATION('',(#2824),#2837);
#2824 = B_SPLINE_CURVE_WITH_KNOTS('',6,(#2825,#2826,#2827,#2828,#2829,
    #2830,#2831,#2832,#2833,#2834,#2835,#2836),.UNSPECIFIED.,.F.,.F.,(7,
    5,7),(0.,0.528593979874,1.),.UNSPECIFIED.);
#2825 = CARTESIAN_POINT('',(-36.18,25.748755830474));
#2826 = CARTESIAN_POINT('',(-32.99452210933,25.870398422377));
#2827 = CARTESIAN_POINT('',(-29.80789933981,25.961128153894));
#2828 = CARTESIAN_POINT('',(-26.62066017782,26.02817599456));
#2829 = CARTESIAN_POINT('',(-23.43314684386,26.077357026392));
#2830 = CARTESIAN_POINT('',(-20.24552093486,26.11329810644));
#2831 = CARTESIAN_POINT('',(-14.21488262065,26.162617994988));
#2832 = CARTESIAN_POINT('',(-11.37193865905,26.178017093406));
#2833 = CARTESIAN_POINT('',(-8.528963344125,26.187957858836));
#2834 = CARTESIAN_POINT('',(-5.685977872497,26.194046510066));
#2835 = CARTESIAN_POINT('',(-2.842991198993,26.197091441609));
#2836 = CARTESIAN_POINT('',(0.,26.197091441609));
#2837 = ( GEOMETRIC_REPRESENTATION_CONTEXT(2) 
PARAMETRIC_REPRESENTATION_CONTEXT() REPRESENTATION_CONTEXT('2D SPACE',''
  ) );
#2838 = ORIENTED_EDGE('',*,*,#1755,.T.);
#2839 = ADVANCED_FACE('',(#2840),#1850,.T.);
#2840 = FACE_BOUND('',#2841,.F.);
#2841 = EDGE_LOOP('',(#2842,#2868,#2869,#2870));
#2842 = ORIENTED_EDGE('',*,*,#2843,.F.);
#2843 = EDGE_CURVE('',#1812,#2568,#2844,.T.);
#2844 = SURFACE_CURVE('',#2845,(#2850,#2857),.PCURVE_S1.);
#2845 = CIRCLE('',#2846,27.022);
#2846 = AXIS2_PLACEMENT_3D('',#2847,#2848,#2849);
#2847 = CARTESIAN_POINT('',(182.4,9.124144279423E-16,-42.7));
#2848 = DIRECTION('',(-1.,-0.,-1.110223024625E-16));
#2849 = DIRECTION('',(1.110223024625E-16,0.,-1.));
#2850 = PCURVE('',#1850,#2851);
#2851 = DEFINITIONAL_REPRESENTATION('',(#2852),#2856);
#2852 = LINE('',#2853,#2854);
#2853 = CARTESIAN_POINT('',(-6.28318530718,-1.5));
#2854 = VECTOR('',#2855,1.);
#2855 = DIRECTION('',(1.,-0.));
#2856 = ( GEOMETRIC_REPRESENTATION_CONTEXT(2) 
PARAMETRIC_REPRESENTATION_CONTEXT() REPRESENTATION_CONTEXT('2D SPACE',''
  ) );
#2857 = PCURVE('',#1743,#2858);
#2858 = DEFINITIONAL_REPRESENTATION('',(#2859),#2867);
#2859 = ( BOUNDED_CURVE() B_SPLINE_CURVE(2,(#2860,#2861,#2862,#2863,
#2864,#2865,#2866),.UNSPECIFIED.,.T.,.F.) B_SPLINE_CURVE_WITH_KNOTS((1,2
    ,2,2,2,1),(-2.094395102393,0.,2.094395102393,4.188790204786,
6.28318530718,8.377580409573),.UNSPECIFIED.) CURVE() 
GEOMETRIC_REPRESENTATION_ITEM() RATIONAL_B_SPLINE_CURVE((1.,0.5,1.,0.5,
1.,0.5,1.)) REPRESENTATION_ITEM('') );
#2860 = CARTESIAN_POINT('',(27.022,9.124144279423E-16));
#2861 = CARTESIAN_POINT('',(27.022,-46.80347692212));
#2862 = CARTESIAN_POINT('',(-13.511,-23.40173846106));
#2863 = CARTESIAN_POINT('',(-54.044,-5.70606673337E-15));
#2864 = CARTESIAN_POINT('',(-13.511,23.401738461063));
#2865 = CARTESIAN_POINT('',(27.022,46.803476922126));
#2866 = CARTESIAN_POINT('',(27.022,9.124144279423E-16));
#2867 = ( GEOMETRIC_REPRESENTATION_CONTEXT(2) 
PARAMETRIC_REPRESENTATION_CONTEXT() REPRESENTATION_CONTEXT('2D SPACE',''
  ) );
#2868 = ORIENTED_EDGE('',*,*,#1834,.T.);
#2869 = ORIENTED_EDGE('',*,*,#2452,.F.);
#2870 = ORIENTED_EDGE('',*,*,#2617,.T.);
#2871 = ADVANCED_FACE('',(#2872,#2898,#2903),#1743,.F.);
#2872 = FACE_BOUND('',#2873,.F.);
#2873 = EDGE_LOOP('',(#2874));
#2874 = ORIENTED_EDGE('',*,*,#2875,.T.);
#2875 = EDGE_CURVE('',#2876,#2876,#2878,.T.);
#2876 = VERTEX_POINT('',#2877);
#2877 = CARTESIAN_POINT('',(182.4,0.,-72.85));
#2878 = SURFACE_CURVE('',#2879,(#2884,#2891),.PCURVE_S1.);
#2879 = CIRCLE('',#2880,30.15);
#2880 = AXIS2_PLACEMENT_3D('',#2881,#2882,#2883);
#2881 = CARTESIAN_POINT('',(182.4,0.,-42.7));
#2882 = DIRECTION('',(1.,-0.,1.110223024625E-16));
#2883 = DIRECTION('',(1.110223024625E-16,0.,-1.));
#2884 = PCURVE('',#1743,#2885);
#2885 = DEFINITIONAL_REPRESENTATION('',(#2886),#2890);
#2886 = CIRCLE('',#2887,30.15);
#2887 = AXIS2_PLACEMENT_2D('',#2888,#2889);
#2888 = CARTESIAN_POINT('',(2.84217094304E-14,0.));
#2889 = DIRECTION('',(1.,0.));
#2890 = ( GEOMETRIC_REPRESENTATION_CONTEXT(2) 
PARAMETRIC_REPRESENTATION_CONTEXT() REPRESENTATION_CONTEXT('2D SPACE',''
  ) );
#2891 = PCURVE('',#2139,#2892);
#2892 = DEFINITIONAL_REPRESENTATION('',(#2893),#2897);
#2893 = LINE('',#2894,#2895);
#2894 = CARTESIAN_POINT('',(-0.,-0.));
#2895 = VECTOR('',#2896,1.);
#2896 = DIRECTION('',(-1.,-0.));
#2897 = ( GEOMETRIC_REPRESENTATION_CONTEXT(2) 
PARAMETRIC_REPRESENTATION_CONTEXT() REPRESENTATION_CONTEXT('2D SPACE',''
  ) );
#2898 = FACE_BOUND('',#2899,.F.);
#2899 = EDGE_LOOP('',(#2900,#2901,#2902));
#2900 = ORIENTED_EDGE('',*,*,#2567,.F.);
#2901 = ORIENTED_EDGE('',*,*,#1811,.T.);
#2902 = ORIENTED_EDGE('',*,*,#2843,.T.);
#2903 = FACE_BOUND('',#2904,.F.);
#2904 = EDGE_LOOP('',(#2905,#2931,#2932));
#2905 = ORIENTED_EDGE('',*,*,#2906,.T.);
#2906 = EDGE_CURVE('',#2751,#1700,#2907,.T.);
#2907 = SURFACE_CURVE('',#2908,(#2913,#2924),.PCURVE_S1.);
#2908 = CIRCLE('',#2909,27.022);
#2909 = AXIS2_PLACEMENT_3D('',#2910,#2911,#2912);
#2910 = CARTESIAN_POINT('',(182.4,9.124144279423E-16,-42.7));
#2911 = DIRECTION('',(-1.,-0.,-1.110223024625E-16));
#2912 = DIRECTION('',(1.110223024625E-16,0.,-1.));
#2913 = PCURVE('',#1743,#2914);
#2914 = DEFINITIONAL_REPRESENTATION('',(#2915),#2923);
#2915 = ( BOUNDED_CURVE() B_SPLINE_CURVE(2,(#2916,#2917,#2918,#2919,
#2920,#2921,#2922),.UNSPECIFIED.,.T.,.F.) B_SPLINE_CURVE_WITH_KNOTS((1,2
    ,2,2,2,1),(-2.094395102393,0.,2.094395102393,4.188790204786,
6.28318530718,8.377580409573),.UNSPECIFIED.) CURVE() 
GEOMETRIC_REPRESENTATION_ITEM() RATIONAL_B_SPLINE_CURVE((1.,0.5,1.,0.5,
1.,0.5,1.)) REPRESENTATION_ITEM('') );
#2916 = CARTESIAN_POINT('',(27.022,9.124144279423E-16));
#2917 = CARTESIAN_POINT('',(27.022,-46.80347692212));
#2918 = CARTESIAN_POINT('',(-13.511,-23.40173846106));
#2919 = CARTESIAN_POINT('',(-54.044,-5.70606673337E-15));
#2920 = CARTESIAN_POINT('',(-13.511,23.401738461063));
#2921 = CARTESIAN_POINT('',(27.022,46.803476922126));
#2922 = CARTESIAN_POINT('',(27.022,9.124144279423E-16));
#2923 = ( GEOMETRIC_REPRESENTATION_CONTEXT(2) 
PARAMETRIC_REPRESENTATION_CONTEXT() REPRESENTATION_CONTEXT('2D SPACE',''
  ) );
#2924 = PCURVE('',#1715,#2925);
#2925 = DEFINITIONAL_REPRESENTATION('',(#2926),#2930);
#2926 = LINE('',#2927,#2928);
#2927 = CARTESIAN_POINT('',(-6.28318530718,-1.5));
#2928 = VECTOR('',#2929,1.);
#2929 = DIRECTION('',(1.,-0.));
#2930 = ( GEOMETRIC_REPRESENTATION_CONTEXT(2) 
PARAMETRIC_REPRESENTATION_CONTEXT() REPRESENTATION_CONTEXT('2D SPACE',''
  ) );
#2931 = ORIENTED_EDGE('',*,*,#1727,.T.);
#2932 = ORIENTED_EDGE('',*,*,#2791,.F.);
#2933 = ADVANCED_FACE('',(#2934),#1715,.T.);
#2934 = FACE_BOUND('',#2935,.F.);
#2935 = EDGE_LOOP('',(#2936,#2937,#2938,#2939));
#2936 = ORIENTED_EDGE('',*,*,#1976,.F.);
#2937 = ORIENTED_EDGE('',*,*,#1699,.F.);
#2938 = ORIENTED_EDGE('',*,*,#2906,.F.);
#2939 = ORIENTED_EDGE('',*,*,#2750,.T.);
#2940 = ADVANCED_FACE('',(#2941),#2139,.T.);
#2941 = FACE_BOUND('',#2942,.T.);
#2942 = EDGE_LOOP('',(#2943,#2963,#2964,#2965,#2987,#2988,#3010,#3011));
#2943 = ORIENTED_EDGE('',*,*,#2944,.F.);
#2944 = EDGE_CURVE('',#2876,#2945,#2947,.T.);
#2945 = VERTEX_POINT('',#2946);
#2946 = CARTESIAN_POINT('',(184.80019881839,0.,-69.722));
#2947 = SEAM_CURVE('',#2948,(#2951,#2957),.PCURVE_S1.);
#2948 = B_SPLINE_CURVE_WITH_KNOTS('',1,(#2949,#2950),.UNSPECIFIED.,.F.,
  .F.,(2,2),(0.,1.),.PIECEWISE_BEZIER_KNOTS.);
#2949 = CARTESIAN_POINT('',(182.4,0.,-72.85));
#2950 = CARTESIAN_POINT('',(184.80019881839,0.,-69.722));
#2951 = PCURVE('',#2139,#2952);
#2952 = DEFINITIONAL_REPRESENTATION('',(#2953),#2956);
#2953 = B_SPLINE_CURVE_WITH_KNOTS('',1,(#2954,#2955),.UNSPECIFIED.,.F.,
  .F.,(2,2),(0.,1.),.PIECEWISE_BEZIER_KNOTS.);
#2954 = CARTESIAN_POINT('',(0.,0.));
#2955 = CARTESIAN_POINT('',(0.,-2.400198818398));
#2956 = ( GEOMETRIC_REPRESENTATION_CONTEXT(2) 
PARAMETRIC_REPRESENTATION_CONTEXT() REPRESENTATION_CONTEXT('2D SPACE',''
  ) );
#2957 = PCURVE('',#2139,#2958);
#2958 = DEFINITIONAL_REPRESENTATION('',(#2959),#2962);
#2959 = B_SPLINE_CURVE_WITH_KNOTS('',1,(#2960,#2961),.UNSPECIFIED.,.F.,
  .F.,(2,2),(0.,1.),.PIECEWISE_BEZIER_KNOTS.);
#2960 = CARTESIAN_POINT('',(-6.28318530718,0.));
#2961 = CARTESIAN_POINT('',(-6.28318530718,-2.400198818398));
#2962 = ( GEOMETRIC_REPRESENTATION_CONTEXT(2) 
PARAMETRIC_REPRESENTATION_CONTEXT() REPRESENTATION_CONTEXT('2D SPACE',''
  ) );
#2963 = ORIENTED_EDGE('',*,*,#2875,.T.);
#2964 = ORIENTED_EDGE('',*,*,#2944,.T.);
#2965 = ORIENTED_EDGE('',*,*,#2966,.F.);
#2966 = EDGE_CURVE('',#2176,#2945,#2967,.T.);
#2967 = SURFACE_CURVE('',#2968,(#2973,#2980),.PCURVE_S1.);
#2968 = CIRCLE('',#2969,27.022);
#2969 = AXIS2_PLACEMENT_3D('',#2970,#2971,#2972);
#2970 = CARTESIAN_POINT('',(184.80019881839,0.,-42.7));
#2971 = DIRECTION('',(1.,-0.,1.110223024625E-16));
#2972 = DIRECTION('',(1.110223024625E-16,0.,-1.));
#2973 = PCURVE('',#2139,#2974);
#2974 = DEFINITIONAL_REPRESENTATION('',(#2975),#2979);
#2975 = LINE('',#2976,#2977);
#2976 = CARTESIAN_POINT('',(-0.,-2.400198818398));
#2977 = VECTOR('',#2978,1.);
#2978 = DIRECTION('',(-1.,-0.));
#2979 = ( GEOMETRIC_REPRESENTATION_CONTEXT(2) 
PARAMETRIC_REPRESENTATION_CONTEXT() REPRESENTATION_CONTEXT('2D SPACE',''
  ) );
#2980 = PCURVE('',#2214,#2981);
#2981 = DEFINITIONAL_REPRESENTATION('',(#2982),#2986);
#2982 = CIRCLE('',#2983,27.022);
#2983 = AXIS2_PLACEMENT_2D('',#2984,#2985);
#2984 = CARTESIAN_POINT('',(0.,0.));
#2985 = DIRECTION('',(1.,0.));
#2986 = ( GEOMETRIC_REPRESENTATION_CONTEXT(2) 
PARAMETRIC_REPRESENTATION_CONTEXT() REPRESENTATION_CONTEXT('2D SPACE',''
  ) );
#2987 = ORIENTED_EDGE('',*,*,#2306,.F.);
#2988 = ORIENTED_EDGE('',*,*,#2989,.F.);
#2989 = EDGE_CURVE('',#2067,#2307,#2990,.T.);
#2990 = SURFACE_CURVE('',#2991,(#2996,#3003),.PCURVE_S1.);
#2991 = CIRCLE('',#2992,27.022);
#2992 = AXIS2_PLACEMENT_3D('',#2993,#2994,#2995);
#2993 = CARTESIAN_POINT('',(184.80019881839,0.,-42.7));
#2994 = DIRECTION('',(1.,-0.,1.110223024625E-16));
#2995 = DIRECTION('',(1.110223024625E-16,0.,-1.));
#2996 = PCURVE('',#2139,#2997);
#2997 = DEFINITIONAL_REPRESENTATION('',(#2998),#3002);
#2998 = LINE('',#2999,#3000);
#2999 = CARTESIAN_POINT('',(-0.,-2.400198818398));
#3000 = VECTOR('',#3001,1.);
#3001 = DIRECTION('',(-1.,-0.));
#3002 = ( GEOMETRIC_REPRESENTATION_CONTEXT(2) 
PARAMETRIC_REPRESENTATION_CONTEXT() REPRESENTATION_CONTEXT('2D SPACE',''
  ) );
#3003 = PCURVE('',#2214,#3004);
#3004 = DEFINITIONAL_REPRESENTATION('',(#3005),#3009);
#3005 = CIRCLE('',#3006,27.022);
#3006 = AXIS2_PLACEMENT_2D('',#3007,#3008);
#3007 = CARTESIAN_POINT('',(0.,0.));
#3008 = DIRECTION('',(1.,0.));
#3009 = ( GEOMETRIC_REPRESENTATION_CONTEXT(2) 
PARAMETRIC_REPRESENTATION_CONTEXT() REPRESENTATION_CONTEXT('2D SPACE',''
  ) );
#3010 = ORIENTED_EDGE('',*,*,#2122,.F.);
#3011 = ORIENTED_EDGE('',*,*,#3012,.F.);
#3012 = EDGE_CURVE('',#2945,#2123,#3013,.T.);
#3013 = SURFACE_CURVE('',#3014,(#3019,#3026),.PCURVE_S1.);
#3014 = CIRCLE('',#3015,27.022);
#3015 = AXIS2_PLACEMENT_3D('',#3016,#3017,#3018);
#3016 = CARTESIAN_POINT('',(184.80019881839,0.,-42.7));
#3017 = DIRECTION('',(1.,-0.,1.110223024625E-16));
#3018 = DIRECTION('',(1.110223024625E-16,0.,-1.));
#3019 = PCURVE('',#2139,#3020);
#3020 = DEFINITIONAL_REPRESENTATION('',(#3021),#3025);
#3021 = LINE('',#3022,#3023);
#3022 = CARTESIAN_POINT('',(-0.,-2.400198818398));
#3023 = VECTOR('',#3024,1.);
#3024 = DIRECTION('',(-1.,-0.));
#3025 = ( GEOMETRIC_REPRESENTATION_CONTEXT(2) 
PARAMETRIC_REPRESENTATION_CONTEXT() REPRESENTATION_CONTEXT('2D SPACE',''
  ) );
#3026 = PCURVE('',#2214,#3027);
#3027 = DEFINITIONAL_REPRESENTATION('',(#3028),#3032);
#3028 = CIRCLE('',#3029,27.022);
#3029 = AXIS2_PLACEMENT_2D('',#3030,#3031);
#3030 = CARTESIAN_POINT('',(0.,0.));
#3031 = DIRECTION('',(1.,0.));
#3032 = ( GEOMETRIC_REPRESENTATION_CONTEXT(2) 
PARAMETRIC_REPRESENTATION_CONTEXT() REPRESENTATION_CONTEXT('2D SPACE',''
  ) );
#3033 = ADVANCED_FACE('',(#3034),#2214,.T.);
#3034 = FACE_BOUND('',#3035,.T.);
#3035 = EDGE_LOOP('',(#3036,#3037,#3038,#3039,#3040,#3041,#3042));
#3036 = ORIENTED_EDGE('',*,*,#2966,.T.);
#3037 = ORIENTED_EDGE('',*,*,#3012,.T.);
#3038 = ORIENTED_EDGE('',*,*,#2254,.T.);
#3039 = ORIENTED_EDGE('',*,*,#2708,.F.);
#3040 = ORIENTED_EDGE('',*,*,#2989,.T.);
#3041 = ORIENTED_EDGE('',*,*,#2659,.F.);
#3042 = ORIENTED_EDGE('',*,*,#2198,.T.);
#3043 = ( GEOMETRIC_REPRESENTATION_CONTEXT(3) 
GLOBAL_UNCERTAINTY_ASSIGNED_CONTEXT((#3047)) 
GLOBAL_UNIT_ASSIGNED_CONTEXT((#3044,#3045,#3046)) REPRESENTATION_CONTEXT
('Context #1','3D Context with UNIT and UNCERTAINTY') );
#3044 = ( LENGTH_UNIT() NAMED_UNIT(*) SI_UNIT(.MILLI.,.METRE.) );
#3045 = ( NAMED_UNIT(*) PLANE_ANGLE_UNIT() SI_UNIT($,.RADIAN.) );
#3046 = ( NAMED_UNIT(*) SI_UNIT($,.STERADIAN.) SOLID_ANGLE_UNIT() );
#3047 = UNCERTAINTY_MEASURE_WITH_UNIT(LENGTH_MEASURE(5.E-07),#3044,
  'distance_accuracy_value','confusion accuracy');
#3048 = CONTEXT_DEPENDENT_SHAPE_REPRESENTATION(#3049,#3051);
#3049 = ( REPRESENTATION_RELATIONSHIP('','',#1116,#10) 
REPRESENTATION_RELATIONSHIP_WITH_TRANSFORMATION(#3050) 
SHAPE_REPRESENTATION_RELATIONSHIP() );
#3050 = ITEM_DEFINED_TRANSFORMATION('','',#11,#23);
#3051 = PRODUCT_DEFINITION_SHAPE('Placement','Placement of an item',
  #3052);
#3052 = NEXT_ASSEMBLY_USAGE_OCCURRENCE('15','','',#5,#1111,$);
#3053 = PRODUCT_RELATED_PRODUCT_CATEGORY('part',$,(#1113));
#3054 = SHAPE_DEFINITION_REPRESENTATION(#3055,#3061);
#3055 = PRODUCT_DEFINITION_SHAPE('','',#3056);
#3056 = PRODUCT_DEFINITION('design','',#3057,#3060);
#3057 = PRODUCT_DEFINITION_FORMATION('','',#3058);
#3058 = PRODUCT('Open CASCADE STEP translator 7.8 15.4',
  'Open CASCADE STEP translator 7.8 15.4','',(#3059));
#3059 = PRODUCT_CONTEXT('',#2,'mechanical');
#3060 = PRODUCT_DEFINITION_CONTEXT('part definition',#2,'design');
#3061 = ADVANCED_BREP_SHAPE_REPRESENTATION('',(#11,#3062),#3157);
#3062 = MANIFOLD_SOLID_BREP('',#3063);
#3063 = CLOSED_SHELL('',(#3064,#3149,#3153));
#3064 = ADVANCED_FACE('',(#3065),#3078,.T.);
#3065 = FACE_BOUND('',#3066,.F.);
#3066 = EDGE_LOOP('',(#3067,#3101,#3121,#3148));
#3067 = ORIENTED_EDGE('',*,*,#3068,.T.);
#3068 = EDGE_CURVE('',#3069,#3069,#3071,.T.);
#3069 = VERTEX_POINT('',#3070);
#3070 = CARTESIAN_POINT('',(-1.5,0.,108.05));
#3071 = SURFACE_CURVE('',#3072,(#3077,#3089),.PCURVE_S1.);
#3072 = CIRCLE('',#3073,30.15);
#3073 = AXIS2_PLACEMENT_3D('',#3074,#3075,#3076);
#3074 = CARTESIAN_POINT('',(-1.5,0.,138.2));
#3075 = DIRECTION('',(1.,-0.,1.110223024625E-16));
#3076 = DIRECTION('',(1.110223024625E-16,0.,-1.));
#3077 = PCURVE('',#3078,#3083);
#3078 = CONICAL_SURFACE('',#3079,30.15,0.916297857297);
#3079 = AXIS2_PLACEMENT_3D('',#3080,#3081,#3082);
#3080 = CARTESIAN_POINT('',(-1.5,0.,138.2));
#3081 = DIRECTION('',(1.,0.,1.110223024625E-16));
#3082 = DIRECTION('',(1.110223024625E-16,0.,-1.));
#3083 = DEFINITIONAL_REPRESENTATION('',(#3084),#3088);
#3084 = LINE('',#3085,#3086);
#3085 = CARTESIAN_POINT('',(0.,-0.));
#3086 = VECTOR('',#3087,1.);
#3087 = DIRECTION('',(1.,-0.));
#3088 = ( GEOMETRIC_REPRESENTATION_CONTEXT(2) 
PARAMETRIC_REPRESENTATION_CONTEXT() REPRESENTATION_CONTEXT('2D SPACE',''
  ) );
#3089 = PCURVE('',#3090,#3095);
#3090 = PLANE('',#3091);
#3091 = AXIS2_PLACEMENT_3D('',#3092,#3093,#3094);
#3092 = CARTESIAN_POINT('',(-1.5,0.,138.2));
#3093 = DIRECTION('',(1.,0.,1.110223024625E-16));
#3094 = DIRECTION('',(1.110223024625E-16,0.,-1.));
#3095 = DEFINITIONAL_REPRESENTATION('',(#3096),#3100);
#3096 = CIRCLE('',#3097,30.15);
#3097 = AXIS2_PLACEMENT_2D('',#3098,#3099);
#3098 = CARTESIAN_POINT('',(0.,0.));
#3099 = DIRECTION('',(1.,0.));
#3100 = ( GEOMETRIC_REPRESENTATION_CONTEXT(2) 
PARAMETRIC_REPRESENTATION_CONTEXT() REPRESENTATION_CONTEXT('2D SPACE',''
  ) );
#3101 = ORIENTED_EDGE('',*,*,#3102,.T.);
#3102 = EDGE_CURVE('',#3069,#3103,#3105,.T.);
#3103 = VERTEX_POINT('',#3104);
#3104 = CARTESIAN_POINT('',(-3.900198818398,0.,111.178));
#3105 = SEAM_CURVE('',#3106,(#3109,#3115),.PCURVE_S1.);
#3106 = B_SPLINE_CURVE_WITH_KNOTS('',1,(#3107,#3108),.UNSPECIFIED.,.F.,
  .F.,(2,2),(0.,1.),.PIECEWISE_BEZIER_KNOTS.);
#3107 = CARTESIAN_POINT('',(-1.5,0.,108.05));
#3108 = CARTESIAN_POINT('',(-3.900198818398,0.,111.178));
#3109 = PCURVE('',#3078,#3110);
#3110 = DEFINITIONAL_REPRESENTATION('',(#3111),#3114);
#3111 = B_SPLINE_CURVE_WITH_KNOTS('',1,(#3112,#3113),.UNSPECIFIED.,.F.,
  .F.,(2,2),(0.,1.),.PIECEWISE_BEZIER_KNOTS.);
#3112 = CARTESIAN_POINT('',(6.28318530718,0.));
#3113 = CARTESIAN_POINT('',(6.28318530718,-2.400198818398));
#3114 = ( GEOMETRIC_REPRESENTATION_CONTEXT(2) 
PARAMETRIC_REPRESENTATION_CONTEXT() REPRESENTATION_CONTEXT('2D SPACE',''
  ) );
#3115 = PCURVE('',#3078,#3116);
#3116 = DEFINITIONAL_REPRESENTATION('',(#3117),#3120);
#3117 = B_SPLINE_CURVE_WITH_KNOTS('',1,(#3118,#3119),.UNSPECIFIED.,.F.,
  .F.,(2,2),(0.,1.),.PIECEWISE_BEZIER_KNOTS.);
#3118 = CARTESIAN_POINT('',(0.,0.));
#3119 = CARTESIAN_POINT('',(0.,-2.400198818398));
#3120 = ( GEOMETRIC_REPRESENTATION_CONTEXT(2) 
PARAMETRIC_REPRESENTATION_CONTEXT() REPRESENTATION_CONTEXT('2D SPACE',''
  ) );
#3121 = ORIENTED_EDGE('',*,*,#3122,.F.);
#3122 = EDGE_CURVE('',#3103,#3103,#3123,.T.);
#3123 = SURFACE_CURVE('',#3124,(#3129,#3136),.PCURVE_S1.);
#3124 = CIRCLE('',#3125,27.022);
#3125 = AXIS2_PLACEMENT_3D('',#3126,#3127,#3128);
#3126 = CARTESIAN_POINT('',(-3.900198818398,0.,138.2));
#3127 = DIRECTION('',(1.,-0.,1.110223024625E-16));
#3128 = DIRECTION('',(1.110223024625E-16,0.,-1.));
#3129 = PCURVE('',#3078,#3130);
#3130 = DEFINITIONAL_REPRESENTATION('',(#3131),#3135);
#3131 = LINE('',#3132,#3133);
#3132 = CARTESIAN_POINT('',(0.,-2.400198818398));
#3133 = VECTOR('',#3134,1.);
#3134 = DIRECTION('',(1.,-0.));
#3135 = ( GEOMETRIC_REPRESENTATION_CONTEXT(2) 
PARAMETRIC_REPRESENTATION_CONTEXT() REPRESENTATION_CONTEXT('2D SPACE',''
  ) );
#3136 = PCURVE('',#3137,#3142);
#3137 = PLANE('',#3138);
#3138 = AXIS2_PLACEMENT_3D('',#3139,#3140,#3141);
#3139 = CARTESIAN_POINT('',(-3.900198818398,0.,138.2));
#3140 = DIRECTION('',(1.,0.,1.110223024625E-16));
#3141 = DIRECTION('',(1.110223024625E-16,0.,-1.));
#3142 = DEFINITIONAL_REPRESENTATION('',(#3143),#3147);
#3143 = CIRCLE('',#3144,27.022);
#3144 = AXIS2_PLACEMENT_2D('',#3145,#3146);
#3145 = CARTESIAN_POINT('',(0.,0.));
#3146 = DIRECTION('',(1.,0.));
#3147 = ( GEOMETRIC_REPRESENTATION_CONTEXT(2) 
PARAMETRIC_REPRESENTATION_CONTEXT() REPRESENTATION_CONTEXT('2D SPACE',''
  ) );
#3148 = ORIENTED_EDGE('',*,*,#3102,.F.);
#3149 = ADVANCED_FACE('',(#3150),#3090,.T.);
#3150 = FACE_BOUND('',#3151,.T.);
#3151 = EDGE_LOOP('',(#3152));
#3152 = ORIENTED_EDGE('',*,*,#3068,.T.);
#3153 = ADVANCED_FACE('',(#3154),#3137,.F.);
#3154 = FACE_BOUND('',#3155,.F.);
#3155 = EDGE_LOOP('',(#3156));
#3156 = ORIENTED_EDGE('',*,*,#3122,.T.);
#3157 = ( GEOMETRIC_REPRESENTATION_CONTEXT(3) 
GLOBAL_UNCERTAINTY_ASSIGNED_CONTEXT((#3161)) 
GLOBAL_UNIT_ASSIGNED_CONTEXT((#3158,#3159,#3160)) REPRESENTATION_CONTEXT
('Context #1','3D Context with UNIT and UNCERTAINTY') );
#3158 = ( LENGTH_UNIT() NAMED_UNIT(*) SI_UNIT(.MILLI.,.METRE.) );
#3159 = ( NAMED_UNIT(*) PLANE_ANGLE_UNIT() SI_UNIT($,.RADIAN.) );
#3160 = ( NAMED_UNIT(*) SI_UNIT($,.STERADIAN.) SOLID_ANGLE_UNIT() );
#3161 = UNCERTAINTY_MEASURE_WITH_UNIT(LENGTH_MEASURE(1.E-07),#3158,
  'distance_accuracy_value','confusion accuracy');
#3162 = CONTEXT_DEPENDENT_SHAPE_REPRESENTATION(#3163,#3165);
#3163 = ( REPRESENTATION_RELATIONSHIP('','',#3061,#10) 
REPRESENTATION_RELATIONSHIP_WITH_TRANSFORMATION(#3164) 
SHAPE_REPRESENTATION_RELATIONSHIP() );
#3164 = ITEM_DEFINED_TRANSFORMATION('','',#11,#27);
#3165 = PRODUCT_DEFINITION_SHAPE('Placement','Placement of an item',
  #3166);
#3166 = NEXT_ASSEMBLY_USAGE_OCCURRENCE('16','','',#5,#3056,$);
#3167 = PRODUCT_RELATED_PRODUCT_CATEGORY('part',$,(#3058));
#3168 = SHAPE_DEFINITION_REPRESENTATION(#3169,#3175);
#3169 = PRODUCT_DEFINITION_SHAPE('','',#3170);
#3170 = PRODUCT_DEFINITION('design','',#3171,#3174);
#3171 = PRODUCT_DEFINITION_FORMATION('','',#3172);
#3172 = PRODUCT('Open CASCADE STEP translator 7.8 15.5',
  'Open CASCADE STEP translator 7.8 15.5','',(#3173));
#3173 = PRODUCT_CONTEXT('',#2,'mechanical');
#3174 = PRODUCT_DEFINITION_CONTEXT('part definition',#2,'design');
#3175 = ADVANCED_BREP_SHAPE_REPRESENTATION('',(#11,#3176),#3358);
#3176 = MANIFOLD_SOLID_BREP('',#3177);
#3177 = CLOSED_SHELL('',(#3178,#3266,#3344,#3351));
#3178 = ADVANCED_FACE('',(#3179),#3193,.T.);
#3179 = FACE_BOUND('',#3180,.F.);
#3180 = EDGE_LOOP('',(#3181,#3211,#3238,#3239));
#3181 = ORIENTED_EDGE('',*,*,#3182,.T.);
#3182 = EDGE_CURVE('',#3183,#3185,#3187,.T.);
#3183 = VERTEX_POINT('',#3184);
#3184 = CARTESIAN_POINT('',(183.9,0.,288.95));
#3185 = VERTEX_POINT('',#3186);
#3186 = CARTESIAN_POINT('',(414.4,0.,288.95));
#3187 = SEAM_CURVE('',#3188,(#3192,#3204),.PCURVE_S1.);
#3188 = LINE('',#3189,#3190);
#3189 = CARTESIAN_POINT('',(183.9,0.,288.95));
#3190 = VECTOR('',#3191,1.);
#3191 = DIRECTION('',(1.,0.,1.110223024625E-16));
#3192 = PCURVE('',#3193,#3198);
#3193 = CYLINDRICAL_SURFACE('',#3194,30.15);
#3194 = AXIS2_PLACEMENT_3D('',#3195,#3196,#3197);
#3195 = CARTESIAN_POINT('',(183.9,0.,319.1));
#3196 = DIRECTION('',(-1.,-0.,-1.110223024625E-16));
#3197 = DIRECTION('',(1.110223024625E-16,0.,-1.));
#3198 = DEFINITIONAL_REPRESENTATION('',(#3199),#3203);
#3199 = LINE('',#3200,#3201);
#3200 = CARTESIAN_POINT('',(-0.,0.));
#3201 = VECTOR('',#3202,1.);
#3202 = DIRECTION('',(-0.,-1.));
#3203 = ( GEOMETRIC_REPRESENTATION_CONTEXT(2) 
PARAMETRIC_REPRESENTATION_CONTEXT() REPRESENTATION_CONTEXT('2D SPACE',''
  ) );
#3204 = PCURVE('',#3193,#3205);
#3205 = DEFINITIONAL_REPRESENTATION('',(#3206),#3210);
#3206 = LINE('',#3207,#3208);
#3207 = CARTESIAN_POINT('',(-6.28318530718,0.));
#3208 = VECTOR('',#3209,1.);
#3209 = DIRECTION('',(-0.,-1.));
#3210 = ( GEOMETRIC_REPRESENTATION_CONTEXT(2) 
PARAMETRIC_REPRESENTATION_CONTEXT() REPRESENTATION_CONTEXT('2D SPACE',''
  ) );
#3211 = ORIENTED_EDGE('',*,*,#3212,.T.);
#3212 = EDGE_CURVE('',#3185,#3185,#3213,.T.);
#3213 = SURFACE_CURVE('',#3214,(#3219,#3226),.PCURVE_S1.);
#3214 = CIRCLE('',#3215,30.15);
#3215 = AXIS2_PLACEMENT_3D('',#3216,#3217,#3218);
#3216 = CARTESIAN_POINT('',(414.4,0.,319.1));
#3217 = DIRECTION('',(1.,-0.,1.110223024625E-16));
#3218 = DIRECTION('',(1.110223024625E-16,0.,-1.));
#3219 = PCURVE('',#3193,#3220);
#3220 = DEFINITIONAL_REPRESENTATION('',(#3221),#3225);
#3221 = LINE('',#3222,#3223);
#3222 = CARTESIAN_POINT('',(-0.,-230.5));
#3223 = VECTOR('',#3224,1.);
#3224 = DIRECTION('',(-1.,0.));
#3225 = ( GEOMETRIC_REPRESENTATION_CONTEXT(2) 
PARAMETRIC_REPRESENTATION_CONTEXT() REPRESENTATION_CONTEXT('2D SPACE',''
  ) );
#3226 = PCURVE('',#3227,#3232);
#3227 = PLANE('',#3228);
#3228 = AXIS2_PLACEMENT_3D('',#3229,#3230,#3231);
#3229 = CARTESIAN_POINT('',(414.4,3.123268199818E-15,319.1));
#3230 = DIRECTION('',(1.,0.,1.110223024625E-16));
#3231 = DIRECTION('',(1.110223024625E-16,0.,-1.));
#3232 = DEFINITIONAL_REPRESENTATION('',(#3233),#3237);
#3233 = CIRCLE('',#3234,30.15);
#3234 = AXIS2_PLACEMENT_2D('',#3235,#3236);
#3235 = CARTESIAN_POINT('',(0.,-3.123268199818E-15));
#3236 = DIRECTION('',(1.,0.));
#3237 = ( GEOMETRIC_REPRESENTATION_CONTEXT(2) 
PARAMETRIC_REPRESENTATION_CONTEXT() REPRESENTATION_CONTEXT('2D SPACE',''
  ) );
#3238 = ORIENTED_EDGE('',*,*,#3182,.F.);
#3239 = ORIENTED_EDGE('',*,*,#3240,.F.);
#3240 = EDGE_CURVE('',#3183,#3183,#3241,.T.);
#3241 = SURFACE_CURVE('',#3242,(#3247,#3254),.PCURVE_S1.);
#3242 = CIRCLE('',#3243,30.15);
#3243 = AXIS2_PLACEMENT_3D('',#3244,#3245,#3246);
#3244 = CARTESIAN_POINT('',(183.9,0.,319.1));
#3245 = DIRECTION('',(1.,-0.,1.110223024625E-16));
#3246 = DIRECTION('',(1.110223024625E-16,0.,-1.));
#3247 = PCURVE('',#3193,#3248);
#3248 = DEFINITIONAL_REPRESENTATION('',(#3249),#3253);
#3249 = LINE('',#3250,#3251);
#3250 = CARTESIAN_POINT('',(-0.,0.));
#3251 = VECTOR('',#3252,1.);
#3252 = DIRECTION('',(-1.,0.));
#3253 = ( GEOMETRIC_REPRESENTATION_CONTEXT(2) 
PARAMETRIC_REPRESENTATION_CONTEXT() REPRESENTATION_CONTEXT('2D SPACE',''
  ) );
#3254 = PCURVE('',#3255,#3260);
#3255 = PLANE('',#3256);
#3256 = AXIS2_PLACEMENT_3D('',#3257,#3258,#3259);
#3257 = CARTESIAN_POINT('',(183.9,3.123268199818E-15,319.1));
#3258 = DIRECTION('',(1.,0.,1.110223024625E-16));
#3259 = DIRECTION('',(1.110223024625E-16,0.,-1.));
#3260 = DEFINITIONAL_REPRESENTATION('',(#3261),#3265);
#3261 = CIRCLE('',#3262,30.15);
#3262 = AXIS2_PLACEMENT_2D('',#3263,#3264);
#3263 = CARTESIAN_POINT('',(0.,-3.123268199818E-15));
#3264 = DIRECTION('',(1.,0.));
#3265 = ( GEOMETRIC_REPRESENTATION_CONTEXT(2) 
PARAMETRIC_REPRESENTATION_CONTEXT() REPRESENTATION_CONTEXT('2D SPACE',''
  ) );
#3266 = ADVANCED_FACE('',(#3267),#3281,.F.);
#3267 = FACE_BOUND('',#3268,.T.);
#3268 = EDGE_LOOP('',(#3269,#3299,#3321,#3322));
#3269 = ORIENTED_EDGE('',*,*,#3270,.T.);
#3270 = EDGE_CURVE('',#3271,#3273,#3275,.T.);
#3271 = VERTEX_POINT('',#3272);
#3272 = CARTESIAN_POINT('',(183.9,9.426769296983E-16,292.86));
#3273 = VERTEX_POINT('',#3274);
#3274 = CARTESIAN_POINT('',(414.4,9.426769296983E-16,292.86));
#3275 = SEAM_CURVE('',#3276,(#3280,#3292),.PCURVE_S1.);
#3276 = LINE('',#3277,#3278);
#3277 = CARTESIAN_POINT('',(183.9,9.426769296983E-16,292.86));
#3278 = VECTOR('',#3279,1.);
#3279 = DIRECTION('',(1.,0.,1.110223024625E-16));
#3280 = PCURVE('',#3281,#3286);
#3281 = CYLINDRICAL_SURFACE('',#3282,26.24);
#3282 = AXIS2_PLACEMENT_3D('',#3283,#3284,#3285);
#3283 = CARTESIAN_POINT('',(183.9,9.426769296983E-16,319.1));
#3284 = DIRECTION('',(-1.,-0.,-1.110223024625E-16));
#3285 = DIRECTION('',(1.110223024625E-16,0.,-1.));
#3286 = DEFINITIONAL_REPRESENTATION('',(#3287),#3291);
#3287 = LINE('',#3288,#3289);
#3288 = CARTESIAN_POINT('',(-0.,0.));
#3289 = VECTOR('',#3290,1.);
#3290 = DIRECTION('',(-0.,-1.));
#3291 = ( GEOMETRIC_REPRESENTATION_CONTEXT(2) 
PARAMETRIC_REPRESENTATION_CONTEXT() REPRESENTATION_CONTEXT('2D SPACE',''
  ) );
#3292 = PCURVE('',#3281,#3293);
#3293 = DEFINITIONAL_REPRESENTATION('',(#3294),#3298);
#3294 = LINE('',#3295,#3296);
#3295 = CARTESIAN_POINT('',(-6.28318530718,0.));
#3296 = VECTOR('',#3297,1.);
#3297 = DIRECTION('',(-0.,-1.));
#3298 = ( GEOMETRIC_REPRESENTATION_CONTEXT(2) 
PARAMETRIC_REPRESENTATION_CONTEXT() REPRESENTATION_CONTEXT('2D SPACE',''
  ) );
#3299 = ORIENTED_EDGE('',*,*,#3300,.T.);
#3300 = EDGE_CURVE('',#3273,#3273,#3301,.T.);
#3301 = SURFACE_CURVE('',#3302,(#3307,#3314),.PCURVE_S1.);
#3302 = CIRCLE('',#3303,26.24);
#3303 = AXIS2_PLACEMENT_3D('',#3304,#3305,#3306);
#3304 = CARTESIAN_POINT('',(414.4,9.426769296983E-16,319.1));
#3305 = DIRECTION('',(1.,-0.,1.110223024625E-16));
#3306 = DIRECTION('',(1.110223024625E-16,0.,-1.));
#3307 = PCURVE('',#3281,#3308);
#3308 = DEFINITIONAL_REPRESENTATION('',(#3309),#3313);
#3309 = LINE('',#3310,#3311);
#3310 = CARTESIAN_POINT('',(-0.,-230.5));
#3311 = VECTOR('',#3312,1.);
#3312 = DIRECTION('',(-1.,0.));
#3313 = ( GEOMETRIC_REPRESENTATION_CONTEXT(2) 
PARAMETRIC_REPRESENTATION_CONTEXT() REPRESENTATION_CONTEXT('2D SPACE',''
  ) );
#3314 = PCURVE('',#3227,#3315);
#3315 = DEFINITIONAL_REPRESENTATION('',(#3316),#3320);
#3316 = CIRCLE('',#3317,26.24);
#3317 = AXIS2_PLACEMENT_2D('',#3318,#3319);
#3318 = CARTESIAN_POINT('',(1.136868377216E-13,-2.18059127012E-15));
#3319 = DIRECTION('',(1.,0.));
#3320 = ( GEOMETRIC_REPRESENTATION_CONTEXT(2) 
PARAMETRIC_REPRESENTATION_CONTEXT() REPRESENTATION_CONTEXT('2D SPACE',''
  ) );
#3321 = ORIENTED_EDGE('',*,*,#3270,.F.);
#3322 = ORIENTED_EDGE('',*,*,#3323,.F.);
#3323 = EDGE_CURVE('',#3271,#3271,#3324,.T.);
#3324 = SURFACE_CURVE('',#3325,(#3330,#3337),.PCURVE_S1.);
#3325 = CIRCLE('',#3326,26.24);
#3326 = AXIS2_PLACEMENT_3D('',#3327,#3328,#3329);
#3327 = CARTESIAN_POINT('',(183.9,9.426769296983E-16,319.1));
#3328 = DIRECTION('',(1.,-0.,1.110223024625E-16));
#3329 = DIRECTION('',(1.110223024625E-16,0.,-1.));
#3330 = PCURVE('',#3281,#3331);
#3331 = DEFINITIONAL_REPRESENTATION('',(#3332),#3336);
#3332 = LINE('',#3333,#3334);
#3333 = CARTESIAN_POINT('',(-0.,0.));
#3334 = VECTOR('',#3335,1.);
#3335 = DIRECTION('',(-1.,0.));
#3336 = ( GEOMETRIC_REPRESENTATION_CONTEXT(2) 
PARAMETRIC_REPRESENTATION_CONTEXT() REPRESENTATION_CONTEXT('2D SPACE',''
  ) );
#3337 = PCURVE('',#3255,#3338);
#3338 = DEFINITIONAL_REPRESENTATION('',(#3339),#3343);
#3339 = CIRCLE('',#3340,26.24);
#3340 = AXIS2_PLACEMENT_2D('',#3341,#3342);
#3341 = CARTESIAN_POINT('',(1.705302565824E-13,-2.18059127012E-15));
#3342 = DIRECTION('',(1.,0.));
#3343 = ( GEOMETRIC_REPRESENTATION_CONTEXT(2) 
PARAMETRIC_REPRESENTATION_CONTEXT() REPRESENTATION_CONTEXT('2D SPACE',''
  ) );
#3344 = ADVANCED_FACE('',(#3345,#3348),#3255,.F.);
#3345 = FACE_BOUND('',#3346,.F.);
#3346 = EDGE_LOOP('',(#3347));
#3347 = ORIENTED_EDGE('',*,*,#3240,.T.);
#3348 = FACE_BOUND('',#3349,.F.);
#3349 = EDGE_LOOP('',(#3350));
#3350 = ORIENTED_EDGE('',*,*,#3323,.F.);
#3351 = ADVANCED_FACE('',(#3352,#3355),#3227,.T.);
#3352 = FACE_BOUND('',#3353,.T.);
#3353 = EDGE_LOOP('',(#3354));
#3354 = ORIENTED_EDGE('',*,*,#3212,.T.);
#3355 = FACE_BOUND('',#3356,.T.);
#3356 = EDGE_LOOP('',(#3357));
#3357 = ORIENTED_EDGE('',*,*,#3300,.F.);
#3358 = ( GEOMETRIC_REPRESENTATION_CONTEXT(3) 
GLOBAL_UNCERTAINTY_ASSIGNED_CONTEXT((#3362)) 
GLOBAL_UNIT_ASSIGNED_CONTEXT((#3359,#3360,#3361)) REPRESENTATION_CONTEXT
('Context #1','3D Context with UNIT and UNCERTAINTY') );
#3359 = ( LENGTH_UNIT() NAMED_UNIT(*) SI_UNIT(.MILLI.,.METRE.) );
#3360 = ( NAMED_UNIT(*) PLANE_ANGLE_UNIT() SI_UNIT($,.RADIAN.) );
#3361 = ( NAMED_UNIT(*) SI_UNIT($,.STERADIAN.) SOLID_ANGLE_UNIT() );
#3362 = UNCERTAINTY_MEASURE_WITH_UNIT(LENGTH_MEASURE(1.E-07),#3359,
  'distance_accuracy_value','confusion accuracy');
#3363 = CONTEXT_DEPENDENT_SHAPE_REPRESENTATION(#3364,#3366);
#3364 = ( REPRESENTATION_RELATIONSHIP('','',#3175,#10) 
REPRESENTATION_RELATIONSHIP_WITH_TRANSFORMATION(#3365) 
SHAPE_REPRESENTATION_RELATIONSHIP() );
#3365 = ITEM_DEFINED_TRANSFORMATION('','',#11,#31);
#3366 = PRODUCT_DEFINITION_SHAPE('Placement','Placement of an item',
  #3367);
#3367 = NEXT_ASSEMBLY_USAGE_OCCURRENCE('17','','',#5,#3170,$);
#3368 = PRODUCT_RELATED_PRODUCT_CATEGORY('part',$,(#3172));
#3369 = SHAPE_DEFINITION_REPRESENTATION(#3370,#3376);
#3370 = PRODUCT_DEFINITION_SHAPE('','',#3371);
#3371 = PRODUCT_DEFINITION('design','',#3372,#3375);
#3372 = PRODUCT_DEFINITION_FORMATION('','',#3373);
#3373 = PRODUCT('Open CASCADE STEP translator 7.8 15.6',
  'Open CASCADE STEP translator 7.8 15.6','',(#3374));
#3374 = PRODUCT_CONTEXT('',#2,'mechanical');
#3375 = PRODUCT_DEFINITION_CONTEXT('part definition',#2,'design');
#3376 = ADVANCED_BREP_SHAPE_REPRESENTATION('',(#11,#3377),#4221);
#3377 = MANIFOLD_SOLID_BREP('',#3378);
#3378 = CLOSED_SHELL('',(#3379,#3467,#3642,#3797,#3824,#3851,#3906,#3933
    ,#3960,#4015,#4070,#4109,#4164,#4214));
#3379 = ADVANCED_FACE('',(#3380),#3394,.T.);
#3380 = FACE_BOUND('',#3381,.F.);
#3381 = EDGE_LOOP('',(#3382,#3412,#3439,#3440));
#3382 = ORIENTED_EDGE('',*,*,#3383,.T.);
#3383 = EDGE_CURVE('',#3384,#3386,#3388,.T.);
#3384 = VERTEX_POINT('',#3385);
#3385 = CARTESIAN_POINT('',(417.4,0.,242.9));
#3386 = VERTEX_POINT('',#3387);
#3387 = CARTESIAN_POINT('',(436.5,0.,242.9));
#3388 = SEAM_CURVE('',#3389,(#3393,#3405),.PCURVE_S1.);
#3389 = LINE('',#3390,#3391);
#3390 = CARTESIAN_POINT('',(417.4,0.,242.9));
#3391 = VECTOR('',#3392,1.);
#3392 = DIRECTION('',(1.,0.,1.110223024625E-16));
#3393 = PCURVE('',#3394,#3399);
#3394 = CYLINDRICAL_SURFACE('',#3395,76.2);
#3395 = AXIS2_PLACEMENT_3D('',#3396,#3397,#3398);
#3396 = CARTESIAN_POINT('',(417.4,0.,319.1));
#3397 = DIRECTION('',(-1.,-0.,-1.110223024625E-16));
#3398 = DIRECTION('',(1.110223024625E-16,0.,-1.));
#3399 = DEFINITIONAL_REPRESENTATION('',(#3400),#3404);
#3400 = LINE('',#3401,#3402);
#3401 = CARTESIAN_POINT('',(-0.,0.));
#3402 = VECTOR('',#3403,1.);
#3403 = DIRECTION('',(-0.,-1.));
#3404 = ( GEOMETRIC_REPRESENTATION_CONTEXT(2) 
PARAMETRIC_REPRESENTATION_CONTEXT() REPRESENTATION_CONTEXT('2D SPACE',''
  ) );
#3405 = PCURVE('',#3394,#3406);
#3406 = DEFINITIONAL_REPRESENTATION('',(#3407),#3411);
#3407 = LINE('',#3408,#3409);
#3408 = CARTESIAN_POINT('',(-6.28318530718,0.));
#3409 = VECTOR('',#3410,1.);
#3410 = DIRECTION('',(-0.,-1.));
#3411 = ( GEOMETRIC_REPRESENTATION_CONTEXT(2) 
PARAMETRIC_REPRESENTATION_CONTEXT() REPRESENTATION_CONTEXT('2D SPACE',''
  ) );
#3412 = ORIENTED_EDGE('',*,*,#3413,.T.);
#3413 = EDGE_CURVE('',#3386,#3386,#3414,.T.);
#3414 = SURFACE_CURVE('',#3415,(#3420,#3427),.PCURVE_S1.);
#3415 = CIRCLE('',#3416,76.2);
#3416 = AXIS2_PLACEMENT_3D('',#3417,#3418,#3419);
#3417 = CARTESIAN_POINT('',(436.5,0.,319.1));
#3418 = DIRECTION('',(1.,-0.,1.110223024625E-16));
#3419 = DIRECTION('',(1.110223024625E-16,0.,-1.));
#3420 = PCURVE('',#3394,#3421);
#3421 = DEFINITIONAL_REPRESENTATION('',(#3422),#3426);
#3422 = LINE('',#3423,#3424);
#3423 = CARTESIAN_POINT('',(-0.,-19.1));
#3424 = VECTOR('',#3425,1.);
#3425 = DIRECTION('',(-1.,0.));
#3426 = ( GEOMETRIC_REPRESENTATION_CONTEXT(2) 
PARAMETRIC_REPRESENTATION_CONTEXT() REPRESENTATION_CONTEXT('2D SPACE',''
  ) );
#3427 = PCURVE('',#3428,#3433);
#3428 = PLANE('',#3429);
#3429 = AXIS2_PLACEMENT_3D('',#3430,#3431,#3432);
#3430 = CARTESIAN_POINT('',(436.5,1.067147090694E-14,319.1));
#3431 = DIRECTION('',(1.,0.,1.110223024625E-16));
#3432 = DIRECTION('',(1.110223024625E-16,0.,-1.));
#3433 = DEFINITIONAL_REPRESENTATION('',(#3434),#3438);
#3434 = CIRCLE('',#3435,76.2);
#3435 = AXIS2_PLACEMENT_2D('',#3436,#3437);
#3436 = CARTESIAN_POINT('',(0.,-1.067147090694E-14));
#3437 = DIRECTION('',(1.,0.));
#3438 = ( GEOMETRIC_REPRESENTATION_CONTEXT(2) 
PARAMETRIC_REPRESENTATION_CONTEXT() REPRESENTATION_CONTEXT('2D SPACE',''
  ) );
#3439 = ORIENTED_EDGE('',*,*,#3383,.F.);
#3440 = ORIENTED_EDGE('',*,*,#3441,.F.);
#3441 = EDGE_CURVE('',#3384,#3384,#3442,.T.);
#3442 = SURFACE_CURVE('',#3443,(#3448,#3455),.PCURVE_S1.);
#3443 = CIRCLE('',#3444,76.2);
#3444 = AXIS2_PLACEMENT_3D('',#3445,#3446,#3447);
#3445 = CARTESIAN_POINT('',(417.4,0.,319.1));
#3446 = DIRECTION('',(1.,-0.,1.110223024625E-16));
#3447 = DIRECTION('',(1.110223024625E-16,0.,-1.));
#3448 = PCURVE('',#3394,#3449);
#3449 = DEFINITIONAL_REPRESENTATION('',(#3450),#3454);
#3450 = LINE('',#3451,#3452);
#3451 = CARTESIAN_POINT('',(-0.,0.));
#3452 = VECTOR('',#3453,1.);
#3453 = DIRECTION('',(-1.,0.));
#3454 = ( GEOMETRIC_REPRESENTATION_CONTEXT(2) 
PARAMETRIC_REPRESENTATION_CONTEXT() REPRESENTATION_CONTEXT('2D SPACE',''
  ) );
#3455 = PCURVE('',#3456,#3461);
#3456 = PLANE('',#3457);
#3457 = AXIS2_PLACEMENT_3D('',#3458,#3459,#3460);
#3458 = CARTESIAN_POINT('',(417.4,1.067147090694E-14,319.1));
#3459 = DIRECTION('',(1.,0.,1.110223024625E-16));
#3460 = DIRECTION('',(1.110223024625E-16,0.,-1.));
#3461 = DEFINITIONAL_REPRESENTATION('',(#3462),#3466);
#3462 = CIRCLE('',#3463,76.2);
#3463 = AXIS2_PLACEMENT_2D('',#3464,#3465);
#3464 = CARTESIAN_POINT('',(0.,-1.067147090694E-14));
#3465 = DIRECTION('',(1.,0.));
#3466 = ( GEOMETRIC_REPRESENTATION_CONTEXT(2) 
PARAMETRIC_REPRESENTATION_CONTEXT() REPRESENTATION_CONTEXT('2D SPACE',''
  ) );
#3467 = ADVANCED_FACE('',(#3468,#3471,#3506,#3541,#3572,#3607),#3456,.F.
  );
#3468 = FACE_BOUND('',#3469,.F.);
#3469 = EDGE_LOOP('',(#3470));
#3470 = ORIENTED_EDGE('',*,*,#3441,.T.);
#3471 = FACE_BOUND('',#3472,.F.);
#3472 = EDGE_LOOP('',(#3473));
#3473 = ORIENTED_EDGE('',*,*,#3474,.T.);
#3474 = EDGE_CURVE('',#3475,#3475,#3477,.T.);
#3475 = VERTEX_POINT('',#3476);
#3476 = CARTESIAN_POINT('',(417.4,-69.85,319.1));
#3477 = SURFACE_CURVE('',#3478,(#3483,#3494),.PCURVE_S1.);
#3478 = CIRCLE('',#3479,9.55);
#3479 = AXIS2_PLACEMENT_3D('',#3480,#3481,#3482);
#3480 = CARTESIAN_POINT('',(417.4,-60.3,319.1));
#3481 = DIRECTION('',(-1.,0.,-1.110223024625E-16));
#3482 = DIRECTION('',(-2.465190328816E-32,-1.,2.22044604925E-16));
#3483 = PCURVE('',#3456,#3484);
#3484 = DEFINITIONAL_REPRESENTATION('',(#3485),#3493);
#3485 = ( BOUNDED_CURVE() B_SPLINE_CURVE(2,(#3486,#3487,#3488,#3489,
#3490,#3491,#3492),.UNSPECIFIED.,.T.,.F.) B_SPLINE_CURVE_WITH_KNOTS((1,2
    ,2,2,2,1),(-2.094395102393,0.,2.094395102393,4.188790204786,
6.28318530718,8.377580409573),.UNSPECIFIED.) CURVE() 
GEOMETRIC_REPRESENTATION_ITEM() RATIONAL_B_SPLINE_CURVE((1.,0.5,1.,0.5,
1.,0.5,1.)) REPRESENTATION_ITEM('') );
#3486 = CARTESIAN_POINT('',(-2.120525977034E-15,-69.85));
#3487 = CARTESIAN_POINT('',(-16.54108521228,-69.85));
#3488 = CARTESIAN_POINT('',(-8.270542606141,-55.525));
#3489 = CARTESIAN_POINT('',(1.901976567697E-15,-41.2));
#3490 = CARTESIAN_POINT('',(8.270542606141,-55.525));
#3491 = CARTESIAN_POINT('',(16.541085212283,-69.85));
#3492 = CARTESIAN_POINT('',(-2.120525977034E-15,-69.85));
#3493 = ( GEOMETRIC_REPRESENTATION_CONTEXT(2) 
PARAMETRIC_REPRESENTATION_CONTEXT() REPRESENTATION_CONTEXT('2D SPACE',''
  ) );
#3494 = PCURVE('',#3495,#3500);
#3495 = CYLINDRICAL_SURFACE('',#3496,9.55);
#3496 = AXIS2_PLACEMENT_3D('',#3497,#3498,#3499);
#3497 = CARTESIAN_POINT('',(416.4,-60.3,319.1));
#3498 = DIRECTION('',(-1.,-0.,-1.110223024625E-16));
#3499 = DIRECTION('',(-2.465190328816E-32,-1.,2.22044604925E-16));
#3500 = DEFINITIONAL_REPRESENTATION('',(#3501),#3505);
#3501 = LINE('',#3502,#3503);
#3502 = CARTESIAN_POINT('',(-6.28318530718,-1.));
#3503 = VECTOR('',#3504,1.);
#3504 = DIRECTION('',(1.,-0.));
#3505 = ( GEOMETRIC_REPRESENTATION_CONTEXT(2) 
PARAMETRIC_REPRESENTATION_CONTEXT() REPRESENTATION_CONTEXT('2D SPACE',''
  ) );
#3506 = FACE_BOUND('',#3507,.F.);
#3507 = EDGE_LOOP('',(#3508));
#3508 = ORIENTED_EDGE('',*,*,#3509,.T.);
#3509 = EDGE_CURVE('',#3510,#3510,#3512,.T.);
#3510 = VERTEX_POINT('',#3511);
#3511 = CARTESIAN_POINT('',(417.4,8.554157892044E-15,388.95));
#3512 = SURFACE_CURVE('',#3513,(#3518,#3529),.PCURVE_S1.);
#3513 = CIRCLE('',#3514,9.55);
#3514 = AXIS2_PLACEMENT_3D('',#3515,#3516,#3517);
#3515 = CARTESIAN_POINT('',(417.4,7.384620198859E-15,379.4));
#3516 = DIRECTION('',(-1.,0.,-1.110223024625E-16));
#3517 = DIRECTION('',(-1.110223024625E-16,1.224646799147E-16,1.));
#3518 = PCURVE('',#3456,#3519);
#3519 = DEFINITIONAL_REPRESENTATION('',(#3520),#3528);
#3520 = ( BOUNDED_CURVE() B_SPLINE_CURVE(2,(#3521,#3522,#3523,#3524,
#3525,#3526,#3527),.UNSPECIFIED.,.T.,.F.) B_SPLINE_CURVE_WITH_KNOTS((1,2
    ,2,2,2,1),(-2.094395102393,0.,2.094395102393,4.188790204786,
6.28318530718,8.377580409573),.UNSPECIFIED.) CURVE() 
GEOMETRIC_REPRESENTATION_ITEM() RATIONAL_B_SPLINE_CURVE((1.,0.5,1.,0.5,
1.,0.5,1.)) REPRESENTATION_ITEM('') );
#3521 = CARTESIAN_POINT('',(-69.85,-2.117313014897E-15));
#3522 = CARTESIAN_POINT('',(-69.85,16.541085212283));
#3523 = CARTESIAN_POINT('',(-55.525,8.270542606141));
#3524 = CARTESIAN_POINT('',(-41.2,-3.286850708082E-15));
#3525 = CARTESIAN_POINT('',(-55.525,-8.270542606141));
#3526 = CARTESIAN_POINT('',(-69.85,-16.54108521228));
#3527 = CARTESIAN_POINT('',(-69.85,-2.117313014897E-15));
#3528 = ( GEOMETRIC_REPRESENTATION_CONTEXT(2) 
PARAMETRIC_REPRESENTATION_CONTEXT() REPRESENTATION_CONTEXT('2D SPACE',''
  ) );
#3529 = PCURVE('',#3530,#3535);
#3530 = CYLINDRICAL_SURFACE('',#3531,9.55);
#3531 = AXIS2_PLACEMENT_3D('',#3532,#3533,#3534);
#3532 = CARTESIAN_POINT('',(416.4,7.384620198859E-15,379.4));
#3533 = DIRECTION('',(-1.,-0.,-1.110223024625E-16));
#3534 = DIRECTION('',(-1.110223024625E-16,1.224646799147E-16,1.));
#3535 = DEFINITIONAL_REPRESENTATION('',(#3536),#3540);
#3536 = LINE('',#3537,#3538);
#3537 = CARTESIAN_POINT('',(-6.28318530718,-1.));
#3538 = VECTOR('',#3539,1.);
#3539 = DIRECTION('',(1.,-0.));
#3540 = ( GEOMETRIC_REPRESENTATION_CONTEXT(2) 
PARAMETRIC_REPRESENTATION_CONTEXT() REPRESENTATION_CONTEXT('2D SPACE',''
  ) );
#3541 = FACE_BOUND('',#3542,.F.);
#3542 = EDGE_LOOP('',(#3543));
#3543 = ORIENTED_EDGE('',*,*,#3544,.F.);
#3544 = EDGE_CURVE('',#3545,#3545,#3547,.T.);
#3545 = VERTEX_POINT('',#3546);
#3546 = CARTESIAN_POINT('',(417.4,0.,277.05));
#3547 = SURFACE_CURVE('',#3548,(#3553,#3560),.PCURVE_S1.);
#3548 = CIRCLE('',#3549,42.05);
#3549 = AXIS2_PLACEMENT_3D('',#3550,#3551,#3552);
#3550 = CARTESIAN_POINT('',(417.4,0.,319.1));
#3551 = DIRECTION('',(1.,-0.,1.110223024625E-16));
#3552 = DIRECTION('',(1.110223024625E-16,0.,-1.));
#3553 = PCURVE('',#3456,#3554);
#3554 = DEFINITIONAL_REPRESENTATION('',(#3555),#3559);
#3555 = CIRCLE('',#3556,42.05);
#3556 = AXIS2_PLACEMENT_2D('',#3557,#3558);
#3557 = CARTESIAN_POINT('',(0.,-1.067147090694E-14));
#3558 = DIRECTION('',(1.,0.));
#3559 = ( GEOMETRIC_REPRESENTATION_CONTEXT(2) 
PARAMETRIC_REPRESENTATION_CONTEXT() REPRESENTATION_CONTEXT('2D SPACE',''
  ) );
#3560 = PCURVE('',#3561,#3566);
#3561 = CYLINDRICAL_SURFACE('',#3562,42.05);
#3562 = AXIS2_PLACEMENT_3D('',#3563,#3564,#3565);
#3563 = CARTESIAN_POINT('',(417.4,0.,319.1));
#3564 = DIRECTION('',(-1.,-0.,-1.110223024625E-16));
#3565 = DIRECTION('',(1.110223024625E-16,0.,-1.));
#3566 = DEFINITIONAL_REPRESENTATION('',(#3567),#3571);
#3567 = LINE('',#3568,#3569);
#3568 = CARTESIAN_POINT('',(-0.,0.));
#3569 = VECTOR('',#3570,1.);
#3570 = DIRECTION('',(-1.,0.));
#3571 = ( GEOMETRIC_REPRESENTATION_CONTEXT(2) 
PARAMETRIC_REPRESENTATION_CONTEXT() REPRESENTATION_CONTEXT('2D SPACE',''
  ) );
#3572 = FACE_BOUND('',#3573,.F.);
#3573 = EDGE_LOOP('',(#3574));
#3574 = ORIENTED_EDGE('',*,*,#3575,.T.);
#3575 = EDGE_CURVE('',#3576,#3576,#3578,.T.);
#3576 = VERTEX_POINT('',#3577);
#3577 = CARTESIAN_POINT('',(417.4,0.,249.25));
#3578 = SURFACE_CURVE('',#3579,(#3584,#3595),.PCURVE_S1.);
#3579 = CIRCLE('',#3580,9.55);
#3580 = AXIS2_PLACEMENT_3D('',#3581,#3582,#3583);
#3581 = CARTESIAN_POINT('',(417.4,0.,258.8));
#3582 = DIRECTION('',(-1.,-0.,-1.110223024625E-16));
#3583 = DIRECTION('',(1.110223024625E-16,0.,-1.));
#3584 = PCURVE('',#3456,#3585);
#3585 = DEFINITIONAL_REPRESENTATION('',(#3586),#3594);
#3586 = ( BOUNDED_CURVE() B_SPLINE_CURVE(2,(#3587,#3588,#3589,#3590,
#3591,#3592,#3593),.UNSPECIFIED.,.T.,.F.) B_SPLINE_CURVE_WITH_KNOTS((1,2
    ,2,2,2,1),(-2.094395102393,0.,2.094395102393,4.188790204786,
6.28318530718,8.377580409573),.UNSPECIFIED.) CURVE() 
GEOMETRIC_REPRESENTATION_ITEM() RATIONAL_B_SPLINE_CURVE((1.,0.5,1.,0.5,
1.,0.5,1.)) REPRESENTATION_ITEM('') );
#3587 = CARTESIAN_POINT('',(69.85,-1.067147090694E-14));
#3588 = CARTESIAN_POINT('',(69.85,-16.54108521228));
#3589 = CARTESIAN_POINT('',(55.525,-8.270542606141));
#3590 = CARTESIAN_POINT('',(41.2,-1.301054629331E-14));
#3591 = CARTESIAN_POINT('',(55.525,8.270542606141));
#3592 = CARTESIAN_POINT('',(69.85,16.541085212283));
#3593 = CARTESIAN_POINT('',(69.85,-1.067147090694E-14));
#3594 = ( GEOMETRIC_REPRESENTATION_CONTEXT(2) 
PARAMETRIC_REPRESENTATION_CONTEXT() REPRESENTATION_CONTEXT('2D SPACE',''
  ) );
#3595 = PCURVE('',#3596,#3601);
#3596 = CYLINDRICAL_SURFACE('',#3597,9.55);
#3597 = AXIS2_PLACEMENT_3D('',#3598,#3599,#3600);
#3598 = CARTESIAN_POINT('',(416.4,0.,258.8));
#3599 = DIRECTION('',(-1.,-0.,-1.110223024625E-16));
#3600 = DIRECTION('',(1.110223024625E-16,0.,-1.));
#3601 = DEFINITIONAL_REPRESENTATION('',(#3602),#3606);
#3602 = LINE('',#3603,#3604);
#3603 = CARTESIAN_POINT('',(-6.28318530718,-1.));
#3604 = VECTOR('',#3605,1.);
#3605 = DIRECTION('',(1.,-0.));
#3606 = ( GEOMETRIC_REPRESENTATION_CONTEXT(2) 
PARAMETRIC_REPRESENTATION_CONTEXT() REPRESENTATION_CONTEXT('2D SPACE',''
  ) );
#3607 = FACE_BOUND('',#3608,.F.);
#3608 = EDGE_LOOP('',(#3609));
#3609 = ORIENTED_EDGE('',*,*,#3610,.T.);
#3610 = EDGE_CURVE('',#3611,#3611,#3613,.T.);
#3611 = VERTEX_POINT('',#3612);
#3612 = CARTESIAN_POINT('',(417.4,69.85,319.1));
#3613 = SURFACE_CURVE('',#3614,(#3619,#3630),.PCURVE_S1.);
#3614 = CIRCLE('',#3615,9.55);
#3615 = AXIS2_PLACEMENT_3D('',#3616,#3617,#3618);
#3616 = CARTESIAN_POINT('',(417.4,60.3,319.1));
#3617 = DIRECTION('',(-1.,0.,-1.110223024625E-16));
#3618 = DIRECTION('',(1.232595164408E-32,1.,-1.110223024625E-16));
#3619 = PCURVE('',#3456,#3620);
#3620 = DEFINITIONAL_REPRESENTATION('',(#3621),#3629);
#3621 = ( BOUNDED_CURVE() B_SPLINE_CURVE(2,(#3622,#3623,#3624,#3625,
#3626,#3627,#3628),.UNSPECIFIED.,.T.,.F.) B_SPLINE_CURVE_WITH_KNOTS((1,2
    ,2,2,2,1),(-2.094395102393,0.,2.094395102393,4.188790204786,
6.28318530718,8.377580409573),.UNSPECIFIED.) CURVE() 
GEOMETRIC_REPRESENTATION_ITEM() RATIONAL_B_SPLINE_CURVE((1.,0.5,1.,0.5,
1.,0.5,1.)) REPRESENTATION_ITEM('') );
#3622 = CARTESIAN_POINT('',(1.060262988517E-15,69.85));
#3623 = CARTESIAN_POINT('',(16.541085212283,69.85));
#3624 = CARTESIAN_POINT('',(8.270542606141,55.525));
#3625 = CARTESIAN_POINT('',(2.185494093374E-16,41.2));
#3626 = CARTESIAN_POINT('',(-8.270542606141,55.525));
#3627 = CARTESIAN_POINT('',(-16.54108521228,69.85));
#3628 = CARTESIAN_POINT('',(1.060262988517E-15,69.85));
#3629 = ( GEOMETRIC_REPRESENTATION_CONTEXT(2) 
PARAMETRIC_REPRESENTATION_CONTEXT() REPRESENTATION_CONTEXT('2D SPACE',''
  ) );
#3630 = PCURVE('',#3631,#3636);
#3631 = CYLINDRICAL_SURFACE('',#3632,9.55);
#3632 = AXIS2_PLACEMENT_3D('',#3633,#3634,#3635);
#3633 = CARTESIAN_POINT('',(416.4,60.3,319.1));
#3634 = DIRECTION('',(-1.,0.,-1.110223024625E-16));
#3635 = DIRECTION('',(1.232595164408E-32,1.,-1.110223024625E-16));
#3636 = DEFINITIONAL_REPRESENTATION('',(#3637),#3641);
#3637 = LINE('',#3638,#3639);
#3638 = CARTESIAN_POINT('',(-6.28318530718,-1.));
#3639 = VECTOR('',#3640,1.);
#3640 = DIRECTION('',(1.,-0.));
#3641 = ( GEOMETRIC_REPRESENTATION_CONTEXT(2) 
PARAMETRIC_REPRESENTATION_CONTEXT() REPRESENTATION_CONTEXT('2D SPACE',''
  ) );
#3642 = ADVANCED_FACE('',(#3643,#3646,#3676,#3706,#3737,#3767),#3428,.T.
  );
#3643 = FACE_BOUND('',#3644,.T.);
#3644 = EDGE_LOOP('',(#3645));
#3645 = ORIENTED_EDGE('',*,*,#3413,.T.);
#3646 = FACE_BOUND('',#3647,.T.);
#3647 = EDGE_LOOP('',(#3648));
#3648 = ORIENTED_EDGE('',*,*,#3649,.T.);
#3649 = EDGE_CURVE('',#3650,#3650,#3652,.T.);
#3650 = VERTEX_POINT('',#3651);
#3651 = CARTESIAN_POINT('',(436.5,-69.85,319.1));
#3652 = SURFACE_CURVE('',#3653,(#3658,#3669),.PCURVE_S1.);
#3653 = CIRCLE('',#3654,9.55);
#3654 = AXIS2_PLACEMENT_3D('',#3655,#3656,#3657);
#3655 = CARTESIAN_POINT('',(436.5,-60.3,319.1));
#3656 = DIRECTION('',(-1.,0.,-1.110223024625E-16));
#3657 = DIRECTION('',(-2.465190328816E-32,-1.,2.22044604925E-16));
#3658 = PCURVE('',#3428,#3659);
#3659 = DEFINITIONAL_REPRESENTATION('',(#3660),#3668);
#3660 = ( BOUNDED_CURVE() B_SPLINE_CURVE(2,(#3661,#3662,#3663,#3664,
#3665,#3666,#3667),.UNSPECIFIED.,.T.,.F.) B_SPLINE_CURVE_WITH_KNOTS((1,2
    ,2,2,2,1),(-2.094395102393,0.,2.094395102393,4.188790204786,
6.28318530718,8.377580409573),.UNSPECIFIED.) CURVE() 
GEOMETRIC_REPRESENTATION_ITEM() RATIONAL_B_SPLINE_CURVE((1.,0.5,1.,0.5,
1.,0.5,1.)) REPRESENTATION_ITEM('') );
#3661 = CARTESIAN_POINT('',(-2.120525977034E-15,-69.85));
#3662 = CARTESIAN_POINT('',(-16.54108521228,-69.85));
#3663 = CARTESIAN_POINT('',(-8.270542606141,-55.525));
#3664 = CARTESIAN_POINT('',(1.901976567697E-15,-41.2));
#3665 = CARTESIAN_POINT('',(8.270542606141,-55.525));
#3666 = CARTESIAN_POINT('',(16.541085212283,-69.85));
#3667 = CARTESIAN_POINT('',(-2.120525977034E-15,-69.85));
#3668 = ( GEOMETRIC_REPRESENTATION_CONTEXT(2) 
PARAMETRIC_REPRESENTATION_CONTEXT() REPRESENTATION_CONTEXT('2D SPACE',''
  ) );
#3669 = PCURVE('',#3495,#3670);
#3670 = DEFINITIONAL_REPRESENTATION('',(#3671),#3675);
#3671 = LINE('',#3672,#3673);
#3672 = CARTESIAN_POINT('',(-6.28318530718,-20.1));
#3673 = VECTOR('',#3674,1.);
#3674 = DIRECTION('',(1.,-0.));
#3675 = ( GEOMETRIC_REPRESENTATION_CONTEXT(2) 
PARAMETRIC_REPRESENTATION_CONTEXT() REPRESENTATION_CONTEXT('2D SPACE',''
  ) );
#3676 = FACE_BOUND('',#3677,.T.);
#3677 = EDGE_LOOP('',(#3678));
#3678 = ORIENTED_EDGE('',*,*,#3679,.T.);
#3679 = EDGE_CURVE('',#3680,#3680,#3682,.T.);
#3680 = VERTEX_POINT('',#3681);
#3681 = CARTESIAN_POINT('',(436.5,8.554157892044E-15,388.95));
#3682 = SURFACE_CURVE('',#3683,(#3688,#3699),.PCURVE_S1.);
#3683 = CIRCLE('',#3684,9.55);
#3684 = AXIS2_PLACEMENT_3D('',#3685,#3686,#3687);
#3685 = CARTESIAN_POINT('',(436.5,7.384620198859E-15,379.4));
#3686 = DIRECTION('',(-1.,0.,-1.110223024625E-16));
#3687 = DIRECTION('',(-1.110223024625E-16,1.224646799147E-16,1.));
#3688 = PCURVE('',#3428,#3689);
#3689 = DEFINITIONAL_REPRESENTATION('',(#3690),#3698);
#3690 = ( BOUNDED_CURVE() B_SPLINE_CURVE(2,(#3691,#3692,#3693,#3694,
#3695,#3696,#3697),.UNSPECIFIED.,.T.,.F.) B_SPLINE_CURVE_WITH_KNOTS((1,2
    ,2,2,2,1),(-2.094395102393,0.,2.094395102393,4.188790204786,
6.28318530718,8.377580409573),.UNSPECIFIED.) CURVE() 
GEOMETRIC_REPRESENTATION_ITEM() RATIONAL_B_SPLINE_CURVE((1.,0.5,1.,0.5,
1.,0.5,1.)) REPRESENTATION_ITEM('') );
#3691 = CARTESIAN_POINT('',(-69.85,-2.117313014897E-15));
#3692 = CARTESIAN_POINT('',(-69.85,16.541085212283));
#3693 = CARTESIAN_POINT('',(-55.525,8.270542606141));
#3694 = CARTESIAN_POINT('',(-41.2,-3.286850708082E-15));
#3695 = CARTESIAN_POINT('',(-55.525,-8.270542606141));
#3696 = CARTESIAN_POINT('',(-69.85,-16.54108521228));
#3697 = CARTESIAN_POINT('',(-69.85,-2.117313014897E-15));
#3698 = ( GEOMETRIC_REPRESENTATION_CONTEXT(2) 
PARAMETRIC_REPRESENTATION_CONTEXT() REPRESENTATION_CONTEXT('2D SPACE',''
  ) );
#3699 = PCURVE('',#3530,#3700);
#3700 = DEFINITIONAL_REPRESENTATION('',(#3701),#3705);
#3701 = LINE('',#3702,#3703);
#3702 = CARTESIAN_POINT('',(-6.28318530718,-20.1));
#3703 = VECTOR('',#3704,1.);
#3704 = DIRECTION('',(1.,-0.));
#3705 = ( GEOMETRIC_REPRESENTATION_CONTEXT(2) 
PARAMETRIC_REPRESENTATION_CONTEXT() REPRESENTATION_CONTEXT('2D SPACE',''
  ) );
#3706 = FACE_BOUND('',#3707,.T.);
#3707 = EDGE_LOOP('',(#3708));
#3708 = ORIENTED_EDGE('',*,*,#3709,.F.);
#3709 = EDGE_CURVE('',#3710,#3710,#3712,.T.);
#3710 = VERTEX_POINT('',#3711);
#3711 = CARTESIAN_POINT('',(436.5,0.,273.05));
#3712 = SURFACE_CURVE('',#3713,(#3718,#3725),.PCURVE_S1.);
#3713 = CIRCLE('',#3714,46.05);
#3714 = AXIS2_PLACEMENT_3D('',#3715,#3716,#3717);
#3715 = CARTESIAN_POINT('',(436.5,0.,319.1));
#3716 = DIRECTION('',(1.,-0.,1.110223024625E-16));
#3717 = DIRECTION('',(1.110223024625E-16,0.,-1.));
#3718 = PCURVE('',#3428,#3719);
#3719 = DEFINITIONAL_REPRESENTATION('',(#3720),#3724);
#3720 = CIRCLE('',#3721,46.05);
#3721 = AXIS2_PLACEMENT_2D('',#3722,#3723);
#3722 = CARTESIAN_POINT('',(0.,-1.067147090694E-14));
#3723 = DIRECTION('',(1.,0.));
#3724 = ( GEOMETRIC_REPRESENTATION_CONTEXT(2) 
PARAMETRIC_REPRESENTATION_CONTEXT() REPRESENTATION_CONTEXT('2D SPACE',''
  ) );
#3725 = PCURVE('',#3726,#3731);
#3726 = CYLINDRICAL_SURFACE('',#3727,46.05);
#3727 = AXIS2_PLACEMENT_3D('',#3728,#3729,#3730);
#3728 = CARTESIAN_POINT('',(436.5,0.,319.1));
#3729 = DIRECTION('',(-1.,-0.,-1.110223024625E-16));
#3730 = DIRECTION('',(1.110223024625E-16,0.,-1.));
#3731 = DEFINITIONAL_REPRESENTATION('',(#3732),#3736);
#3732 = LINE('',#3733,#3734);
#3733 = CARTESIAN_POINT('',(-0.,0.));
#3734 = VECTOR('',#3735,1.);
#3735 = DIRECTION('',(-1.,0.));
#3736 = ( GEOMETRIC_REPRESENTATION_CONTEXT(2) 
PARAMETRIC_REPRESENTATION_CONTEXT() REPRESENTATION_CONTEXT('2D SPACE',''
  ) );
#3737 = FACE_BOUND('',#3738,.T.);
#3738 = EDGE_LOOP('',(#3739));
#3739 = ORIENTED_EDGE('',*,*,#3740,.T.);
#3740 = EDGE_CURVE('',#3741,#3741,#3743,.T.);
#3741 = VERTEX_POINT('',#3742);
#3742 = CARTESIAN_POINT('',(436.5,0.,249.25));
#3743 = SURFACE_CURVE('',#3744,(#3749,#3760),.PCURVE_S1.);
#3744 = CIRCLE('',#3745,9.55);
#3745 = AXIS2_PLACEMENT_3D('',#3746,#3747,#3748);
#3746 = CARTESIAN_POINT('',(436.5,0.,258.8));
#3747 = DIRECTION('',(-1.,-0.,-1.110223024625E-16));
#3748 = DIRECTION('',(1.110223024625E-16,0.,-1.));
#3749 = PCURVE('',#3428,#3750);
#3750 = DEFINITIONAL_REPRESENTATION('',(#3751),#3759);
#3751 = ( BOUNDED_CURVE() B_SPLINE_CURVE(2,(#3752,#3753,#3754,#3755,
#3756,#3757,#3758),.UNSPECIFIED.,.T.,.F.) B_SPLINE_CURVE_WITH_KNOTS((1,2
    ,2,2,2,1),(-2.094395102393,0.,2.094395102393,4.188790204786,
6.28318530718,8.377580409573),.UNSPECIFIED.) CURVE() 
GEOMETRIC_REPRESENTATION_ITEM() RATIONAL_B_SPLINE_CURVE((1.,0.5,1.,0.5,
1.,0.5,1.)) REPRESENTATION_ITEM('') );
#3752 = CARTESIAN_POINT('',(69.85,-1.067147090694E-14));
#3753 = CARTESIAN_POINT('',(69.85,-16.54108521228));
#3754 = CARTESIAN_POINT('',(55.525,-8.270542606141));
#3755 = CARTESIAN_POINT('',(41.2,-1.301054629331E-14));
#3756 = CARTESIAN_POINT('',(55.525,8.270542606141));
#3757 = CARTESIAN_POINT('',(69.85,16.541085212283));
#3758 = CARTESIAN_POINT('',(69.85,-1.067147090694E-14));
#3759 = ( GEOMETRIC_REPRESENTATION_CONTEXT(2) 
PARAMETRIC_REPRESENTATION_CONTEXT() REPRESENTATION_CONTEXT('2D SPACE',''
  ) );
#3760 = PCURVE('',#3596,#3761);
#3761 = DEFINITIONAL_REPRESENTATION('',(#3762),#3766);
#3762 = LINE('',#3763,#3764);
#3763 = CARTESIAN_POINT('',(-6.28318530718,-20.1));
#3764 = VECTOR('',#3765,1.);
#3765 = DIRECTION('',(1.,-0.));
#3766 = ( GEOMETRIC_REPRESENTATION_CONTEXT(2) 
PARAMETRIC_REPRESENTATION_CONTEXT() REPRESENTATION_CONTEXT('2D SPACE',''
  ) );
#3767 = FACE_BOUND('',#3768,.T.);
#3768 = EDGE_LOOP('',(#3769));
#3769 = ORIENTED_EDGE('',*,*,#3770,.T.);
#3770 = EDGE_CURVE('',#3771,#3771,#3773,.T.);
#3771 = VERTEX_POINT('',#3772);
#3772 = CARTESIAN_POINT('',(436.5,69.85,319.1));
#3773 = SURFACE_CURVE('',#3774,(#3779,#3790),.PCURVE_S1.);
#3774 = CIRCLE('',#3775,9.55);
#3775 = AXIS2_PLACEMENT_3D('',#3776,#3777,#3778);
#3776 = CARTESIAN_POINT('',(436.5,60.3,319.1));
#3777 = DIRECTION('',(-1.,0.,-1.110223024625E-16));
#3778 = DIRECTION('',(1.232595164408E-32,1.,-1.110223024625E-16));
#3779 = PCURVE('',#3428,#3780);
#3780 = DEFINITIONAL_REPRESENTATION('',(#3781),#3789);
#3781 = ( BOUNDED_CURVE() B_SPLINE_CURVE(2,(#3782,#3783,#3784,#3785,
#3786,#3787,#3788),.UNSPECIFIED.,.T.,.F.) B_SPLINE_CURVE_WITH_KNOTS((1,2
    ,2,2,2,1),(-2.094395102393,0.,2.094395102393,4.188790204786,
6.28318530718,8.377580409573),.UNSPECIFIED.) CURVE() 
GEOMETRIC_REPRESENTATION_ITEM() RATIONAL_B_SPLINE_CURVE((1.,0.5,1.,0.5,
1.,0.5,1.)) REPRESENTATION_ITEM('') );
#3782 = CARTESIAN_POINT('',(1.060262988517E-15,69.85));
#3783 = CARTESIAN_POINT('',(16.541085212283,69.85));
#3784 = CARTESIAN_POINT('',(8.270542606141,55.525));
#3785 = CARTESIAN_POINT('',(2.185494093374E-16,41.2));
#3786 = CARTESIAN_POINT('',(-8.270542606141,55.525));
#3787 = CARTESIAN_POINT('',(-16.54108521228,69.85));
#3788 = CARTESIAN_POINT('',(1.060262988517E-15,69.85));
#3789 = ( GEOMETRIC_REPRESENTATION_CONTEXT(2) 
PARAMETRIC_REPRESENTATION_CONTEXT() REPRESENTATION_CONTEXT('2D SPACE',''
  ) );
#3790 = PCURVE('',#3631,#3791);
#3791 = DEFINITIONAL_REPRESENTATION('',(#3792),#3796);
#3792 = LINE('',#3793,#3794);
#3793 = CARTESIAN_POINT('',(-6.28318530718,-20.1));
#3794 = VECTOR('',#3795,1.);
#3795 = DIRECTION('',(1.,-0.));
#3796 = ( GEOMETRIC_REPRESENTATION_CONTEXT(2) 
PARAMETRIC_REPRESENTATION_CONTEXT() REPRESENTATION_CONTEXT('2D SPACE',''
  ) );
#3797 = ADVANCED_FACE('',(#3798),#3495,.F.);
#3798 = FACE_BOUND('',#3799,.T.);
#3799 = EDGE_LOOP('',(#3800,#3801,#3822,#3823));
#3800 = ORIENTED_EDGE('',*,*,#3474,.T.);
#3801 = ORIENTED_EDGE('',*,*,#3802,.T.);
#3802 = EDGE_CURVE('',#3475,#3650,#3803,.T.);
#3803 = SEAM_CURVE('',#3804,(#3808,#3815),.PCURVE_S1.);
#3804 = LINE('',#3805,#3806);
#3805 = CARTESIAN_POINT('',(416.4,-69.85,319.1));
#3806 = VECTOR('',#3807,1.);
#3807 = DIRECTION('',(1.,0.,1.110223024625E-16));
#3808 = PCURVE('',#3495,#3809);
#3809 = DEFINITIONAL_REPRESENTATION('',(#3810),#3814);
#3810 = LINE('',#3811,#3812);
#3811 = CARTESIAN_POINT('',(-6.28318530718,0.));
#3812 = VECTOR('',#3813,1.);
#3813 = DIRECTION('',(-0.,-1.));
#3814 = ( GEOMETRIC_REPRESENTATION_CONTEXT(2) 
PARAMETRIC_REPRESENTATION_CONTEXT() REPRESENTATION_CONTEXT('2D SPACE',''
  ) );
#3815 = PCURVE('',#3495,#3816);
#3816 = DEFINITIONAL_REPRESENTATION('',(#3817),#3821);
#3817 = LINE('',#3818,#3819);
#3818 = CARTESIAN_POINT('',(-0.,0.));
#3819 = VECTOR('',#3820,1.);
#3820 = DIRECTION('',(-0.,-1.));
#3821 = ( GEOMETRIC_REPRESENTATION_CONTEXT(2) 
PARAMETRIC_REPRESENTATION_CONTEXT() REPRESENTATION_CONTEXT('2D SPACE',''
  ) );
#3822 = ORIENTED_EDGE('',*,*,#3649,.F.);
#3823 = ORIENTED_EDGE('',*,*,#3802,.F.);
#3824 = ADVANCED_FACE('',(#3825),#3530,.F.);
#3825 = FACE_BOUND('',#3826,.T.);
#3826 = EDGE_LOOP('',(#3827,#3828,#3849,#3850));
#3827 = ORIENTED_EDGE('',*,*,#3509,.T.);
#3828 = ORIENTED_EDGE('',*,*,#3829,.T.);
#3829 = EDGE_CURVE('',#3510,#3680,#3830,.T.);
#3830 = SEAM_CURVE('',#3831,(#3835,#3842),.PCURVE_S1.);
#3831 = LINE('',#3832,#3833);
#3832 = CARTESIAN_POINT('',(416.4,8.554157892044E-15,388.95));
#3833 = VECTOR('',#3834,1.);
#3834 = DIRECTION('',(1.,0.,1.110223024625E-16));
#3835 = PCURVE('',#3530,#3836);
#3836 = DEFINITIONAL_REPRESENTATION('',(#3837),#3841);
#3837 = LINE('',#3838,#3839);
#3838 = CARTESIAN_POINT('',(-6.28318530718,0.));
#3839 = VECTOR('',#3840,1.);
#3840 = DIRECTION('',(-0.,-1.));
#3841 = ( GEOMETRIC_REPRESENTATION_CONTEXT(2) 
PARAMETRIC_REPRESENTATION_CONTEXT() REPRESENTATION_CONTEXT('2D SPACE',''
  ) );
#3842 = PCURVE('',#3530,#3843);
#3843 = DEFINITIONAL_REPRESENTATION('',(#3844),#3848);
#3844 = LINE('',#3845,#3846);
#3845 = CARTESIAN_POINT('',(-0.,0.));
#3846 = VECTOR('',#3847,1.);
#3847 = DIRECTION('',(-0.,-1.));
#3848 = ( GEOMETRIC_REPRESENTATION_CONTEXT(2) 
PARAMETRIC_REPRESENTATION_CONTEXT() REPRESENTATION_CONTEXT('2D SPACE',''
  ) );
#3849 = ORIENTED_EDGE('',*,*,#3679,.F.);
#3850 = ORIENTED_EDGE('',*,*,#3829,.F.);
#3851 = ADVANCED_FACE('',(#3852),#3561,.T.);
#3852 = FACE_BOUND('',#3853,.F.);
#3853 = EDGE_LOOP('',(#3854,#3855,#3878,#3905));
#3854 = ORIENTED_EDGE('',*,*,#3544,.T.);
#3855 = ORIENTED_EDGE('',*,*,#3856,.T.);
#3856 = EDGE_CURVE('',#3545,#3857,#3859,.T.);
#3857 = VERTEX_POINT('',#3858);
#3858 = CARTESIAN_POINT('',(412.4,0.,277.05));
#3859 = SEAM_CURVE('',#3860,(#3864,#3871),.PCURVE_S1.);
#3860 = LINE('',#3861,#3862);
#3861 = CARTESIAN_POINT('',(417.4,0.,277.05));
#3862 = VECTOR('',#3863,1.);
#3863 = DIRECTION('',(-1.,0.,-1.110223024625E-16));
#3864 = PCURVE('',#3561,#3865);
#3865 = DEFINITIONAL_REPRESENTATION('',(#3866),#3870);
#3866 = LINE('',#3867,#3868);
#3867 = CARTESIAN_POINT('',(-0.,0.));
#3868 = VECTOR('',#3869,1.);
#3869 = DIRECTION('',(-0.,1.));
#3870 = ( GEOMETRIC_REPRESENTATION_CONTEXT(2) 
PARAMETRIC_REPRESENTATION_CONTEXT() REPRESENTATION_CONTEXT('2D SPACE',''
  ) );
#3871 = PCURVE('',#3561,#3872);
#3872 = DEFINITIONAL_REPRESENTATION('',(#3873),#3877);
#3873 = LINE('',#3874,#3875);
#3874 = CARTESIAN_POINT('',(-6.28318530718,0.));
#3875 = VECTOR('',#3876,1.);
#3876 = DIRECTION('',(-0.,1.));
#3877 = ( GEOMETRIC_REPRESENTATION_CONTEXT(2) 
PARAMETRIC_REPRESENTATION_CONTEXT() REPRESENTATION_CONTEXT('2D SPACE',''
  ) );
#3878 = ORIENTED_EDGE('',*,*,#3879,.F.);
#3879 = EDGE_CURVE('',#3857,#3857,#3880,.T.);
#3880 = SURFACE_CURVE('',#3881,(#3886,#3893),.PCURVE_S1.);
#3881 = CIRCLE('',#3882,42.05);
#3882 = AXIS2_PLACEMENT_3D('',#3883,#3884,#3885);
#3883 = CARTESIAN_POINT('',(412.4,0.,319.1));
#3884 = DIRECTION('',(1.,-0.,1.110223024625E-16));
#3885 = DIRECTION('',(1.110223024625E-16,0.,-1.));
#3886 = PCURVE('',#3561,#3887);
#3887 = DEFINITIONAL_REPRESENTATION('',(#3888),#3892);
#3888 = LINE('',#3889,#3890);
#3889 = CARTESIAN_POINT('',(-0.,5.));
#3890 = VECTOR('',#3891,1.);
#3891 = DIRECTION('',(-1.,0.));
#3892 = ( GEOMETRIC_REPRESENTATION_CONTEXT(2) 
PARAMETRIC_REPRESENTATION_CONTEXT() REPRESENTATION_CONTEXT('2D SPACE',''
  ) );
#3893 = PCURVE('',#3894,#3899);
#3894 = CONICAL_SURFACE('',#3895,42.05,0.248487420657);
#3895 = AXIS2_PLACEMENT_3D('',#3896,#3897,#3898);
#3896 = CARTESIAN_POINT('',(412.4,0.,319.1));
#3897 = DIRECTION('',(1.,0.,1.110223024625E-16));
#3898 = DIRECTION('',(1.110223024625E-16,0.,-1.));
#3899 = DEFINITIONAL_REPRESENTATION('',(#3900),#3904);
#3900 = LINE('',#3901,#3902);
#3901 = CARTESIAN_POINT('',(0.,-0.));
#3902 = VECTOR('',#3903,1.);
#3903 = DIRECTION('',(1.,-0.));
#3904 = ( GEOMETRIC_REPRESENTATION_CONTEXT(2) 
PARAMETRIC_REPRESENTATION_CONTEXT() REPRESENTATION_CONTEXT('2D SPACE',''
  ) );
#3905 = ORIENTED_EDGE('',*,*,#3856,.F.);
#3906 = ADVANCED_FACE('',(#3907),#3596,.F.);
#3907 = FACE_BOUND('',#3908,.T.);
#3908 = EDGE_LOOP('',(#3909,#3910,#3931,#3932));
#3909 = ORIENTED_EDGE('',*,*,#3575,.T.);
#3910 = ORIENTED_EDGE('',*,*,#3911,.T.);
#3911 = EDGE_CURVE('',#3576,#3741,#3912,.T.);
#3912 = SEAM_CURVE('',#3913,(#3917,#3924),.PCURVE_S1.);
#3913 = LINE('',#3914,#3915);
#3914 = CARTESIAN_POINT('',(416.4,0.,249.25));
#3915 = VECTOR('',#3916,1.);
#3916 = DIRECTION('',(1.,0.,1.110223024625E-16));
#3917 = PCURVE('',#3596,#3918);
#3918 = DEFINITIONAL_REPRESENTATION('',(#3919),#3923);
#3919 = LINE('',#3920,#3921);
#3920 = CARTESIAN_POINT('',(-6.28318530718,0.));
#3921 = VECTOR('',#3922,1.);
#3922 = DIRECTION('',(-0.,-1.));
#3923 = ( GEOMETRIC_REPRESENTATION_CONTEXT(2) 
PARAMETRIC_REPRESENTATION_CONTEXT() REPRESENTATION_CONTEXT('2D SPACE',''
  ) );
#3924 = PCURVE('',#3596,#3925);
#3925 = DEFINITIONAL_REPRESENTATION('',(#3926),#3930);
#3926 = LINE('',#3927,#3928);
#3927 = CARTESIAN_POINT('',(-0.,0.));
#3928 = VECTOR('',#3929,1.);
#3929 = DIRECTION('',(-0.,-1.));
#3930 = ( GEOMETRIC_REPRESENTATION_CONTEXT(2) 
PARAMETRIC_REPRESENTATION_CONTEXT() REPRESENTATION_CONTEXT('2D SPACE',''
  ) );
#3931 = ORIENTED_EDGE('',*,*,#3740,.F.);
#3932 = ORIENTED_EDGE('',*,*,#3911,.F.);
#3933 = ADVANCED_FACE('',(#3934),#3631,.F.);
#3934 = FACE_BOUND('',#3935,.T.);
#3935 = EDGE_LOOP('',(#3936,#3937,#3958,#3959));
#3936 = ORIENTED_EDGE('',*,*,#3610,.T.);
#3937 = ORIENTED_EDGE('',*,*,#3938,.T.);
#3938 = EDGE_CURVE('',#3611,#3771,#3939,.T.);
#3939 = SEAM_CURVE('',#3940,(#3944,#3951),.PCURVE_S1.);
#3940 = LINE('',#3941,#3942);
#3941 = CARTESIAN_POINT('',(416.4,69.85,319.1));
#3942 = VECTOR('',#3943,1.);
#3943 = DIRECTION('',(1.,0.,1.110223024625E-16));
#3944 = PCURVE('',#3631,#3945);
#3945 = DEFINITIONAL_REPRESENTATION('',(#3946),#3950);
#3946 = LINE('',#3947,#3948);
#3947 = CARTESIAN_POINT('',(-6.28318530718,0.));
#3948 = VECTOR('',#3949,1.);
#3949 = DIRECTION('',(-0.,-1.));
#3950 = ( GEOMETRIC_REPRESENTATION_CONTEXT(2) 
PARAMETRIC_REPRESENTATION_CONTEXT() REPRESENTATION_CONTEXT('2D SPACE',''
  ) );
#3951 = PCURVE('',#3631,#3952);
#3952 = DEFINITIONAL_REPRESENTATION('',(#3953),#3957);
#3953 = LINE('',#3954,#3955);
#3954 = CARTESIAN_POINT('',(-0.,0.));
#3955 = VECTOR('',#3956,1.);
#3956 = DIRECTION('',(-0.,-1.));
#3957 = ( GEOMETRIC_REPRESENTATION_CONTEXT(2) 
PARAMETRIC_REPRESENTATION_CONTEXT() REPRESENTATION_CONTEXT('2D SPACE',''
  ) );
#3958 = ORIENTED_EDGE('',*,*,#3770,.F.);
#3959 = ORIENTED_EDGE('',*,*,#3938,.F.);
#3960 = ADVANCED_FACE('',(#3961),#3726,.T.);
#3961 = FACE_BOUND('',#3962,.F.);
#3962 = EDGE_LOOP('',(#3963,#3986,#4013,#4014));
#3963 = ORIENTED_EDGE('',*,*,#3964,.T.);
#3964 = EDGE_CURVE('',#3710,#3965,#3967,.T.);
#3965 = VERTEX_POINT('',#3966);
#3966 = CARTESIAN_POINT('',(438.1,0.,273.05));
#3967 = SEAM_CURVE('',#3968,(#3972,#3979),.PCURVE_S1.);
#3968 = LINE('',#3969,#3970);
#3969 = CARTESIAN_POINT('',(436.5,0.,273.05));
#3970 = VECTOR('',#3971,1.);
#3971 = DIRECTION('',(1.,0.,1.110223024625E-16));
#3972 = PCURVE('',#3726,#3973);
#3973 = DEFINITIONAL_REPRESENTATION('',(#3974),#3978);
#3974 = LINE('',#3975,#3976);
#3975 = CARTESIAN_POINT('',(-0.,0.));
#3976 = VECTOR('',#3977,1.);
#3977 = DIRECTION('',(-0.,-1.));
#3978 = ( GEOMETRIC_REPRESENTATION_CONTEXT(2) 
PARAMETRIC_REPRESENTATION_CONTEXT() REPRESENTATION_CONTEXT('2D SPACE',''
  ) );
#3979 = PCURVE('',#3726,#3980);
#3980 = DEFINITIONAL_REPRESENTATION('',(#3981),#3985);
#3981 = LINE('',#3982,#3983);
#3982 = CARTESIAN_POINT('',(-6.28318530718,0.));
#3983 = VECTOR('',#3984,1.);
#3984 = DIRECTION('',(-0.,-1.));
#3985 = ( GEOMETRIC_REPRESENTATION_CONTEXT(2) 
PARAMETRIC_REPRESENTATION_CONTEXT() REPRESENTATION_CONTEXT('2D SPACE',''
  ) );
#3986 = ORIENTED_EDGE('',*,*,#3987,.T.);
#3987 = EDGE_CURVE('',#3965,#3965,#3988,.T.);
#3988 = SURFACE_CURVE('',#3989,(#3994,#4001),.PCURVE_S1.);
#3989 = CIRCLE('',#3990,46.05);
#3990 = AXIS2_PLACEMENT_3D('',#3991,#3992,#3993);
#3991 = CARTESIAN_POINT('',(438.1,0.,319.1));
#3992 = DIRECTION('',(1.,-0.,1.110223024625E-16));
#3993 = DIRECTION('',(1.110223024625E-16,0.,-1.));
#3994 = PCURVE('',#3726,#3995);
#3995 = DEFINITIONAL_REPRESENTATION('',(#3996),#4000);
#3996 = LINE('',#3997,#3998);
#3997 = CARTESIAN_POINT('',(-0.,-1.6));
#3998 = VECTOR('',#3999,1.);
#3999 = DIRECTION('',(-1.,0.));
#4000 = ( GEOMETRIC_REPRESENTATION_CONTEXT(2) 
PARAMETRIC_REPRESENTATION_CONTEXT() REPRESENTATION_CONTEXT('2D SPACE',''
  ) );
#4001 = PCURVE('',#4002,#4007);
#4002 = PLANE('',#4003);
#4003 = AXIS2_PLACEMENT_3D('',#4004,#4005,#4006);
#4004 = CARTESIAN_POINT('',(438.1,3.821546217545E-15,319.1));
#4005 = DIRECTION('',(1.,0.,1.110223024625E-16));
#4006 = DIRECTION('',(1.110223024625E-16,0.,-1.));
#4007 = DEFINITIONAL_REPRESENTATION('',(#4008),#4012);
#4008 = CIRCLE('',#4009,46.05);
#4009 = AXIS2_PLACEMENT_2D('',#4010,#4011);
#4010 = CARTESIAN_POINT('',(0.,-3.821546217545E-15));
#4011 = DIRECTION('',(1.,0.));
#4012 = ( GEOMETRIC_REPRESENTATION_CONTEXT(2) 
PARAMETRIC_REPRESENTATION_CONTEXT() REPRESENTATION_CONTEXT('2D SPACE',''
  ) );
#4013 = ORIENTED_EDGE('',*,*,#3964,.F.);
#4014 = ORIENTED_EDGE('',*,*,#3709,.F.);
#4015 = ADVANCED_FACE('',(#4016),#3894,.T.);
#4016 = FACE_BOUND('',#4017,.F.);
#4017 = EDGE_LOOP('',(#4018,#4019,#4042,#4069));
#4018 = ORIENTED_EDGE('',*,*,#3879,.T.);
#4019 = ORIENTED_EDGE('',*,*,#4020,.T.);
#4020 = EDGE_CURVE('',#3857,#4021,#4023,.T.);
#4021 = VERTEX_POINT('',#4022);
#4022 = CARTESIAN_POINT('',(365.5,0.,288.95));
#4023 = SEAM_CURVE('',#4024,(#4028,#4035),.PCURVE_S1.);
#4024 = LINE('',#4025,#4026);
#4025 = CARTESIAN_POINT('',(412.4,0.,277.05));
#4026 = VECTOR('',#4027,1.);
#4027 = DIRECTION('',(-0.969285531301,0.,0.245938119882));
#4028 = PCURVE('',#3894,#4029);
#4029 = DEFINITIONAL_REPRESENTATION('',(#4030),#4034);
#4030 = LINE('',#4031,#4032);
#4031 = CARTESIAN_POINT('',(0.,-0.));
#4032 = VECTOR('',#4033,1.);
#4033 = DIRECTION('',(0.,-1.));
#4034 = ( GEOMETRIC_REPRESENTATION_CONTEXT(2) 
PARAMETRIC_REPRESENTATION_CONTEXT() REPRESENTATION_CONTEXT('2D SPACE',''
  ) );
#4035 = PCURVE('',#3894,#4036);
#4036 = DEFINITIONAL_REPRESENTATION('',(#4037),#4041);
#4037 = LINE('',#4038,#4039);
#4038 = CARTESIAN_POINT('',(6.28318530718,-0.));
#4039 = VECTOR('',#4040,1.);
#4040 = DIRECTION('',(0.,-1.));
#4041 = ( GEOMETRIC_REPRESENTATION_CONTEXT(2) 
PARAMETRIC_REPRESENTATION_CONTEXT() REPRESENTATION_CONTEXT('2D SPACE',''
  ) );
#4042 = ORIENTED_EDGE('',*,*,#4043,.F.);
#4043 = EDGE_CURVE('',#4021,#4021,#4044,.T.);
#4044 = SURFACE_CURVE('',#4045,(#4050,#4057),.PCURVE_S1.);
#4045 = CIRCLE('',#4046,30.15);
#4046 = AXIS2_PLACEMENT_3D('',#4047,#4048,#4049);
#4047 = CARTESIAN_POINT('',(365.5,0.,319.1));
#4048 = DIRECTION('',(1.,-0.,1.110223024625E-16));
#4049 = DIRECTION('',(1.110223024625E-16,0.,-1.));
#4050 = PCURVE('',#3894,#4051);
#4051 = DEFINITIONAL_REPRESENTATION('',(#4052),#4056);
#4052 = LINE('',#4053,#4054);
#4053 = CARTESIAN_POINT('',(0.,-46.9));
#4054 = VECTOR('',#4055,1.);
#4055 = DIRECTION('',(1.,-0.));
#4056 = ( GEOMETRIC_REPRESENTATION_CONTEXT(2) 
PARAMETRIC_REPRESENTATION_CONTEXT() REPRESENTATION_CONTEXT('2D SPACE',''
  ) );
#4057 = PCURVE('',#4058,#4063);
#4058 = CYLINDRICAL_SURFACE('',#4059,30.15);
#4059 = AXIS2_PLACEMENT_3D('',#4060,#4061,#4062);
#4060 = CARTESIAN_POINT('',(365.5,0.,319.1));
#4061 = DIRECTION('',(-1.,-0.,-1.110223024625E-16));
#4062 = DIRECTION('',(1.110223024625E-16,0.,-1.));
#4063 = DEFINITIONAL_REPRESENTATION('',(#4064),#4068);
#4064 = LINE('',#4065,#4066);
#4065 = CARTESIAN_POINT('',(-0.,0.));
#4066 = VECTOR('',#4067,1.);
#4067 = DIRECTION('',(-1.,0.));
#4068 = ( GEOMETRIC_REPRESENTATION_CONTEXT(2) 
PARAMETRIC_REPRESENTATION_CONTEXT() REPRESENTATION_CONTEXT('2D SPACE',''
  ) );
#4069 = ORIENTED_EDGE('',*,*,#4020,.F.);
#4070 = ADVANCED_FACE('',(#4071,#4074),#4002,.T.);
#4071 = FACE_BOUND('',#4072,.T.);
#4072 = EDGE_LOOP('',(#4073));
#4073 = ORIENTED_EDGE('',*,*,#3987,.T.);
#4074 = FACE_BOUND('',#4075,.T.);
#4075 = EDGE_LOOP('',(#4076));
#4076 = ORIENTED_EDGE('',*,*,#4077,.T.);
#4077 = EDGE_CURVE('',#4078,#4078,#4080,.T.);
#4078 = VERTEX_POINT('',#4079);
#4079 = CARTESIAN_POINT('',(438.1,0.,292.86));
#4080 = SURFACE_CURVE('',#4081,(#4086,#4097),.PCURVE_S1.);
#4081 = CIRCLE('',#4082,26.24);
#4082 = AXIS2_PLACEMENT_3D('',#4083,#4084,#4085);
#4083 = CARTESIAN_POINT('',(438.1,0.,319.1));
#4084 = DIRECTION('',(-1.,-0.,-1.110223024625E-16));
#4085 = DIRECTION('',(1.110223024625E-16,0.,-1.));
#4086 = PCURVE('',#4002,#4087);
#4087 = DEFINITIONAL_REPRESENTATION('',(#4088),#4096);
#4088 = ( BOUNDED_CURVE() B_SPLINE_CURVE(2,(#4089,#4090,#4091,#4092,
#4093,#4094,#4095),.UNSPECIFIED.,.T.,.F.) B_SPLINE_CURVE_WITH_KNOTS((1,2
    ,2,2,2,1),(-2.094395102393,0.,2.094395102393,4.188790204786,
6.28318530718,8.377580409573),.UNSPECIFIED.) CURVE() 
GEOMETRIC_REPRESENTATION_ITEM() RATIONAL_B_SPLINE_CURVE((1.,0.5,1.,0.5,
1.,0.5,1.)) REPRESENTATION_ITEM('') );
#4089 = CARTESIAN_POINT('',(26.24,-3.821546217545E-15));
#4090 = CARTESIAN_POINT('',(26.24,-45.4490131906));
#4091 = CARTESIAN_POINT('',(-13.12,-22.7245065953));
#4092 = CARTESIAN_POINT('',(-52.48,-1.024849261947E-14));
#4093 = CARTESIAN_POINT('',(-13.12,22.724506595304));
#4094 = CARTESIAN_POINT('',(26.24,45.449013190607));
#4095 = CARTESIAN_POINT('',(26.24,-3.821546217545E-15));
#4096 = ( GEOMETRIC_REPRESENTATION_CONTEXT(2) 
PARAMETRIC_REPRESENTATION_CONTEXT() REPRESENTATION_CONTEXT('2D SPACE',''
  ) );
#4097 = PCURVE('',#4098,#4103);
#4098 = CYLINDRICAL_SURFACE('',#4099,26.24);
#4099 = AXIS2_PLACEMENT_3D('',#4100,#4101,#4102);
#4100 = CARTESIAN_POINT('',(354.5,0.,319.1));
#4101 = DIRECTION('',(-1.,-0.,-1.110223024625E-16));
#4102 = DIRECTION('',(1.110223024625E-16,0.,-1.));
#4103 = DEFINITIONAL_REPRESENTATION('',(#4104),#4108);
#4104 = LINE('',#4105,#4106);
#4105 = CARTESIAN_POINT('',(-6.28318530718,-83.6));
#4106 = VECTOR('',#4107,1.);
#4107 = DIRECTION('',(1.,-0.));
#4108 = ( GEOMETRIC_REPRESENTATION_CONTEXT(2) 
PARAMETRIC_REPRESENTATION_CONTEXT() REPRESENTATION_CONTEXT('2D SPACE',''
  ) );
#4109 = ADVANCED_FACE('',(#4110),#4058,.T.);
#4110 = FACE_BOUND('',#4111,.F.);
#4111 = EDGE_LOOP('',(#4112,#4113,#4136,#4163));
#4112 = ORIENTED_EDGE('',*,*,#4043,.T.);
#4113 = ORIENTED_EDGE('',*,*,#4114,.T.);
#4114 = EDGE_CURVE('',#4021,#4115,#4117,.T.);
#4115 = VERTEX_POINT('',#4116);
#4116 = CARTESIAN_POINT('',(358.5,0.,288.95));
#4117 = SEAM_CURVE('',#4118,(#4122,#4129),.PCURVE_S1.);
#4118 = LINE('',#4119,#4120);
#4119 = CARTESIAN_POINT('',(365.5,0.,288.95));
#4120 = VECTOR('',#4121,1.);
#4121 = DIRECTION('',(-1.,0.,-1.110223024625E-16));
#4122 = PCURVE('',#4058,#4123);
#4123 = DEFINITIONAL_REPRESENTATION('',(#4124),#4128);
#4124 = LINE('',#4125,#4126);
#4125 = CARTESIAN_POINT('',(-0.,0.));
#4126 = VECTOR('',#4127,1.);
#4127 = DIRECTION('',(-0.,1.));
#4128 = ( GEOMETRIC_REPRESENTATION_CONTEXT(2) 
PARAMETRIC_REPRESENTATION_CONTEXT() REPRESENTATION_CONTEXT('2D SPACE',''
  ) );
#4129 = PCURVE('',#4058,#4130);
#4130 = DEFINITIONAL_REPRESENTATION('',(#4131),#4135);
#4131 = LINE('',#4132,#4133);
#4132 = CARTESIAN_POINT('',(-6.28318530718,0.));
#4133 = VECTOR('',#4134,1.);
#4134 = DIRECTION('',(-0.,1.));
#4135 = ( GEOMETRIC_REPRESENTATION_CONTEXT(2) 
PARAMETRIC_REPRESENTATION_CONTEXT() REPRESENTATION_CONTEXT('2D SPACE',''
  ) );
#4136 = ORIENTED_EDGE('',*,*,#4137,.F.);
#4137 = EDGE_CURVE('',#4115,#4115,#4138,.T.);
#4138 = SURFACE_CURVE('',#4139,(#4144,#4151),.PCURVE_S1.);
#4139 = CIRCLE('',#4140,30.15);
#4140 = AXIS2_PLACEMENT_3D('',#4141,#4142,#4143);
#4141 = CARTESIAN_POINT('',(358.5,0.,319.1));
#4142 = DIRECTION('',(1.,-0.,1.110223024625E-16));
#4143 = DIRECTION('',(1.110223024625E-16,0.,-1.));
#4144 = PCURVE('',#4058,#4145);
#4145 = DEFINITIONAL_REPRESENTATION('',(#4146),#4150);
#4146 = LINE('',#4147,#4148);
#4147 = CARTESIAN_POINT('',(-0.,7.));
#4148 = VECTOR('',#4149,1.);
#4149 = DIRECTION('',(-1.,0.));
#4150 = ( GEOMETRIC_REPRESENTATION_CONTEXT(2) 
PARAMETRIC_REPRESENTATION_CONTEXT() REPRESENTATION_CONTEXT('2D SPACE',''
  ) );
#4151 = PCURVE('',#4152,#4157);
#4152 = PLANE('',#4153);
#4153 = AXIS2_PLACEMENT_3D('',#4154,#4155,#4156);
#4154 = CARTESIAN_POINT('',(358.5,0.,319.1));
#4155 = DIRECTION('',(1.,0.,1.110223024625E-16));
#4156 = DIRECTION('',(1.110223024625E-16,0.,-1.));
#4157 = DEFINITIONAL_REPRESENTATION('',(#4158),#4162);
#4158 = CIRCLE('',#4159,30.15);
#4159 = AXIS2_PLACEMENT_2D('',#4160,#4161);
#4160 = CARTESIAN_POINT('',(0.,0.));
#4161 = DIRECTION('',(1.,0.));
#4162 = ( GEOMETRIC_REPRESENTATION_CONTEXT(2) 
PARAMETRIC_REPRESENTATION_CONTEXT() REPRESENTATION_CONTEXT('2D SPACE',''
  ) );
#4163 = ORIENTED_EDGE('',*,*,#4114,.F.);
#4164 = ADVANCED_FACE('',(#4165),#4098,.F.);
#4165 = FACE_BOUND('',#4166,.T.);
#4166 = EDGE_LOOP('',(#4167,#4168,#4191,#4213));
#4167 = ORIENTED_EDGE('',*,*,#4077,.F.);
#4168 = ORIENTED_EDGE('',*,*,#4169,.T.);
#4169 = EDGE_CURVE('',#4078,#4170,#4172,.T.);
#4170 = VERTEX_POINT('',#4171);
#4171 = CARTESIAN_POINT('',(358.5,0.,292.86));
#4172 = SEAM_CURVE('',#4173,(#4177,#4184),.PCURVE_S1.);
#4173 = LINE('',#4174,#4175);
#4174 = CARTESIAN_POINT('',(438.1,0.,292.86));
#4175 = VECTOR('',#4176,1.);
#4176 = DIRECTION('',(-1.,0.,-1.110223024625E-16));
#4177 = PCURVE('',#4098,#4178);
#4178 = DEFINITIONAL_REPRESENTATION('',(#4179),#4183);
#4179 = LINE('',#4180,#4181);
#4180 = CARTESIAN_POINT('',(-6.28318530718,-83.6));
#4181 = VECTOR('',#4182,1.);
#4182 = DIRECTION('',(0.,1.));
#4183 = ( GEOMETRIC_REPRESENTATION_CONTEXT(2) 
PARAMETRIC_REPRESENTATION_CONTEXT() REPRESENTATION_CONTEXT('2D SPACE',''
  ) );
#4184 = PCURVE('',#4098,#4185);
#4185 = DEFINITIONAL_REPRESENTATION('',(#4186),#4190);
#4186 = LINE('',#4187,#4188);
#4187 = CARTESIAN_POINT('',(-0.,-83.6));
#4188 = VECTOR('',#4189,1.);
#4189 = DIRECTION('',(0.,1.));
#4190 = ( GEOMETRIC_REPRESENTATION_CONTEXT(2) 
PARAMETRIC_REPRESENTATION_CONTEXT() REPRESENTATION_CONTEXT('2D SPACE',''
  ) );
#4191 = ORIENTED_EDGE('',*,*,#4192,.F.);
#4192 = EDGE_CURVE('',#4170,#4170,#4193,.T.);
#4193 = SURFACE_CURVE('',#4194,(#4199,#4206),.PCURVE_S1.);
#4194 = CIRCLE('',#4195,26.24);
#4195 = AXIS2_PLACEMENT_3D('',#4196,#4197,#4198);
#4196 = CARTESIAN_POINT('',(358.5,0.,319.1));
#4197 = DIRECTION('',(1.,-0.,1.110223024625E-16));
#4198 = DIRECTION('',(1.110223024625E-16,0.,-1.));
#4199 = PCURVE('',#4098,#4200);
#4200 = DEFINITIONAL_REPRESENTATION('',(#4201),#4205);
#4201 = LINE('',#4202,#4203);
#4202 = CARTESIAN_POINT('',(-0.,-4.));
#4203 = VECTOR('',#4204,1.);
#4204 = DIRECTION('',(-1.,0.));
#4205 = ( GEOMETRIC_REPRESENTATION_CONTEXT(2) 
PARAMETRIC_REPRESENTATION_CONTEXT() REPRESENTATION_CONTEXT('2D SPACE',''
  ) );
#4206 = PCURVE('',#4152,#4207);
#4207 = DEFINITIONAL_REPRESENTATION('',(#4208),#4212);
#4208 = CIRCLE('',#4209,26.24);
#4209 = AXIS2_PLACEMENT_2D('',#4210,#4211);
#4210 = CARTESIAN_POINT('',(0.,0.));
#4211 = DIRECTION('',(1.,0.));
#4212 = ( GEOMETRIC_REPRESENTATION_CONTEXT(2) 
PARAMETRIC_REPRESENTATION_CONTEXT() REPRESENTATION_CONTEXT('2D SPACE',''
  ) );
#4213 = ORIENTED_EDGE('',*,*,#4169,.F.);
#4214 = ADVANCED_FACE('',(#4215,#4218),#4152,.F.);
#4215 = FACE_BOUND('',#4216,.F.);
#4216 = EDGE_LOOP('',(#4217));
#4217 = ORIENTED_EDGE('',*,*,#4137,.T.);
#4218 = FACE_BOUND('',#4219,.F.);
#4219 = EDGE_LOOP('',(#4220));
#4220 = ORIENTED_EDGE('',*,*,#4192,.F.);
#4221 = ( GEOMETRIC_REPRESENTATION_CONTEXT(3) 
GLOBAL_UNCERTAINTY_ASSIGNED_CONTEXT((#4225)) 
GLOBAL_UNIT_ASSIGNED_CONTEXT((#4222,#4223,#4224)) REPRESENTATION_CONTEXT
('Context #1','3D Context with UNIT and UNCERTAINTY') );
#4222 = ( LENGTH_UNIT() NAMED_UNIT(*) SI_UNIT(.MILLI.,.METRE.) );
#4223 = ( NAMED_UNIT(*) PLANE_ANGLE_UNIT() SI_UNIT($,.RADIAN.) );
#4224 = ( NAMED_UNIT(*) SI_UNIT($,.STERADIAN.) SOLID_ANGLE_UNIT() );
#4225 = UNCERTAINTY_MEASURE_WITH_UNIT(LENGTH_MEASURE(1.E-07),#4222,
  'distance_accuracy_value','confusion accuracy');
#4226 = CONTEXT_DEPENDENT_SHAPE_REPRESENTATION(#4227,#4229);
#4227 = ( REPRESENTATION_RELATIONSHIP('','',#3376,#10) 
REPRESENTATION_RELATIONSHIP_WITH_TRANSFORMATION(#4228) 
SHAPE_REPRESENTATION_RELATIONSHIP() );
#4228 = ITEM_DEFINED_TRANSFORMATION('','',#11,#35);
#4229 = PRODUCT_DEFINITION_SHAPE('Placement','Placement of an item',
  #4230);
#4230 = NEXT_ASSEMBLY_USAGE_OCCURRENCE('18','','',#5,#3371,$);
#4231 = PRODUCT_RELATED_PRODUCT_CATEGORY('part',$,(#3373));
ENDSEC;
END-ISO-10303-21;
