ISO-10303-21;
HEADER;
FILE_DESCRIPTION(('Open CASCADE Model'),'2;1');
FILE_NAME('Open CASCADE Shape Model','2026-01-27T22:11:06',('Author'),(
    'Open CASCADE'),'Open CASCADE STEP processor 7.8','Open CASCADE 7.8'
  ,'Unknown');
FILE_SCHEMA(('AUTOMOTIVE_DESIGN { 1 0 10303 214 1 1 1 1 }'));
ENDSEC;
DATA;
#1 = APPLICATION_PROTOCOL_DEFINITION('international standard',
  'automotive_design',2000,#2);
#2 = APPLICATION_CONTEXT(
  'core data for automotive mechanical design processes');
#3 = SHAPE_DEFINITION_REPRESENTATION(#4,#10);
#4 = PRODUCT_DEFINITION_SHAPE('','',#5);
#5 = PRODUCT_DEFINITION('design','',#6,#9);
#6 = PRODUCT_DEFINITION_FORMATION('','',#7);
#7 = PRODUCT('Open CASCADE STEP translator 7.8 1',
  'Open CASCADE STEP translator 7.8 1','',(#8));
#8 = PRODUCT_CONTEXT('',#2,'mechanical');
#9 = PRODUCT_DEFINITION_CONTEXT('part definition',#2,'design');
#10 = SHAPE_REPRESENTATION('',(#11,#15,#19),#23);
#11 = AXIS2_PLACEMENT_3D('',#12,#13,#14);
#12 = CARTESIAN_POINT('',(0.,0.,0.));
#13 = DIRECTION('',(0.,0.,1.));
#14 = DIRECTION('',(1.,0.,-0.));
#15 = AXIS2_PLACEMENT_3D('',#16,#17,#18);
#16 = CARTESIAN_POINT('',(0.,0.,0.));
#17 = DIRECTION('',(0.,0.,1.));
#18 = DIRECTION('',(1.,0.,-0.));
#19 = AXIS2_PLACEMENT_3D('',#20,#21,#22);
#20 = CARTESIAN_POINT('',(0.,0.,0.));
#21 = DIRECTION('',(0.,0.,1.));
#22 = DIRECTION('',(1.,0.,-0.));
#23 = ( GEOMETRIC_REPRESENTATION_CONTEXT(3) 
GLOBAL_UNCERTAINTY_ASSIGNED_CONTEXT((#27)) GLOBAL_UNIT_ASSIGNED_CONTEXT(
(#24,#25,#26)) REPRESENTATION_CONTEXT('Context #1',
  '3D Context with UNIT and UNCERTAINTY') );
#24 = ( LENGTH_UNIT() NAMED_UNIT(*) SI_UNIT(.MILLI.,.METRE.) );
#25 = ( NAMED_UNIT(*) PLANE_ANGLE_UNIT() SI_UNIT($,.RADIAN.) );
#26 = ( NAMED_UNIT(*) SI_UNIT($,.STERADIAN.) SOLID_ANGLE_UNIT() );
#27 = UNCERTAINTY_MEASURE_WITH_UNIT(LENGTH_MEASURE(5.E-07),#24,
  'distance_accuracy_value','confusion accuracy');
#28 = PRODUCT_RELATED_PRODUCT_CATEGORY('part',$,(#7));
#29 = SHAPE_DEFINITION_REPRESENTATION(#30,#36);
#30 = PRODUCT_DEFINITION_SHAPE('','',#31);
#31 = PRODUCT_DEFINITION('design','',#32,#35);
#32 = PRODUCT_DEFINITION_FORMATION('','',#33);
#33 = PRODUCT('Open CASCADE STEP translator 7.8 1.1',
  'Open CASCADE STEP translator 7.8 1.1','',(#34));
#34 = PRODUCT_CONTEXT('',#2,'mechanical');
#35 = PRODUCT_DEFINITION_CONTEXT('part definition',#2,'design');
#36 = ADVANCED_BREP_SHAPE_REPRESENTATION('',(#11,#37),#1939);
#37 = MANIFOLD_SOLID_BREP('',#38);
#38 = CLOSED_SHELL('',(#39,#550,#589,#789,#905,#967,#1075,#1174,#1280,
    #1342,#1435,#1735,#1767,#1829,#1836,#1929));
#39 = ADVANCED_FACE('',(#40),#53,.T.);
#40 = FACE_BOUND('',#41,.T.);
#41 = EDGE_LOOP('',(#42,#80,#103,#136,#206,#252,#313,#346,#407,#453,#523
    ,#549));
#42 = ORIENTED_EDGE('',*,*,#43,.F.);
#43 = EDGE_CURVE('',#44,#44,#46,.T.);
#44 = VERTEX_POINT('',#45);
#45 = CARTESIAN_POINT('',(30.15,0.,1.7763568394E-15));
#46 = SURFACE_CURVE('',#47,(#52,#64),.PCURVE_S1.);
#47 = CIRCLE('',#48,30.15);
#48 = AXIS2_PLACEMENT_3D('',#49,#50,#51);
#49 = CARTESIAN_POINT('',(0.,0.,1.577721810442E-30));
#50 = DIRECTION('',(5.891730810614E-17,0.,-1.));
#51 = DIRECTION('',(-1.,0.,-5.891730810614E-17));
#52 = PCURVE('',#53,#58);
#53 = TOROIDAL_SURFACE('',#54,180.9,30.15);
#54 = AXIS2_PLACEMENT_3D('',#55,#56,#57);
#55 = CARTESIAN_POINT('',(180.9,0.,1.06581410364E-14));
#56 = DIRECTION('',(0.,1.,-0.));
#57 = DIRECTION('',(-1.,0.,-5.891730810614E-17));
#58 = DEFINITIONAL_REPRESENTATION('',(#59),#63);
#59 = LINE('',#60,#61);
#60 = CARTESIAN_POINT('',(0.,0.));
#61 = VECTOR('',#62,1.);
#62 = DIRECTION('',(0.,1.));
#63 = ( GEOMETRIC_REPRESENTATION_CONTEXT(2) 
PARAMETRIC_REPRESENTATION_CONTEXT() REPRESENTATION_CONTEXT('2D SPACE',''
  ) );
#64 = PCURVE('',#65,#70);
#65 = PLANE('',#66);
#66 = AXIS2_PLACEMENT_3D('',#67,#68,#69);
#67 = CARTESIAN_POINT('',(1.451346077654E-15,-3.9592292609E-15,
    1.691883723716E-30));
#68 = DIRECTION('',(0.,0.,1.));
#69 = DIRECTION('',(1.,0.,-0.));
#70 = DEFINITIONAL_REPRESENTATION('',(#71),#79);
#71 = ( BOUNDED_CURVE() B_SPLINE_CURVE(2,(#72,#73,#74,#75,#76,#77,#78),
.UNSPECIFIED.,.T.,.F.) B_SPLINE_CURVE_WITH_KNOTS((1,2,2,2,2,1),(
    -2.094395102393,0.,2.094395102393,4.188790204786,6.28318530718,
8.377580409573),.UNSPECIFIED.) CURVE() GEOMETRIC_REPRESENTATION_ITEM() 
RATIONAL_B_SPLINE_CURVE((1.,0.5,1.,0.5,1.,0.5,1.)) REPRESENTATION_ITEM(
  '') );
#72 = CARTESIAN_POINT('',(-30.15,3.9592292609E-15));
#73 = CARTESIAN_POINT('',(-30.15,52.221331848202));
#74 = CARTESIAN_POINT('',(15.075,26.110665924101));
#75 = CARTESIAN_POINT('',(60.3,1.134384945976E-14));
#76 = CARTESIAN_POINT('',(15.075,-26.1106659241));
#77 = CARTESIAN_POINT('',(-30.15,-52.2213318482));
#78 = CARTESIAN_POINT('',(-30.15,3.9592292609E-15));
#79 = ( GEOMETRIC_REPRESENTATION_CONTEXT(2) 
PARAMETRIC_REPRESENTATION_CONTEXT() REPRESENTATION_CONTEXT('2D SPACE',''
  ) );
#80 = ORIENTED_EDGE('',*,*,#81,.T.);
#81 = EDGE_CURVE('',#44,#82,#84,.T.);
#82 = VERTEX_POINT('',#83);
#83 = CARTESIAN_POINT('',(180.9,0.,150.75));
#84 = SEAM_CURVE('',#85,(#90,#97),.PCURVE_S1.);
#85 = CIRCLE('',#86,150.75);
#86 = AXIS2_PLACEMENT_3D('',#87,#88,#89);
#87 = CARTESIAN_POINT('',(180.9,1.107693029829E-14,1.06581410364E-14));
#88 = DIRECTION('',(0.,1.,0.));
#89 = DIRECTION('',(-1.,0.,-5.891730810614E-17));
#90 = PCURVE('',#53,#91);
#91 = DEFINITIONAL_REPRESENTATION('',(#92),#96);
#92 = LINE('',#93,#94);
#93 = CARTESIAN_POINT('',(0.,9.424777960769));
#94 = VECTOR('',#95,1.);
#95 = DIRECTION('',(1.,0.));
#96 = ( GEOMETRIC_REPRESENTATION_CONTEXT(2) 
PARAMETRIC_REPRESENTATION_CONTEXT() REPRESENTATION_CONTEXT('2D SPACE',''
  ) );
#97 = PCURVE('',#53,#98);
#98 = DEFINITIONAL_REPRESENTATION('',(#99),#102);
#99 = B_SPLINE_CURVE_WITH_KNOTS('',1,(#100,#101),.UNSPECIFIED.,.F.,.F.,(
    2,2),(0.,1.570796326795),.PIECEWISE_BEZIER_KNOTS.);
#100 = CARTESIAN_POINT('',(0.,3.14159265359));
#101 = CARTESIAN_POINT('',(1.570796326795,3.14159265359));
#102 = ( GEOMETRIC_REPRESENTATION_CONTEXT(2) 
PARAMETRIC_REPRESENTATION_CONTEXT() REPRESENTATION_CONTEXT('2D SPACE',''
  ) );
#103 = ORIENTED_EDGE('',*,*,#104,.T.);
#104 = EDGE_CURVE('',#82,#105,#107,.T.);
#105 = VERTEX_POINT('',#106);
#106 = CARTESIAN_POINT('',(180.9,-30.15,180.9));
#107 = SURFACE_CURVE('',#108,(#113,#120),.PCURVE_S1.);
#108 = CIRCLE('',#109,30.15);
#109 = AXIS2_PLACEMENT_3D('',#110,#111,#112);
#110 = CARTESIAN_POINT('',(180.9,0.,180.9));
#111 = DIRECTION('',(-1.,0.,1.018949568615E-16));
#112 = DIRECTION('',(1.018949568615E-16,0.,1.));
#113 = PCURVE('',#53,#114);
#114 = DEFINITIONAL_REPRESENTATION('',(#115),#119);
#115 = LINE('',#116,#117);
#116 = CARTESIAN_POINT('',(1.570796326795,0.));
#117 = VECTOR('',#118,1.);
#118 = DIRECTION('',(0.,1.));
#119 = ( GEOMETRIC_REPRESENTATION_CONTEXT(2) 
PARAMETRIC_REPRESENTATION_CONTEXT() REPRESENTATION_CONTEXT('2D SPACE',''
  ) );
#120 = PCURVE('',#121,#126);
#121 = PLANE('',#122);
#122 = AXIS2_PLACEMENT_3D('',#123,#124,#125);
#123 = CARTESIAN_POINT('',(180.9,-3.9592292609E-15,180.9));
#124 = DIRECTION('',(1.,0.,0.));
#125 = DIRECTION('',(-0.,0.,1.));
#126 = DEFINITIONAL_REPRESENTATION('',(#127),#135);
#127 = ( BOUNDED_CURVE() B_SPLINE_CURVE(2,(#128,#129,#130,#131,#132,#133
,#134),.UNSPECIFIED.,.T.,.F.) B_SPLINE_CURVE_WITH_KNOTS((1,2,2,2,2,1),(
    -2.094395102393,0.,2.094395102393,4.188790204786,6.28318530718,
8.377580409573),.UNSPECIFIED.) CURVE() GEOMETRIC_REPRESENTATION_ITEM() 
RATIONAL_B_SPLINE_CURVE((1.,0.5,1.,0.5,1.,0.5,1.)) REPRESENTATION_ITEM(
  '') );
#128 = CARTESIAN_POINT('',(30.15,-3.9592292609E-15));
#129 = CARTESIAN_POINT('',(30.15,-52.2213318482));
#130 = CARTESIAN_POINT('',(-15.075,-26.1106659241));
#131 = CARTESIAN_POINT('',(-60.3,-1.134384945976E-14));
#132 = CARTESIAN_POINT('',(-15.075,26.110665924101));
#133 = CARTESIAN_POINT('',(30.15,52.221331848202));
#134 = CARTESIAN_POINT('',(30.15,-3.9592292609E-15));
#135 = ( GEOMETRIC_REPRESENTATION_CONTEXT(2) 
PARAMETRIC_REPRESENTATION_CONTEXT() REPRESENTATION_CONTEXT('2D SPACE',''
  ) );
#136 = ORIENTED_EDGE('',*,*,#137,.T.);
#137 = EDGE_CURVE('',#105,#138,#140,.T.);
#138 = VERTEX_POINT('',#139);
#139 = CARTESIAN_POINT('',(173.06873530414,-30.14952393095,180.9));
#140 = SURFACE_CURVE('',#141,(#159,#180),.PCURVE_S1.);
#141 = B_SPLINE_CURVE_WITH_KNOTS('',6,(#142,#143,#144,#145,#146,#147,
    #148,#149,#150,#151,#152,#153,#154,#155,#156,#157,#158),
  .UNSPECIFIED.,.F.,.F.,(7,5,5,7),(0.,0.500047311302,0.770104771578,1.),
  .UNSPECIFIED.);
#142 = CARTESIAN_POINT('',(180.9,-30.15,180.9));
#143 = CARTESIAN_POINT('',(177.78453224234,-30.15,180.9));
#144 = CARTESIAN_POINT('',(174.66906738062,-30.14999990121,180.9));
#145 = CARTESIAN_POINT('',(171.55360187568,-30.15000035965,180.9));
#146 = CARTESIAN_POINT('',(168.43813762657,-30.14896803873,180.9));
#147 = CARTESIAN_POINT('',(165.32268195021,-30.14484534526,180.9));
#148 = CARTESIAN_POINT('',(160.52471421572,-30.12908218094,180.9));
#149 = CARTESIAN_POINT('',(158.84218965399,-30.12177153182,180.9));
#150 = CARTESIAN_POINT('',(157.15967605203,-30.11220166098,180.9));
#151 = CARTESIAN_POINT('',(155.47718125118,-30.0998142254,180.9));
#152 = CARTESIAN_POINT('',(153.79471878381,-30.08397017585,180.9));
#153 = CARTESIAN_POINT('',(150.68010065967,-30.04690912236,180.9));
#154 = CARTESIAN_POINT('',(149.24793249614,-30.02684144339,180.9));
#155 = CARTESIAN_POINT('',(147.81581497718,-30.00330505923,180.9));
#156 = CARTESIAN_POINT('',(146.38376754988,-29.97581461606,180.9));
#157 = CARTESIAN_POINT('',(144.95181750959,-29.94384236374,180.9));
#158 = CARTESIAN_POINT('',(143.52,-29.90681815576,180.9));
#159 = PCURVE('',#53,#160);
#160 = DEFINITIONAL_REPRESENTATION('',(#161),#179);
#161 = B_SPLINE_CURVE_WITH_KNOTS('',6,(#162,#163,#164,#165,#166,#167,
    #168,#169,#170,#171,#172,#173,#174,#175,#176,#177,#178),
  .UNSPECIFIED.,.F.,.F.,(7,5,5,7),(0.,0.500047311302,0.770104771578,1.),
  .UNSPECIFIED.);
#162 = CARTESIAN_POINT('',(1.570796326795,4.712388980385));
#163 = CARTESIAN_POINT('',(1.553574282806,4.712388980385));
#164 = CARTESIAN_POINT('',(1.536352254933,4.714524490917));
#165 = CARTESIAN_POINT('',(1.519148611797,4.718795510061));
#166 = CARTESIAN_POINT('',(1.501981755305,4.725196327847));
#167 = CARTESIAN_POINT('',(1.484869715054,4.733715564885));
#168 = CARTESIAN_POINT('',(1.45862715734,4.75008072044));
#169 = CARTESIAN_POINT('',(1.449445566052,4.756434141));
#170 = CARTESIAN_POINT('',(1.440287752732,4.763400323765));
#171 = CARTESIAN_POINT('',(1.431156411727,4.770977433868));
#172 = CARTESIAN_POINT('',(1.422054189058,4.779163885573));
#173 = CARTESIAN_POINT('',(1.405262089082,4.795445460765));
#174 = CARTESIAN_POINT('',(1.397563491719,4.803373134491));
#175 = CARTESIAN_POINT('',(1.389889470886,4.811740924326));
#176 = CARTESIAN_POINT('',(1.382241608383,4.820548532895));
#177 = CARTESIAN_POINT('',(1.374621471869,4.829796101744));
#178 = CARTESIAN_POINT('',(1.367030614864,4.839484211344));
#179 = ( GEOMETRIC_REPRESENTATION_CONTEXT(2) 
PARAMETRIC_REPRESENTATION_CONTEXT() REPRESENTATION_CONTEXT('2D SPACE',''
  ) );
#180 = PCURVE('',#181,#186);
#181 = PLANE('',#182);
#182 = AXIS2_PLACEMENT_3D('',#183,#184,#185);
#183 = CARTESIAN_POINT('',(180.9,1.537916223339E-15,180.9));
#184 = DIRECTION('',(0.,0.,1.));
#185 = DIRECTION('',(1.,0.,-0.));
#186 = DEFINITIONAL_REPRESENTATION('',(#187),#205);
#187 = B_SPLINE_CURVE_WITH_KNOTS('',6,(#188,#189,#190,#191,#192,#193,
    #194,#195,#196,#197,#198,#199,#200,#201,#202,#203,#204),
  .UNSPECIFIED.,.F.,.F.,(7,5,5,7),(0.,0.500047311302,0.770104771578,1.),
  .UNSPECIFIED.);
#188 = CARTESIAN_POINT('',(2.84217094304E-14,-30.15));
#189 = CARTESIAN_POINT('',(-3.115467757651,-30.15));
#190 = CARTESIAN_POINT('',(-6.230932619377,-30.14999990121));
#191 = CARTESIAN_POINT('',(-9.346398124318,-30.15000035965));
#192 = CARTESIAN_POINT('',(-12.46186237342,-30.14896803873));
#193 = CARTESIAN_POINT('',(-15.57731804978,-30.14484534526));
#194 = CARTESIAN_POINT('',(-20.37528578427,-30.12908218094));
#195 = CARTESIAN_POINT('',(-22.05781034601,-30.12177153182));
#196 = CARTESIAN_POINT('',(-23.74032394796,-30.11220166098));
#197 = CARTESIAN_POINT('',(-25.42281874881,-30.0998142254));
#198 = CARTESIAN_POINT('',(-27.10528121618,-30.08397017585));
#199 = CARTESIAN_POINT('',(-30.21989934032,-30.04690912236));
#200 = CARTESIAN_POINT('',(-31.65206750386,-30.02684144339));
#201 = CARTESIAN_POINT('',(-33.08418502281,-30.00330505923));
#202 = CARTESIAN_POINT('',(-34.51623245011,-29.97581461606));
#203 = CARTESIAN_POINT('',(-35.9481824904,-29.94384236374));
#204 = CARTESIAN_POINT('',(-37.38,-29.90681815576));
#205 = ( GEOMETRIC_REPRESENTATION_CONTEXT(2) 
PARAMETRIC_REPRESENTATION_CONTEXT() REPRESENTATION_CONTEXT('2D SPACE',''
  ) );
#206 = ORIENTED_EDGE('',*,*,#207,.T.);
#207 = EDGE_CURVE('',#138,#208,#210,.T.);
#208 = VERTEX_POINT('',#209);
#209 = CARTESIAN_POINT('',(172.05659232981,-29.86832169337,
    184.80019881839));
#210 = SURFACE_CURVE('',#211,(#221,#234),.PCURVE_S1.);
#211 = B_SPLINE_CURVE_WITH_KNOTS('',8,(#212,#213,#214,#215,#216,#217,
    #218,#219,#220),.UNSPECIFIED.,.F.,.F.,(9,9),(0.,1.),
  .PIECEWISE_BEZIER_KNOTS.);
#212 = CARTESIAN_POINT('',(173.06873531712,-30.14952393433,180.8999994)
  );
#213 = CARTESIAN_POINT('',(173.05795132174,-30.14672281805,
    181.39844896698));
#214 = CARTESIAN_POINT('',(173.0108997324,-30.13449663877,
    181.89655396337));
#215 = CARTESIAN_POINT('',(172.92751237992,-30.11277176768,
    182.39235812995));
#216 = CARTESIAN_POINT('',(172.80944067922,-30.08166309167,
    182.88441866439));
#217 = CARTESIAN_POINT('',(172.65978424105,-30.04139425749,
    183.37175427245));
#218 = CARTESIAN_POINT('',(172.48211195927,-29.99223290872,
    183.85371081793));
#219 = CARTESIAN_POINT('',(172.27996560111,-29.93445801633,
    184.32990604333));
#220 = CARTESIAN_POINT('',(172.05659204483,-29.86832160899,
    184.80019941839));
#221 = PCURVE('',#53,#222);
#222 = DEFINITIONAL_REPRESENTATION('',(#223),#233);
#223 = B_SPLINE_CURVE_WITH_KNOTS('',8,(#224,#225,#226,#227,#228,#229,
    #230,#231,#232),.UNSPECIFIED.,.F.,.F.,(9,9),(0.,1.),
  .PIECEWISE_BEZIER_KNOTS.);
#224 = CARTESIAN_POINT('',(1.527532766375,4.718008579603));
#225 = CARTESIAN_POINT('',(1.527592324037,4.734541164542));
#226 = CARTESIAN_POINT('',(1.527451315572,4.751116137501));
#227 = CARTESIAN_POINT('',(1.527111103505,4.767675389008));
#228 = CARTESIAN_POINT('',(1.526582661007,4.784176807802));
#229 = CARTESIAN_POINT('',(1.525884715948,4.800592534462));
#230 = CARTESIAN_POINT('',(1.525038155216,4.81690477157));
#231 = CARTESIAN_POINT('',(1.524063382045,4.833104171854));
#232 = CARTESIAN_POINT('',(1.522978917556,4.849189203166));
#233 = ( GEOMETRIC_REPRESENTATION_CONTEXT(2) 
PARAMETRIC_REPRESENTATION_CONTEXT() REPRESENTATION_CONTEXT('2D SPACE',''
  ) );
#234 = PCURVE('',#235,#240);
#235 = CYLINDRICAL_SURFACE('',#236,31.15);
#236 = AXIS2_PLACEMENT_3D('',#237,#238,#239);
#237 = CARTESIAN_POINT('',(180.9,0.,180.9));
#238 = DIRECTION('',(-0.,-0.,-1.));
#239 = DIRECTION('',(1.,0.,0.));
#240 = DEFINITIONAL_REPRESENTATION('',(#241),#251);
#241 = B_SPLINE_CURVE_WITH_KNOTS('',8,(#242,#243,#244,#245,#246,#247,
    #248,#249,#250),.UNSPECIFIED.,.F.,.F.,(9,9),(0.,1.),
  .PIECEWISE_BEZIER_KNOTS.);
#242 = CARTESIAN_POINT('',(-4.45825741043,5.999999999062E-07));
#243 = CARTESIAN_POINT('',(-4.45789972666,-0.498448966982));
#244 = CARTESIAN_POINT('',(-4.456339080946,-0.996553963371));
#245 = CARTESIAN_POINT('',(-4.453572762505,-1.492358129959));
#246 = CARTESIAN_POINT('',(-4.449653001452,-1.984418664392));
#247 = CARTESIAN_POINT('',(-4.444677902513,-2.47175427245));
#248 = CARTESIAN_POINT('',(-4.438760133457,-2.953710817932));
#249 = CARTESIAN_POINT('',(-4.432011140705,-3.429906043338));
#250 = CARTESIAN_POINT('',(-4.42453252978,-3.900199418398));
#251 = ( GEOMETRIC_REPRESENTATION_CONTEXT(2) 
PARAMETRIC_REPRESENTATION_CONTEXT() REPRESENTATION_CONTEXT('2D SPACE',''
  ) );
#252 = ORIENTED_EDGE('',*,*,#253,.F.);
#253 = EDGE_CURVE('',#254,#208,#256,.T.);
#254 = VERTEX_POINT('',#255);
#255 = CARTESIAN_POINT('',(180.9,-29.89667120562,184.80019881839));
#256 = SURFACE_CURVE('',#257,(#272,#290),.PCURVE_S1.);
#257 = B_SPLINE_CURVE_WITH_KNOTS('',7,(#258,#259,#260,#261,#262,#263,
    #264,#265,#266,#267,#268,#269,#270,#271),.UNSPECIFIED.,.F.,.F.,(8,6,
    8),(0.,0.850210196829,1.),.UNSPECIFIED.);
#258 = CARTESIAN_POINT('',(180.9,-29.89667120562,184.80019881839));
#259 = CARTESIAN_POINT('',(176.3584500039,-29.89667120562,
    184.80019881839));
#260 = CARTESIAN_POINT('',(171.81706176764,-29.87968482925,
    184.80019881839));
#261 = CARTESIAN_POINT('',(167.27565992248,-29.8457097183,
    184.80019881839));
#262 = CARTESIAN_POINT('',(162.73431891517,-29.79120231248,
    184.80019881839));
#263 = CARTESIAN_POINT('',(158.19336496298,-29.70900948807,
    184.80019881839));
#264 = CARTESIAN_POINT('',(153.65337183369,-29.58862280403,
    184.80019881839));
#265 = CARTESIAN_POINT('',(148.31563285958,-29.38519505981,
    184.80019881839));
#266 = CARTESIAN_POINT('',(147.51615702382,-29.35309213901,
    184.80019881839));
#267 = CARTESIAN_POINT('',(146.71675105603,-29.31927932419,
    184.80019881839));
#268 = CARTESIAN_POINT('',(145.91742286009,-29.28367440825,
    184.80019881839));
#269 = CARTESIAN_POINT('',(145.11818141043,-29.24619135203,
    184.80019881839));
#270 = CARTESIAN_POINT('',(144.31903675193,-29.20674028426,
    184.80019881839));
#271 = CARTESIAN_POINT('',(143.52,-29.16522750159,184.80019881839));
#272 = PCURVE('',#53,#273);
#273 = DEFINITIONAL_REPRESENTATION('',(#274),#289);
#274 = B_SPLINE_CURVE_WITH_KNOTS('',7,(#275,#276,#277,#278,#279,#280,
    #281,#282,#283,#284,#285,#286,#287,#288),.UNSPECIFIED.,.F.,.F.,(8,6,
    8),(0.,0.850210196829,1.),.UNSPECIFIED.);
#275 = CARTESIAN_POINT('',(1.570796326795,4.842112336511));
#276 = CARTESIAN_POINT('',(1.546220866243,4.842112336511));
#277 = CARTESIAN_POINT('',(1.521646281062,4.846467743604));
#278 = CARTESIAN_POINT('',(1.497120107223,4.855178068039));
#279 = CARTESIAN_POINT('',(1.472691218365,4.868239784151));
#280 = CARTESIAN_POINT('',(1.44840844397,4.885644992806));
#281 = CARTESIAN_POINT('',(1.424318965853,4.907396178348));
#282 = CARTESIAN_POINT('',(1.396265033469,4.938154702879));
#283 = CARTESIAN_POINT('',(1.392070258346,4.942898551282));
#284 = CARTESIAN_POINT('',(1.387883156246,4.947779205016));
#285 = CARTESIAN_POINT('',(1.38370398341,4.952796987341));
#286 = CARTESIAN_POINT('',(1.379532997186,4.957952274518));
#287 = CARTESIAN_POINT('',(1.375370456029,4.963245495802));
#288 = CARTESIAN_POINT('',(1.371216619499,4.96867713345));
#289 = ( GEOMETRIC_REPRESENTATION_CONTEXT(2) 
PARAMETRIC_REPRESENTATION_CONTEXT() REPRESENTATION_CONTEXT('2D SPACE',''
  ) );
#290 = PCURVE('',#291,#296);
#291 = PLANE('',#292);
#292 = AXIS2_PLACEMENT_3D('',#293,#294,#295);
#293 = CARTESIAN_POINT('',(180.9,1.537916223339E-15,184.80019881839));
#294 = DIRECTION('',(0.,0.,1.));
#295 = DIRECTION('',(1.,0.,-0.));
#296 = DEFINITIONAL_REPRESENTATION('',(#297),#312);
#297 = B_SPLINE_CURVE_WITH_KNOTS('',7,(#298,#299,#300,#301,#302,#303,
    #304,#305,#306,#307,#308,#309,#310,#311),.UNSPECIFIED.,.F.,.F.,(8,6,
    8),(0.,0.850210196829,1.),.UNSPECIFIED.);
#298 = CARTESIAN_POINT('',(2.84217094304E-14,-29.89667120562));
#299 = CARTESIAN_POINT('',(-4.541549996092,-29.89667120562));
#300 = CARTESIAN_POINT('',(-9.082938232357,-29.87968482925));
#301 = CARTESIAN_POINT('',(-13.62434007751,-29.8457097183));
#302 = CARTESIAN_POINT('',(-18.16568108483,-29.79120231248));
#303 = CARTESIAN_POINT('',(-22.70663503701,-29.70900948807));
#304 = CARTESIAN_POINT('',(-27.2466281663,-29.58862280403));
#305 = CARTESIAN_POINT('',(-32.58436714041,-29.38519505981));
#306 = CARTESIAN_POINT('',(-33.38384297617,-29.35309213901));
#307 = CARTESIAN_POINT('',(-34.18324894396,-29.31927932419));
#308 = CARTESIAN_POINT('',(-34.9825771399,-29.28367440825));
#309 = CARTESIAN_POINT('',(-35.78181858956,-29.24619135203));
#310 = CARTESIAN_POINT('',(-36.58096324806,-29.20674028426));
#311 = CARTESIAN_POINT('',(-37.38,-29.16522750159));
#312 = ( GEOMETRIC_REPRESENTATION_CONTEXT(2) 
PARAMETRIC_REPRESENTATION_CONTEXT() REPRESENTATION_CONTEXT('2D SPACE',''
  ) );
#313 = ORIENTED_EDGE('',*,*,#314,.T.);
#314 = EDGE_CURVE('',#254,#315,#317,.T.);
#315 = VERTEX_POINT('',#316);
#316 = CARTESIAN_POINT('',(180.9,29.89667120562,184.80019881839));
#317 = SURFACE_CURVE('',#318,(#323,#330),.PCURVE_S1.);
#318 = CIRCLE('',#319,30.15);
#319 = AXIS2_PLACEMENT_3D('',#320,#321,#322);
#320 = CARTESIAN_POINT('',(180.9,0.,180.9));
#321 = DIRECTION('',(-1.,0.,1.018949568615E-16));
#322 = DIRECTION('',(1.018949568615E-16,0.,1.));
#323 = PCURVE('',#53,#324);
#324 = DEFINITIONAL_REPRESENTATION('',(#325),#329);
#325 = LINE('',#326,#327);
#326 = CARTESIAN_POINT('',(1.570796326795,0.));
#327 = VECTOR('',#328,1.);
#328 = DIRECTION('',(0.,1.));
#329 = ( GEOMETRIC_REPRESENTATION_CONTEXT(2) 
PARAMETRIC_REPRESENTATION_CONTEXT() REPRESENTATION_CONTEXT('2D SPACE',''
  ) );
#330 = PCURVE('',#331,#336);
#331 = PLANE('',#332);
#332 = AXIS2_PLACEMENT_3D('',#333,#334,#335);
#333 = CARTESIAN_POINT('',(180.9,-3.9592292609E-15,180.9));
#334 = DIRECTION('',(1.,0.,0.));
#335 = DIRECTION('',(-0.,0.,1.));
#336 = DEFINITIONAL_REPRESENTATION('',(#337),#345);
#337 = ( BOUNDED_CURVE() B_SPLINE_CURVE(2,(#338,#339,#340,#341,#342,#343
,#344),.UNSPECIFIED.,.T.,.F.) B_SPLINE_CURVE_WITH_KNOTS((1,2,2,2,2,1),(
    -2.094395102393,0.,2.094395102393,4.188790204786,6.28318530718,
8.377580409573),.UNSPECIFIED.) CURVE() GEOMETRIC_REPRESENTATION_ITEM() 
RATIONAL_B_SPLINE_CURVE((1.,0.5,1.,0.5,1.,0.5,1.)) REPRESENTATION_ITEM(
  '') );
#338 = CARTESIAN_POINT('',(30.15,-3.9592292609E-15));
#339 = CARTESIAN_POINT('',(30.15,-52.2213318482));
#340 = CARTESIAN_POINT('',(-15.075,-26.1106659241));
#341 = CARTESIAN_POINT('',(-60.3,-1.134384945976E-14));
#342 = CARTESIAN_POINT('',(-15.075,26.110665924101));
#343 = CARTESIAN_POINT('',(30.15,52.221331848202));
#344 = CARTESIAN_POINT('',(30.15,-3.9592292609E-15));
#345 = ( GEOMETRIC_REPRESENTATION_CONTEXT(2) 
PARAMETRIC_REPRESENTATION_CONTEXT() REPRESENTATION_CONTEXT('2D SPACE',''
  ) );
#346 = ORIENTED_EDGE('',*,*,#347,.F.);
#347 = EDGE_CURVE('',#348,#315,#350,.T.);
#348 = VERTEX_POINT('',#349);
#349 = CARTESIAN_POINT('',(172.05659232981,29.868321693375,
    184.80019881839));
#350 = SURFACE_CURVE('',#351,(#366,#384),.PCURVE_S1.);
#351 = B_SPLINE_CURVE_WITH_KNOTS('',7,(#352,#353,#354,#355,#356,#357,
    #358,#359,#360,#361,#362,#363,#364,#365),.UNSPECIFIED.,.F.,.F.,(8,6,
    8),(0.,0.695704340645,1.),.UNSPECIFIED.);
#352 = CARTESIAN_POINT('',(143.52,29.165227501593,184.80019881839));
#353 = CARTESIAN_POINT('',(147.2311381281,29.358034240707,
    184.80019881839));
#354 = CARTESIAN_POINT('',(150.94446468991,29.506358351424,
    184.80019881839));
#355 = CARTESIAN_POINT('',(154.6591146766,29.619619943548,
    184.80019881839));
#356 = CARTESIAN_POINT('',(158.37446690817,29.705338813832,
    184.80019881839));
#357 = CARTESIAN_POINT('',(162.09013359709,29.769481680911,
    184.80019881839));
#358 = CARTESIAN_POINT('',(165.80596131162,29.816418089689,
    184.80019881839));
#359 = CARTESIAN_POINT('',(171.14740948715,29.863156447639,
    184.80019881839));
#360 = CARTESIAN_POINT('',(172.77281362462,29.874619674956,
    184.80019881839));
#361 = CARTESIAN_POINT('',(174.39823557343,29.88355700645,
    184.80019881839));
#362 = CARTESIAN_POINT('',(176.02366950626,29.890143332866,
    184.80019881839));
#363 = CARTESIAN_POINT('',(177.64911060007,29.894495279385,
    184.80019881839));
#364 = CARTESIAN_POINT('',(179.27455503613,29.89667120562,
    184.80019881839));
#365 = CARTESIAN_POINT('',(180.9,29.89667120562,184.80019881839));
#366 = PCURVE('',#53,#367);
#367 = DEFINITIONAL_REPRESENTATION('',(#368),#383);
#368 = B_SPLINE_CURVE_WITH_KNOTS('',7,(#369,#370,#371,#372,#373,#374,
    #375,#376,#377,#378,#379,#380,#381,#382),.UNSPECIFIED.,.F.,.F.,(8,6,
    8),(0.,0.695704340645,1.),.UNSPECIFIED.);
#369 = CARTESIAN_POINT('',(1.371216619499,7.597693480909));
#370 = CARTESIAN_POINT('',(1.390509175299,7.622920803084));
#371 = CARTESIAN_POINT('',(1.409988776024,7.645161254535));
#372 = CARTESIAN_POINT('',(1.429630719739,7.664466094388));
#373 = CARTESIAN_POINT('',(1.449409374631,7.680853830922));
#374 = CARTESIAN_POINT('',(1.469298590502,7.694329705503));
#375 = CARTESIAN_POINT('',(1.489272275837,7.704893675163));
#376 = CARTESIAN_POINT('',(1.518067031475,7.715890592173));
#377 = CARTESIAN_POINT('',(1.526840317249,7.718679521175));
#378 = CARTESIAN_POINT('',(1.535622550753,7.720910881564));
#379 = CARTESIAN_POINT('',(1.544411505742,7.722584527293));
#380 = CARTESIAN_POINT('',(1.553204948611,7.723700349768));
#381 = CARTESIAN_POINT('',(1.562000638401,7.724258277848));
#382 = CARTESIAN_POINT('',(1.570796326795,7.724258277848));
#383 = ( GEOMETRIC_REPRESENTATION_CONTEXT(2) 
PARAMETRIC_REPRESENTATION_CONTEXT() REPRESENTATION_CONTEXT('2D SPACE',''
  ) );
#384 = PCURVE('',#385,#390);
#385 = PLANE('',#386);
#386 = AXIS2_PLACEMENT_3D('',#387,#388,#389);
#387 = CARTESIAN_POINT('',(180.9,1.537916223339E-15,184.80019881839));
#388 = DIRECTION('',(0.,0.,1.));
#389 = DIRECTION('',(1.,0.,-0.));
#390 = DEFINITIONAL_REPRESENTATION('',(#391),#406);
#391 = B_SPLINE_CURVE_WITH_KNOTS('',7,(#392,#393,#394,#395,#396,#397,
    #398,#399,#400,#401,#402,#403,#404,#405),.UNSPECIFIED.,.F.,.F.,(8,6,
    8),(0.,0.695704340645,1.),.UNSPECIFIED.);
#392 = CARTESIAN_POINT('',(-37.38,29.165227501593));
#393 = CARTESIAN_POINT('',(-33.66886187189,29.358034240707));
#394 = CARTESIAN_POINT('',(-29.95553531008,29.506358351424));
#395 = CARTESIAN_POINT('',(-26.24088532339,29.619619943548));
#396 = CARTESIAN_POINT('',(-22.52553309183,29.705338813832));
#397 = CARTESIAN_POINT('',(-18.8098664029,29.769481680911));
#398 = CARTESIAN_POINT('',(-15.09403868837,29.816418089689));
#399 = CARTESIAN_POINT('',(-9.752590512841,29.863156447639));
#400 = CARTESIAN_POINT('',(-8.127186375378,29.874619674956));
#401 = CARTESIAN_POINT('',(-6.501764426567,29.88355700645));
#402 = CARTESIAN_POINT('',(-4.876330493739,29.890143332866));
#403 = CARTESIAN_POINT('',(-3.250889399929,29.894495279385));
#404 = CARTESIAN_POINT('',(-1.62544496387,29.89667120562));
#405 = CARTESIAN_POINT('',(2.84217094304E-14,29.89667120562));
#406 = ( GEOMETRIC_REPRESENTATION_CONTEXT(2) 
PARAMETRIC_REPRESENTATION_CONTEXT() REPRESENTATION_CONTEXT('2D SPACE',''
  ) );
#407 = ORIENTED_EDGE('',*,*,#408,.T.);
#408 = EDGE_CURVE('',#348,#409,#411,.T.);
#409 = VERTEX_POINT('',#410);
#410 = CARTESIAN_POINT('',(173.06873530414,30.149523930958,180.9));
#411 = SURFACE_CURVE('',#412,(#422,#435),.PCURVE_S1.);
#412 = B_SPLINE_CURVE_WITH_KNOTS('',8,(#413,#414,#415,#416,#417,#418,
    #419,#420,#421),.UNSPECIFIED.,.F.,.F.,(9,9),(0.,1.),
  .PIECEWISE_BEZIER_KNOTS.);
#413 = CARTESIAN_POINT('',(172.05659204483,29.868321608998,
    184.80019941839));
#414 = CARTESIAN_POINT('',(172.27996438952,29.934457657614,
    184.32990859421));
#415 = CARTESIAN_POINT('',(172.48211239834,29.992233062633,
    183.85371043762));
#416 = CARTESIAN_POINT('',(172.65978521668,30.041394511534,
    183.37175190024));
#417 = CARTESIAN_POINT('',(172.80944064909,30.081663071232,
    182.88441745345));
#418 = CARTESIAN_POINT('',(172.92751110472,30.112771426566,
    182.39236077511));
#419 = CARTESIAN_POINT('',(173.01089840188,30.134496296121,
    181.89656109724));
#420 = CARTESIAN_POINT('',(173.05795114828,30.146722772999,
    181.39845698469));
#421 = CARTESIAN_POINT('',(173.06873531712,30.14952393433,180.8999994));
#422 = PCURVE('',#53,#423);
#423 = DEFINITIONAL_REPRESENTATION('',(#424),#434);
#424 = B_SPLINE_CURVE_WITH_KNOTS('',8,(#425,#426,#427,#428,#429,#430,
    #431,#432,#433),.UNSPECIFIED.,.F.,.F.,(9,9),(0.,1.),
  .PIECEWISE_BEZIER_KNOTS.);
#425 = CARTESIAN_POINT('',(1.522978917556,7.717181411193));
#426 = CARTESIAN_POINT('',(1.524063376163,7.733266355259));
#427 = CARTESIAN_POINT('',(1.525038157421,7.749465856748));
#428 = CARTESIAN_POINT('',(1.525884720664,7.765778160204));
#429 = CARTESIAN_POINT('',(1.526582660658,7.782193846298));
#430 = CARTESIAN_POINT('',(1.527111097179,7.798695135453));
#431 = CARTESIAN_POINT('',(1.52745130993,7.815254238512));
#432 = CARTESIAN_POINT('',(1.527592324995,7.831829183885));
#433 = CARTESIAN_POINT('',(1.527532766375,7.848362034757));
#434 = ( GEOMETRIC_REPRESENTATION_CONTEXT(2) 
PARAMETRIC_REPRESENTATION_CONTEXT() REPRESENTATION_CONTEXT('2D SPACE',''
  ) );
#435 = PCURVE('',#436,#441);
#436 = CYLINDRICAL_SURFACE('',#437,31.15);
#437 = AXIS2_PLACEMENT_3D('',#438,#439,#440);
#438 = CARTESIAN_POINT('',(180.9,0.,180.9));
#439 = DIRECTION('',(-0.,-0.,-1.));
#440 = DIRECTION('',(1.,0.,0.));
#441 = DEFINITIONAL_REPRESENTATION('',(#442),#452);
#442 = B_SPLINE_CURVE_WITH_KNOTS('',8,(#443,#444,#445,#446,#447,#448,
    #449,#450,#451),.UNSPECIFIED.,.F.,.F.,(9,9),(0.,1.),
  .PIECEWISE_BEZIER_KNOTS.);
#443 = CARTESIAN_POINT('',(-1.858652777399,-3.900199418398));
#444 = CARTESIAN_POINT('',(-1.851174207039,-3.429908594216));
#445 = CARTESIAN_POINT('',(-1.84442515881,-2.953710437625));
#446 = CARTESIAN_POINT('',(-1.838507372308,-2.471751900247));
#447 = CARTESIAN_POINT('',(-1.833532306848,-1.984417453459));
#448 = CARTESIAN_POINT('',(-1.829612587029,-1.492360775113));
#449 = CARTESIAN_POINT('',(-1.826846270351,-0.996561097248));
#450 = CARTESIAN_POINT('',(-1.825285586273,-0.498456984699));
#451 = CARTESIAN_POINT('',(-1.82492789675,5.999999999062E-07));
#452 = ( GEOMETRIC_REPRESENTATION_CONTEXT(2) 
PARAMETRIC_REPRESENTATION_CONTEXT() REPRESENTATION_CONTEXT('2D SPACE',''
  ) );
#453 = ORIENTED_EDGE('',*,*,#454,.T.);
#454 = EDGE_CURVE('',#409,#455,#457,.T.);
#455 = VERTEX_POINT('',#456);
#456 = CARTESIAN_POINT('',(180.9,30.15,180.9));
#457 = SURFACE_CURVE('',#458,(#476,#497),.PCURVE_S1.);
#458 = B_SPLINE_CURVE_WITH_KNOTS('',6,(#459,#460,#461,#462,#463,#464,
    #465,#466,#467,#468,#469,#470,#471,#472,#473,#474,#475),
  .UNSPECIFIED.,.F.,.F.,(7,5,5,7),(0.,0.440112972621,0.75462515085,1.),
  .UNSPECIFIED.);
#459 = CARTESIAN_POINT('',(143.52,29.906818155769,180.9));
#460 = CARTESIAN_POINT('',(146.2610830511,29.977697599741,180.9));
#461 = CARTESIAN_POINT('',(149.00263541609,30.030060789241,180.9));
#462 = CARTESIAN_POINT('',(151.74444099887,30.067913066862,180.9));
#463 = CARTESIAN_POINT('',(154.48635809668,30.094673754478,180.9));
#464 = CARTESIAN_POINT('',(157.22831864873,30.11321770677,180.9));
#465 = CARTESIAN_POINT('',(161.92981543287,30.134862005256,180.9));
#466 = CARTESIAN_POINT('',(163.88931802487,30.140859427124,180.9));
#467 = CARTESIAN_POINT('',(165.84882885009,30.144671617045,180.9));
#468 = CARTESIAN_POINT('',(167.80834313368,30.14698692134,180.9));
#469 = CARTESIAN_POINT('',(169.76785892662,30.148339375189,180.9));
#470 = CARTESIAN_POINT('',(173.25614614554,30.149701054539,180.9));
#471 = CARTESIAN_POINT('',(174.7849160936,30.149940080728,180.9));
#472 = CARTESIAN_POINT('',(176.31368667652,30.150000029598,180.9));
#473 = CARTESIAN_POINT('',(177.84245765235,30.150000094689,180.9));
#474 = CARTESIAN_POINT('',(179.37122881615,30.15,180.9));
#475 = CARTESIAN_POINT('',(180.9,30.15,180.9));
#476 = PCURVE('',#53,#477);
#477 = DEFINITIONAL_REPRESENTATION('',(#478),#496);
#478 = B_SPLINE_CURVE_WITH_KNOTS('',6,(#479,#480,#481,#482,#483,#484,
    #485,#486,#487,#488,#489,#490,#491,#492,#493,#494,#495),
  .UNSPECIFIED.,.F.,.F.,(7,5,5,7),(0.,0.440112972621,0.75462515085,1.),
  .UNSPECIFIED.);
#479 = CARTESIAN_POINT('',(1.367030614864,7.726886403015));
#480 = CARTESIAN_POINT('',(1.381562613069,7.745433398595));
#481 = CARTESIAN_POINT('',(1.396201827291,7.762365588868));
#482 = CARTESIAN_POINT('',(1.410937546651,7.777688050954));
#483 = CARTESIAN_POINT('',(1.425758619858,7.791397133338));
#484 = CARTESIAN_POINT('',(1.440653610765,7.803485892152));
#485 = CARTESIAN_POINT('',(1.466299792638,7.821422213428));
#486 = CARTESIAN_POINT('',(1.477020402219,7.828066326475));
#487 = CARTESIAN_POINT('',(1.487768562569,7.833876246506));
#488 = CARTESIAN_POINT('',(1.498539898137,7.838849027743));
#489 = CARTESIAN_POINT('',(1.509329953081,7.842982032833));
#490 = CARTESIAN_POINT('',(1.52856346148,7.848841190913));
#491 = CARTESIAN_POINT('',(1.537001350081,7.850896715715));
#492 = CARTESIAN_POINT('',(1.545445744886,7.852439002399));
#493 = CARTESIAN_POINT('',(1.553894487387,7.853467417222));
#494 = CARTESIAN_POINT('',(1.562345408145,7.853981633974));
#495 = CARTESIAN_POINT('',(1.570796326795,7.853981633974));
#496 = ( GEOMETRIC_REPRESENTATION_CONTEXT(2) 
PARAMETRIC_REPRESENTATION_CONTEXT() REPRESENTATION_CONTEXT('2D SPACE',''
  ) );
#497 = PCURVE('',#498,#503);
#498 = PLANE('',#499);
#499 = AXIS2_PLACEMENT_3D('',#500,#501,#502);
#500 = CARTESIAN_POINT('',(180.9,1.537916223339E-15,180.9));
#501 = DIRECTION('',(0.,0.,1.));
#502 = DIRECTION('',(1.,0.,-0.));
#503 = DEFINITIONAL_REPRESENTATION('',(#504),#522);
#504 = B_SPLINE_CURVE_WITH_KNOTS('',6,(#505,#506,#507,#508,#509,#510,
    #511,#512,#513,#514,#515,#516,#517,#518,#519,#520,#521),
  .UNSPECIFIED.,.F.,.F.,(7,5,5,7),(0.,0.440112972621,0.75462515085,1.),
  .UNSPECIFIED.);
#505 = CARTESIAN_POINT('',(-37.38,29.906818155769));
#506 = CARTESIAN_POINT('',(-34.63891694889,29.977697599741));
#507 = CARTESIAN_POINT('',(-31.8973645839,30.030060789241));
#508 = CARTESIAN_POINT('',(-29.15555900112,30.067913066862));
#509 = CARTESIAN_POINT('',(-26.41364190331,30.094673754478));
#510 = CARTESIAN_POINT('',(-23.67168135126,30.11321770677));
#511 = CARTESIAN_POINT('',(-18.97018456712,30.134862005256));
#512 = CARTESIAN_POINT('',(-17.01068197512,30.140859427124));
#513 = CARTESIAN_POINT('',(-15.0511711499,30.144671617045));
#514 = CARTESIAN_POINT('',(-13.09165686631,30.14698692134));
#515 = CARTESIAN_POINT('',(-11.13214107337,30.148339375189));
#516 = CARTESIAN_POINT('',(-7.643853854454,30.149701054539));
#517 = CARTESIAN_POINT('',(-6.115083906397,30.149940080728));
#518 = CARTESIAN_POINT('',(-4.586313323479,30.150000029598));
#519 = CARTESIAN_POINT('',(-3.057542347647,30.150000094689));
#520 = CARTESIAN_POINT('',(-1.528771183842,30.15));
#521 = CARTESIAN_POINT('',(2.84217094304E-14,30.15));
#522 = ( GEOMETRIC_REPRESENTATION_CONTEXT(2) 
PARAMETRIC_REPRESENTATION_CONTEXT() REPRESENTATION_CONTEXT('2D SPACE',''
  ) );
#523 = ORIENTED_EDGE('',*,*,#524,.T.);
#524 = EDGE_CURVE('',#455,#82,#525,.T.);
#525 = SURFACE_CURVE('',#526,(#531,#538),.PCURVE_S1.);
#526 = CIRCLE('',#527,30.15);
#527 = AXIS2_PLACEMENT_3D('',#528,#529,#530);
#528 = CARTESIAN_POINT('',(180.9,0.,180.9));
#529 = DIRECTION('',(-1.,0.,1.018949568615E-16));
#530 = DIRECTION('',(1.018949568615E-16,0.,1.));
#531 = PCURVE('',#53,#532);
#532 = DEFINITIONAL_REPRESENTATION('',(#533),#537);
#533 = LINE('',#534,#535);
#534 = CARTESIAN_POINT('',(1.570796326795,0.));
#535 = VECTOR('',#536,1.);
#536 = DIRECTION('',(0.,1.));
#537 = ( GEOMETRIC_REPRESENTATION_CONTEXT(2) 
PARAMETRIC_REPRESENTATION_CONTEXT() REPRESENTATION_CONTEXT('2D SPACE',''
  ) );
#538 = PCURVE('',#121,#539);
#539 = DEFINITIONAL_REPRESENTATION('',(#540),#548);
#540 = ( BOUNDED_CURVE() B_SPLINE_CURVE(2,(#541,#542,#543,#544,#545,#546
,#547),.UNSPECIFIED.,.T.,.F.) B_SPLINE_CURVE_WITH_KNOTS((1,2,2,2,2,1),(
    -2.094395102393,0.,2.094395102393,4.188790204786,6.28318530718,
8.377580409573),.UNSPECIFIED.) CURVE() GEOMETRIC_REPRESENTATION_ITEM() 
RATIONAL_B_SPLINE_CURVE((1.,0.5,1.,0.5,1.,0.5,1.)) REPRESENTATION_ITEM(
  '') );
#541 = CARTESIAN_POINT('',(30.15,-3.9592292609E-15));
#542 = CARTESIAN_POINT('',(30.15,-52.2213318482));
#543 = CARTESIAN_POINT('',(-15.075,-26.1106659241));
#544 = CARTESIAN_POINT('',(-60.3,-1.134384945976E-14));
#545 = CARTESIAN_POINT('',(-15.075,26.110665924101));
#546 = CARTESIAN_POINT('',(30.15,52.221331848202));
#547 = CARTESIAN_POINT('',(30.15,-3.9592292609E-15));
#548 = ( GEOMETRIC_REPRESENTATION_CONTEXT(2) 
PARAMETRIC_REPRESENTATION_CONTEXT() REPRESENTATION_CONTEXT('2D SPACE',''
  ) );
#549 = ORIENTED_EDGE('',*,*,#81,.F.);
#550 = ADVANCED_FACE('',(#551,#554),#65,.F.);
#551 = FACE_BOUND('',#552,.F.);
#552 = EDGE_LOOP('',(#553));
#553 = ORIENTED_EDGE('',*,*,#43,.F.);
#554 = FACE_BOUND('',#555,.F.);
#555 = EDGE_LOOP('',(#556));
#556 = ORIENTED_EDGE('',*,*,#557,.T.);
#557 = EDGE_CURVE('',#558,#558,#560,.T.);
#558 = VERTEX_POINT('',#559);
#559 = CARTESIAN_POINT('',(26.24,0.,1.545990164705E-15));
#560 = SURFACE_CURVE('',#561,(#566,#577),.PCURVE_S1.);
#561 = CIRCLE('',#562,26.24);
#562 = AXIS2_PLACEMENT_3D('',#563,#564,#565);
#563 = CARTESIAN_POINT('',(0.,0.,1.577721810442E-30));
#564 = DIRECTION('',(5.891730810614E-17,0.,-1.));
#565 = DIRECTION('',(-1.,0.,-5.891730810614E-17));
#566 = PCURVE('',#65,#567);
#567 = DEFINITIONAL_REPRESENTATION('',(#568),#576);
#568 = ( BOUNDED_CURVE() B_SPLINE_CURVE(2,(#569,#570,#571,#572,#573,#574
,#575),.UNSPECIFIED.,.T.,.F.) B_SPLINE_CURVE_WITH_KNOTS((1,2,2,2,2,1),(
    -2.094395102393,0.,2.094395102393,4.188790204786,6.28318530718,
8.377580409573),.UNSPECIFIED.) CURVE() GEOMETRIC_REPRESENTATION_ITEM() 
RATIONAL_B_SPLINE_CURVE((1.,0.5,1.,0.5,1.,0.5,1.)) REPRESENTATION_ITEM(
  '') );
#569 = CARTESIAN_POINT('',(-26.24,3.9592292609E-15));
#570 = CARTESIAN_POINT('',(-26.24,45.449013190607));
#571 = CARTESIAN_POINT('',(13.12,22.724506595304));
#572 = CARTESIAN_POINT('',(52.48,1.038617566283E-14));
#573 = CARTESIAN_POINT('',(13.12,-22.7245065953));
#574 = CARTESIAN_POINT('',(-26.24,-45.4490131906));
#575 = CARTESIAN_POINT('',(-26.24,3.9592292609E-15));
#576 = ( GEOMETRIC_REPRESENTATION_CONTEXT(2) 
PARAMETRIC_REPRESENTATION_CONTEXT() REPRESENTATION_CONTEXT('2D SPACE',''
  ) );
#577 = PCURVE('',#578,#583);
#578 = TOROIDAL_SURFACE('',#579,180.9,26.24);
#579 = AXIS2_PLACEMENT_3D('',#580,#581,#582);
#580 = CARTESIAN_POINT('',(180.9,0.,1.06581410364E-14));
#581 = DIRECTION('',(0.,1.,-0.));
#582 = DIRECTION('',(-1.,0.,-5.891730810614E-17));
#583 = DEFINITIONAL_REPRESENTATION('',(#584),#588);
#584 = LINE('',#585,#586);
#585 = CARTESIAN_POINT('',(0.,0.));
#586 = VECTOR('',#587,1.);
#587 = DIRECTION('',(0.,1.));
#588 = ( GEOMETRIC_REPRESENTATION_CONTEXT(2) 
PARAMETRIC_REPRESENTATION_CONTEXT() REPRESENTATION_CONTEXT('2D SPACE',''
  ) );
#589 = ADVANCED_FACE('',(#590),#121,.T.);
#590 = FACE_BOUND('',#591,.T.);
#591 = EDGE_LOOP('',(#592,#593,#594,#615,#641,#667,#695,#723,#744,#770)
  );
#592 = ORIENTED_EDGE('',*,*,#104,.F.);
#593 = ORIENTED_EDGE('',*,*,#524,.F.);
#594 = ORIENTED_EDGE('',*,*,#595,.T.);
#595 = EDGE_CURVE('',#455,#596,#598,.T.);
#596 = VERTEX_POINT('',#597);
#597 = CARTESIAN_POINT('',(180.9,27.022,180.9));
#598 = SURFACE_CURVE('',#599,(#603,#609),.PCURVE_S1.);
#599 = LINE('',#600,#601);
#600 = CARTESIAN_POINT('',(180.9,-1.210656518781E-15,180.9));
#601 = VECTOR('',#602,1.);
#602 = DIRECTION('',(0.,-1.,0.));
#603 = PCURVE('',#121,#604);
#604 = DEFINITIONAL_REPRESENTATION('',(#605),#608);
#605 = B_SPLINE_CURVE_WITH_KNOTS('',1,(#606,#607),.UNSPECIFIED.,.F.,.F.,
  (2,2),(-30.15,30.15),.PIECEWISE_BEZIER_KNOTS.);
#606 = CARTESIAN_POINT('',(0.,-30.15));
#607 = CARTESIAN_POINT('',(0.,30.15));
#608 = ( GEOMETRIC_REPRESENTATION_CONTEXT(2) 
PARAMETRIC_REPRESENTATION_CONTEXT() REPRESENTATION_CONTEXT('2D SPACE',''
  ) );
#609 = PCURVE('',#498,#610);
#610 = DEFINITIONAL_REPRESENTATION('',(#611),#614);
#611 = B_SPLINE_CURVE_WITH_KNOTS('',1,(#612,#613),.UNSPECIFIED.,.F.,.F.,
  (2,2),(-30.15,30.15),.PIECEWISE_BEZIER_KNOTS.);
#612 = CARTESIAN_POINT('',(2.84217094304E-14,30.15));
#613 = CARTESIAN_POINT('',(2.84217094304E-14,-30.15));
#614 = ( GEOMETRIC_REPRESENTATION_CONTEXT(2) 
PARAMETRIC_REPRESENTATION_CONTEXT() REPRESENTATION_CONTEXT('2D SPACE',''
  ) );
#615 = ORIENTED_EDGE('',*,*,#616,.F.);
#616 = EDGE_CURVE('',#617,#596,#619,.T.);
#617 = VERTEX_POINT('',#618);
#618 = CARTESIAN_POINT('',(180.9,27.022,182.4));
#619 = SURFACE_CURVE('',#620,(#624,#630),.PCURVE_S1.);
#620 = LINE('',#621,#622);
#621 = CARTESIAN_POINT('',(180.9,27.022,180.9));
#622 = VECTOR('',#623,1.);
#623 = DIRECTION('',(-0.,-0.,-1.));
#624 = PCURVE('',#121,#625);
#625 = DEFINITIONAL_REPRESENTATION('',(#626),#629);
#626 = B_SPLINE_CURVE_WITH_KNOTS('',1,(#627,#628),.UNSPECIFIED.,.F.,.F.,
  (2,2),(-3.900199418398,5.999999928008E-07),.PIECEWISE_BEZIER_KNOTS.);
#627 = CARTESIAN_POINT('',(3.900199418398,-27.022));
#628 = CARTESIAN_POINT('',(-5.999999643791E-07,-27.022));
#629 = ( GEOMETRIC_REPRESENTATION_CONTEXT(2) 
PARAMETRIC_REPRESENTATION_CONTEXT() REPRESENTATION_CONTEXT('2D SPACE',''
  ) );
#630 = PCURVE('',#631,#636);
#631 = CYLINDRICAL_SURFACE('',#632,27.022);
#632 = AXIS2_PLACEMENT_3D('',#633,#634,#635);
#633 = CARTESIAN_POINT('',(180.9,9.124144279423E-16,180.9));
#634 = DIRECTION('',(-0.,-0.,-1.));
#635 = DIRECTION('',(1.,0.,0.));
#636 = DEFINITIONAL_REPRESENTATION('',(#637),#640);
#637 = B_SPLINE_CURVE_WITH_KNOTS('',1,(#638,#639),.UNSPECIFIED.,.F.,.F.,
  (2,2),(-3.900199418398,5.999999928008E-07),.PIECEWISE_BEZIER_KNOTS.);
#638 = CARTESIAN_POINT('',(-1.570796326795,-3.900199418398));
#639 = CARTESIAN_POINT('',(-1.570796326795,5.999999928008E-07));
#640 = ( GEOMETRIC_REPRESENTATION_CONTEXT(2) 
PARAMETRIC_REPRESENTATION_CONTEXT() REPRESENTATION_CONTEXT('2D SPACE',''
  ) );
#641 = ORIENTED_EDGE('',*,*,#642,.T.);
#642 = EDGE_CURVE('',#617,#643,#645,.T.);
#643 = VERTEX_POINT('',#644);
#644 = CARTESIAN_POINT('',(180.9,26.197091441609,182.4));
#645 = SURFACE_CURVE('',#646,(#650,#656),.PCURVE_S1.);
#646 = LINE('',#647,#648);
#647 = CARTESIAN_POINT('',(180.9,-1.97961463045E-15,182.4));
#648 = VECTOR('',#649,1.);
#649 = DIRECTION('',(0.,-1.,0.));
#650 = PCURVE('',#121,#651);
#651 = DEFINITIONAL_REPRESENTATION('',(#652),#655);
#652 = B_SPLINE_CURVE_WITH_KNOTS('',1,(#653,#654),.UNSPECIFIED.,.F.,.F.,
  (2,2),(-30.15,30.15),.PIECEWISE_BEZIER_KNOTS.);
#653 = CARTESIAN_POINT('',(1.5,-30.15));
#654 = CARTESIAN_POINT('',(1.5,30.15));
#655 = ( GEOMETRIC_REPRESENTATION_CONTEXT(2) 
PARAMETRIC_REPRESENTATION_CONTEXT() REPRESENTATION_CONTEXT('2D SPACE',''
  ) );
#656 = PCURVE('',#657,#662);
#657 = PLANE('',#658);
#658 = AXIS2_PLACEMENT_3D('',#659,#660,#661);
#659 = CARTESIAN_POINT('',(180.9,0.,182.4));
#660 = DIRECTION('',(0.,0.,1.));
#661 = DIRECTION('',(1.,0.,0.));
#662 = DEFINITIONAL_REPRESENTATION('',(#663),#666);
#663 = B_SPLINE_CURVE_WITH_KNOTS('',1,(#664,#665),.UNSPECIFIED.,.F.,.F.,
  (2,2),(-30.15,30.15),.PIECEWISE_BEZIER_KNOTS.);
#664 = CARTESIAN_POINT('',(0.,30.15));
#665 = CARTESIAN_POINT('',(0.,-30.15));
#666 = ( GEOMETRIC_REPRESENTATION_CONTEXT(2) 
PARAMETRIC_REPRESENTATION_CONTEXT() REPRESENTATION_CONTEXT('2D SPACE',''
  ) );
#667 = ORIENTED_EDGE('',*,*,#668,.T.);
#668 = EDGE_CURVE('',#643,#669,#671,.T.);
#669 = VERTEX_POINT('',#670);
#670 = CARTESIAN_POINT('',(180.9,0.,154.66));
#671 = SURFACE_CURVE('',#672,(#677,#688),.PCURVE_S1.);
#672 = CIRCLE('',#673,26.24);
#673 = AXIS2_PLACEMENT_3D('',#674,#675,#676);
#674 = CARTESIAN_POINT('',(180.9,0.,180.9));
#675 = DIRECTION('',(-1.,0.,1.018949568615E-16));
#676 = DIRECTION('',(1.018949568615E-16,0.,1.));
#677 = PCURVE('',#121,#678);
#678 = DEFINITIONAL_REPRESENTATION('',(#679),#687);
#679 = ( BOUNDED_CURVE() B_SPLINE_CURVE(2,(#680,#681,#682,#683,#684,#685
,#686),.UNSPECIFIED.,.T.,.F.) B_SPLINE_CURVE_WITH_KNOTS((1,2,2,2,2,1),(
    -2.094395102393,0.,2.094395102393,4.188790204786,6.28318530718,
8.377580409573),.UNSPECIFIED.) CURVE() GEOMETRIC_REPRESENTATION_ITEM() 
RATIONAL_B_SPLINE_CURVE((1.,0.5,1.,0.5,1.,0.5,1.)) REPRESENTATION_ITEM(
  '') );
#680 = CARTESIAN_POINT('',(26.24,-3.9592292609E-15));
#681 = CARTESIAN_POINT('',(26.24,-45.4490131906));
#682 = CARTESIAN_POINT('',(-13.12,-22.7245065953));
#683 = CARTESIAN_POINT('',(-52.48,-1.038617566283E-14));
#684 = CARTESIAN_POINT('',(-13.12,22.724506595304));
#685 = CARTESIAN_POINT('',(26.24,45.449013190607));
#686 = CARTESIAN_POINT('',(26.24,-3.9592292609E-15));
#687 = ( GEOMETRIC_REPRESENTATION_CONTEXT(2) 
PARAMETRIC_REPRESENTATION_CONTEXT() REPRESENTATION_CONTEXT('2D SPACE',''
  ) );
#688 = PCURVE('',#578,#689);
#689 = DEFINITIONAL_REPRESENTATION('',(#690),#694);
#690 = LINE('',#691,#692);
#691 = CARTESIAN_POINT('',(1.570796326795,0.));
#692 = VECTOR('',#693,1.);
#693 = DIRECTION('',(0.,1.));
#694 = ( GEOMETRIC_REPRESENTATION_CONTEXT(2) 
PARAMETRIC_REPRESENTATION_CONTEXT() REPRESENTATION_CONTEXT('2D SPACE',''
  ) );
#695 = ORIENTED_EDGE('',*,*,#696,.T.);
#696 = EDGE_CURVE('',#669,#697,#699,.T.);
#697 = VERTEX_POINT('',#698);
#698 = CARTESIAN_POINT('',(180.9,-26.1970914416,182.4));
#699 = SURFACE_CURVE('',#700,(#705,#716),.PCURVE_S1.);
#700 = CIRCLE('',#701,26.24);
#701 = AXIS2_PLACEMENT_3D('',#702,#703,#704);
#702 = CARTESIAN_POINT('',(180.9,0.,180.9));
#703 = DIRECTION('',(-1.,0.,1.018949568615E-16));
#704 = DIRECTION('',(1.018949568615E-16,0.,1.));
#705 = PCURVE('',#121,#706);
#706 = DEFINITIONAL_REPRESENTATION('',(#707),#715);
#707 = ( BOUNDED_CURVE() B_SPLINE_CURVE(2,(#708,#709,#710,#711,#712,#713
,#714),.UNSPECIFIED.,.T.,.F.) B_SPLINE_CURVE_WITH_KNOTS((1,2,2,2,2,1),(
    -2.094395102393,0.,2.094395102393,4.188790204786,6.28318530718,
8.377580409573),.UNSPECIFIED.) CURVE() GEOMETRIC_REPRESENTATION_ITEM() 
RATIONAL_B_SPLINE_CURVE((1.,0.5,1.,0.5,1.,0.5,1.)) REPRESENTATION_ITEM(
  '') );
#708 = CARTESIAN_POINT('',(26.24,-3.9592292609E-15));
#709 = CARTESIAN_POINT('',(26.24,-45.4490131906));
#710 = CARTESIAN_POINT('',(-13.12,-22.7245065953));
#711 = CARTESIAN_POINT('',(-52.48,-1.038617566283E-14));
#712 = CARTESIAN_POINT('',(-13.12,22.724506595304));
#713 = CARTESIAN_POINT('',(26.24,45.449013190607));
#714 = CARTESIAN_POINT('',(26.24,-3.9592292609E-15));
#715 = ( GEOMETRIC_REPRESENTATION_CONTEXT(2) 
PARAMETRIC_REPRESENTATION_CONTEXT() REPRESENTATION_CONTEXT('2D SPACE',''
  ) );
#716 = PCURVE('',#578,#717);
#717 = DEFINITIONAL_REPRESENTATION('',(#718),#722);
#718 = LINE('',#719,#720);
#719 = CARTESIAN_POINT('',(1.570796326795,0.));
#720 = VECTOR('',#721,1.);
#721 = DIRECTION('',(0.,1.));
#722 = ( GEOMETRIC_REPRESENTATION_CONTEXT(2) 
PARAMETRIC_REPRESENTATION_CONTEXT() REPRESENTATION_CONTEXT('2D SPACE',''
  ) );
#723 = ORIENTED_EDGE('',*,*,#724,.T.);
#724 = EDGE_CURVE('',#697,#725,#727,.T.);
#725 = VERTEX_POINT('',#726);
#726 = CARTESIAN_POINT('',(180.9,-27.022,182.4));
#727 = SURFACE_CURVE('',#728,(#732,#738),.PCURVE_S1.);
#728 = LINE('',#729,#730);
#729 = CARTESIAN_POINT('',(180.9,-1.97961463045E-15,182.4));
#730 = VECTOR('',#731,1.);
#731 = DIRECTION('',(0.,-1.,0.));
#732 = PCURVE('',#121,#733);
#733 = DEFINITIONAL_REPRESENTATION('',(#734),#737);
#734 = B_SPLINE_CURVE_WITH_KNOTS('',1,(#735,#736),.UNSPECIFIED.,.F.,.F.,
  (2,2),(-30.15,30.15),.PIECEWISE_BEZIER_KNOTS.);
#735 = CARTESIAN_POINT('',(1.5,-30.15));
#736 = CARTESIAN_POINT('',(1.5,30.15));
#737 = ( GEOMETRIC_REPRESENTATION_CONTEXT(2) 
PARAMETRIC_REPRESENTATION_CONTEXT() REPRESENTATION_CONTEXT('2D SPACE',''
  ) );
#738 = PCURVE('',#657,#739);
#739 = DEFINITIONAL_REPRESENTATION('',(#740),#743);
#740 = B_SPLINE_CURVE_WITH_KNOTS('',1,(#741,#742),.UNSPECIFIED.,.F.,.F.,
  (2,2),(-30.15,30.15),.PIECEWISE_BEZIER_KNOTS.);
#741 = CARTESIAN_POINT('',(0.,30.15));
#742 = CARTESIAN_POINT('',(0.,-30.15));
#743 = ( GEOMETRIC_REPRESENTATION_CONTEXT(2) 
PARAMETRIC_REPRESENTATION_CONTEXT() REPRESENTATION_CONTEXT('2D SPACE',''
  ) );
#744 = ORIENTED_EDGE('',*,*,#745,.T.);
#745 = EDGE_CURVE('',#725,#746,#748,.T.);
#746 = VERTEX_POINT('',#747);
#747 = CARTESIAN_POINT('',(180.9,-27.022,180.9));
#748 = SURFACE_CURVE('',#749,(#753,#759),.PCURVE_S1.);
#749 = LINE('',#750,#751);
#750 = CARTESIAN_POINT('',(180.9,-27.022,180.9));
#751 = VECTOR('',#752,1.);
#752 = DIRECTION('',(-0.,-0.,-1.));
#753 = PCURVE('',#121,#754);
#754 = DEFINITIONAL_REPRESENTATION('',(#755),#758);
#755 = B_SPLINE_CURVE_WITH_KNOTS('',1,(#756,#757),.UNSPECIFIED.,.F.,.F.,
  (2,2),(-3.900199418398,5.999999928008E-07),.PIECEWISE_BEZIER_KNOTS.);
#756 = CARTESIAN_POINT('',(3.900199418398,27.022));
#757 = CARTESIAN_POINT('',(-5.999999643791E-07,27.022));
#758 = ( GEOMETRIC_REPRESENTATION_CONTEXT(2) 
PARAMETRIC_REPRESENTATION_CONTEXT() REPRESENTATION_CONTEXT('2D SPACE',''
  ) );
#759 = PCURVE('',#760,#765);
#760 = CYLINDRICAL_SURFACE('',#761,27.022);
#761 = AXIS2_PLACEMENT_3D('',#762,#763,#764);
#762 = CARTESIAN_POINT('',(180.9,9.124144279423E-16,180.9));
#763 = DIRECTION('',(-0.,-0.,-1.));
#764 = DIRECTION('',(1.,0.,0.));
#765 = DEFINITIONAL_REPRESENTATION('',(#766),#769);
#766 = B_SPLINE_CURVE_WITH_KNOTS('',1,(#767,#768),.UNSPECIFIED.,.F.,.F.,
  (2,2),(-3.900199418398,5.999999928008E-07),.PIECEWISE_BEZIER_KNOTS.);
#767 = CARTESIAN_POINT('',(-4.712388980385,-3.900199418398));
#768 = CARTESIAN_POINT('',(-4.712388980385,5.999999928008E-07));
#769 = ( GEOMETRIC_REPRESENTATION_CONTEXT(2) 
PARAMETRIC_REPRESENTATION_CONTEXT() REPRESENTATION_CONTEXT('2D SPACE',''
  ) );
#770 = ORIENTED_EDGE('',*,*,#771,.T.);
#771 = EDGE_CURVE('',#746,#105,#772,.T.);
#772 = SURFACE_CURVE('',#773,(#777,#783),.PCURVE_S1.);
#773 = LINE('',#774,#775);
#774 = CARTESIAN_POINT('',(180.9,-1.210656518781E-15,180.9));
#775 = VECTOR('',#776,1.);
#776 = DIRECTION('',(0.,-1.,0.));
#777 = PCURVE('',#121,#778);
#778 = DEFINITIONAL_REPRESENTATION('',(#779),#782);
#779 = B_SPLINE_CURVE_WITH_KNOTS('',1,(#780,#781),.UNSPECIFIED.,.F.,.F.,
  (2,2),(-30.15,30.15),.PIECEWISE_BEZIER_KNOTS.);
#780 = CARTESIAN_POINT('',(0.,-30.15));
#781 = CARTESIAN_POINT('',(0.,30.15));
#782 = ( GEOMETRIC_REPRESENTATION_CONTEXT(2) 
PARAMETRIC_REPRESENTATION_CONTEXT() REPRESENTATION_CONTEXT('2D SPACE',''
  ) );
#783 = PCURVE('',#181,#784);
#784 = DEFINITIONAL_REPRESENTATION('',(#785),#788);
#785 = B_SPLINE_CURVE_WITH_KNOTS('',1,(#786,#787),.UNSPECIFIED.,.F.,.F.,
  (2,2),(-30.15,30.15),.PIECEWISE_BEZIER_KNOTS.);
#786 = CARTESIAN_POINT('',(2.84217094304E-14,30.15));
#787 = CARTESIAN_POINT('',(2.84217094304E-14,-30.15));
#788 = ( GEOMETRIC_REPRESENTATION_CONTEXT(2) 
PARAMETRIC_REPRESENTATION_CONTEXT() REPRESENTATION_CONTEXT('2D SPACE',''
  ) );
#789 = ADVANCED_FACE('',(#790),#498,.T.);
#790 = FACE_BOUND('',#791,.T.);
#791 = EDGE_LOOP('',(#792,#793,#817,#882,#904));
#792 = ORIENTED_EDGE('',*,*,#454,.F.);
#793 = ORIENTED_EDGE('',*,*,#794,.T.);
#794 = EDGE_CURVE('',#409,#795,#797,.T.);
#795 = VERTEX_POINT('',#796);
#796 = CARTESIAN_POINT('',(164.09549184661,26.228438873155,180.9));
#797 = SURFACE_CURVE('',#798,(#803,#810),.PCURVE_S1.);
#798 = CIRCLE('',#799,31.15);
#799 = AXIS2_PLACEMENT_3D('',#800,#801,#802);
#800 = CARTESIAN_POINT('',(180.9,0.,180.9));
#801 = DIRECTION('',(0.,0.,1.));
#802 = DIRECTION('',(1.,0.,0.));
#803 = PCURVE('',#498,#804);
#804 = DEFINITIONAL_REPRESENTATION('',(#805),#809);
#805 = CIRCLE('',#806,31.15);
#806 = AXIS2_PLACEMENT_2D('',#807,#808);
#807 = CARTESIAN_POINT('',(2.84217094304E-14,-1.537916223339E-15));
#808 = DIRECTION('',(1.,0.));
#809 = ( GEOMETRIC_REPRESENTATION_CONTEXT(2) 
PARAMETRIC_REPRESENTATION_CONTEXT() REPRESENTATION_CONTEXT('2D SPACE',''
  ) );
#810 = PCURVE('',#436,#811);
#811 = DEFINITIONAL_REPRESENTATION('',(#812),#816);
#812 = LINE('',#813,#814);
#813 = CARTESIAN_POINT('',(-0.,0.));
#814 = VECTOR('',#815,1.);
#815 = DIRECTION('',(-1.,0.));
#816 = ( GEOMETRIC_REPRESENTATION_CONTEXT(2) 
PARAMETRIC_REPRESENTATION_CONTEXT() REPRESENTATION_CONTEXT('2D SPACE',''
  ) );
#817 = ORIENTED_EDGE('',*,*,#818,.T.);
#818 = EDGE_CURVE('',#795,#819,#821,.T.);
#819 = VERTEX_POINT('',#820);
#820 = CARTESIAN_POINT('',(174.44522371323,26.239747466159,180.9));
#821 = SURFACE_CURVE('',#822,(#840,#861),.PCURVE_S1.);
#822 = B_SPLINE_CURVE_WITH_KNOTS('',6,(#823,#824,#825,#826,#827,#828,
    #829,#830,#831,#832,#833,#834,#835,#836,#837,#838,#839),
  .UNSPECIFIED.,.F.,.F.,(7,5,5,7),(0.,0.440574800564,0.75521582123,1.),
  .UNSPECIFIED.);
#823 = CARTESIAN_POINT('',(143.52,25.960217106223,180.9));
#824 = CARTESIAN_POINT('',(146.26368961651,26.04194964276,180.9));
#825 = CARTESIAN_POINT('',(149.0080051869,26.102238984467,180.9));
#826 = CARTESIAN_POINT('',(151.75265708693,26.145781106574,180.9));
#827 = CARTESIAN_POINT('',(154.49745625881,26.176539475973,180.9));
#828 = CARTESIAN_POINT('',(157.24231245083,26.197838433598,180.9));
#829 = CARTESIAN_POINT('',(161.94754923557,26.222674143349,180.9));
#830 = CARTESIAN_POINT('',(163.90788462256,26.229547875234,180.9));
#831 = CARTESIAN_POINT('',(165.86823089809,26.23391338573,180.9));
#832 = CARTESIAN_POINT('',(167.82858176135,26.236562167441,180.9));
#833 = CARTESIAN_POINT('',(169.78893464093,26.238107610679,180.9));
#834 = CARTESIAN_POINT('',(173.27440699484,26.239659780947,180.9));
#835 = CARTESIAN_POINT('',(174.79952450216,26.239931809537,180.9));
#836 = CARTESIAN_POINT('',(176.32464285278,26.240000032959,180.9));
#837 = CARTESIAN_POINT('',(177.84976172623,26.240000106286,180.9));
#838 = CARTESIAN_POINT('',(179.37488085009,26.24,180.9));
#839 = CARTESIAN_POINT('',(180.9,26.24,180.9));
#840 = PCURVE('',#498,#841);
#841 = DEFINITIONAL_REPRESENTATION('',(#842),#860);
#842 = B_SPLINE_CURVE_WITH_KNOTS('',6,(#843,#844,#845,#846,#847,#848,
    #849,#850,#851,#852,#853,#854,#855,#856,#857,#858,#859),
  .UNSPECIFIED.,.F.,.F.,(7,5,5,7),(0.,0.440574800564,0.75521582123,1.),
  .UNSPECIFIED.);
#843 = CARTESIAN_POINT('',(-37.38,25.960217106223));
#844 = CARTESIAN_POINT('',(-34.63631038348,26.04194964276));
#845 = CARTESIAN_POINT('',(-31.89199481309,26.102238984467));
#846 = CARTESIAN_POINT('',(-29.14734291306,26.145781106574));
#847 = CARTESIAN_POINT('',(-26.40254374118,26.176539475973));
#848 = CARTESIAN_POINT('',(-23.65768754916,26.197838433598));
#849 = CARTESIAN_POINT('',(-18.95245076442,26.222674143349));
#850 = CARTESIAN_POINT('',(-16.99211537743,26.229547875234));
#851 = CARTESIAN_POINT('',(-15.0317691019,26.23391338573));
#852 = CARTESIAN_POINT('',(-13.07141823864,26.236562167441));
#853 = CARTESIAN_POINT('',(-11.11106535906,26.238107610679));
#854 = CARTESIAN_POINT('',(-7.625593005151,26.239659780947));
#855 = CARTESIAN_POINT('',(-6.100475497831,26.239931809537));
#856 = CARTESIAN_POINT('',(-4.575357147214,26.240000032959));
#857 = CARTESIAN_POINT('',(-3.050238273765,26.240000106286));
#858 = CARTESIAN_POINT('',(-1.525119149903,26.24));
#859 = CARTESIAN_POINT('',(2.84217094304E-14,26.24));
#860 = ( GEOMETRIC_REPRESENTATION_CONTEXT(2) 
PARAMETRIC_REPRESENTATION_CONTEXT() REPRESENTATION_CONTEXT('2D SPACE',''
  ) );
#861 = PCURVE('',#578,#862);
#862 = DEFINITIONAL_REPRESENTATION('',(#863),#881);
#863 = B_SPLINE_CURVE_WITH_KNOTS('',6,(#864,#865,#866,#867,#868,#869,
    #870,#871,#872,#873,#874,#875,#876,#877,#878,#879,#880),
  .UNSPECIFIED.,.F.,.F.,(7,5,5,7),(0.,0.440574800564,0.75521582123,1.),
  .UNSPECIFIED.);
#864 = CARTESIAN_POINT('',(1.367030614864,7.707821038027));
#865 = CARTESIAN_POINT('',(1.381576431915,7.72920795797));
#866 = CARTESIAN_POINT('',(1.396230494683,7.748712339973));
#867 = CARTESIAN_POINT('',(1.410981697539,7.766350196609));
#868 = CARTESIAN_POINT('',(1.425818605787,7.782122823007));
#869 = CARTESIAN_POINT('',(1.440729627102,7.796025499697));
#870 = CARTESIAN_POINT('',(1.466396757795,7.816639676877));
#871 = CARTESIAN_POINT('',(1.47712214081,7.82427074508));
#872 = CARTESIAN_POINT('',(1.48787508598,7.83094194));
#873 = CARTESIAN_POINT('',(1.498651203371,7.836650187031));
#874 = CARTESIAN_POINT('',(1.509446027542,7.841392569695));
#875 = CARTESIAN_POINT('',(1.528664250708,7.84810339532));
#876 = CARTESIAN_POINT('',(1.537082041973,7.850453951063));
#877 = CARTESIAN_POINT('',(1.545506294174,7.852217593883));
#878 = CARTESIAN_POINT('',(1.553934863719,7.853393611473));
#879 = CARTESIAN_POINT('',(1.562365596281,7.853981633974));
#880 = CARTESIAN_POINT('',(1.570796326795,7.853981633974));
#881 = ( GEOMETRIC_REPRESENTATION_CONTEXT(2) 
PARAMETRIC_REPRESENTATION_CONTEXT() REPRESENTATION_CONTEXT('2D SPACE',''
  ) );
#882 = ORIENTED_EDGE('',*,*,#883,.F.);
#883 = EDGE_CURVE('',#596,#819,#884,.T.);
#884 = SURFACE_CURVE('',#885,(#890,#897),.PCURVE_S1.);
#885 = CIRCLE('',#886,27.022);
#886 = AXIS2_PLACEMENT_3D('',#887,#888,#889);
#887 = CARTESIAN_POINT('',(180.9,9.124144279423E-16,180.9));
#888 = DIRECTION('',(0.,0.,1.));
#889 = DIRECTION('',(1.,0.,0.));
#890 = PCURVE('',#498,#891);
#891 = DEFINITIONAL_REPRESENTATION('',(#892),#896);
#892 = CIRCLE('',#893,27.022);
#893 = AXIS2_PLACEMENT_2D('',#894,#895);
#894 = CARTESIAN_POINT('',(1.705302565824E-13,-6.255017953964E-16));
#895 = DIRECTION('',(1.,0.));
#896 = ( GEOMETRIC_REPRESENTATION_CONTEXT(2) 
PARAMETRIC_REPRESENTATION_CONTEXT() REPRESENTATION_CONTEXT('2D SPACE',''
  ) );
#897 = PCURVE('',#631,#898);
#898 = DEFINITIONAL_REPRESENTATION('',(#899),#903);
#899 = LINE('',#900,#901);
#900 = CARTESIAN_POINT('',(-0.,0.));
#901 = VECTOR('',#902,1.);
#902 = DIRECTION('',(-1.,0.));
#903 = ( GEOMETRIC_REPRESENTATION_CONTEXT(2) 
PARAMETRIC_REPRESENTATION_CONTEXT() REPRESENTATION_CONTEXT('2D SPACE',''
  ) );
#904 = ORIENTED_EDGE('',*,*,#595,.F.);
#905 = ADVANCED_FACE('',(#906),#436,.F.);
#906 = FACE_BOUND('',#907,.T.);
#907 = EDGE_LOOP('',(#908,#909,#910,#934));
#908 = ORIENTED_EDGE('',*,*,#794,.F.);
#909 = ORIENTED_EDGE('',*,*,#408,.F.);
#910 = ORIENTED_EDGE('',*,*,#911,.T.);
#911 = EDGE_CURVE('',#348,#912,#914,.T.);
#912 = VERTEX_POINT('',#913);
#913 = CARTESIAN_POINT('',(163.46229547363,25.811798868949,
    184.80019881839));
#914 = SURFACE_CURVE('',#915,(#920,#927),.PCURVE_S1.);
#915 = CIRCLE('',#916,31.15);
#916 = AXIS2_PLACEMENT_3D('',#917,#918,#919);
#917 = CARTESIAN_POINT('',(180.9,0.,184.80019881839));
#918 = DIRECTION('',(0.,0.,1.));
#919 = DIRECTION('',(1.,0.,0.));
#920 = PCURVE('',#436,#921);
#921 = DEFINITIONAL_REPRESENTATION('',(#922),#926);
#922 = LINE('',#923,#924);
#923 = CARTESIAN_POINT('',(-0.,-3.900198818398));
#924 = VECTOR('',#925,1.);
#925 = DIRECTION('',(-1.,0.));
#926 = ( GEOMETRIC_REPRESENTATION_CONTEXT(2) 
PARAMETRIC_REPRESENTATION_CONTEXT() REPRESENTATION_CONTEXT('2D SPACE',''
  ) );
#927 = PCURVE('',#385,#928);
#928 = DEFINITIONAL_REPRESENTATION('',(#929),#933);
#929 = CIRCLE('',#930,31.15);
#930 = AXIS2_PLACEMENT_2D('',#931,#932);
#931 = CARTESIAN_POINT('',(2.84217094304E-14,-1.537916223339E-15));
#932 = DIRECTION('',(1.,0.));
#933 = ( GEOMETRIC_REPRESENTATION_CONTEXT(2) 
PARAMETRIC_REPRESENTATION_CONTEXT() REPRESENTATION_CONTEXT('2D SPACE',''
  ) );
#934 = ORIENTED_EDGE('',*,*,#935,.T.);
#935 = EDGE_CURVE('',#912,#795,#936,.T.);
#936 = SURFACE_CURVE('',#937,(#945,#956),.PCURVE_S1.);
#937 = B_SPLINE_CURVE_WITH_KNOTS('',6,(#938,#939,#940,#941,#942,#943,
    #944),.UNSPECIFIED.,.F.,.F.,(7,7),(0.,1.),.PIECEWISE_BEZIER_KNOTS.);
#938 = CARTESIAN_POINT('',(163.46229530768,25.81179875684,
    184.80019941839));
#939 = CARTESIAN_POINT('',(163.63918490301,25.931300251313,
    184.16063262718));
#940 = CARTESIAN_POINT('',(163.78965867171,26.030837654789,
    183.51549101311));
#941 = CARTESIAN_POINT('',(163.911726741,26.110295359735,182.8657151431)
  );
#942 = CARTESIAN_POINT('',(164.00380833436,26.169637423292,
    182.21236949548));
#943 = CARTESIAN_POINT('',(164.06505707883,26.208939378559,
    181.55666970225));
#944 = CARTESIAN_POINT('',(164.09549187442,26.228438890972,180.8999994)
  );
#945 = PCURVE('',#436,#946);
#946 = DEFINITIONAL_REPRESENTATION('',(#947),#955);
#947 = B_SPLINE_CURVE_WITH_KNOTS('',6,(#948,#949,#950,#951,#952,#953,
    #954),.UNSPECIFIED.,.F.,.F.,(7,7),(0.,1.),.PIECEWISE_BEZIER_KNOTS.);
#948 = CARTESIAN_POINT('',(-2.16493821406,-3.900199418398));
#949 = CARTESIAN_POINT('',(-2.158085162206,-3.260632627189));
#950 = CARTESIAN_POINT('',(-2.152293581441,-2.615491013115));
#951 = CARTESIAN_POINT('',(-2.147617893478,-1.965715143101));
#952 = CARTESIAN_POINT('',(-2.144101146715,-1.312369495485));
#953 = CARTESIAN_POINT('',(-2.141764904989,-0.656669702259));
#954 = CARTESIAN_POINT('',(-2.140604531102,5.999999999062E-07));
#955 = ( GEOMETRIC_REPRESENTATION_CONTEXT(2) 
PARAMETRIC_REPRESENTATION_CONTEXT() REPRESENTATION_CONTEXT('2D SPACE',''
  ) );
#956 = PCURVE('',#578,#957);
#957 = DEFINITIONAL_REPRESENTATION('',(#958),#966);
#958 = B_SPLINE_CURVE_WITH_KNOTS('',6,(#959,#960,#961,#962,#963,#964,
    #965),.UNSPECIFIED.,.F.,.F.,(7,7),(0.,1.),.PIECEWISE_BEZIER_KNOTS.);
#959 = CARTESIAN_POINT('',(1.476715120541,7.673077117037));
#960 = CARTESIAN_POINT('',(1.477340183336,7.698389410891));
#961 = CARTESIAN_POINT('',(1.477826023732,7.723676591074));
#962 = CARTESIAN_POINT('',(1.478160286476,7.748927715108));
#963 = CARTESIAN_POINT('',(1.478332458309,7.774128287467));
#964 = CARTESIAN_POINT('',(1.478335765052,7.799259256707));
#965 = CARTESIAN_POINT('',(1.478168245035,7.824295832571));
#966 = ( GEOMETRIC_REPRESENTATION_CONTEXT(2) 
PARAMETRIC_REPRESENTATION_CONTEXT() REPRESENTATION_CONTEXT('2D SPACE',''
  ) );
#967 = ADVANCED_FACE('',(#968),#385,.F.);
#968 = FACE_BOUND('',#969,.F.);
#969 = EDGE_LOOP('',(#970,#971,#972,#1028,#1056));
#970 = ORIENTED_EDGE('',*,*,#347,.F.);
#971 = ORIENTED_EDGE('',*,*,#911,.T.);
#972 = ORIENTED_EDGE('',*,*,#973,.T.);
#973 = EDGE_CURVE('',#912,#974,#976,.T.);
#974 = VERTEX_POINT('',#975);
#975 = CARTESIAN_POINT('',(173.27680590263,25.92441698002,
    184.80019881839));
#976 = SURFACE_CURVE('',#977,(#992,#1010),.PCURVE_S1.);
#977 = B_SPLINE_CURVE_WITH_KNOTS('',7,(#978,#979,#980,#981,#982,#983,
    #984,#985,#986,#987,#988,#989,#990,#991),.UNSPECIFIED.,.F.,.F.,(8,6,
    8),(0.,0.68518226152,1.),.UNSPECIFIED.);
#978 = CARTESIAN_POINT('',(143.52,25.102302588003,184.80019881839));
#979 = CARTESIAN_POINT('',(147.17364832818,25.322845772849,
    184.80019881839));
#980 = CARTESIAN_POINT('',(150.83019298874,25.492756437031,
    184.80019881839));
#981 = CARTESIAN_POINT('',(154.48848607508,25.62291977374,
    184.80019881839));
#982 = CARTESIAN_POINT('',(158.14770959974,25.721832055602,
    184.80019881839));
#983 = CARTESIAN_POINT('',(161.80735395487,25.796222161857,
    184.80019881839));
#984 = CARTESIAN_POINT('',(165.46721855452,25.851028234901,
    184.80019881839));
#985 = CARTESIAN_POINT('',(170.80914085105,25.907104738072,
    184.80019881839));
#986 = CARTESIAN_POINT('',(172.49090974129,25.921299584242,
    184.80019881839));
#987 = CARTESIAN_POINT('',(174.1727051916,25.932345459399,
    184.80019881839));
#988 = CARTESIAN_POINT('',(175.85451837062,25.940474894352,
    184.80019881839));
#989 = CARTESIAN_POINT('',(177.53634204922,25.94584288999,
    184.80019881839));
#990 = CARTESIAN_POINT('',(179.21817060054,25.948526917283,
    184.80019881839));
#991 = CARTESIAN_POINT('',(180.9,25.948526917283,184.80019881839));
#992 = PCURVE('',#385,#993);
#993 = DEFINITIONAL_REPRESENTATION('',(#994),#1009);
#994 = B_SPLINE_CURVE_WITH_KNOTS('',7,(#995,#996,#997,#998,#999,#1000,
    #1001,#1002,#1003,#1004,#1005,#1006,#1007,#1008),.UNSPECIFIED.,.F.,
  .F.,(8,6,8),(0.,0.68518226152,1.),.UNSPECIFIED.);
#995 = CARTESIAN_POINT('',(-37.38,25.102302588003));
#996 = CARTESIAN_POINT('',(-33.72635167181,25.322845772849));
#997 = CARTESIAN_POINT('',(-30.06980701126,25.492756437031));
#998 = CARTESIAN_POINT('',(-26.41151392491,25.62291977374));
#999 = CARTESIAN_POINT('',(-22.75229040025,25.721832055602));
#1000 = CARTESIAN_POINT('',(-19.09264604512,25.796222161857));
#1001 = CARTESIAN_POINT('',(-15.43278144547,25.851028234901));
#1002 = CARTESIAN_POINT('',(-10.09085914894,25.907104738072));
#1003 = CARTESIAN_POINT('',(-8.409090258705,25.921299584242));
#1004 = CARTESIAN_POINT('',(-6.727294808391,25.932345459399));
#1005 = CARTESIAN_POINT('',(-5.045481629377,25.940474894352));
#1006 = CARTESIAN_POINT('',(-3.363657950778,25.94584288999));
#1007 = CARTESIAN_POINT('',(-1.681829399452,25.948526917283));
#1008 = CARTESIAN_POINT('',(2.84217094304E-14,25.948526917283));
#1009 = ( GEOMETRIC_REPRESENTATION_CONTEXT(2) 
PARAMETRIC_REPRESENTATION_CONTEXT() REPRESENTATION_CONTEXT('2D SPACE',''
  ) );
#1010 = PCURVE('',#578,#1011);
#1011 = DEFINITIONAL_REPRESENTATION('',(#1012),#1027);
#1012 = B_SPLINE_CURVE_WITH_KNOTS('',7,(#1013,#1014,#1015,#1016,#1017,
    #1018,#1019,#1020,#1021,#1022,#1023,#1024,#1025,#1026),
  .UNSPECIFIED.,.F.,.F.,(8,6,8),(0.,0.68518226152,1.),.UNSPECIFIED.);
#1013 = CARTESIAN_POINT('',(1.371216619499,7.558433482533));
#1014 = CARTESIAN_POINT('',(1.390210311411,7.587289911531));
#1015 = CARTESIAN_POINT('',(1.409389327847,7.612712176872));
#1016 = CARTESIAN_POINT('',(1.428728550786,7.634797041828));
#1017 = CARTESIAN_POINT('',(1.448202385579,7.653586991145));
#1018 = CARTESIAN_POINT('',(1.46778516147,7.669102458062));
#1019 = CARTESIAN_POINT('',(1.48745171529,7.681352435717));
#1020 = CARTESIAN_POINT('',(1.516241354451,7.694470353242));
#1021 = CARTESIAN_POINT('',(1.525317258582,7.697911469887));
#1022 = CARTESIAN_POINT('',(1.534403107829,7.700664188187));
#1023 = CARTESIAN_POINT('',(1.543496425674,7.702728670969));
#1024 = CARTESIAN_POINT('',(1.552594729012,7.704105005738));
#1025 = CARTESIAN_POINT('',(1.561695528147,7.704793204686));
#1026 = CARTESIAN_POINT('',(1.570796326795,7.704793204686));
#1027 = ( GEOMETRIC_REPRESENTATION_CONTEXT(2) 
PARAMETRIC_REPRESENTATION_CONTEXT() REPRESENTATION_CONTEXT('2D SPACE',''
  ) );
#1028 = ORIENTED_EDGE('',*,*,#1029,.F.);
#1029 = EDGE_CURVE('',#1030,#974,#1032,.T.);
#1030 = VERTEX_POINT('',#1031);
#1031 = CARTESIAN_POINT('',(180.9,27.022,184.80019881839));
#1032 = SURFACE_CURVE('',#1033,(#1038,#1045),.PCURVE_S1.);
#1033 = CIRCLE('',#1034,27.022);
#1034 = AXIS2_PLACEMENT_3D('',#1035,#1036,#1037);
#1035 = CARTESIAN_POINT('',(180.9,9.124144279423E-16,184.80019881839));
#1036 = DIRECTION('',(0.,0.,1.));
#1037 = DIRECTION('',(1.,0.,0.));
#1038 = PCURVE('',#385,#1039);
#1039 = DEFINITIONAL_REPRESENTATION('',(#1040),#1044);
#1040 = CIRCLE('',#1041,27.022);
#1041 = AXIS2_PLACEMENT_2D('',#1042,#1043);
#1042 = CARTESIAN_POINT('',(1.705302565824E-13,-6.255017953964E-16));
#1043 = DIRECTION('',(1.,0.));
#1044 = ( GEOMETRIC_REPRESENTATION_CONTEXT(2) 
PARAMETRIC_REPRESENTATION_CONTEXT() REPRESENTATION_CONTEXT('2D SPACE',''
  ) );
#1045 = PCURVE('',#1046,#1051);
#1046 = CONICAL_SURFACE('',#1047,30.15,0.916297857297);
#1047 = AXIS2_PLACEMENT_3D('',#1048,#1049,#1050);
#1048 = CARTESIAN_POINT('',(180.9,0.,182.4));
#1049 = DIRECTION('',(-0.,-0.,-1.));
#1050 = DIRECTION('',(1.,0.,0.));
#1051 = DEFINITIONAL_REPRESENTATION('',(#1052),#1055);
#1052 = B_SPLINE_CURVE_WITH_KNOTS('',1,(#1053,#1054),.UNSPECIFIED.,.F.,
  .F.,(2,2),(1.570796326795,1.856789741272),.PIECEWISE_BEZIER_KNOTS.);
#1053 = CARTESIAN_POINT('',(-1.570796326795,-2.400198818398));
#1054 = CARTESIAN_POINT('',(-1.856789741272,-2.400198818398));
#1055 = ( GEOMETRIC_REPRESENTATION_CONTEXT(2) 
PARAMETRIC_REPRESENTATION_CONTEXT() REPRESENTATION_CONTEXT('2D SPACE',''
  ) );
#1056 = ORIENTED_EDGE('',*,*,#1057,.F.);
#1057 = EDGE_CURVE('',#315,#1030,#1058,.T.);
#1058 = SURFACE_CURVE('',#1059,(#1063,#1069),.PCURVE_S1.);
#1059 = LINE('',#1060,#1061);
#1060 = CARTESIAN_POINT('',(180.9,-1.210656518781E-15,184.80019881839));
#1061 = VECTOR('',#1062,1.);
#1062 = DIRECTION('',(0.,-1.,0.));
#1063 = PCURVE('',#385,#1064);
#1064 = DEFINITIONAL_REPRESENTATION('',(#1065),#1068);
#1065 = B_SPLINE_CURVE_WITH_KNOTS('',1,(#1066,#1067),.UNSPECIFIED.,.F.,
  .F.,(2,2),(-30.15,30.15),.PIECEWISE_BEZIER_KNOTS.);
#1066 = CARTESIAN_POINT('',(2.84217094304E-14,30.15));
#1067 = CARTESIAN_POINT('',(2.84217094304E-14,-30.15));
#1068 = ( GEOMETRIC_REPRESENTATION_CONTEXT(2) 
PARAMETRIC_REPRESENTATION_CONTEXT() REPRESENTATION_CONTEXT('2D SPACE',''
  ) );
#1069 = PCURVE('',#331,#1070);
#1070 = DEFINITIONAL_REPRESENTATION('',(#1071),#1074);
#1071 = B_SPLINE_CURVE_WITH_KNOTS('',1,(#1072,#1073),.UNSPECIFIED.,.F.,
  .F.,(2,2),(-30.15,30.15),.PIECEWISE_BEZIER_KNOTS.);
#1072 = CARTESIAN_POINT('',(3.900198818398,-30.15));
#1073 = CARTESIAN_POINT('',(3.900198818398,30.15));
#1074 = ( GEOMETRIC_REPRESENTATION_CONTEXT(2) 
PARAMETRIC_REPRESENTATION_CONTEXT() REPRESENTATION_CONTEXT('2D SPACE',''
  ) );
#1075 = ADVANCED_FACE('',(#1076),#331,.T.);
#1076 = FACE_BOUND('',#1077,.T.);
#1077 = EDGE_LOOP('',(#1078,#1099,#1125,#1153,#1172,#1173));
#1078 = ORIENTED_EDGE('',*,*,#1079,.F.);
#1079 = EDGE_CURVE('',#1080,#254,#1082,.T.);
#1080 = VERTEX_POINT('',#1081);
#1081 = CARTESIAN_POINT('',(180.9,-27.022,184.80019881839));
#1082 = SURFACE_CURVE('',#1083,(#1087,#1093),.PCURVE_S1.);
#1083 = LINE('',#1084,#1085);
#1084 = CARTESIAN_POINT('',(180.9,-1.210656518781E-15,184.80019881839));
#1085 = VECTOR('',#1086,1.);
#1086 = DIRECTION('',(0.,-1.,0.));
#1087 = PCURVE('',#331,#1088);
#1088 = DEFINITIONAL_REPRESENTATION('',(#1089),#1092);
#1089 = B_SPLINE_CURVE_WITH_KNOTS('',1,(#1090,#1091),.UNSPECIFIED.,.F.,
  .F.,(2,2),(-30.15,30.15),.PIECEWISE_BEZIER_KNOTS.);
#1090 = CARTESIAN_POINT('',(3.900198818398,-30.15));
#1091 = CARTESIAN_POINT('',(3.900198818398,30.15));
#1092 = ( GEOMETRIC_REPRESENTATION_CONTEXT(2) 
PARAMETRIC_REPRESENTATION_CONTEXT() REPRESENTATION_CONTEXT('2D SPACE',''
  ) );
#1093 = PCURVE('',#291,#1094);
#1094 = DEFINITIONAL_REPRESENTATION('',(#1095),#1098);
#1095 = B_SPLINE_CURVE_WITH_KNOTS('',1,(#1096,#1097),.UNSPECIFIED.,.F.,
  .F.,(2,2),(-30.15,30.15),.PIECEWISE_BEZIER_KNOTS.);
#1096 = CARTESIAN_POINT('',(2.84217094304E-14,30.15));
#1097 = CARTESIAN_POINT('',(2.84217094304E-14,-30.15));
#1098 = ( GEOMETRIC_REPRESENTATION_CONTEXT(2) 
PARAMETRIC_REPRESENTATION_CONTEXT() REPRESENTATION_CONTEXT('2D SPACE',''
  ) );
#1099 = ORIENTED_EDGE('',*,*,#1100,.F.);
#1100 = EDGE_CURVE('',#1101,#1080,#1103,.T.);
#1101 = VERTEX_POINT('',#1102);
#1102 = CARTESIAN_POINT('',(180.9,-25.94852691728,184.80019881839));
#1103 = SURFACE_CURVE('',#1104,(#1108,#1114),.PCURVE_S1.);
#1104 = LINE('',#1105,#1106);
#1105 = CARTESIAN_POINT('',(180.9,-1.97961463045E-15,184.80019881839));
#1106 = VECTOR('',#1107,1.);
#1107 = DIRECTION('',(0.,-1.,0.));
#1108 = PCURVE('',#331,#1109);
#1109 = DEFINITIONAL_REPRESENTATION('',(#1110),#1113);
#1110 = B_SPLINE_CURVE_WITH_KNOTS('',1,(#1111,#1112),.UNSPECIFIED.,.F.,
  .F.,(2,2),(-27.022,27.022),.PIECEWISE_BEZIER_KNOTS.);
#1111 = CARTESIAN_POINT('',(3.900198818398,-27.022));
#1112 = CARTESIAN_POINT('',(3.900198818398,27.022));
#1113 = ( GEOMETRIC_REPRESENTATION_CONTEXT(2) 
PARAMETRIC_REPRESENTATION_CONTEXT() REPRESENTATION_CONTEXT('2D SPACE',''
  ) );
#1114 = PCURVE('',#1115,#1120);
#1115 = PLANE('',#1116);
#1116 = AXIS2_PLACEMENT_3D('',#1117,#1118,#1119);
#1117 = CARTESIAN_POINT('',(180.9,0.,184.80019881839));
#1118 = DIRECTION('',(0.,0.,1.));
#1119 = DIRECTION('',(1.,0.,0.));
#1120 = DEFINITIONAL_REPRESENTATION('',(#1121),#1124);
#1121 = B_SPLINE_CURVE_WITH_KNOTS('',1,(#1122,#1123),.UNSPECIFIED.,.F.,
  .F.,(2,2),(-27.022,27.022),.PIECEWISE_BEZIER_KNOTS.);
#1122 = CARTESIAN_POINT('',(0.,27.022));
#1123 = CARTESIAN_POINT('',(0.,-27.022));
#1124 = ( GEOMETRIC_REPRESENTATION_CONTEXT(2) 
PARAMETRIC_REPRESENTATION_CONTEXT() REPRESENTATION_CONTEXT('2D SPACE',''
  ) );
#1125 = ORIENTED_EDGE('',*,*,#1126,.T.);
#1126 = EDGE_CURVE('',#1101,#1127,#1129,.T.);
#1127 = VERTEX_POINT('',#1128);
#1128 = CARTESIAN_POINT('',(180.9,25.948526917283,184.80019881839));
#1129 = SURFACE_CURVE('',#1130,(#1135,#1146),.PCURVE_S1.);
#1130 = CIRCLE('',#1131,26.24);
#1131 = AXIS2_PLACEMENT_3D('',#1132,#1133,#1134);
#1132 = CARTESIAN_POINT('',(180.9,0.,180.9));
#1133 = DIRECTION('',(-1.,0.,1.018949568615E-16));
#1134 = DIRECTION('',(1.018949568615E-16,0.,1.));
#1135 = PCURVE('',#331,#1136);
#1136 = DEFINITIONAL_REPRESENTATION('',(#1137),#1145);
#1137 = ( BOUNDED_CURVE() B_SPLINE_CURVE(2,(#1138,#1139,#1140,#1141,
#1142,#1143,#1144),.UNSPECIFIED.,.T.,.F.) B_SPLINE_CURVE_WITH_KNOTS((1,2
    ,2,2,2,1),(-2.094395102393,0.,2.094395102393,4.188790204786,
6.28318530718,8.377580409573),.UNSPECIFIED.) CURVE() 
GEOMETRIC_REPRESENTATION_ITEM() RATIONAL_B_SPLINE_CURVE((1.,0.5,1.,0.5,
1.,0.5,1.)) REPRESENTATION_ITEM('') );
#1138 = CARTESIAN_POINT('',(26.24,-3.9592292609E-15));
#1139 = CARTESIAN_POINT('',(26.24,-45.4490131906));
#1140 = CARTESIAN_POINT('',(-13.12,-22.7245065953));
#1141 = CARTESIAN_POINT('',(-52.48,-1.038617566283E-14));
#1142 = CARTESIAN_POINT('',(-13.12,22.724506595304));
#1143 = CARTESIAN_POINT('',(26.24,45.449013190607));
#1144 = CARTESIAN_POINT('',(26.24,-3.9592292609E-15));
#1145 = ( GEOMETRIC_REPRESENTATION_CONTEXT(2) 
PARAMETRIC_REPRESENTATION_CONTEXT() REPRESENTATION_CONTEXT('2D SPACE',''
  ) );
#1146 = PCURVE('',#578,#1147);
#1147 = DEFINITIONAL_REPRESENTATION('',(#1148),#1152);
#1148 = LINE('',#1149,#1150);
#1149 = CARTESIAN_POINT('',(1.570796326795,0.));
#1150 = VECTOR('',#1151,1.);
#1151 = DIRECTION('',(0.,1.));
#1152 = ( GEOMETRIC_REPRESENTATION_CONTEXT(2) 
PARAMETRIC_REPRESENTATION_CONTEXT() REPRESENTATION_CONTEXT('2D SPACE',''
  ) );
#1153 = ORIENTED_EDGE('',*,*,#1154,.F.);
#1154 = EDGE_CURVE('',#1030,#1127,#1155,.T.);
#1155 = SURFACE_CURVE('',#1156,(#1160,#1166),.PCURVE_S1.);
#1156 = LINE('',#1157,#1158);
#1157 = CARTESIAN_POINT('',(180.9,-1.97961463045E-15,184.80019881839));
#1158 = VECTOR('',#1159,1.);
#1159 = DIRECTION('',(0.,-1.,0.));
#1160 = PCURVE('',#331,#1161);
#1161 = DEFINITIONAL_REPRESENTATION('',(#1162),#1165);
#1162 = B_SPLINE_CURVE_WITH_KNOTS('',1,(#1163,#1164),.UNSPECIFIED.,.F.,
  .F.,(2,2),(-27.022,27.022),.PIECEWISE_BEZIER_KNOTS.);
#1163 = CARTESIAN_POINT('',(3.900198818398,-27.022));
#1164 = CARTESIAN_POINT('',(3.900198818398,27.022));
#1165 = ( GEOMETRIC_REPRESENTATION_CONTEXT(2) 
PARAMETRIC_REPRESENTATION_CONTEXT() REPRESENTATION_CONTEXT('2D SPACE',''
  ) );
#1166 = PCURVE('',#1115,#1167);
#1167 = DEFINITIONAL_REPRESENTATION('',(#1168),#1171);
#1168 = B_SPLINE_CURVE_WITH_KNOTS('',1,(#1169,#1170),.UNSPECIFIED.,.F.,
  .F.,(2,2),(-27.022,27.022),.PIECEWISE_BEZIER_KNOTS.);
#1169 = CARTESIAN_POINT('',(0.,27.022));
#1170 = CARTESIAN_POINT('',(0.,-27.022));
#1171 = ( GEOMETRIC_REPRESENTATION_CONTEXT(2) 
PARAMETRIC_REPRESENTATION_CONTEXT() REPRESENTATION_CONTEXT('2D SPACE',''
  ) );
#1172 = ORIENTED_EDGE('',*,*,#1057,.F.);
#1173 = ORIENTED_EDGE('',*,*,#314,.F.);
#1174 = ADVANCED_FACE('',(#1175),#291,.F.);
#1175 = FACE_BOUND('',#1176,.F.);
#1176 = EDGE_LOOP('',(#1177,#1201,#1202,#1203,#1226));
#1177 = ORIENTED_EDGE('',*,*,#1178,.T.);
#1178 = EDGE_CURVE('',#1179,#208,#1181,.T.);
#1179 = VERTEX_POINT('',#1180);
#1180 = CARTESIAN_POINT('',(163.46229547363,-25.81179886894,
    184.80019881839));
#1181 = SURFACE_CURVE('',#1182,(#1187,#1194),.PCURVE_S1.);
#1182 = CIRCLE('',#1183,31.15);
#1183 = AXIS2_PLACEMENT_3D('',#1184,#1185,#1186);
#1184 = CARTESIAN_POINT('',(180.9,0.,184.80019881839));
#1185 = DIRECTION('',(0.,0.,1.));
#1186 = DIRECTION('',(1.,0.,0.));
#1187 = PCURVE('',#291,#1188);
#1188 = DEFINITIONAL_REPRESENTATION('',(#1189),#1193);
#1189 = CIRCLE('',#1190,31.15);
#1190 = AXIS2_PLACEMENT_2D('',#1191,#1192);
#1191 = CARTESIAN_POINT('',(2.84217094304E-14,-1.537916223339E-15));
#1192 = DIRECTION('',(1.,0.));
#1193 = ( GEOMETRIC_REPRESENTATION_CONTEXT(2) 
PARAMETRIC_REPRESENTATION_CONTEXT() REPRESENTATION_CONTEXT('2D SPACE',''
  ) );
#1194 = PCURVE('',#235,#1195);
#1195 = DEFINITIONAL_REPRESENTATION('',(#1196),#1200);
#1196 = LINE('',#1197,#1198);
#1197 = CARTESIAN_POINT('',(-0.,-3.900198818398));
#1198 = VECTOR('',#1199,1.);
#1199 = DIRECTION('',(-1.,0.));
#1200 = ( GEOMETRIC_REPRESENTATION_CONTEXT(2) 
PARAMETRIC_REPRESENTATION_CONTEXT() REPRESENTATION_CONTEXT('2D SPACE',''
  ) );
#1201 = ORIENTED_EDGE('',*,*,#253,.F.);
#1202 = ORIENTED_EDGE('',*,*,#1079,.F.);
#1203 = ORIENTED_EDGE('',*,*,#1204,.F.);
#1204 = EDGE_CURVE('',#1205,#1080,#1207,.T.);
#1205 = VERTEX_POINT('',#1206);
#1206 = CARTESIAN_POINT('',(173.27680590263,-25.92441698002,
    184.80019881839));
#1207 = SURFACE_CURVE('',#1208,(#1213,#1220),.PCURVE_S1.);
#1208 = CIRCLE('',#1209,27.022);
#1209 = AXIS2_PLACEMENT_3D('',#1210,#1211,#1212);
#1210 = CARTESIAN_POINT('',(180.9,9.124144279423E-16,184.80019881839));
#1211 = DIRECTION('',(0.,0.,1.));
#1212 = DIRECTION('',(1.,0.,0.));
#1213 = PCURVE('',#291,#1214);
#1214 = DEFINITIONAL_REPRESENTATION('',(#1215),#1219);
#1215 = CIRCLE('',#1216,27.022);
#1216 = AXIS2_PLACEMENT_2D('',#1217,#1218);
#1217 = CARTESIAN_POINT('',(1.705302565824E-13,-6.255017953964E-16));
#1218 = DIRECTION('',(1.,0.));
#1219 = ( GEOMETRIC_REPRESENTATION_CONTEXT(2) 
PARAMETRIC_REPRESENTATION_CONTEXT() REPRESENTATION_CONTEXT('2D SPACE',''
  ) );
#1220 = PCURVE('',#1046,#1221);
#1221 = DEFINITIONAL_REPRESENTATION('',(#1222),#1225);
#1222 = B_SPLINE_CURVE_WITH_KNOTS('',1,(#1223,#1224),.UNSPECIFIED.,.F.,
  .F.,(2,2),(4.426395565908,4.712388980385),.PIECEWISE_BEZIER_KNOTS.);
#1223 = CARTESIAN_POINT('',(-4.426395565908,-2.400198818398));
#1224 = CARTESIAN_POINT('',(-4.712388980385,-2.400198818398));
#1225 = ( GEOMETRIC_REPRESENTATION_CONTEXT(2) 
PARAMETRIC_REPRESENTATION_CONTEXT() REPRESENTATION_CONTEXT('2D SPACE',''
  ) );
#1226 = ORIENTED_EDGE('',*,*,#1227,.T.);
#1227 = EDGE_CURVE('',#1205,#1179,#1228,.T.);
#1228 = SURFACE_CURVE('',#1229,(#1244,#1262),.PCURVE_S1.);
#1229 = B_SPLINE_CURVE_WITH_KNOTS('',7,(#1230,#1231,#1232,#1233,#1234,
    #1235,#1236,#1237,#1238,#1239,#1240,#1241,#1242,#1243),
  .UNSPECIFIED.,.F.,.F.,(8,6,8),(0.,0.841856589793,1.),.UNSPECIFIED.);
#1230 = CARTESIAN_POINT('',(180.9,-25.94852691728,184.80019881839));
#1231 = CARTESIAN_POINT('',(176.40259038106,-25.94852691728,
    184.80019881839));
#1232 = CARTESIAN_POINT('',(171.90539135277,-25.92933487945,
    184.80019881839));
#1233 = CARTESIAN_POINT('',(167.40817638992,-25.8909468436,
    184.80019881839));
#1234 = CARTESIAN_POINT('',(162.91103869961,-25.82942148945,
    184.80019881839));
#1235 = CARTESIAN_POINT('',(158.41439519914,-25.73677240248,
    184.80019881839));
#1236 = CARTESIAN_POINT('',(153.91898066437,-25.60125871936,
    184.80019881839));
#1237 = CARTESIAN_POINT('',(148.58183508174,-25.36984106409,
    184.80019881839));
#1238 = CARTESIAN_POINT('',(147.73789275374,-25.33115136109,
    184.80019881839));
#1239 = CARTESIAN_POINT('',(146.89405313774,-25.29026065972,
    184.80019881839));
#1240 = CARTESIAN_POINT('',(146.05032874111,-25.24705432081,
    184.80019881839));
#1241 = CARTESIAN_POINT('',(145.2067339418,-25.20141153857,
    184.80019881839));
#1242 = CARTESIAN_POINT('',(144.36328498838,-25.15320534064,
    184.80019881839));
#1243 = CARTESIAN_POINT('',(143.52,-25.102302588,184.80019881839));
#1244 = PCURVE('',#291,#1245);
#1245 = DEFINITIONAL_REPRESENTATION('',(#1246),#1261);
#1246 = B_SPLINE_CURVE_WITH_KNOTS('',7,(#1247,#1248,#1249,#1250,#1251,
    #1252,#1253,#1254,#1255,#1256,#1257,#1258,#1259,#1260),
  .UNSPECIFIED.,.F.,.F.,(8,6,8),(0.,0.841856589793,1.),.UNSPECIFIED.);
#1247 = CARTESIAN_POINT('',(2.84217094304E-14,-25.94852691728));
#1248 = CARTESIAN_POINT('',(-4.497409618939,-25.94852691728));
#1249 = CARTESIAN_POINT('',(-8.994608647227,-25.92933487945));
#1250 = CARTESIAN_POINT('',(-13.49182361007,-25.8909468436));
#1251 = CARTESIAN_POINT('',(-17.98896130038,-25.82942148945));
#1252 = CARTESIAN_POINT('',(-22.48560480085,-25.73677240248));
#1253 = CARTESIAN_POINT('',(-26.98101933563,-25.60125871936));
#1254 = CARTESIAN_POINT('',(-32.31816491825,-25.36984106409));
#1255 = CARTESIAN_POINT('',(-33.16210724625,-25.33115136109));
#1256 = CARTESIAN_POINT('',(-34.00594686225,-25.29026065972));
#1257 = CARTESIAN_POINT('',(-34.84967125889,-25.24705432081));
#1258 = CARTESIAN_POINT('',(-35.69326605819,-25.20141153857));
#1259 = CARTESIAN_POINT('',(-36.53671501161,-25.15320534064));
#1260 = CARTESIAN_POINT('',(-37.38,-25.102302588));
#1261 = ( GEOMETRIC_REPRESENTATION_CONTEXT(2) 
PARAMETRIC_REPRESENTATION_CONTEXT() REPRESENTATION_CONTEXT('2D SPACE',''
  ) );
#1262 = PCURVE('',#578,#1263);
#1263 = DEFINITIONAL_REPRESENTATION('',(#1264),#1279);
#1264 = B_SPLINE_CURVE_WITH_KNOTS('',7,(#1265,#1266,#1267,#1268,#1269,
    #1270,#1271,#1272,#1273,#1274,#1275,#1276,#1277,#1278),
  .UNSPECIFIED.,.F.,.F.,(8,6,8),(0.,0.841856589793,1.),.UNSPECIFIED.);
#1265 = CARTESIAN_POINT('',(1.570796326795,4.861577409673));
#1266 = CARTESIAN_POINT('',(1.54645972084,4.861577409673));
#1267 = CARTESIAN_POINT('',(1.52212425448,4.866498423815));
#1268 = CARTESIAN_POINT('',(1.497835786942,4.87633977794));
#1269 = CARTESIAN_POINT('',(1.473641888663,4.89110310713));
#1270 = CARTESIAN_POINT('',(1.449590553315,4.910791288396));
#1271 = CARTESIAN_POINT('',(1.425728609785,4.935427502778));
#1272 = CARTESIAN_POINT('',(1.397662107595,4.970697661152));
#1273 = CARTESIAN_POINT('',(1.393231888206,4.976453764731));
#1274 = CARTESIAN_POINT('',(1.388810295988,4.982388897186));
#1275 = CARTESIAN_POINT('',(1.384397649042,4.988503842586));
#1276 = CARTESIAN_POINT('',(1.37999426938,4.994799500644));
#1277 = CARTESIAN_POINT('',(1.375600482921,5.001276886721));
#1278 = CARTESIAN_POINT('',(1.371216619499,5.007937131826));
#1279 = ( GEOMETRIC_REPRESENTATION_CONTEXT(2) 
PARAMETRIC_REPRESENTATION_CONTEXT() REPRESENTATION_CONTEXT('2D SPACE',''
  ) );
#1280 = ADVANCED_FACE('',(#1281),#235,.F.);
#1281 = FACE_BOUND('',#1282,.T.);
#1282 = EDGE_LOOP('',(#1283,#1284,#1308,#1341));
#1283 = ORIENTED_EDGE('',*,*,#207,.F.);
#1284 = ORIENTED_EDGE('',*,*,#1285,.F.);
#1285 = EDGE_CURVE('',#1286,#138,#1288,.T.);
#1286 = VERTEX_POINT('',#1287);
#1287 = CARTESIAN_POINT('',(164.09549184661,-26.22843887315,180.9));
#1288 = SURFACE_CURVE('',#1289,(#1294,#1301),.PCURVE_S1.);
#1289 = CIRCLE('',#1290,31.15);
#1290 = AXIS2_PLACEMENT_3D('',#1291,#1292,#1293);
#1291 = CARTESIAN_POINT('',(180.9,0.,180.9));
#1292 = DIRECTION('',(0.,0.,1.));
#1293 = DIRECTION('',(1.,0.,0.));
#1294 = PCURVE('',#235,#1295);
#1295 = DEFINITIONAL_REPRESENTATION('',(#1296),#1300);
#1296 = LINE('',#1297,#1298);
#1297 = CARTESIAN_POINT('',(-0.,0.));
#1298 = VECTOR('',#1299,1.);
#1299 = DIRECTION('',(-1.,0.));
#1300 = ( GEOMETRIC_REPRESENTATION_CONTEXT(2) 
PARAMETRIC_REPRESENTATION_CONTEXT() REPRESENTATION_CONTEXT('2D SPACE',''
  ) );
#1301 = PCURVE('',#181,#1302);
#1302 = DEFINITIONAL_REPRESENTATION('',(#1303),#1307);
#1303 = CIRCLE('',#1304,31.15);
#1304 = AXIS2_PLACEMENT_2D('',#1305,#1306);
#1305 = CARTESIAN_POINT('',(2.84217094304E-14,-1.537916223339E-15));
#1306 = DIRECTION('',(1.,0.));
#1307 = ( GEOMETRIC_REPRESENTATION_CONTEXT(2) 
PARAMETRIC_REPRESENTATION_CONTEXT() REPRESENTATION_CONTEXT('2D SPACE',''
  ) );
#1308 = ORIENTED_EDGE('',*,*,#1309,.T.);
#1309 = EDGE_CURVE('',#1286,#1179,#1310,.T.);
#1310 = SURFACE_CURVE('',#1311,(#1319,#1330),.PCURVE_S1.);
#1311 = B_SPLINE_CURVE_WITH_KNOTS('',6,(#1312,#1313,#1314,#1315,#1316,
    #1317,#1318),.UNSPECIFIED.,.F.,.F.,(7,7),(0.,1.),
  .PIECEWISE_BEZIER_KNOTS.);
#1312 = CARTESIAN_POINT('',(164.09549187442,-26.22843889097,180.8999994)
  );
#1313 = CARTESIAN_POINT('',(164.06505707036,-26.20893937312,
    181.5566698851));
#1314 = CARTESIAN_POINT('',(164.00380831818,-26.16963740654,
    182.21236969726));
#1315 = CARTESIAN_POINT('',(163.91172669686,-26.11029533977,
    182.86571529108));
#1316 = CARTESIAN_POINT('',(163.78965865991,-26.03083764297,
    183.51549109009));
#1317 = CARTESIAN_POINT('',(163.63918489212,-25.93130024395,
    184.16063266655));
#1318 = CARTESIAN_POINT('',(163.46229530768,-25.81179875684,
    184.80019941839));
#1319 = PCURVE('',#235,#1320);
#1320 = DEFINITIONAL_REPRESENTATION('',(#1321),#1329);
#1321 = B_SPLINE_CURVE_WITH_KNOTS('',6,(#1322,#1323,#1324,#1325,#1326,
    #1327,#1328),.UNSPECIFIED.,.F.,.F.,(7,7),(0.,1.),
  .PIECEWISE_BEZIER_KNOTS.);
#1322 = CARTESIAN_POINT('',(-4.142580776077,5.999999999062E-07));
#1323 = CARTESIAN_POINT('',(-4.141420401867,-0.656669885106));
#1324 = CARTESIAN_POINT('',(-4.139084159768,-1.31236969726));
#1325 = CARTESIAN_POINT('',(-4.135567412122,-1.965715291087));
#1326 = CARTESIAN_POINT('',(-4.130891725234,-2.61549109009));
#1327 = CARTESIAN_POINT('',(-4.125100144552,-3.260632666551));
#1328 = CARTESIAN_POINT('',(-4.11824709312,-3.900199418398));
#1329 = ( GEOMETRIC_REPRESENTATION_CONTEXT(2) 
PARAMETRIC_REPRESENTATION_CONTEXT() REPRESENTATION_CONTEXT('2D SPACE',''
  ) );
#1330 = PCURVE('',#578,#1331);
#1331 = DEFINITIONAL_REPRESENTATION('',(#1332),#1340);
#1332 = B_SPLINE_CURVE_WITH_KNOTS('',6,(#1333,#1334,#1335,#1336,#1337,
    #1338,#1339),.UNSPECIFIED.,.F.,.F.,(7,7),(0.,1.),
  .PIECEWISE_BEZIER_KNOTS.);
#1333 = CARTESIAN_POINT('',(1.478168245035,4.742074781788));
#1334 = CARTESIAN_POINT('',(1.478335765099,4.767111364623));
#1335 = CARTESIAN_POINT('',(1.478332458326,4.792242334645));
#1336 = CARTESIAN_POINT('',(1.478160286306,4.817442905035));
#1337 = CARTESIAN_POINT('',(1.47782602371,4.842694026295));
#1338 = CARTESIAN_POINT('',(1.477340183298,4.867981205026));
#1339 = CARTESIAN_POINT('',(1.476715120541,4.893293497322));
#1340 = ( GEOMETRIC_REPRESENTATION_CONTEXT(2) 
PARAMETRIC_REPRESENTATION_CONTEXT() REPRESENTATION_CONTEXT('2D SPACE',''
  ) );
#1341 = ORIENTED_EDGE('',*,*,#1178,.T.);
#1342 = ADVANCED_FACE('',(#1343),#181,.T.);
#1343 = FACE_BOUND('',#1344,.T.);
#1344 = EDGE_LOOP('',(#1345,#1346,#1347,#1348,#1372));
#1345 = ORIENTED_EDGE('',*,*,#1285,.T.);
#1346 = ORIENTED_EDGE('',*,*,#137,.F.);
#1347 = ORIENTED_EDGE('',*,*,#771,.F.);
#1348 = ORIENTED_EDGE('',*,*,#1349,.F.);
#1349 = EDGE_CURVE('',#1350,#746,#1352,.T.);
#1350 = VERTEX_POINT('',#1351);
#1351 = CARTESIAN_POINT('',(174.44522371323,-26.23974746615,180.9));
#1352 = SURFACE_CURVE('',#1353,(#1358,#1365),.PCURVE_S1.);
#1353 = CIRCLE('',#1354,27.022);
#1354 = AXIS2_PLACEMENT_3D('',#1355,#1356,#1357);
#1355 = CARTESIAN_POINT('',(180.9,9.124144279423E-16,180.9));
#1356 = DIRECTION('',(0.,0.,1.));
#1357 = DIRECTION('',(1.,0.,0.));
#1358 = PCURVE('',#181,#1359);
#1359 = DEFINITIONAL_REPRESENTATION('',(#1360),#1364);
#1360 = CIRCLE('',#1361,27.022);
#1361 = AXIS2_PLACEMENT_2D('',#1362,#1363);
#1362 = CARTESIAN_POINT('',(1.705302565824E-13,-6.255017953964E-16));
#1363 = DIRECTION('',(1.,0.));
#1364 = ( GEOMETRIC_REPRESENTATION_CONTEXT(2) 
PARAMETRIC_REPRESENTATION_CONTEXT() REPRESENTATION_CONTEXT('2D SPACE',''
  ) );
#1365 = PCURVE('',#760,#1366);
#1366 = DEFINITIONAL_REPRESENTATION('',(#1367),#1371);
#1367 = LINE('',#1368,#1369);
#1368 = CARTESIAN_POINT('',(-0.,0.));
#1369 = VECTOR('',#1370,1.);
#1370 = DIRECTION('',(-1.,0.));
#1371 = ( GEOMETRIC_REPRESENTATION_CONTEXT(2) 
PARAMETRIC_REPRESENTATION_CONTEXT() REPRESENTATION_CONTEXT('2D SPACE',''
  ) );
#1372 = ORIENTED_EDGE('',*,*,#1373,.T.);
#1373 = EDGE_CURVE('',#1350,#1286,#1374,.T.);
#1374 = SURFACE_CURVE('',#1375,(#1393,#1414),.PCURVE_S1.);
#1375 = B_SPLINE_CURVE_WITH_KNOTS('',6,(#1376,#1377,#1378,#1379,#1380,
    #1381,#1382,#1383,#1384,#1385,#1386,#1387,#1388,#1389,#1390,#1391,
    #1392),.UNSPECIFIED.,.F.,.F.,(7,5,5,7),(0.,0.499871538962,
    0.769809629915,1.),.UNSPECIFIED.);
#1376 = CARTESIAN_POINT('',(180.9,-26.24,180.9));
#1377 = CARTESIAN_POINT('',(177.78557083296,-26.24,180.9));
#1378 = CARTESIAN_POINT('',(174.67114548638,-26.23999985487,180.9));
#1379 = CARTESIAN_POINT('',(171.55671932542,-26.24000052824,180.9));
#1380 = CARTESIAN_POINT('',(168.44229488606,-26.23881561046,180.9));
#1381 = CARTESIAN_POINT('',(165.32788184208,-26.23408561551,180.9));
#1382 = CARTESIAN_POINT('',(160.53168275908,-26.21599538607,180.9));
#1383 = CARTESIAN_POINT('',(158.84988015358,-26.20760581952,180.9));
#1384 = CARTESIAN_POINT('',(157.16809202764,-26.19662277159,180.9));
#1385 = CARTESIAN_POINT('',(155.48632872973,-26.18240489131,180.9));
#1386 = CARTESIAN_POINT('',(153.80460814628,-26.16421683269,180.9));
#1387 = CARTESIAN_POINT('',(150.68892244903,-26.12162654101,180.9));
#1388 = CARTESIAN_POINT('',(149.25494102548,-26.09853376462,180.9));
#1389 = CARTESIAN_POINT('',(147.8210268158,-26.07143634,180.9));
#1390 = CARTESIAN_POINT('',(146.38720576044,-26.03977040143,180.9));
#1391 = CARTESIAN_POINT('',(144.95351441341,-26.00292046758,180.9));
#1392 = CARTESIAN_POINT('',(143.52,-25.96021710622,180.9));
#1393 = PCURVE('',#181,#1394);
#1394 = DEFINITIONAL_REPRESENTATION('',(#1395),#1413);
#1395 = B_SPLINE_CURVE_WITH_KNOTS('',6,(#1396,#1397,#1398,#1399,#1400,
    #1401,#1402,#1403,#1404,#1405,#1406,#1407,#1408,#1409,#1410,#1411,
    #1412),.UNSPECIFIED.,.F.,.F.,(7,5,5,7),(0.,0.499871538962,
    0.769809629915,1.),.UNSPECIFIED.);
#1396 = CARTESIAN_POINT('',(2.84217094304E-14,-26.24));
#1397 = CARTESIAN_POINT('',(-3.114429167031,-26.24));
#1398 = CARTESIAN_POINT('',(-6.228854513612,-26.23999985487));
#1399 = CARTESIAN_POINT('',(-9.343280674573,-26.24000052824));
#1400 = CARTESIAN_POINT('',(-12.45770511393,-26.23881561046));
#1401 = CARTESIAN_POINT('',(-15.57211815791,-26.23408561551));
#1402 = CARTESIAN_POINT('',(-20.36831724091,-26.21599538607));
#1403 = CARTESIAN_POINT('',(-22.05011984642,-26.20760581952));
#1404 = CARTESIAN_POINT('',(-23.73190797235,-26.19662277159));
#1405 = CARTESIAN_POINT('',(-25.41367127026,-26.18240489131));
#1406 = CARTESIAN_POINT('',(-27.09539185371,-26.16421683269));
#1407 = CARTESIAN_POINT('',(-30.21107755096,-26.12162654101));
#1408 = CARTESIAN_POINT('',(-31.64505897451,-26.09853376462));
#1409 = CARTESIAN_POINT('',(-33.07897318419,-26.07143634));
#1410 = CARTESIAN_POINT('',(-34.51279423955,-26.03977040143));
#1411 = CARTESIAN_POINT('',(-35.94648558658,-26.00292046758));
#1412 = CARTESIAN_POINT('',(-37.38,-25.96021710622));
#1413 = ( GEOMETRIC_REPRESENTATION_CONTEXT(2) 
PARAMETRIC_REPRESENTATION_CONTEXT() REPRESENTATION_CONTEXT('2D SPACE',''
  ) );
#1414 = PCURVE('',#578,#1415);
#1415 = DEFINITIONAL_REPRESENTATION('',(#1416),#1434);
#1416 = B_SPLINE_CURVE_WITH_KNOTS('',6,(#1417,#1418,#1419,#1420,#1421,
    #1422,#1423,#1424,#1425,#1426,#1427,#1428,#1429,#1430,#1431,#1432,
    #1433),.UNSPECIFIED.,.F.,.F.,(7,5,5,7),(0.,0.499871538962,
    0.769809629915,1.),.UNSPECIFIED.);
#1417 = CARTESIAN_POINT('',(1.570796326795,4.712388980385));
#1418 = CARTESIAN_POINT('',(1.553580024047,4.712388980385));
#1419 = CARTESIAN_POINT('',(1.536363742527,4.714841065648));
#1420 = CARTESIAN_POINT('',(1.519165826413,4.719745232418));
#1421 = CARTESIAN_POINT('',(1.502004662693,4.727094927517));
#1422 = CARTESIAN_POINT('',(1.484898276374,4.736877095937));
#1423 = CARTESIAN_POINT('',(1.458665207046,4.755670717624));
#1424 = CARTESIAN_POINT('',(1.449487471707,4.762966988418));
#1425 = CARTESIAN_POINT('',(1.440333511742,4.770967430146));
#1426 = CARTESIAN_POINT('',(1.431206025457,4.779670570935));
#1427 = CARTESIAN_POINT('',(1.422107672549,4.789075477403));
#1428 = CARTESIAN_POINT('',(1.405309510018,4.807799907399));
#1429 = CARTESIAN_POINT('',(1.397601047355,4.816928139788));
#1430 = CARTESIAN_POINT('',(1.389917303483,4.826566391181));
#1431 = CARTESIAN_POINT('',(1.382259902603,4.83671508466));
#1432 = CARTESIAN_POINT('',(1.374630468095,4.847375404949));
#1433 = CARTESIAN_POINT('',(1.367030614864,4.858549576333));
#1434 = ( GEOMETRIC_REPRESENTATION_CONTEXT(2) 
PARAMETRIC_REPRESENTATION_CONTEXT() REPRESENTATION_CONTEXT('2D SPACE',''
  ) );
#1435 = ADVANCED_FACE('',(#1436),#578,.F.);
#1436 = FACE_BOUND('',#1437,.F.);
#1437 = EDGE_LOOP('',(#1438,#1459,#1460,#1461,#1462,#1512,#1551,#1552,
    #1553,#1554,#1602,#1603,#1642,#1643,#1644,#1645,#1686,#1734));
#1438 = ORIENTED_EDGE('',*,*,#1439,.F.);
#1439 = EDGE_CURVE('',#558,#669,#1440,.T.);
#1440 = SEAM_CURVE('',#1441,(#1446,#1453),.PCURVE_S1.);
#1441 = CIRCLE('',#1442,154.66);
#1442 = AXIS2_PLACEMENT_3D('',#1443,#1444,#1445);
#1443 = CARTESIAN_POINT('',(180.9,9.640419602888E-15,1.06581410364E-14)
  );
#1444 = DIRECTION('',(0.,1.,0.));
#1445 = DIRECTION('',(-1.,0.,-5.891730810614E-17));
#1446 = PCURVE('',#578,#1447);
#1447 = DEFINITIONAL_REPRESENTATION('',(#1448),#1452);
#1448 = LINE('',#1449,#1450);
#1449 = CARTESIAN_POINT('',(0.,9.424777960769));
#1450 = VECTOR('',#1451,1.);
#1451 = DIRECTION('',(1.,0.));
#1452 = ( GEOMETRIC_REPRESENTATION_CONTEXT(2) 
PARAMETRIC_REPRESENTATION_CONTEXT() REPRESENTATION_CONTEXT('2D SPACE',''
  ) );
#1453 = PCURVE('',#578,#1454);
#1454 = DEFINITIONAL_REPRESENTATION('',(#1455),#1458);
#1455 = B_SPLINE_CURVE_WITH_KNOTS('',1,(#1456,#1457),.UNSPECIFIED.,.F.,
  .F.,(2,2),(0.,1.570796326795),.PIECEWISE_BEZIER_KNOTS.);
#1456 = CARTESIAN_POINT('',(0.,3.14159265359));
#1457 = CARTESIAN_POINT('',(1.570796326795,3.14159265359));
#1458 = ( GEOMETRIC_REPRESENTATION_CONTEXT(2) 
PARAMETRIC_REPRESENTATION_CONTEXT() REPRESENTATION_CONTEXT('2D SPACE',''
  ) );
#1459 = ORIENTED_EDGE('',*,*,#557,.F.);
#1460 = ORIENTED_EDGE('',*,*,#1439,.T.);
#1461 = ORIENTED_EDGE('',*,*,#696,.T.);
#1462 = ORIENTED_EDGE('',*,*,#1463,.T.);
#1463 = EDGE_CURVE('',#697,#1464,#1466,.T.);
#1464 = VERTEX_POINT('',#1465);
#1465 = CARTESIAN_POINT('',(174.24570604678,-26.18986170345,182.4));
#1466 = SURFACE_CURVE('',#1467,(#1480,#1496),.PCURVE_S1.);
#1467 = B_SPLINE_CURVE_WITH_KNOTS('',6,(#1468,#1469,#1470,#1471,#1472,
    #1473,#1474,#1475,#1476,#1477,#1478,#1479),.UNSPECIFIED.,.F.,.F.,(7,
    5,7),(0.,0.600630376451,1.),.UNSPECIFIED.);
#1468 = CARTESIAN_POINT('',(180.9,-26.1970914416,182.4));
#1469 = CARTESIAN_POINT('',(177.27767608177,-26.1970914416,182.4));
#1470 = CARTESIAN_POINT('',(173.65537135684,-26.19214839883,182.4));
#1471 = CARTESIAN_POINT('',(170.03305989519,-26.18226460828,182.4));
#1472 = CARTESIAN_POINT('',(166.41076450312,-26.16530907931,182.4));
#1473 = CARTESIAN_POINT('',(162.78855664399,-26.1370568253,182.4));
#1474 = CARTESIAN_POINT('',(156.75822513387,-26.06075586913,182.4));
#1475 = CARTESIAN_POINT('',(154.35001156091,-26.02251270943,182.4));
#1476 = CARTESIAN_POINT('',(151.94194453979,-25.97465202473,182.4));
#1477 = CARTESIAN_POINT('',(149.53412545645,-25.91491984087,182.4));
#1478 = CARTESIAN_POINT('',(147.12672804445,-25.84066060815,182.4));
#1479 = CARTESIAN_POINT('',(144.72,-25.74875583047,182.4));
#1480 = PCURVE('',#578,#1481);
#1481 = DEFINITIONAL_REPRESENTATION('',(#1482),#1495);
#1482 = B_SPLINE_CURVE_WITH_KNOTS('',6,(#1483,#1484,#1485,#1486,#1487,
    #1488,#1489,#1490,#1491,#1492,#1493,#1494),.UNSPECIFIED.,.F.,.F.,(7,
    5,7),(0.,0.600630376451,1.),.UNSPECIFIED.);
#1483 = CARTESIAN_POINT('',(1.570796326795,4.769584794124));
#1484 = CARTESIAN_POINT('',(1.550937094787,4.769584794124));
#1485 = CARTESIAN_POINT('',(1.531077966624,4.772879649277));
#1486 = CARTESIAN_POINT('',(1.511247002296,4.779470809475));
#1487 = CARTESIAN_POINT('',(1.491472512974,4.789348359496));
#1488 = CARTESIAN_POINT('',(1.47178228505,4.802500926628));
#1489 = CARTESIAN_POINT('',(1.439184065508,4.829846632595));
#1490 = CARTESIAN_POINT('',(1.426214430594,4.842214344043));
#1491 = CARTESIAN_POINT('',(1.41330165177,4.856028270177));
#1492 = CARTESIAN_POINT('',(1.400453574673,4.871290283948));
#1493 = CARTESIAN_POINT('',(1.387678031005,4.888006608517));
#1494 = CARTESIAN_POINT('',(1.374982743731,4.906192503223));
#1495 = ( GEOMETRIC_REPRESENTATION_CONTEXT(2) 
PARAMETRIC_REPRESENTATION_CONTEXT() REPRESENTATION_CONTEXT('2D SPACE',''
  ) );
#1496 = PCURVE('',#657,#1497);
#1497 = DEFINITIONAL_REPRESENTATION('',(#1498),#1511);
#1498 = B_SPLINE_CURVE_WITH_KNOTS('',6,(#1499,#1500,#1501,#1502,#1503,
    #1504,#1505,#1506,#1507,#1508,#1509,#1510),.UNSPECIFIED.,.F.,.F.,(7,
    5,7),(0.,0.600630376451,1.),.UNSPECIFIED.);
#1499 = CARTESIAN_POINT('',(0.,-26.1970914416));
#1500 = CARTESIAN_POINT('',(-3.622323918229,-26.1970914416));
#1501 = CARTESIAN_POINT('',(-7.244628643157,-26.19214839883));
#1502 = CARTESIAN_POINT('',(-10.8669401048,-26.18226460828));
#1503 = CARTESIAN_POINT('',(-14.48923549687,-26.16530907931));
#1504 = CARTESIAN_POINT('',(-18.111443356,-26.1370568253));
#1505 = CARTESIAN_POINT('',(-24.14177486612,-26.06075586913));
#1506 = CARTESIAN_POINT('',(-26.54998843908,-26.02251270943));
#1507 = CARTESIAN_POINT('',(-28.95805546021,-25.97465202473));
#1508 = CARTESIAN_POINT('',(-31.36587454354,-25.91491984087));
#1509 = CARTESIAN_POINT('',(-33.77327195554,-25.84066060815));
#1510 = CARTESIAN_POINT('',(-36.18,-25.74875583047));
#1511 = ( GEOMETRIC_REPRESENTATION_CONTEXT(2) 
PARAMETRIC_REPRESENTATION_CONTEXT() REPRESENTATION_CONTEXT('2D SPACE',''
  ) );
#1512 = ORIENTED_EDGE('',*,*,#1513,.F.);
#1513 = EDGE_CURVE('',#1350,#1464,#1514,.T.);
#1514 = SURFACE_CURVE('',#1515,(#1525,#1538),.PCURVE_S1.);
#1515 = B_SPLINE_CURVE_WITH_KNOTS('',8,(#1516,#1517,#1518,#1519,#1520,
    #1521,#1522,#1523,#1524),.UNSPECIFIED.,.F.,.F.,(9,9),(0.,1.),
  .PIECEWISE_BEZIER_KNOTS.);
#1516 = CARTESIAN_POINT('',(174.44522372393,-26.23974746879,180.8999994)
  );
#1517 = CARTESIAN_POINT('',(174.43626757294,-26.23754432445,
    181.40216759721));
#1518 = CARTESIAN_POINT('',(174.3826570629,-26.22435293962,
    181.90384974718));
#1519 = CARTESIAN_POINT('',(174.28434821834,-26.20009692126,
    182.40216990859));
#1520 = CARTESIAN_POINT('',(174.14443331982,-26.16502559756,
    182.8952349082));
#1521 = CARTESIAN_POINT('',(173.96846680162,-26.11952723161,
    183.38197609374));
#1522 = CARTESIAN_POINT('',(173.76198303991,-26.0640143558,
    183.86178458194));
#1523 = CARTESIAN_POINT('',(173.53003168616,-25.99887919028,
    184.33446583843));
#1524 = CARTESIAN_POINT('',(173.27680557641,-25.92441688409,
    184.80019941839));
#1525 = PCURVE('',#578,#1526);
#1526 = DEFINITIONAL_REPRESENTATION('',(#1527),#1537);
#1527 = B_SPLINE_CURVE_WITH_KNOTS('',8,(#1528,#1529,#1530,#1531,#1532,
    #1533,#1534,#1535,#1536),.UNSPECIFIED.,.F.,.F.,(9,9),(0.,1.),
  .PIECEWISE_BEZIER_KNOTS.);
#1528 = CARTESIAN_POINT('',(1.535129997039,4.716776216011));
#1529 = CARTESIAN_POINT('',(1.535179474919,4.735913907643));
#1530 = CARTESIAN_POINT('',(1.534982012081,4.755095626534));
#1531 = CARTESIAN_POINT('',(1.534539534665,4.77422226202));
#1532 = CARTESIAN_POINT('',(1.533871482924,4.793230352773));
#1533 = CARTESIAN_POINT('',(1.533010387911,4.812085990269));
#1534 = CARTESIAN_POINT('',(1.531987965716,4.830771608318));
#1535 = CARTESIAN_POINT('',(1.530832851286,4.849284661813));
#1536 = CARTESIAN_POINT('',(1.529568693572,4.867637043133));
#1537 = ( GEOMETRIC_REPRESENTATION_CONTEXT(2) 
PARAMETRIC_REPRESENTATION_CONTEXT() REPRESENTATION_CONTEXT('2D SPACE',''
  ) );
#1538 = PCURVE('',#760,#1539);
#1539 = DEFINITIONAL_REPRESENTATION('',(#1540),#1550);
#1540 = B_SPLINE_CURVE_WITH_KNOTS('',8,(#1541,#1542,#1543,#1544,#1545,
    #1546,#1547,#1548,#1549),.UNSPECIFIED.,.F.,.F.,(9,9),(0.,1.),
  .PIECEWISE_BEZIER_KNOTS.);
#1541 = CARTESIAN_POINT('',(-4.47118579654,5.999999999062E-07));
#1542 = CARTESIAN_POINT('',(-4.470844476526,-0.502167597218));
#1543 = CARTESIAN_POINT('',(-4.468801341095,-1.003849747181));
#1544 = CARTESIAN_POINT('',(-4.465054138229,-1.502169908594));
#1545 = CARTESIAN_POINT('',(-4.459716174179,-1.995234908205));
#1546 = CARTESIAN_POINT('',(-4.4529904893,-2.481976093747));
#1547 = CARTESIAN_POINT('',(-4.445078566923,-2.96178458194));
#1548 = CARTESIAN_POINT('',(-4.436163414676,-3.434465838432));
#1549 = CARTESIAN_POINT('',(-4.426395553324,-3.900199418398));
#1550 = ( GEOMETRIC_REPRESENTATION_CONTEXT(2) 
PARAMETRIC_REPRESENTATION_CONTEXT() REPRESENTATION_CONTEXT('2D SPACE',''
  ) );
#1551 = ORIENTED_EDGE('',*,*,#1373,.T.);
#1552 = ORIENTED_EDGE('',*,*,#1309,.T.);
#1553 = ORIENTED_EDGE('',*,*,#1227,.F.);
#1554 = ORIENTED_EDGE('',*,*,#1555,.F.);
#1555 = EDGE_CURVE('',#1101,#1205,#1556,.T.);
#1556 = SURFACE_CURVE('',#1557,(#1570,#1586),.PCURVE_S1.);
#1557 = B_SPLINE_CURVE_WITH_KNOTS('',6,(#1558,#1559,#1560,#1561,#1562,
    #1563,#1564,#1565,#1566,#1567,#1568,#1569),.UNSPECIFIED.,.F.,.F.,(7,
    5,7),(0.,0.733270189496,1.),.UNSPECIFIED.);
#1558 = CARTESIAN_POINT('',(180.9,-25.94852691728,184.80019881839));
#1559 = CARTESIAN_POINT('',(176.9361038176,-25.94852691728,
    184.80019881839));
#1560 = CARTESIAN_POINT('',(172.97226337715,-25.93319050198,
    184.80019881839));
#1561 = CARTESIAN_POINT('',(169.00844432427,-25.90252463527,
    184.80019881839));
#1562 = CARTESIAN_POINT('',(165.04476753983,-25.85349644696,
    184.80019881839));
#1563 = CARTESIAN_POINT('',(161.08150721149,-25.78012973747,
    184.80019881839));
#1564 = CARTESIAN_POINT('',(155.67775272851,-25.6344175278,
    184.80019881839));
#1565 = CARTESIAN_POINT('',(154.23653347655,-25.59112199975,
    184.80019881839));
#1566 = CARTESIAN_POINT('',(152.79546400998,-25.54295637133,
    184.80019881839));
#1567 = CARTESIAN_POINT('',(151.35458285955,-25.48942528765,
    184.80019881839));
#1568 = CARTESIAN_POINT('',(149.91394060145,-25.42997468682,
    184.80019881839));
#1569 = CARTESIAN_POINT('',(148.4736,-25.36398808546,184.80019881839));
#1570 = PCURVE('',#578,#1571);
#1571 = DEFINITIONAL_REPRESENTATION('',(#1572),#1585);
#1572 = B_SPLINE_CURVE_WITH_KNOTS('',6,(#1573,#1574,#1575,#1576,#1577,
    #1578,#1579,#1580,#1581,#1582,#1583,#1584),.UNSPECIFIED.,.F.,.F.,(7,
    5,7),(0.,0.733270189496,1.),.UNSPECIFIED.);
#1573 = CARTESIAN_POINT('',(1.570796326795,4.861577409673));
#1574 = CARTESIAN_POINT('',(1.549346695205,4.861577409673));
#1575 = CARTESIAN_POINT('',(1.527897365793,4.865509394027));
#1576 = CARTESIAN_POINT('',(1.506483676177,4.873373088824));
#1577 = CARTESIAN_POINT('',(1.485141815964,4.885169865903));
#1578 = CARTESIAN_POINT('',(1.463907582734,4.900899912332));
#1579 = CARTESIAN_POINT('',(1.43514285316,4.927764099033));
#1580 = CARTESIAN_POINT('',(1.427489278169,4.935454644433));
#1581 = CARTESIAN_POINT('',(1.419856220089,4.943671931651));
#1582 = CARTESIAN_POINT('',(1.412245381951,4.952418170915));
#1583 = CARTESIAN_POINT('',(1.404658480809,4.961696383583));
#1584 = CARTESIAN_POINT('',(1.397097239773,4.971510678878));
#1585 = ( GEOMETRIC_REPRESENTATION_CONTEXT(2) 
PARAMETRIC_REPRESENTATION_CONTEXT() REPRESENTATION_CONTEXT('2D SPACE',''
  ) );
#1586 = PCURVE('',#1115,#1587);
#1587 = DEFINITIONAL_REPRESENTATION('',(#1588),#1601);
#1588 = B_SPLINE_CURVE_WITH_KNOTS('',6,(#1589,#1590,#1591,#1592,#1593,
    #1594,#1595,#1596,#1597,#1598,#1599,#1600),.UNSPECIFIED.,.F.,.F.,(7,
    5,7),(0.,0.733270189496,1.),.UNSPECIFIED.);
#1589 = CARTESIAN_POINT('',(0.,-25.94852691728));
#1590 = CARTESIAN_POINT('',(-3.9638961824,-25.94852691728));
#1591 = CARTESIAN_POINT('',(-7.927736622847,-25.93319050198));
#1592 = CARTESIAN_POINT('',(-11.89155567572,-25.90252463527));
#1593 = CARTESIAN_POINT('',(-15.85523246016,-25.85349644696));
#1594 = CARTESIAN_POINT('',(-19.8184927885,-25.78012973747));
#1595 = CARTESIAN_POINT('',(-25.22224727148,-25.6344175278));
#1596 = CARTESIAN_POINT('',(-26.66346652344,-25.59112199975));
#1597 = CARTESIAN_POINT('',(-28.10453599002,-25.54295637133));
#1598 = CARTESIAN_POINT('',(-29.54541714044,-25.48942528765));
#1599 = CARTESIAN_POINT('',(-30.98605939854,-25.42997468682));
#1600 = CARTESIAN_POINT('',(-32.4264,-25.36398808546));
#1601 = ( GEOMETRIC_REPRESENTATION_CONTEXT(2) 
PARAMETRIC_REPRESENTATION_CONTEXT() REPRESENTATION_CONTEXT('2D SPACE',''
  ) );
#1602 = ORIENTED_EDGE('',*,*,#1126,.T.);
#1603 = ORIENTED_EDGE('',*,*,#1604,.F.);
#1604 = EDGE_CURVE('',#974,#1127,#1605,.T.);
#1605 = SURFACE_CURVE('',#1606,(#1616,#1629),.PCURVE_S1.);
#1606 = B_SPLINE_CURVE_WITH_KNOTS('',8,(#1607,#1608,#1609,#1610,#1611,
    #1612,#1613,#1614,#1615),.UNSPECIFIED.,.F.,.F.,(9,9),(0.,1.),
  .PIECEWISE_BEZIER_KNOTS.);
#1607 = CARTESIAN_POINT('',(148.4736,25.363988085464,184.80019881839));
#1608 = CARTESIAN_POINT('',(152.52368157237,25.549535252532,
    184.80019881839));
#1609 = CARTESIAN_POINT('',(156.57577228628,25.685852487413,
    184.80019881839));
#1610 = CARTESIAN_POINT('',(160.62908070034,25.78457685081,
    184.80019881839));
#1611 = CARTESIAN_POINT('',(164.68301846797,25.854620232246,
    184.80019881839));
#1612 = CARTESIAN_POINT('',(168.73718892708,25.902690381331,
    184.80019881839));
#1613 = CARTESIAN_POINT('',(172.79138711323,25.933247077511,
    184.80019881839));
#1614 = CARTESIAN_POINT('',(176.84559865815,25.948526917283,
    184.80019881839));
#1615 = CARTESIAN_POINT('',(180.9,25.948526917283,184.80019881839));
#1616 = PCURVE('',#578,#1617);
#1617 = DEFINITIONAL_REPRESENTATION('',(#1618),#1628);
#1618 = B_SPLINE_CURVE_WITH_KNOTS('',8,(#1619,#1620,#1621,#1622,#1623,
    #1624,#1625,#1626,#1627),.UNSPECIFIED.,.F.,.F.,(9,9),(0.,1.),
  .PIECEWISE_BEZIER_KNOTS.);
#1619 = CARTESIAN_POINT('',(1.397097239773,7.594859935481));
#1620 = CARTESIAN_POINT('',(1.418358629581,7.622456669531));
#1621 = CARTESIAN_POINT('',(1.439811868194,7.646014779931));
#1622 = CARTESIAN_POINT('',(1.461426529935,7.6656153728));
#1623 = CARTESIAN_POINT('',(1.483170913395,7.68128777212));
#1624 = CARTESIAN_POINT('',(1.505012503959,7.693040788452));
#1625 = CARTESIAN_POINT('',(1.526918598626,7.700875509104));
#1626 = CARTESIAN_POINT('',(1.548856949198,7.704793204686));
#1627 = CARTESIAN_POINT('',(1.570796326795,7.704793204686));
#1628 = ( GEOMETRIC_REPRESENTATION_CONTEXT(2) 
PARAMETRIC_REPRESENTATION_CONTEXT() REPRESENTATION_CONTEXT('2D SPACE',''
  ) );
#1629 = PCURVE('',#1115,#1630);
#1630 = DEFINITIONAL_REPRESENTATION('',(#1631),#1641);
#1631 = B_SPLINE_CURVE_WITH_KNOTS('',8,(#1632,#1633,#1634,#1635,#1636,
    #1637,#1638,#1639,#1640),.UNSPECIFIED.,.F.,.F.,(9,9),(0.,1.),
  .PIECEWISE_BEZIER_KNOTS.);
#1632 = CARTESIAN_POINT('',(-32.4264,25.363988085464));
#1633 = CARTESIAN_POINT('',(-28.37631842762,25.549535252532));
#1634 = CARTESIAN_POINT('',(-24.32422771371,25.685852487413));
#1635 = CARTESIAN_POINT('',(-20.27091929966,25.78457685081));
#1636 = CARTESIAN_POINT('',(-16.21698153202,25.854620232246));
#1637 = CARTESIAN_POINT('',(-12.16281107291,25.902690381331));
#1638 = CARTESIAN_POINT('',(-8.108612886769,25.933247077511));
#1639 = CARTESIAN_POINT('',(-4.054401341841,25.948526917283));
#1640 = CARTESIAN_POINT('',(0.,25.948526917283));
#1641 = ( GEOMETRIC_REPRESENTATION_CONTEXT(2) 
PARAMETRIC_REPRESENTATION_CONTEXT() REPRESENTATION_CONTEXT('2D SPACE',''
  ) );
#1642 = ORIENTED_EDGE('',*,*,#973,.F.);
#1643 = ORIENTED_EDGE('',*,*,#935,.T.);
#1644 = ORIENTED_EDGE('',*,*,#818,.T.);
#1645 = ORIENTED_EDGE('',*,*,#1646,.F.);
#1646 = EDGE_CURVE('',#1647,#819,#1649,.T.);
#1647 = VERTEX_POINT('',#1648);
#1648 = CARTESIAN_POINT('',(174.24570604686,26.189861703442,182.4));
#1649 = SURFACE_CURVE('',#1650,(#1660,#1673),.PCURVE_S1.);
#1650 = B_SPLINE_CURVE_WITH_KNOTS('',8,(#1651,#1652,#1653,#1654,#1655,
    #1656,#1657,#1658,#1659),.UNSPECIFIED.,.F.,.F.,(9,9),(0.,1.),
  .PIECEWISE_BEZIER_KNOTS.);
#1651 = CARTESIAN_POINT('',(173.27680557641,25.924416884091,
    184.80019941839));
#1652 = CARTESIAN_POINT('',(173.53003102244,25.99887899511,
    184.33446705914));
#1653 = CARTESIAN_POINT('',(173.76198335208,26.064014464657,
    183.86178424124));
#1654 = CARTESIAN_POINT('',(173.96846755208,26.119527424133,
    183.38197456156));
#1655 = CARTESIAN_POINT('',(174.14443339123,26.165025601449,
    182.89523391734));
#1656 = CARTESIAN_POINT('',(174.28434770201,26.200096794993,
    182.40217075009));
#1657 = CARTESIAN_POINT('',(174.38265674004,26.224352860261,
    181.90385173525));
#1658 = CARTESIAN_POINT('',(174.43626754354,26.237544317225,
    181.40216924567));
#1659 = CARTESIAN_POINT('',(174.44522372393,26.239747468791,180.8999994)
  );
#1660 = PCURVE('',#578,#1661);
#1661 = DEFINITIONAL_REPRESENTATION('',(#1662),#1672);
#1662 = B_SPLINE_CURVE_WITH_KNOTS('',8,(#1663,#1664,#1665,#1666,#1667,
    #1668,#1669,#1670,#1671),.UNSPECIFIED.,.F.,.F.,(9,9),(0.,1.),
  .PIECEWISE_BEZIER_KNOTS.);
#1663 = CARTESIAN_POINT('',(1.529568693572,7.698733571226));
#1664 = CARTESIAN_POINT('',(1.530832847973,7.717085904444));
#1665 = CARTESIAN_POINT('',(1.53198796729,7.735599020057));
#1666 = CARTESIAN_POINT('',(1.533010391664,7.754284683825));
#1667 = CARTESIAN_POINT('',(1.533871483192,7.773140299134));
#1668 = CARTESIAN_POINT('',(1.53453953199,7.792148319486));
#1669 = CARTESIAN_POINT('',(1.534982010693,7.811274911654));
#1670 = CARTESIAN_POINT('',(1.535179475081,7.830456643893));
#1671 = CARTESIAN_POINT('',(1.535129997039,7.849594398348));
#1672 = ( GEOMETRIC_REPRESENTATION_CONTEXT(2) 
PARAMETRIC_REPRESENTATION_CONTEXT() REPRESENTATION_CONTEXT('2D SPACE',''
  ) );
#1673 = PCURVE('',#631,#1674);
#1674 = DEFINITIONAL_REPRESENTATION('',(#1675),#1685);
#1675 = B_SPLINE_CURVE_WITH_KNOTS('',8,(#1676,#1677,#1678,#1679,#1680,
    #1681,#1682,#1683,#1684),.UNSPECIFIED.,.F.,.F.,(9,9),(0.,1.),
  .PIECEWISE_BEZIER_KNOTS.);
#1676 = CARTESIAN_POINT('',(-1.856789753856,-3.900199418398));
#1677 = CARTESIAN_POINT('',(-1.847021918106,-3.434467059145));
#1678 = CARTESIAN_POINT('',(-1.83810672804,-2.961784241248));
#1679 = CARTESIAN_POINT('',(-1.830194789227,-2.48197456157));
#1680 = CARTESIAN_POINT('',(-1.8234691304,-1.995233917341));
#1681 = CARTESIAN_POINT('',(-1.818131188616,-1.502170750098));
#1682 = CARTESIAN_POINT('',(-1.814383978391,-1.003851735257));
#1683 = CARTESIAN_POINT('',(-1.812340831775,-0.502169245675));
#1684 = CARTESIAN_POINT('',(-1.811999510639,5.999999999062E-07));
#1685 = ( GEOMETRIC_REPRESENTATION_CONTEXT(2) 
PARAMETRIC_REPRESENTATION_CONTEXT() REPRESENTATION_CONTEXT('2D SPACE',''
  ) );
#1686 = ORIENTED_EDGE('',*,*,#1687,.T.);
#1687 = EDGE_CURVE('',#1647,#643,#1688,.T.);
#1688 = SURFACE_CURVE('',#1689,(#1702,#1718),.PCURVE_S1.);
#1689 = B_SPLINE_CURVE_WITH_KNOTS('',6,(#1690,#1691,#1692,#1693,#1694,
    #1695,#1696,#1697,#1698,#1699,#1700,#1701),.UNSPECIFIED.,.F.,.F.,(7,
    5,7),(0.,0.528593979874,1.),.UNSPECIFIED.);
#1690 = CARTESIAN_POINT('',(144.72,25.748755830474,182.4));
#1691 = CARTESIAN_POINT('',(147.90547789066,25.870398422377,182.4));
#1692 = CARTESIAN_POINT('',(151.09210066018,25.961128153894,182.4));
#1693 = CARTESIAN_POINT('',(154.27933982217,26.02817599456,182.4));
#1694 = CARTESIAN_POINT('',(157.46685315613,26.077357026392,182.4));
#1695 = CARTESIAN_POINT('',(160.65447906513,26.11329810644,182.4));
#1696 = CARTESIAN_POINT('',(166.68511737934,26.162617994988,182.4));
#1697 = CARTESIAN_POINT('',(169.52806134095,26.178017093406,182.4));
#1698 = CARTESIAN_POINT('',(172.37103665587,26.187957858836,182.4));
#1699 = CARTESIAN_POINT('',(175.2140221275,26.194046510066,182.4));
#1700 = CARTESIAN_POINT('',(178.057008801,26.197091441609,182.4));
#1701 = CARTESIAN_POINT('',(180.9,26.197091441609,182.4));
#1702 = PCURVE('',#578,#1703);
#1703 = DEFINITIONAL_REPRESENTATION('',(#1704),#1717);
#1704 = B_SPLINE_CURVE_WITH_KNOTS('',6,(#1705,#1706,#1707,#1708,#1709,
    #1710,#1711,#1712,#1713,#1714,#1715,#1716),.UNSPECIFIED.,.F.,.F.,(7,
    5,7),(0.,0.528593979874,1.),.UNSPECIFIED.);
#1705 = CARTESIAN_POINT('',(1.374982743731,7.660178111136));
#1706 = CARTESIAN_POINT('',(1.391785870707,7.684248452462));
#1707 = CARTESIAN_POINT('',(1.408729447817,7.705744136199));
#1708 = CARTESIAN_POINT('',(1.425795805881,7.724700924572));
#1709 = CARTESIAN_POINT('',(1.44296673939,7.741126482153));
#1710 = CARTESIAN_POINT('',(1.460223873663,7.755019268002));
#1711 = CARTESIAN_POINT('',(1.492999934226,7.776501260431));
#1712 = CARTESIAN_POINT('',(1.508504699211,7.78460976536));
#1713 = CARTESIAN_POINT('',(1.524050291567,7.790696283432));
#1714 = CARTESIAN_POINT('',(1.539623202214,7.794756088809));
#1715 = CARTESIAN_POINT('',(1.555209752239,7.796785820235));
#1716 = CARTESIAN_POINT('',(1.570796326795,7.796785820235));
#1717 = ( GEOMETRIC_REPRESENTATION_CONTEXT(2) 
PARAMETRIC_REPRESENTATION_CONTEXT() REPRESENTATION_CONTEXT('2D SPACE',''
  ) );
#1718 = PCURVE('',#657,#1719);
#1719 = DEFINITIONAL_REPRESENTATION('',(#1720),#1733);
#1720 = B_SPLINE_CURVE_WITH_KNOTS('',6,(#1721,#1722,#1723,#1724,#1725,
    #1726,#1727,#1728,#1729,#1730,#1731,#1732),.UNSPECIFIED.,.F.,.F.,(7,
    5,7),(0.,0.528593979874,1.),.UNSPECIFIED.);
#1721 = CARTESIAN_POINT('',(-36.18,25.748755830474));
#1722 = CARTESIAN_POINT('',(-32.99452210933,25.870398422377));
#1723 = CARTESIAN_POINT('',(-29.80789933981,25.961128153894));
#1724 = CARTESIAN_POINT('',(-26.62066017782,26.02817599456));
#1725 = CARTESIAN_POINT('',(-23.43314684386,26.077357026392));
#1726 = CARTESIAN_POINT('',(-20.24552093486,26.11329810644));
#1727 = CARTESIAN_POINT('',(-14.21488262065,26.162617994988));
#1728 = CARTESIAN_POINT('',(-11.37193865905,26.178017093406));
#1729 = CARTESIAN_POINT('',(-8.528963344125,26.187957858836));
#1730 = CARTESIAN_POINT('',(-5.685977872497,26.194046510066));
#1731 = CARTESIAN_POINT('',(-2.842991198993,26.197091441609));
#1732 = CARTESIAN_POINT('',(0.,26.197091441609));
#1733 = ( GEOMETRIC_REPRESENTATION_CONTEXT(2) 
PARAMETRIC_REPRESENTATION_CONTEXT() REPRESENTATION_CONTEXT('2D SPACE',''
  ) );
#1734 = ORIENTED_EDGE('',*,*,#668,.T.);
#1735 = ADVANCED_FACE('',(#1736),#760,.T.);
#1736 = FACE_BOUND('',#1737,.F.);
#1737 = EDGE_LOOP('',(#1738,#1764,#1765,#1766));
#1738 = ORIENTED_EDGE('',*,*,#1739,.F.);
#1739 = EDGE_CURVE('',#725,#1464,#1740,.T.);
#1740 = SURFACE_CURVE('',#1741,(#1746,#1753),.PCURVE_S1.);
#1741 = CIRCLE('',#1742,27.022);
#1742 = AXIS2_PLACEMENT_3D('',#1743,#1744,#1745);
#1743 = CARTESIAN_POINT('',(180.9,9.124144279423E-16,182.4));
#1744 = DIRECTION('',(0.,0.,-1.));
#1745 = DIRECTION('',(1.,0.,0.));
#1746 = PCURVE('',#760,#1747);
#1747 = DEFINITIONAL_REPRESENTATION('',(#1748),#1752);
#1748 = LINE('',#1749,#1750);
#1749 = CARTESIAN_POINT('',(-6.28318530718,-1.5));
#1750 = VECTOR('',#1751,1.);
#1751 = DIRECTION('',(1.,-0.));
#1752 = ( GEOMETRIC_REPRESENTATION_CONTEXT(2) 
PARAMETRIC_REPRESENTATION_CONTEXT() REPRESENTATION_CONTEXT('2D SPACE',''
  ) );
#1753 = PCURVE('',#657,#1754);
#1754 = DEFINITIONAL_REPRESENTATION('',(#1755),#1763);
#1755 = ( BOUNDED_CURVE() B_SPLINE_CURVE(2,(#1756,#1757,#1758,#1759,
#1760,#1761,#1762),.UNSPECIFIED.,.T.,.F.) B_SPLINE_CURVE_WITH_KNOTS((1,2
    ,2,2,2,1),(-2.094395102393,0.,2.094395102393,4.188790204786,
6.28318530718,8.377580409573),.UNSPECIFIED.) CURVE() 
GEOMETRIC_REPRESENTATION_ITEM() RATIONAL_B_SPLINE_CURVE((1.,0.5,1.,0.5,
1.,0.5,1.)) REPRESENTATION_ITEM('') );
#1756 = CARTESIAN_POINT('',(27.022,9.124144279423E-16));
#1757 = CARTESIAN_POINT('',(27.022,-46.80347692212));
#1758 = CARTESIAN_POINT('',(-13.511,-23.40173846106));
#1759 = CARTESIAN_POINT('',(-54.044,-5.70606673337E-15));
#1760 = CARTESIAN_POINT('',(-13.511,23.401738461063));
#1761 = CARTESIAN_POINT('',(27.022,46.803476922126));
#1762 = CARTESIAN_POINT('',(27.022,9.124144279423E-16));
#1763 = ( GEOMETRIC_REPRESENTATION_CONTEXT(2) 
PARAMETRIC_REPRESENTATION_CONTEXT() REPRESENTATION_CONTEXT('2D SPACE',''
  ) );
#1764 = ORIENTED_EDGE('',*,*,#745,.T.);
#1765 = ORIENTED_EDGE('',*,*,#1349,.F.);
#1766 = ORIENTED_EDGE('',*,*,#1513,.T.);
#1767 = ADVANCED_FACE('',(#1768,#1794,#1799),#657,.F.);
#1768 = FACE_BOUND('',#1769,.F.);
#1769 = EDGE_LOOP('',(#1770));
#1770 = ORIENTED_EDGE('',*,*,#1771,.T.);
#1771 = EDGE_CURVE('',#1772,#1772,#1774,.T.);
#1772 = VERTEX_POINT('',#1773);
#1773 = CARTESIAN_POINT('',(211.05,0.,182.4));
#1774 = SURFACE_CURVE('',#1775,(#1780,#1787),.PCURVE_S1.);
#1775 = CIRCLE('',#1776,30.15);
#1776 = AXIS2_PLACEMENT_3D('',#1777,#1778,#1779);
#1777 = CARTESIAN_POINT('',(180.9,0.,182.4));
#1778 = DIRECTION('',(0.,0.,1.));
#1779 = DIRECTION('',(1.,0.,0.));
#1780 = PCURVE('',#657,#1781);
#1781 = DEFINITIONAL_REPRESENTATION('',(#1782),#1786);
#1782 = CIRCLE('',#1783,30.15);
#1783 = AXIS2_PLACEMENT_2D('',#1784,#1785);
#1784 = CARTESIAN_POINT('',(0.,0.));
#1785 = DIRECTION('',(1.,0.));
#1786 = ( GEOMETRIC_REPRESENTATION_CONTEXT(2) 
PARAMETRIC_REPRESENTATION_CONTEXT() REPRESENTATION_CONTEXT('2D SPACE',''
  ) );
#1787 = PCURVE('',#1046,#1788);
#1788 = DEFINITIONAL_REPRESENTATION('',(#1789),#1793);
#1789 = LINE('',#1790,#1791);
#1790 = CARTESIAN_POINT('',(-0.,-0.));
#1791 = VECTOR('',#1792,1.);
#1792 = DIRECTION('',(-1.,-0.));
#1793 = ( GEOMETRIC_REPRESENTATION_CONTEXT(2) 
PARAMETRIC_REPRESENTATION_CONTEXT() REPRESENTATION_CONTEXT('2D SPACE',''
  ) );
#1794 = FACE_BOUND('',#1795,.F.);
#1795 = EDGE_LOOP('',(#1796,#1797,#1798));
#1796 = ORIENTED_EDGE('',*,*,#1463,.F.);
#1797 = ORIENTED_EDGE('',*,*,#724,.T.);
#1798 = ORIENTED_EDGE('',*,*,#1739,.T.);
#1799 = FACE_BOUND('',#1800,.F.);
#1800 = EDGE_LOOP('',(#1801,#1827,#1828));
#1801 = ORIENTED_EDGE('',*,*,#1802,.T.);
#1802 = EDGE_CURVE('',#1647,#617,#1803,.T.);
#1803 = SURFACE_CURVE('',#1804,(#1809,#1820),.PCURVE_S1.);
#1804 = CIRCLE('',#1805,27.022);
#1805 = AXIS2_PLACEMENT_3D('',#1806,#1807,#1808);
#1806 = CARTESIAN_POINT('',(180.9,9.124144279423E-16,182.4));
#1807 = DIRECTION('',(0.,0.,-1.));
#1808 = DIRECTION('',(1.,0.,0.));
#1809 = PCURVE('',#657,#1810);
#1810 = DEFINITIONAL_REPRESENTATION('',(#1811),#1819);
#1811 = ( BOUNDED_CURVE() B_SPLINE_CURVE(2,(#1812,#1813,#1814,#1815,
#1816,#1817,#1818),.UNSPECIFIED.,.T.,.F.) B_SPLINE_CURVE_WITH_KNOTS((1,2
    ,2,2,2,1),(-2.094395102393,0.,2.094395102393,4.188790204786,
6.28318530718,8.377580409573),.UNSPECIFIED.) CURVE() 
GEOMETRIC_REPRESENTATION_ITEM() RATIONAL_B_SPLINE_CURVE((1.,0.5,1.,0.5,
1.,0.5,1.)) REPRESENTATION_ITEM('') );
#1812 = CARTESIAN_POINT('',(27.022,9.124144279423E-16));
#1813 = CARTESIAN_POINT('',(27.022,-46.80347692212));
#1814 = CARTESIAN_POINT('',(-13.511,-23.40173846106));
#1815 = CARTESIAN_POINT('',(-54.044,-5.70606673337E-15));
#1816 = CARTESIAN_POINT('',(-13.511,23.401738461063));
#1817 = CARTESIAN_POINT('',(27.022,46.803476922126));
#1818 = CARTESIAN_POINT('',(27.022,9.124144279423E-16));
#1819 = ( GEOMETRIC_REPRESENTATION_CONTEXT(2) 
PARAMETRIC_REPRESENTATION_CONTEXT() REPRESENTATION_CONTEXT('2D SPACE',''
  ) );
#1820 = PCURVE('',#631,#1821);
#1821 = DEFINITIONAL_REPRESENTATION('',(#1822),#1826);
#1822 = LINE('',#1823,#1824);
#1823 = CARTESIAN_POINT('',(-6.28318530718,-1.5));
#1824 = VECTOR('',#1825,1.);
#1825 = DIRECTION('',(1.,-0.));
#1826 = ( GEOMETRIC_REPRESENTATION_CONTEXT(2) 
PARAMETRIC_REPRESENTATION_CONTEXT() REPRESENTATION_CONTEXT('2D SPACE',''
  ) );
#1827 = ORIENTED_EDGE('',*,*,#642,.T.);
#1828 = ORIENTED_EDGE('',*,*,#1687,.F.);
#1829 = ADVANCED_FACE('',(#1830),#631,.T.);
#1830 = FACE_BOUND('',#1831,.F.);
#1831 = EDGE_LOOP('',(#1832,#1833,#1834,#1835));
#1832 = ORIENTED_EDGE('',*,*,#883,.F.);
#1833 = ORIENTED_EDGE('',*,*,#616,.F.);
#1834 = ORIENTED_EDGE('',*,*,#1802,.F.);
#1835 = ORIENTED_EDGE('',*,*,#1646,.T.);
#1836 = ADVANCED_FACE('',(#1837),#1046,.T.);
#1837 = FACE_BOUND('',#1838,.T.);
#1838 = EDGE_LOOP('',(#1839,#1859,#1860,#1861,#1883,#1884,#1906,#1907));
#1839 = ORIENTED_EDGE('',*,*,#1840,.F.);
#1840 = EDGE_CURVE('',#1772,#1841,#1843,.T.);
#1841 = VERTEX_POINT('',#1842);
#1842 = CARTESIAN_POINT('',(207.922,0.,184.80019881839));
#1843 = SEAM_CURVE('',#1844,(#1847,#1853),.PCURVE_S1.);
#1844 = B_SPLINE_CURVE_WITH_KNOTS('',1,(#1845,#1846),.UNSPECIFIED.,.F.,
  .F.,(2,2),(0.,1.),.PIECEWISE_BEZIER_KNOTS.);
#1845 = CARTESIAN_POINT('',(211.05,0.,182.4));
#1846 = CARTESIAN_POINT('',(207.922,0.,184.80019881839));
#1847 = PCURVE('',#1046,#1848);
#1848 = DEFINITIONAL_REPRESENTATION('',(#1849),#1852);
#1849 = B_SPLINE_CURVE_WITH_KNOTS('',1,(#1850,#1851),.UNSPECIFIED.,.F.,
  .F.,(2,2),(0.,1.),.PIECEWISE_BEZIER_KNOTS.);
#1850 = CARTESIAN_POINT('',(0.,0.));
#1851 = CARTESIAN_POINT('',(0.,-2.400198818398));
#1852 = ( GEOMETRIC_REPRESENTATION_CONTEXT(2) 
PARAMETRIC_REPRESENTATION_CONTEXT() REPRESENTATION_CONTEXT('2D SPACE',''
  ) );
#1853 = PCURVE('',#1046,#1854);
#1854 = DEFINITIONAL_REPRESENTATION('',(#1855),#1858);
#1855 = B_SPLINE_CURVE_WITH_KNOTS('',1,(#1856,#1857),.UNSPECIFIED.,.F.,
  .F.,(2,2),(0.,1.),.PIECEWISE_BEZIER_KNOTS.);
#1856 = CARTESIAN_POINT('',(-6.28318530718,0.));
#1857 = CARTESIAN_POINT('',(-6.28318530718,-2.400198818398));
#1858 = ( GEOMETRIC_REPRESENTATION_CONTEXT(2) 
PARAMETRIC_REPRESENTATION_CONTEXT() REPRESENTATION_CONTEXT('2D SPACE',''
  ) );
#1859 = ORIENTED_EDGE('',*,*,#1771,.T.);
#1860 = ORIENTED_EDGE('',*,*,#1840,.T.);
#1861 = ORIENTED_EDGE('',*,*,#1862,.F.);
#1862 = EDGE_CURVE('',#1080,#1841,#1863,.T.);
#1863 = SURFACE_CURVE('',#1864,(#1869,#1876),.PCURVE_S1.);
#1864 = CIRCLE('',#1865,27.022);
#1865 = AXIS2_PLACEMENT_3D('',#1866,#1867,#1868);
#1866 = CARTESIAN_POINT('',(180.9,0.,184.80019881839));
#1867 = DIRECTION('',(0.,0.,1.));
#1868 = DIRECTION('',(1.,0.,0.));
#1869 = PCURVE('',#1046,#1870);
#1870 = DEFINITIONAL_REPRESENTATION('',(#1871),#1875);
#1871 = LINE('',#1872,#1873);
#1872 = CARTESIAN_POINT('',(-0.,-2.400198818398));
#1873 = VECTOR('',#1874,1.);
#1874 = DIRECTION('',(-1.,-0.));
#1875 = ( GEOMETRIC_REPRESENTATION_CONTEXT(2) 
PARAMETRIC_REPRESENTATION_CONTEXT() REPRESENTATION_CONTEXT('2D SPACE',''
  ) );
#1876 = PCURVE('',#1115,#1877);
#1877 = DEFINITIONAL_REPRESENTATION('',(#1878),#1882);
#1878 = CIRCLE('',#1879,27.022);
#1879 = AXIS2_PLACEMENT_2D('',#1880,#1881);
#1880 = CARTESIAN_POINT('',(0.,0.));
#1881 = DIRECTION('',(1.,0.));
#1882 = ( GEOMETRIC_REPRESENTATION_CONTEXT(2) 
PARAMETRIC_REPRESENTATION_CONTEXT() REPRESENTATION_CONTEXT('2D SPACE',''
  ) );
#1883 = ORIENTED_EDGE('',*,*,#1204,.F.);
#1884 = ORIENTED_EDGE('',*,*,#1885,.F.);
#1885 = EDGE_CURVE('',#974,#1205,#1886,.T.);
#1886 = SURFACE_CURVE('',#1887,(#1892,#1899),.PCURVE_S1.);
#1887 = CIRCLE('',#1888,27.022);
#1888 = AXIS2_PLACEMENT_3D('',#1889,#1890,#1891);
#1889 = CARTESIAN_POINT('',(180.9,0.,184.80019881839));
#1890 = DIRECTION('',(0.,0.,1.));
#1891 = DIRECTION('',(1.,0.,0.));
#1892 = PCURVE('',#1046,#1893);
#1893 = DEFINITIONAL_REPRESENTATION('',(#1894),#1898);
#1894 = LINE('',#1895,#1896);
#1895 = CARTESIAN_POINT('',(-0.,-2.400198818398));
#1896 = VECTOR('',#1897,1.);
#1897 = DIRECTION('',(-1.,-0.));
#1898 = ( GEOMETRIC_REPRESENTATION_CONTEXT(2) 
PARAMETRIC_REPRESENTATION_CONTEXT() REPRESENTATION_CONTEXT('2D SPACE',''
  ) );
#1899 = PCURVE('',#1115,#1900);
#1900 = DEFINITIONAL_REPRESENTATION('',(#1901),#1905);
#1901 = CIRCLE('',#1902,27.022);
#1902 = AXIS2_PLACEMENT_2D('',#1903,#1904);
#1903 = CARTESIAN_POINT('',(0.,0.));
#1904 = DIRECTION('',(1.,0.));
#1905 = ( GEOMETRIC_REPRESENTATION_CONTEXT(2) 
PARAMETRIC_REPRESENTATION_CONTEXT() REPRESENTATION_CONTEXT('2D SPACE',''
  ) );
#1906 = ORIENTED_EDGE('',*,*,#1029,.F.);
#1907 = ORIENTED_EDGE('',*,*,#1908,.F.);
#1908 = EDGE_CURVE('',#1841,#1030,#1909,.T.);
#1909 = SURFACE_CURVE('',#1910,(#1915,#1922),.PCURVE_S1.);
#1910 = CIRCLE('',#1911,27.022);
#1911 = AXIS2_PLACEMENT_3D('',#1912,#1913,#1914);
#1912 = CARTESIAN_POINT('',(180.9,0.,184.80019881839));
#1913 = DIRECTION('',(0.,0.,1.));
#1914 = DIRECTION('',(1.,0.,0.));
#1915 = PCURVE('',#1046,#1916);
#1916 = DEFINITIONAL_REPRESENTATION('',(#1917),#1921);
#1917 = LINE('',#1918,#1919);
#1918 = CARTESIAN_POINT('',(-0.,-2.400198818398));
#1919 = VECTOR('',#1920,1.);
#1920 = DIRECTION('',(-1.,-0.));
#1921 = ( GEOMETRIC_REPRESENTATION_CONTEXT(2) 
PARAMETRIC_REPRESENTATION_CONTEXT() REPRESENTATION_CONTEXT('2D SPACE',''
  ) );
#1922 = PCURVE('',#1115,#1923);
#1923 = DEFINITIONAL_REPRESENTATION('',(#1924),#1928);
#1924 = CIRCLE('',#1925,27.022);
#1925 = AXIS2_PLACEMENT_2D('',#1926,#1927);
#1926 = CARTESIAN_POINT('',(0.,0.));
#1927 = DIRECTION('',(1.,0.));
#1928 = ( GEOMETRIC_REPRESENTATION_CONTEXT(2) 
PARAMETRIC_REPRESENTATION_CONTEXT() REPRESENTATION_CONTEXT('2D SPACE',''
  ) );
#1929 = ADVANCED_FACE('',(#1930),#1115,.T.);
#1930 = FACE_BOUND('',#1931,.T.);
#1931 = EDGE_LOOP('',(#1932,#1933,#1934,#1935,#1936,#1937,#1938));
#1932 = ORIENTED_EDGE('',*,*,#1862,.T.);
#1933 = ORIENTED_EDGE('',*,*,#1908,.T.);
#1934 = ORIENTED_EDGE('',*,*,#1154,.T.);
#1935 = ORIENTED_EDGE('',*,*,#1604,.F.);
#1936 = ORIENTED_EDGE('',*,*,#1885,.T.);
#1937 = ORIENTED_EDGE('',*,*,#1555,.F.);
#1938 = ORIENTED_EDGE('',*,*,#1100,.T.);
#1939 = ( GEOMETRIC_REPRESENTATION_CONTEXT(3) 
GLOBAL_UNCERTAINTY_ASSIGNED_CONTEXT((#1943)) 
GLOBAL_UNIT_ASSIGNED_CONTEXT((#1940,#1941,#1942)) REPRESENTATION_CONTEXT
('Context #1','3D Context with UNIT and UNCERTAINTY') );
#1940 = ( LENGTH_UNIT() NAMED_UNIT(*) SI_UNIT(.MILLI.,.METRE.) );
#1941 = ( NAMED_UNIT(*) PLANE_ANGLE_UNIT() SI_UNIT($,.RADIAN.) );
#1942 = ( NAMED_UNIT(*) SI_UNIT($,.STERADIAN.) SOLID_ANGLE_UNIT() );
#1943 = UNCERTAINTY_MEASURE_WITH_UNIT(LENGTH_MEASURE(5.E-07),#1940,
  'distance_accuracy_value','confusion accuracy');
#1944 = CONTEXT_DEPENDENT_SHAPE_REPRESENTATION(#1945,#1947);
#1945 = ( REPRESENTATION_RELATIONSHIP('','',#36,#10) 
REPRESENTATION_RELATIONSHIP_WITH_TRANSFORMATION(#1946) 
SHAPE_REPRESENTATION_RELATIONSHIP() );
#1946 = ITEM_DEFINED_TRANSFORMATION('','',#11,#15);
#1947 = PRODUCT_DEFINITION_SHAPE('Placement','Placement of an item',
  #1948);
#1948 = NEXT_ASSEMBLY_USAGE_OCCURRENCE('1','','',#5,#31,$);
#1949 = PRODUCT_RELATED_PRODUCT_CATEGORY('part',$,(#33));
#1950 = SHAPE_DEFINITION_REPRESENTATION(#1951,#1957);
#1951 = PRODUCT_DEFINITION_SHAPE('','',#1952);
#1952 = PRODUCT_DEFINITION('design','',#1953,#1956);
#1953 = PRODUCT_DEFINITION_FORMATION('','',#1954);
#1954 = PRODUCT('Open CASCADE STEP translator 7.8 1.2',
  'Open CASCADE STEP translator 7.8 1.2','',(#1955));
#1955 = PRODUCT_CONTEXT('',#2,'mechanical');
#1956 = PRODUCT_DEFINITION_CONTEXT('part definition',#2,'design');
#1957 = ADVANCED_BREP_SHAPE_REPRESENTATION('',(#11,#1958),#2053);
#1958 = MANIFOLD_SOLID_BREP('',#1959);
#1959 = CLOSED_SHELL('',(#1960,#2045,#2049));
#1960 = ADVANCED_FACE('',(#1961),#1974,.T.);
#1961 = FACE_BOUND('',#1962,.F.);
#1962 = EDGE_LOOP('',(#1963,#1997,#2017,#2044));
#1963 = ORIENTED_EDGE('',*,*,#1964,.T.);
#1964 = EDGE_CURVE('',#1965,#1965,#1967,.T.);
#1965 = VERTEX_POINT('',#1966);
#1966 = CARTESIAN_POINT('',(30.15,0.,-1.5));
#1967 = SURFACE_CURVE('',#1968,(#1973,#1985),.PCURVE_S1.);
#1968 = CIRCLE('',#1969,30.15);
#1969 = AXIS2_PLACEMENT_3D('',#1970,#1971,#1972);
#1970 = CARTESIAN_POINT('',(0.,0.,-1.5));
#1971 = DIRECTION('',(0.,0.,1.));
#1972 = DIRECTION('',(1.,0.,0.));
#1973 = PCURVE('',#1974,#1979);
#1974 = CONICAL_SURFACE('',#1975,30.15,0.916297857297);
#1975 = AXIS2_PLACEMENT_3D('',#1976,#1977,#1978);
#1976 = CARTESIAN_POINT('',(0.,0.,-1.5));
#1977 = DIRECTION('',(0.,0.,1.));
#1978 = DIRECTION('',(1.,0.,0.));
#1979 = DEFINITIONAL_REPRESENTATION('',(#1980),#1984);
#1980 = LINE('',#1981,#1982);
#1981 = CARTESIAN_POINT('',(0.,-0.));
#1982 = VECTOR('',#1983,1.);
#1983 = DIRECTION('',(1.,-0.));
#1984 = ( GEOMETRIC_REPRESENTATION_CONTEXT(2) 
PARAMETRIC_REPRESENTATION_CONTEXT() REPRESENTATION_CONTEXT('2D SPACE',''
  ) );
#1985 = PCURVE('',#1986,#1991);
#1986 = PLANE('',#1987);
#1987 = AXIS2_PLACEMENT_3D('',#1988,#1989,#1990);
#1988 = CARTESIAN_POINT('',(0.,0.,-1.5));
#1989 = DIRECTION('',(0.,0.,1.));
#1990 = DIRECTION('',(1.,0.,0.));
#1991 = DEFINITIONAL_REPRESENTATION('',(#1992),#1996);
#1992 = CIRCLE('',#1993,30.15);
#1993 = AXIS2_PLACEMENT_2D('',#1994,#1995);
#1994 = CARTESIAN_POINT('',(0.,0.));
#1995 = DIRECTION('',(1.,0.));
#1996 = ( GEOMETRIC_REPRESENTATION_CONTEXT(2) 
PARAMETRIC_REPRESENTATION_CONTEXT() REPRESENTATION_CONTEXT('2D SPACE',''
  ) );
#1997 = ORIENTED_EDGE('',*,*,#1998,.T.);
#1998 = EDGE_CURVE('',#1965,#1999,#2001,.T.);
#1999 = VERTEX_POINT('',#2000);
#2000 = CARTESIAN_POINT('',(27.022,0.,-3.900198818398));
#2001 = SEAM_CURVE('',#2002,(#2005,#2011),.PCURVE_S1.);
#2002 = B_SPLINE_CURVE_WITH_KNOTS('',1,(#2003,#2004),.UNSPECIFIED.,.F.,
  .F.,(2,2),(0.,1.),.PIECEWISE_BEZIER_KNOTS.);
#2003 = CARTESIAN_POINT('',(30.15,0.,-1.5));
#2004 = CARTESIAN_POINT('',(27.022,0.,-3.900198818398));
#2005 = PCURVE('',#1974,#2006);
#2006 = DEFINITIONAL_REPRESENTATION('',(#2007),#2010);
#2007 = B_SPLINE_CURVE_WITH_KNOTS('',1,(#2008,#2009),.UNSPECIFIED.,.F.,
  .F.,(2,2),(0.,1.),.PIECEWISE_BEZIER_KNOTS.);
#2008 = CARTESIAN_POINT('',(6.28318530718,0.));
#2009 = CARTESIAN_POINT('',(6.28318530718,-2.400198818398));
#2010 = ( GEOMETRIC_REPRESENTATION_CONTEXT(2) 
PARAMETRIC_REPRESENTATION_CONTEXT() REPRESENTATION_CONTEXT('2D SPACE',''
  ) );
#2011 = PCURVE('',#1974,#2012);
#2012 = DEFINITIONAL_REPRESENTATION('',(#2013),#2016);
#2013 = B_SPLINE_CURVE_WITH_KNOTS('',1,(#2014,#2015),.UNSPECIFIED.,.F.,
  .F.,(2,2),(0.,1.),.PIECEWISE_BEZIER_KNOTS.);
#2014 = CARTESIAN_POINT('',(0.,0.));
#2015 = CARTESIAN_POINT('',(0.,-2.400198818398));
#2016 = ( GEOMETRIC_REPRESENTATION_CONTEXT(2) 
PARAMETRIC_REPRESENTATION_CONTEXT() REPRESENTATION_CONTEXT('2D SPACE',''
  ) );
#2017 = ORIENTED_EDGE('',*,*,#2018,.F.);
#2018 = EDGE_CURVE('',#1999,#1999,#2019,.T.);
#2019 = SURFACE_CURVE('',#2020,(#2025,#2032),.PCURVE_S1.);
#2020 = CIRCLE('',#2021,27.022);
#2021 = AXIS2_PLACEMENT_3D('',#2022,#2023,#2024);
#2022 = CARTESIAN_POINT('',(0.,0.,-3.900198818398));
#2023 = DIRECTION('',(0.,0.,1.));
#2024 = DIRECTION('',(1.,0.,0.));
#2025 = PCURVE('',#1974,#2026);
#2026 = DEFINITIONAL_REPRESENTATION('',(#2027),#2031);
#2027 = LINE('',#2028,#2029);
#2028 = CARTESIAN_POINT('',(0.,-2.400198818398));
#2029 = VECTOR('',#2030,1.);
#2030 = DIRECTION('',(1.,-0.));
#2031 = ( GEOMETRIC_REPRESENTATION_CONTEXT(2) 
PARAMETRIC_REPRESENTATION_CONTEXT() REPRESENTATION_CONTEXT('2D SPACE',''
  ) );
#2032 = PCURVE('',#2033,#2038);
#2033 = PLANE('',#2034);
#2034 = AXIS2_PLACEMENT_3D('',#2035,#2036,#2037);
#2035 = CARTESIAN_POINT('',(0.,0.,-3.900198818398));
#2036 = DIRECTION('',(0.,0.,1.));
#2037 = DIRECTION('',(1.,0.,0.));
#2038 = DEFINITIONAL_REPRESENTATION('',(#2039),#2043);
#2039 = CIRCLE('',#2040,27.022);
#2040 = AXIS2_PLACEMENT_2D('',#2041,#2042);
#2041 = CARTESIAN_POINT('',(0.,0.));
#2042 = DIRECTION('',(1.,0.));
#2043 = ( GEOMETRIC_REPRESENTATION_CONTEXT(2) 
PARAMETRIC_REPRESENTATION_CONTEXT() REPRESENTATION_CONTEXT('2D SPACE',''
  ) );
#2044 = ORIENTED_EDGE('',*,*,#1998,.F.);
#2045 = ADVANCED_FACE('',(#2046),#1986,.T.);
#2046 = FACE_BOUND('',#2047,.T.);
#2047 = EDGE_LOOP('',(#2048));
#2048 = ORIENTED_EDGE('',*,*,#1964,.T.);
#2049 = ADVANCED_FACE('',(#2050),#2033,.F.);
#2050 = FACE_BOUND('',#2051,.F.);
#2051 = EDGE_LOOP('',(#2052));
#2052 = ORIENTED_EDGE('',*,*,#2018,.T.);
#2053 = ( GEOMETRIC_REPRESENTATION_CONTEXT(3) 
GLOBAL_UNCERTAINTY_ASSIGNED_CONTEXT((#2057)) 
GLOBAL_UNIT_ASSIGNED_CONTEXT((#2054,#2055,#2056)) REPRESENTATION_CONTEXT
('Context #1','3D Context with UNIT and UNCERTAINTY') );
#2054 = ( LENGTH_UNIT() NAMED_UNIT(*) SI_UNIT(.MILLI.,.METRE.) );
#2055 = ( NAMED_UNIT(*) PLANE_ANGLE_UNIT() SI_UNIT($,.RADIAN.) );
#2056 = ( NAMED_UNIT(*) SI_UNIT($,.STERADIAN.) SOLID_ANGLE_UNIT() );
#2057 = UNCERTAINTY_MEASURE_WITH_UNIT(LENGTH_MEASURE(1.E-07),#2054,
  'distance_accuracy_value','confusion accuracy');
#2058 = CONTEXT_DEPENDENT_SHAPE_REPRESENTATION(#2059,#2061);
#2059 = ( REPRESENTATION_RELATIONSHIP('','',#1957,#10) 
REPRESENTATION_RELATIONSHIP_WITH_TRANSFORMATION(#2060) 
SHAPE_REPRESENTATION_RELATIONSHIP() );
#2060 = ITEM_DEFINED_TRANSFORMATION('','',#11,#19);
#2061 = PRODUCT_DEFINITION_SHAPE('Placement','Placement of an item',
  #2062);
#2062 = NEXT_ASSEMBLY_USAGE_OCCURRENCE('2','','',#5,#1952,$);
#2063 = PRODUCT_RELATED_PRODUCT_CATEGORY('part',$,(#1954));
ENDSEC;
END-ISO-10303-21;
