ISO-10303-21;
HEADER;
FILE_DESCRIPTION(('Open CASCADE Model'),'2;1');
FILE_NAME('Open CASCADE Shape Model','2026-01-27T17:44:33',('Author'),(
    'Open CASCADE'),'Open CASCADE STEP processor 7.8','Open CASCADE 7.8'
  ,'Unknown');
FILE_SCHEMA(('AUTOMOTIVE_DESIGN { 1 0 10303 214 1 1 1 1 }'));
ENDSEC;
DATA;
#1 = APPLICATION_PROTOCOL_DEFINITION('international standard',
  'automotive_design',2000,#2);
#2 = APPLICATION_CONTEXT(
  'core data for automotive mechanical design processes');
#3 = SHAPE_DEFINITION_REPRESENTATION(#4,#10);
#4 = PRODUCT_DEFINITION_SHAPE('','',#5);
#5 = PRODUCT_DEFINITION('design','',#6,#9);
#6 = PRODUCT_DEFINITION_FORMATION('','',#7);
#7 = PRODUCT('Open CASCADE STEP translator 7.8 15',
  'Open CASCADE STEP translator 7.8 15','',(#8));
#8 = PRODUCT_CONTEXT('',#2,'mechanical');
#9 = PRODUCT_DEFINITION_CONTEXT('part definition',#2,'design');
#10 = SHAPE_REPRESENTATION('',(#11,#15,#19,#23,#27,#31),#35);
#11 = AXIS2_PLACEMENT_3D('',#12,#13,#14);
#12 = CARTESIAN_POINT('',(0.,0.,0.));
#13 = DIRECTION('',(0.,0.,1.));
#14 = DIRECTION('',(1.,0.,-0.));
#15 = AXIS2_PLACEMENT_3D('',#16,#17,#18);
#16 = CARTESIAN_POINT('',(0.,0.,0.));
#17 = DIRECTION('',(0.,0.,1.));
#18 = DIRECTION('',(1.,0.,-0.));
#19 = AXIS2_PLACEMENT_3D('',#20,#21,#22);
#20 = CARTESIAN_POINT('',(0.,0.,0.));
#21 = DIRECTION('',(0.,0.,1.));
#22 = DIRECTION('',(1.,0.,-0.));
#23 = AXIS2_PLACEMENT_3D('',#24,#25,#26);
#24 = CARTESIAN_POINT('',(0.,0.,0.));
#25 = DIRECTION('',(0.,0.,1.));
#26 = DIRECTION('',(1.,0.,-0.));
#27 = AXIS2_PLACEMENT_3D('',#28,#29,#30);
#28 = CARTESIAN_POINT('',(0.,0.,0.));
#29 = DIRECTION('',(0.,0.,1.));
#30 = DIRECTION('',(1.,0.,-0.));
#31 = AXIS2_PLACEMENT_3D('',#32,#33,#34);
#32 = CARTESIAN_POINT('',(0.,0.,0.));
#33 = DIRECTION('',(0.,0.,1.));
#34 = DIRECTION('',(1.,0.,-0.));
#35 = ( GEOMETRIC_REPRESENTATION_CONTEXT(3) 
GLOBAL_UNCERTAINTY_ASSIGNED_CONTEXT((#39)) GLOBAL_UNIT_ASSIGNED_CONTEXT(
(#36,#37,#38)) REPRESENTATION_CONTEXT('Context #1',
  '3D Context with UNIT and UNCERTAINTY') );
#36 = ( LENGTH_UNIT() NAMED_UNIT(*) SI_UNIT(.MILLI.,.METRE.) );
#37 = ( NAMED_UNIT(*) PLANE_ANGLE_UNIT() SI_UNIT($,.RADIAN.) );
#38 = ( NAMED_UNIT(*) SI_UNIT($,.STERADIAN.) SOLID_ANGLE_UNIT() );
#39 = UNCERTAINTY_MEASURE_WITH_UNIT(LENGTH_MEASURE(1.E-07),#36,
  'distance_accuracy_value','confusion accuracy');
#40 = PRODUCT_RELATED_PRODUCT_CATEGORY('part',$,(#7));
#41 = SHAPE_DEFINITION_REPRESENTATION(#42,#48);
#42 = PRODUCT_DEFINITION_SHAPE('','',#43);
#43 = PRODUCT_DEFINITION('design','',#44,#47);
#44 = PRODUCT_DEFINITION_FORMATION('','',#45);
#45 = PRODUCT('Open CASCADE STEP translator 7.8 15.1',
  'Open CASCADE STEP translator 7.8 15.1','',(#46));
#46 = PRODUCT_CONTEXT('',#2,'mechanical');
#47 = PRODUCT_DEFINITION_CONTEXT('part definition',#2,'design');
#48 = ADVANCED_BREP_SHAPE_REPRESENTATION('',(#11,#49),#893);
#49 = MANIFOLD_SOLID_BREP('',#50);
#50 = CLOSED_SHELL('',(#51,#139,#314,#469,#496,#523,#578,#605,#632,#687,
    #742,#781,#836,#886));
#51 = ADVANCED_FACE('',(#52),#66,.T.);
#52 = FACE_BOUND('',#53,.F.);
#53 = EDGE_LOOP('',(#54,#84,#111,#112));
#54 = ORIENTED_EDGE('',*,*,#55,.T.);
#55 = EDGE_CURVE('',#56,#58,#60,.T.);
#56 = VERTEX_POINT('',#57);
#57 = CARTESIAN_POINT('',(76.2,0.,20.7));
#58 = VERTEX_POINT('',#59);
#59 = CARTESIAN_POINT('',(76.2,-2.339075386371E-15,1.6));
#60 = SEAM_CURVE('',#61,(#65,#77),.PCURVE_S1.);
#61 = LINE('',#62,#63);
#62 = CARTESIAN_POINT('',(76.2,0.,20.7));
#63 = VECTOR('',#64,1.);
#64 = DIRECTION('',(0.,-1.224646799147E-16,-1.));
#65 = PCURVE('',#66,#71);
#66 = CYLINDRICAL_SURFACE('',#67,76.2);
#67 = AXIS2_PLACEMENT_3D('',#68,#69,#70);
#68 = CARTESIAN_POINT('',(0.,0.,20.7));
#69 = DIRECTION('',(-0.,1.224646799147E-16,1.));
#70 = DIRECTION('',(1.,0.,0.));
#71 = DEFINITIONAL_REPRESENTATION('',(#72),#76);
#72 = LINE('',#73,#74);
#73 = CARTESIAN_POINT('',(-0.,0.));
#74 = VECTOR('',#75,1.);
#75 = DIRECTION('',(-0.,-1.));
#76 = ( GEOMETRIC_REPRESENTATION_CONTEXT(2) 
PARAMETRIC_REPRESENTATION_CONTEXT() REPRESENTATION_CONTEXT('2D SPACE',''
  ) );
#77 = PCURVE('',#66,#78);
#78 = DEFINITIONAL_REPRESENTATION('',(#79),#83);
#79 = LINE('',#80,#81);
#80 = CARTESIAN_POINT('',(-6.28318530718,0.));
#81 = VECTOR('',#82,1.);
#82 = DIRECTION('',(-0.,-1.));
#83 = ( GEOMETRIC_REPRESENTATION_CONTEXT(2) 
PARAMETRIC_REPRESENTATION_CONTEXT() REPRESENTATION_CONTEXT('2D SPACE',''
  ) );
#84 = ORIENTED_EDGE('',*,*,#85,.T.);
#85 = EDGE_CURVE('',#58,#58,#86,.T.);
#86 = SURFACE_CURVE('',#87,(#92,#99),.PCURVE_S1.);
#87 = CIRCLE('',#88,76.2);
#88 = AXIS2_PLACEMENT_3D('',#89,#90,#91);
#89 = CARTESIAN_POINT('',(0.,-2.339075386371E-15,1.6));
#90 = DIRECTION('',(0.,-1.224646799147E-16,-1.));
#91 = DIRECTION('',(1.,0.,0.));
#92 = PCURVE('',#66,#93);
#93 = DEFINITIONAL_REPRESENTATION('',(#94),#98);
#94 = LINE('',#95,#96);
#95 = CARTESIAN_POINT('',(-0.,-19.1));
#96 = VECTOR('',#97,1.);
#97 = DIRECTION('',(-1.,0.));
#98 = ( GEOMETRIC_REPRESENTATION_CONTEXT(2) 
PARAMETRIC_REPRESENTATION_CONTEXT() REPRESENTATION_CONTEXT('2D SPACE',''
  ) );
#99 = PCURVE('',#100,#105);
#100 = PLANE('',#101);
#101 = AXIS2_PLACEMENT_3D('',#102,#103,#104);
#102 = CARTESIAN_POINT('',(-2.297012296129E-15,-1.301054629331E-14,1.6)
  );
#103 = DIRECTION('',(0.,-1.224646799147E-16,-1.));
#104 = DIRECTION('',(1.,0.,0.));
#105 = DEFINITIONAL_REPRESENTATION('',(#106),#110);
#106 = CIRCLE('',#107,76.2);
#107 = AXIS2_PLACEMENT_2D('',#108,#109);
#108 = CARTESIAN_POINT('',(2.297012296129E-15,-1.067147090694E-14));
#109 = DIRECTION('',(1.,0.));
#110 = ( GEOMETRIC_REPRESENTATION_CONTEXT(2) 
PARAMETRIC_REPRESENTATION_CONTEXT() REPRESENTATION_CONTEXT('2D SPACE',''
  ) );
#111 = ORIENTED_EDGE('',*,*,#55,.F.);
#112 = ORIENTED_EDGE('',*,*,#113,.F.);
#113 = EDGE_CURVE('',#56,#56,#114,.T.);
#114 = SURFACE_CURVE('',#115,(#120,#127),.PCURVE_S1.);
#115 = CIRCLE('',#116,76.2);
#116 = AXIS2_PLACEMENT_3D('',#117,#118,#119);
#117 = CARTESIAN_POINT('',(0.,0.,20.7));
#118 = DIRECTION('',(0.,-1.224646799147E-16,-1.));
#119 = DIRECTION('',(1.,0.,0.));
#120 = PCURVE('',#66,#121);
#121 = DEFINITIONAL_REPRESENTATION('',(#122),#126);
#122 = LINE('',#123,#124);
#123 = CARTESIAN_POINT('',(-0.,0.));
#124 = VECTOR('',#125,1.);
#125 = DIRECTION('',(-1.,0.));
#126 = ( GEOMETRIC_REPRESENTATION_CONTEXT(2) 
PARAMETRIC_REPRESENTATION_CONTEXT() REPRESENTATION_CONTEXT('2D SPACE',''
  ) );
#127 = PCURVE('',#128,#133);
#128 = PLANE('',#129);
#129 = AXIS2_PLACEMENT_3D('',#130,#131,#132);
#130 = CARTESIAN_POINT('',(-2.297012296129E-15,-1.067147090694E-14,20.7)
  );
#131 = DIRECTION('',(0.,-1.224646799147E-16,-1.));
#132 = DIRECTION('',(1.,0.,0.));
#133 = DEFINITIONAL_REPRESENTATION('',(#134),#138);
#134 = CIRCLE('',#135,76.2);
#135 = AXIS2_PLACEMENT_2D('',#136,#137);
#136 = CARTESIAN_POINT('',(2.297012296129E-15,-1.067147090694E-14));
#137 = DIRECTION('',(1.,0.));
#138 = ( GEOMETRIC_REPRESENTATION_CONTEXT(2) 
PARAMETRIC_REPRESENTATION_CONTEXT() REPRESENTATION_CONTEXT('2D SPACE',''
  ) );
#139 = ADVANCED_FACE('',(#140,#143,#178,#213,#244,#279),#128,.F.);
#140 = FACE_BOUND('',#141,.F.);
#141 = EDGE_LOOP('',(#142));
#142 = ORIENTED_EDGE('',*,*,#113,.T.);
#143 = FACE_BOUND('',#144,.F.);
#144 = EDGE_LOOP('',(#145));
#145 = ORIENTED_EDGE('',*,*,#146,.T.);
#146 = EDGE_CURVE('',#147,#147,#149,.T.);
#147 = VERTEX_POINT('',#148);
#148 = CARTESIAN_POINT('',(-1.319745627532E-14,69.85,20.7));
#149 = SURFACE_CURVE('',#150,(#155,#166),.PCURVE_S1.);
#150 = CIRCLE('',#151,9.55);
#151 = AXIS2_PLACEMENT_3D('',#152,#153,#154);
#152 = CARTESIAN_POINT('',(-1.107693029829E-14,60.3,20.7));
#153 = DIRECTION('',(0.,1.224646799147E-16,1.));
#154 = DIRECTION('',(-2.22044604925E-16,1.,-1.224646799147E-16));
#155 = PCURVE('',#128,#156);
#156 = DEFINITIONAL_REPRESENTATION('',(#157),#165);
#157 = ( BOUNDED_CURVE() B_SPLINE_CURVE(2,(#158,#159,#160,#161,#162,#163
,#164),.UNSPECIFIED.,.T.,.F.) B_SPLINE_CURVE_WITH_KNOTS((1,2,2,2,2,1),(
    -2.094395102393,0.,2.094395102393,4.188790204786,6.28318530718,
8.377580409573),.UNSPECIFIED.) CURVE() GEOMETRIC_REPRESENTATION_ITEM() 
RATIONAL_B_SPLINE_CURVE((1.,0.5,1.,0.5,1.,0.5,1.)) REPRESENTATION_ITEM(
  '') );
#158 = CARTESIAN_POINT('',(-1.090044397919E-14,-69.85));
#159 = CARTESIAN_POINT('',(-16.54108521228,-69.85));
#160 = CARTESIAN_POINT('',(-8.270542606141,-55.525));
#161 = CARTESIAN_POINT('',(-6.877941434462E-15,-41.2));
#162 = CARTESIAN_POINT('',(8.270542606141,-55.525));
#163 = CARTESIAN_POINT('',(16.541085212283,-69.85));
#164 = CARTESIAN_POINT('',(-1.090044397919E-14,-69.85));
#165 = ( GEOMETRIC_REPRESENTATION_CONTEXT(2) 
PARAMETRIC_REPRESENTATION_CONTEXT() REPRESENTATION_CONTEXT('2D SPACE',''
  ) );
#166 = PCURVE('',#167,#172);
#167 = CYLINDRICAL_SURFACE('',#168,9.55);
#168 = AXIS2_PLACEMENT_3D('',#169,#170,#171);
#169 = CARTESIAN_POINT('',(-1.107693029829E-14,60.3,21.7));
#170 = DIRECTION('',(-0.,1.224646799147E-16,1.));
#171 = DIRECTION('',(-2.22044604925E-16,1.,-1.224646799147E-16));
#172 = DEFINITIONAL_REPRESENTATION('',(#173),#177);
#173 = LINE('',#174,#175);
#174 = CARTESIAN_POINT('',(-6.28318530718,-1.));
#175 = VECTOR('',#176,1.);
#176 = DIRECTION('',(1.,-0.));
#177 = ( GEOMETRIC_REPRESENTATION_CONTEXT(2) 
PARAMETRIC_REPRESENTATION_CONTEXT() REPRESENTATION_CONTEXT('2D SPACE',''
  ) );
#178 = FACE_BOUND('',#179,.F.);
#179 = EDGE_LOOP('',(#180));
#180 = ORIENTED_EDGE('',*,*,#181,.T.);
#181 = EDGE_CURVE('',#182,#182,#184,.T.);
#182 = VERTEX_POINT('',#183);
#183 = CARTESIAN_POINT('',(-69.85,-8.554157892044E-15,20.7));
#184 = SURFACE_CURVE('',#185,(#190,#201),.PCURVE_S1.);
#185 = CIRCLE('',#186,9.55);
#186 = AXIS2_PLACEMENT_3D('',#187,#188,#189);
#187 = CARTESIAN_POINT('',(-60.3,-7.384620198859E-15,20.7));
#188 = DIRECTION('',(0.,1.224646799147E-16,1.));
#189 = DIRECTION('',(-1.,-1.224646799147E-16,1.499759782662E-32));
#190 = PCURVE('',#128,#191);
#191 = DEFINITIONAL_REPRESENTATION('',(#192),#200);
#192 = ( BOUNDED_CURVE() B_SPLINE_CURVE(2,(#193,#194,#195,#196,#197,#198
,#199),.UNSPECIFIED.,.T.,.F.) B_SPLINE_CURVE_WITH_KNOTS((1,2,2,2,2,1),(
    -2.094395102393,0.,2.094395102393,4.188790204786,6.28318530718,
8.377580409573),.UNSPECIFIED.) CURVE() GEOMETRIC_REPRESENTATION_ITEM() 
RATIONAL_B_SPLINE_CURVE((1.,0.5,1.,0.5,1.,0.5,1.)) REPRESENTATION_ITEM(
  '') );
#193 = CARTESIAN_POINT('',(-69.85,-2.117313014897E-15));
#194 = CARTESIAN_POINT('',(-69.85,16.541085212283));
#195 = CARTESIAN_POINT('',(-55.525,8.270542606141));
#196 = CARTESIAN_POINT('',(-41.2,-3.286850708082E-15));
#197 = CARTESIAN_POINT('',(-55.525,-8.270542606141));
#198 = CARTESIAN_POINT('',(-69.85,-16.54108521228));
#199 = CARTESIAN_POINT('',(-69.85,-2.117313014897E-15));
#200 = ( GEOMETRIC_REPRESENTATION_CONTEXT(2) 
PARAMETRIC_REPRESENTATION_CONTEXT() REPRESENTATION_CONTEXT('2D SPACE',''
  ) );
#201 = PCURVE('',#202,#207);
#202 = CYLINDRICAL_SURFACE('',#203,9.55);
#203 = AXIS2_PLACEMENT_3D('',#204,#205,#206);
#204 = CARTESIAN_POINT('',(-60.3,-7.262155518944E-15,21.7));
#205 = DIRECTION('',(-0.,1.224646799147E-16,1.));
#206 = DIRECTION('',(-1.,-1.224646799147E-16,1.499759782662E-32));
#207 = DEFINITIONAL_REPRESENTATION('',(#208),#212);
#208 = LINE('',#209,#210);
#209 = CARTESIAN_POINT('',(-6.28318530718,-1.));
#210 = VECTOR('',#211,1.);
#211 = DIRECTION('',(1.,-0.));
#212 = ( GEOMETRIC_REPRESENTATION_CONTEXT(2) 
PARAMETRIC_REPRESENTATION_CONTEXT() REPRESENTATION_CONTEXT('2D SPACE',''
  ) );
#213 = FACE_BOUND('',#214,.F.);
#214 = EDGE_LOOP('',(#215));
#215 = ORIENTED_EDGE('',*,*,#216,.F.);
#216 = EDGE_CURVE('',#217,#217,#219,.T.);
#217 = VERTEX_POINT('',#218);
#218 = CARTESIAN_POINT('',(42.05,0.,20.7));
#219 = SURFACE_CURVE('',#220,(#225,#232),.PCURVE_S1.);
#220 = CIRCLE('',#221,42.05);
#221 = AXIS2_PLACEMENT_3D('',#222,#223,#224);
#222 = CARTESIAN_POINT('',(0.,0.,20.7));
#223 = DIRECTION('',(0.,-1.224646799147E-16,-1.));
#224 = DIRECTION('',(1.,0.,0.));
#225 = PCURVE('',#128,#226);
#226 = DEFINITIONAL_REPRESENTATION('',(#227),#231);
#227 = CIRCLE('',#228,42.05);
#228 = AXIS2_PLACEMENT_2D('',#229,#230);
#229 = CARTESIAN_POINT('',(2.297012296129E-15,-1.067147090694E-14));
#230 = DIRECTION('',(1.,0.));
#231 = ( GEOMETRIC_REPRESENTATION_CONTEXT(2) 
PARAMETRIC_REPRESENTATION_CONTEXT() REPRESENTATION_CONTEXT('2D SPACE',''
  ) );
#232 = PCURVE('',#233,#238);
#233 = CYLINDRICAL_SURFACE('',#234,42.05);
#234 = AXIS2_PLACEMENT_3D('',#235,#236,#237);
#235 = CARTESIAN_POINT('',(0.,0.,20.7));
#236 = DIRECTION('',(-0.,1.224646799147E-16,1.));
#237 = DIRECTION('',(1.,0.,0.));
#238 = DEFINITIONAL_REPRESENTATION('',(#239),#243);
#239 = LINE('',#240,#241);
#240 = CARTESIAN_POINT('',(-0.,0.));
#241 = VECTOR('',#242,1.);
#242 = DIRECTION('',(-1.,0.));
#243 = ( GEOMETRIC_REPRESENTATION_CONTEXT(2) 
PARAMETRIC_REPRESENTATION_CONTEXT() REPRESENTATION_CONTEXT('2D SPACE',''
  ) );
#244 = FACE_BOUND('',#245,.F.);
#245 = EDGE_LOOP('',(#246));
#246 = ORIENTED_EDGE('',*,*,#247,.T.);
#247 = EDGE_CURVE('',#248,#248,#250,.T.);
#248 = VERTEX_POINT('',#249);
#249 = CARTESIAN_POINT('',(69.85,0.,20.7));
#250 = SURFACE_CURVE('',#251,(#256,#267),.PCURVE_S1.);
#251 = CIRCLE('',#252,9.55);
#252 = AXIS2_PLACEMENT_3D('',#253,#254,#255);
#253 = CARTESIAN_POINT('',(60.3,0.,20.7));
#254 = DIRECTION('',(-0.,1.224646799147E-16,1.));
#255 = DIRECTION('',(1.,0.,0.));
#256 = PCURVE('',#128,#257);
#257 = DEFINITIONAL_REPRESENTATION('',(#258),#266);
#258 = ( BOUNDED_CURVE() B_SPLINE_CURVE(2,(#259,#260,#261,#262,#263,#264
,#265),.UNSPECIFIED.,.T.,.F.) B_SPLINE_CURVE_WITH_KNOTS((1,2,2,2,2,1),(
    -2.094395102393,0.,2.094395102393,4.188790204786,6.28318530718,
8.377580409573),.UNSPECIFIED.) CURVE() GEOMETRIC_REPRESENTATION_ITEM() 
RATIONAL_B_SPLINE_CURVE((1.,0.5,1.,0.5,1.,0.5,1.)) REPRESENTATION_ITEM(
  '') );
#259 = CARTESIAN_POINT('',(69.85,-1.067147090694E-14));
#260 = CARTESIAN_POINT('',(69.85,-16.54108521228));
#261 = CARTESIAN_POINT('',(55.525,-8.270542606141));
#262 = CARTESIAN_POINT('',(41.2,-1.301054629331E-14));
#263 = CARTESIAN_POINT('',(55.525,8.270542606141));
#264 = CARTESIAN_POINT('',(69.85,16.541085212283));
#265 = CARTESIAN_POINT('',(69.85,-1.067147090694E-14));
#266 = ( GEOMETRIC_REPRESENTATION_CONTEXT(2) 
PARAMETRIC_REPRESENTATION_CONTEXT() REPRESENTATION_CONTEXT('2D SPACE',''
  ) );
#267 = PCURVE('',#268,#273);
#268 = CYLINDRICAL_SURFACE('',#269,9.55);
#269 = AXIS2_PLACEMENT_3D('',#270,#271,#272);
#270 = CARTESIAN_POINT('',(60.3,1.224646799147E-16,21.7));
#271 = DIRECTION('',(-0.,1.224646799147E-16,1.));
#272 = DIRECTION('',(1.,0.,0.));
#273 = DEFINITIONAL_REPRESENTATION('',(#274),#278);
#274 = LINE('',#275,#276);
#275 = CARTESIAN_POINT('',(-6.28318530718,-1.));
#276 = VECTOR('',#277,1.);
#277 = DIRECTION('',(1.,-0.));
#278 = ( GEOMETRIC_REPRESENTATION_CONTEXT(2) 
PARAMETRIC_REPRESENTATION_CONTEXT() REPRESENTATION_CONTEXT('2D SPACE',''
  ) );
#279 = FACE_BOUND('',#280,.F.);
#280 = EDGE_LOOP('',(#281));
#281 = ORIENTED_EDGE('',*,*,#282,.T.);
#282 = EDGE_CURVE('',#283,#283,#285,.T.);
#283 = VERTEX_POINT('',#284);
#284 = CARTESIAN_POINT('',(4.752573087946E-15,-69.85,20.7));
#285 = SURFACE_CURVE('',#286,(#291,#302),.PCURVE_S1.);
#286 = CIRCLE('',#287,9.55);
#287 = AXIS2_PLACEMENT_3D('',#288,#289,#290);
#288 = CARTESIAN_POINT('',(3.692310099429E-15,-60.3,20.7));
#289 = DIRECTION('',(0.,1.224646799147E-16,1.));
#290 = DIRECTION('',(1.110223024625E-16,-1.,1.224646799147E-16));
#291 = PCURVE('',#128,#292);
#292 = DEFINITIONAL_REPRESENTATION('',(#293),#301);
#293 = ( BOUNDED_CURVE() B_SPLINE_CURVE(2,(#294,#295,#296,#297,#298,#299
,#300),.UNSPECIFIED.,.T.,.F.) B_SPLINE_CURVE_WITH_KNOTS((1,2,2,2,2,1),(
    -2.094395102393,0.,2.094395102393,4.188790204786,6.28318530718,
8.377580409573),.UNSPECIFIED.) CURVE() GEOMETRIC_REPRESENTATION_ITEM() 
RATIONAL_B_SPLINE_CURVE((1.,0.5,1.,0.5,1.,0.5,1.)) REPRESENTATION_ITEM(
  '') );
#294 = CARTESIAN_POINT('',(7.049585384076E-15,69.85));
#295 = CARTESIAN_POINT('',(16.541085212283,69.85));
#296 = CARTESIAN_POINT('',(8.270542606141,55.525));
#297 = CARTESIAN_POINT('',(6.207871804896E-15,41.2));
#298 = CARTESIAN_POINT('',(-8.270542606141,55.525));
#299 = CARTESIAN_POINT('',(-16.54108521228,69.85));
#300 = CARTESIAN_POINT('',(7.049585384076E-15,69.85));
#301 = ( GEOMETRIC_REPRESENTATION_CONTEXT(2) 
PARAMETRIC_REPRESENTATION_CONTEXT() REPRESENTATION_CONTEXT('2D SPACE',''
  ) );
#302 = PCURVE('',#303,#308);
#303 = CYLINDRICAL_SURFACE('',#304,9.55);
#304 = AXIS2_PLACEMENT_3D('',#305,#306,#307);
#305 = CARTESIAN_POINT('',(3.692310099429E-15,-60.3,21.7));
#306 = DIRECTION('',(0.,1.224646799147E-16,1.));
#307 = DIRECTION('',(1.110223024625E-16,-1.,1.224646799147E-16));
#308 = DEFINITIONAL_REPRESENTATION('',(#309),#313);
#309 = LINE('',#310,#311);
#310 = CARTESIAN_POINT('',(-6.28318530718,-1.));
#311 = VECTOR('',#312,1.);
#312 = DIRECTION('',(1.,-0.));
#313 = ( GEOMETRIC_REPRESENTATION_CONTEXT(2) 
PARAMETRIC_REPRESENTATION_CONTEXT() REPRESENTATION_CONTEXT('2D SPACE',''
  ) );
#314 = ADVANCED_FACE('',(#315,#318,#348,#378,#409,#439),#100,.T.);
#315 = FACE_BOUND('',#316,.T.);
#316 = EDGE_LOOP('',(#317));
#317 = ORIENTED_EDGE('',*,*,#85,.T.);
#318 = FACE_BOUND('',#319,.T.);
#319 = EDGE_LOOP('',(#320));
#320 = ORIENTED_EDGE('',*,*,#321,.T.);
#321 = EDGE_CURVE('',#322,#322,#324,.T.);
#322 = VERTEX_POINT('',#323);
#323 = CARTESIAN_POINT('',(-1.319745627532E-14,69.85,1.6));
#324 = SURFACE_CURVE('',#325,(#330,#341),.PCURVE_S1.);
#325 = CIRCLE('',#326,9.55);
#326 = AXIS2_PLACEMENT_3D('',#327,#328,#329);
#327 = CARTESIAN_POINT('',(-1.107693029829E-14,60.3,1.6));
#328 = DIRECTION('',(0.,1.224646799147E-16,1.));
#329 = DIRECTION('',(-2.22044604925E-16,1.,-1.224646799147E-16));
#330 = PCURVE('',#100,#331);
#331 = DEFINITIONAL_REPRESENTATION('',(#332),#340);
#332 = ( BOUNDED_CURVE() B_SPLINE_CURVE(2,(#333,#334,#335,#336,#337,#338
,#339),.UNSPECIFIED.,.T.,.F.) B_SPLINE_CURVE_WITH_KNOTS((1,2,2,2,2,1),(
    -2.094395102393,0.,2.094395102393,4.188790204786,6.28318530718,
8.377580409573),.UNSPECIFIED.) CURVE() GEOMETRIC_REPRESENTATION_ITEM() 
RATIONAL_B_SPLINE_CURVE((1.,0.5,1.,0.5,1.,0.5,1.)) REPRESENTATION_ITEM(
  '') );
#333 = CARTESIAN_POINT('',(-1.090044397919E-14,-69.85));
#334 = CARTESIAN_POINT('',(-16.54108521228,-69.85));
#335 = CARTESIAN_POINT('',(-8.270542606141,-55.525));
#336 = CARTESIAN_POINT('',(-6.877941434462E-15,-41.2));
#337 = CARTESIAN_POINT('',(8.270542606141,-55.525));
#338 = CARTESIAN_POINT('',(16.541085212283,-69.85));
#339 = CARTESIAN_POINT('',(-1.090044397919E-14,-69.85));
#340 = ( GEOMETRIC_REPRESENTATION_CONTEXT(2) 
PARAMETRIC_REPRESENTATION_CONTEXT() REPRESENTATION_CONTEXT('2D SPACE',''
  ) );
#341 = PCURVE('',#167,#342);
#342 = DEFINITIONAL_REPRESENTATION('',(#343),#347);
#343 = LINE('',#344,#345);
#344 = CARTESIAN_POINT('',(-6.28318530718,-20.1));
#345 = VECTOR('',#346,1.);
#346 = DIRECTION('',(1.,-0.));
#347 = ( GEOMETRIC_REPRESENTATION_CONTEXT(2) 
PARAMETRIC_REPRESENTATION_CONTEXT() REPRESENTATION_CONTEXT('2D SPACE',''
  ) );
#348 = FACE_BOUND('',#349,.T.);
#349 = EDGE_LOOP('',(#350));
#350 = ORIENTED_EDGE('',*,*,#351,.T.);
#351 = EDGE_CURVE('',#352,#352,#354,.T.);
#352 = VERTEX_POINT('',#353);
#353 = CARTESIAN_POINT('',(-69.85,-1.089323327842E-14,1.6));
#354 = SURFACE_CURVE('',#355,(#360,#371),.PCURVE_S1.);
#355 = CIRCLE('',#356,9.55);
#356 = AXIS2_PLACEMENT_3D('',#357,#358,#359);
#357 = CARTESIAN_POINT('',(-60.3,-9.72369558523E-15,1.6));
#358 = DIRECTION('',(0.,1.224646799147E-16,1.));
#359 = DIRECTION('',(-1.,-1.224646799147E-16,1.499759782662E-32));
#360 = PCURVE('',#100,#361);
#361 = DEFINITIONAL_REPRESENTATION('',(#362),#370);
#362 = ( BOUNDED_CURVE() B_SPLINE_CURVE(2,(#363,#364,#365,#366,#367,#368
,#369),.UNSPECIFIED.,.T.,.F.) B_SPLINE_CURVE_WITH_KNOTS((1,2,2,2,2,1),(
    -2.094395102393,0.,2.094395102393,4.188790204786,6.28318530718,
8.377580409573),.UNSPECIFIED.) CURVE() GEOMETRIC_REPRESENTATION_ITEM() 
RATIONAL_B_SPLINE_CURVE((1.,0.5,1.,0.5,1.,0.5,1.)) REPRESENTATION_ITEM(
  '') );
#363 = CARTESIAN_POINT('',(-69.85,-2.117313014897E-15));
#364 = CARTESIAN_POINT('',(-69.85,16.541085212283));
#365 = CARTESIAN_POINT('',(-55.525,8.270542606141));
#366 = CARTESIAN_POINT('',(-41.2,-3.286850708082E-15));
#367 = CARTESIAN_POINT('',(-55.525,-8.270542606141));
#368 = CARTESIAN_POINT('',(-69.85,-16.54108521228));
#369 = CARTESIAN_POINT('',(-69.85,-2.117313014897E-15));
#370 = ( GEOMETRIC_REPRESENTATION_CONTEXT(2) 
PARAMETRIC_REPRESENTATION_CONTEXT() REPRESENTATION_CONTEXT('2D SPACE',''
  ) );
#371 = PCURVE('',#202,#372);
#372 = DEFINITIONAL_REPRESENTATION('',(#373),#377);
#373 = LINE('',#374,#375);
#374 = CARTESIAN_POINT('',(-6.28318530718,-20.1));
#375 = VECTOR('',#376,1.);
#376 = DIRECTION('',(1.,-0.));
#377 = ( GEOMETRIC_REPRESENTATION_CONTEXT(2) 
PARAMETRIC_REPRESENTATION_CONTEXT() REPRESENTATION_CONTEXT('2D SPACE',''
  ) );
#378 = FACE_BOUND('',#379,.T.);
#379 = EDGE_LOOP('',(#380));
#380 = ORIENTED_EDGE('',*,*,#381,.F.);
#381 = EDGE_CURVE('',#382,#382,#384,.T.);
#382 = VERTEX_POINT('',#383);
#383 = CARTESIAN_POINT('',(46.05,-2.339075386371E-15,1.6));
#384 = SURFACE_CURVE('',#385,(#390,#397),.PCURVE_S1.);
#385 = CIRCLE('',#386,46.05);
#386 = AXIS2_PLACEMENT_3D('',#387,#388,#389);
#387 = CARTESIAN_POINT('',(0.,-2.339075386371E-15,1.6));
#388 = DIRECTION('',(0.,-1.224646799147E-16,-1.));
#389 = DIRECTION('',(1.,0.,0.));
#390 = PCURVE('',#100,#391);
#391 = DEFINITIONAL_REPRESENTATION('',(#392),#396);
#392 = CIRCLE('',#393,46.05);
#393 = AXIS2_PLACEMENT_2D('',#394,#395);
#394 = CARTESIAN_POINT('',(2.297012296129E-15,-1.067147090694E-14));
#395 = DIRECTION('',(1.,0.));
#396 = ( GEOMETRIC_REPRESENTATION_CONTEXT(2) 
PARAMETRIC_REPRESENTATION_CONTEXT() REPRESENTATION_CONTEXT('2D SPACE',''
  ) );
#397 = PCURVE('',#398,#403);
#398 = CYLINDRICAL_SURFACE('',#399,46.05);
#399 = AXIS2_PLACEMENT_3D('',#400,#401,#402);
#400 = CARTESIAN_POINT('',(0.,-2.339075386371E-15,1.6));
#401 = DIRECTION('',(-0.,1.224646799147E-16,1.));
#402 = DIRECTION('',(1.,0.,0.));
#403 = DEFINITIONAL_REPRESENTATION('',(#404),#408);
#404 = LINE('',#405,#406);
#405 = CARTESIAN_POINT('',(-0.,0.));
#406 = VECTOR('',#407,1.);
#407 = DIRECTION('',(-1.,0.));
#408 = ( GEOMETRIC_REPRESENTATION_CONTEXT(2) 
PARAMETRIC_REPRESENTATION_CONTEXT() REPRESENTATION_CONTEXT('2D SPACE',''
  ) );
#409 = FACE_BOUND('',#410,.T.);
#410 = EDGE_LOOP('',(#411));
#411 = ORIENTED_EDGE('',*,*,#412,.T.);
#412 = EDGE_CURVE('',#413,#413,#415,.T.);
#413 = VERTEX_POINT('',#414);
#414 = CARTESIAN_POINT('',(69.85,-2.339075386371E-15,1.6));
#415 = SURFACE_CURVE('',#416,(#421,#432),.PCURVE_S1.);
#416 = CIRCLE('',#417,9.55);
#417 = AXIS2_PLACEMENT_3D('',#418,#419,#420);
#418 = CARTESIAN_POINT('',(60.3,-2.339075386371E-15,1.6));
#419 = DIRECTION('',(-0.,1.224646799147E-16,1.));
#420 = DIRECTION('',(1.,0.,0.));
#421 = PCURVE('',#100,#422);
#422 = DEFINITIONAL_REPRESENTATION('',(#423),#431);
#423 = ( BOUNDED_CURVE() B_SPLINE_CURVE(2,(#424,#425,#426,#427,#428,#429
,#430),.UNSPECIFIED.,.T.,.F.) B_SPLINE_CURVE_WITH_KNOTS((1,2,2,2,2,1),(
    -2.094395102393,0.,2.094395102393,4.188790204786,6.28318530718,
8.377580409573),.UNSPECIFIED.) CURVE() GEOMETRIC_REPRESENTATION_ITEM() 
RATIONAL_B_SPLINE_CURVE((1.,0.5,1.,0.5,1.,0.5,1.)) REPRESENTATION_ITEM(
  '') );
#424 = CARTESIAN_POINT('',(69.85,-1.067147090694E-14));
#425 = CARTESIAN_POINT('',(69.85,-16.54108521228));
#426 = CARTESIAN_POINT('',(55.525,-8.270542606141));
#427 = CARTESIAN_POINT('',(41.2,-1.301054629331E-14));
#428 = CARTESIAN_POINT('',(55.525,8.270542606141));
#429 = CARTESIAN_POINT('',(69.85,16.541085212283));
#430 = CARTESIAN_POINT('',(69.85,-1.067147090694E-14));
#431 = ( GEOMETRIC_REPRESENTATION_CONTEXT(2) 
PARAMETRIC_REPRESENTATION_CONTEXT() REPRESENTATION_CONTEXT('2D SPACE',''
  ) );
#432 = PCURVE('',#268,#433);
#433 = DEFINITIONAL_REPRESENTATION('',(#434),#438);
#434 = LINE('',#435,#436);
#435 = CARTESIAN_POINT('',(-6.28318530718,-20.1));
#436 = VECTOR('',#437,1.);
#437 = DIRECTION('',(1.,-0.));
#438 = ( GEOMETRIC_REPRESENTATION_CONTEXT(2) 
PARAMETRIC_REPRESENTATION_CONTEXT() REPRESENTATION_CONTEXT('2D SPACE',''
  ) );
#439 = FACE_BOUND('',#440,.T.);
#440 = EDGE_LOOP('',(#441));
#441 = ORIENTED_EDGE('',*,*,#442,.T.);
#442 = EDGE_CURVE('',#443,#443,#445,.T.);
#443 = VERTEX_POINT('',#444);
#444 = CARTESIAN_POINT('',(4.752573087946E-15,-69.85,1.6));
#445 = SURFACE_CURVE('',#446,(#451,#462),.PCURVE_S1.);
#446 = CIRCLE('',#447,9.55);
#447 = AXIS2_PLACEMENT_3D('',#448,#449,#450);
#448 = CARTESIAN_POINT('',(3.692310099429E-15,-60.3,1.6));
#449 = DIRECTION('',(0.,1.224646799147E-16,1.));
#450 = DIRECTION('',(1.110223024625E-16,-1.,1.224646799147E-16));
#451 = PCURVE('',#100,#452);
#452 = DEFINITIONAL_REPRESENTATION('',(#453),#461);
#453 = ( BOUNDED_CURVE() B_SPLINE_CURVE(2,(#454,#455,#456,#457,#458,#459
,#460),.UNSPECIFIED.,.T.,.F.) B_SPLINE_CURVE_WITH_KNOTS((1,2,2,2,2,1),(
    -2.094395102393,0.,2.094395102393,4.188790204786,6.28318530718,
8.377580409573),.UNSPECIFIED.) CURVE() GEOMETRIC_REPRESENTATION_ITEM() 
RATIONAL_B_SPLINE_CURVE((1.,0.5,1.,0.5,1.,0.5,1.)) REPRESENTATION_ITEM(
  '') );
#454 = CARTESIAN_POINT('',(7.049585384076E-15,69.85));
#455 = CARTESIAN_POINT('',(16.541085212283,69.85));
#456 = CARTESIAN_POINT('',(8.270542606141,55.525));
#457 = CARTESIAN_POINT('',(6.207871804896E-15,41.2));
#458 = CARTESIAN_POINT('',(-8.270542606141,55.525));
#459 = CARTESIAN_POINT('',(-16.54108521228,69.85));
#460 = CARTESIAN_POINT('',(7.049585384076E-15,69.85));
#461 = ( GEOMETRIC_REPRESENTATION_CONTEXT(2) 
PARAMETRIC_REPRESENTATION_CONTEXT() REPRESENTATION_CONTEXT('2D SPACE',''
  ) );
#462 = PCURVE('',#303,#463);
#463 = DEFINITIONAL_REPRESENTATION('',(#464),#468);
#464 = LINE('',#465,#466);
#465 = CARTESIAN_POINT('',(-6.28318530718,-20.1));
#466 = VECTOR('',#467,1.);
#467 = DIRECTION('',(1.,-0.));
#468 = ( GEOMETRIC_REPRESENTATION_CONTEXT(2) 
PARAMETRIC_REPRESENTATION_CONTEXT() REPRESENTATION_CONTEXT('2D SPACE',''
  ) );
#469 = ADVANCED_FACE('',(#470),#167,.F.);
#470 = FACE_BOUND('',#471,.T.);
#471 = EDGE_LOOP('',(#472,#473,#494,#495));
#472 = ORIENTED_EDGE('',*,*,#146,.T.);
#473 = ORIENTED_EDGE('',*,*,#474,.T.);
#474 = EDGE_CURVE('',#147,#322,#475,.T.);
#475 = SEAM_CURVE('',#476,(#480,#487),.PCURVE_S1.);
#476 = LINE('',#477,#478);
#477 = CARTESIAN_POINT('',(-1.319745627532E-14,69.85,21.7));
#478 = VECTOR('',#479,1.);
#479 = DIRECTION('',(0.,-1.224646799147E-16,-1.));
#480 = PCURVE('',#167,#481);
#481 = DEFINITIONAL_REPRESENTATION('',(#482),#486);
#482 = LINE('',#483,#484);
#483 = CARTESIAN_POINT('',(-6.28318530718,0.));
#484 = VECTOR('',#485,1.);
#485 = DIRECTION('',(-0.,-1.));
#486 = ( GEOMETRIC_REPRESENTATION_CONTEXT(2) 
PARAMETRIC_REPRESENTATION_CONTEXT() REPRESENTATION_CONTEXT('2D SPACE',''
  ) );
#487 = PCURVE('',#167,#488);
#488 = DEFINITIONAL_REPRESENTATION('',(#489),#493);
#489 = LINE('',#490,#491);
#490 = CARTESIAN_POINT('',(-0.,0.));
#491 = VECTOR('',#492,1.);
#492 = DIRECTION('',(-0.,-1.));
#493 = ( GEOMETRIC_REPRESENTATION_CONTEXT(2) 
PARAMETRIC_REPRESENTATION_CONTEXT() REPRESENTATION_CONTEXT('2D SPACE',''
  ) );
#494 = ORIENTED_EDGE('',*,*,#321,.F.);
#495 = ORIENTED_EDGE('',*,*,#474,.F.);
#496 = ADVANCED_FACE('',(#497),#202,.F.);
#497 = FACE_BOUND('',#498,.T.);
#498 = EDGE_LOOP('',(#499,#500,#521,#522));
#499 = ORIENTED_EDGE('',*,*,#181,.T.);
#500 = ORIENTED_EDGE('',*,*,#501,.T.);
#501 = EDGE_CURVE('',#182,#352,#502,.T.);
#502 = SEAM_CURVE('',#503,(#507,#514),.PCURVE_S1.);
#503 = LINE('',#504,#505);
#504 = CARTESIAN_POINT('',(-69.85,-8.43169321213E-15,21.7));
#505 = VECTOR('',#506,1.);
#506 = DIRECTION('',(0.,-1.224646799147E-16,-1.));
#507 = PCURVE('',#202,#508);
#508 = DEFINITIONAL_REPRESENTATION('',(#509),#513);
#509 = LINE('',#510,#511);
#510 = CARTESIAN_POINT('',(-6.28318530718,0.));
#511 = VECTOR('',#512,1.);
#512 = DIRECTION('',(-0.,-1.));
#513 = ( GEOMETRIC_REPRESENTATION_CONTEXT(2) 
PARAMETRIC_REPRESENTATION_CONTEXT() REPRESENTATION_CONTEXT('2D SPACE',''
  ) );
#514 = PCURVE('',#202,#515);
#515 = DEFINITIONAL_REPRESENTATION('',(#516),#520);
#516 = LINE('',#517,#518);
#517 = CARTESIAN_POINT('',(-0.,0.));
#518 = VECTOR('',#519,1.);
#519 = DIRECTION('',(-0.,-1.));
#520 = ( GEOMETRIC_REPRESENTATION_CONTEXT(2) 
PARAMETRIC_REPRESENTATION_CONTEXT() REPRESENTATION_CONTEXT('2D SPACE',''
  ) );
#521 = ORIENTED_EDGE('',*,*,#351,.F.);
#522 = ORIENTED_EDGE('',*,*,#501,.F.);
#523 = ADVANCED_FACE('',(#524),#233,.T.);
#524 = FACE_BOUND('',#525,.F.);
#525 = EDGE_LOOP('',(#526,#527,#550,#577));
#526 = ORIENTED_EDGE('',*,*,#216,.T.);
#527 = ORIENTED_EDGE('',*,*,#528,.T.);
#528 = EDGE_CURVE('',#217,#529,#531,.T.);
#529 = VERTEX_POINT('',#530);
#530 = CARTESIAN_POINT('',(42.05,6.123233995737E-16,25.7));
#531 = SEAM_CURVE('',#532,(#536,#543),.PCURVE_S1.);
#532 = LINE('',#533,#534);
#533 = CARTESIAN_POINT('',(42.05,0.,20.7));
#534 = VECTOR('',#535,1.);
#535 = DIRECTION('',(0.,1.224646799147E-16,1.));
#536 = PCURVE('',#233,#537);
#537 = DEFINITIONAL_REPRESENTATION('',(#538),#542);
#538 = LINE('',#539,#540);
#539 = CARTESIAN_POINT('',(-0.,0.));
#540 = VECTOR('',#541,1.);
#541 = DIRECTION('',(-0.,1.));
#542 = ( GEOMETRIC_REPRESENTATION_CONTEXT(2) 
PARAMETRIC_REPRESENTATION_CONTEXT() REPRESENTATION_CONTEXT('2D SPACE',''
  ) );
#543 = PCURVE('',#233,#544);
#544 = DEFINITIONAL_REPRESENTATION('',(#545),#549);
#545 = LINE('',#546,#547);
#546 = CARTESIAN_POINT('',(-6.28318530718,0.));
#547 = VECTOR('',#548,1.);
#548 = DIRECTION('',(-0.,1.));
#549 = ( GEOMETRIC_REPRESENTATION_CONTEXT(2) 
PARAMETRIC_REPRESENTATION_CONTEXT() REPRESENTATION_CONTEXT('2D SPACE',''
  ) );
#550 = ORIENTED_EDGE('',*,*,#551,.F.);
#551 = EDGE_CURVE('',#529,#529,#552,.T.);
#552 = SURFACE_CURVE('',#553,(#558,#565),.PCURVE_S1.);
#553 = CIRCLE('',#554,42.05);
#554 = AXIS2_PLACEMENT_3D('',#555,#556,#557);
#555 = CARTESIAN_POINT('',(0.,6.123233995737E-16,25.7));
#556 = DIRECTION('',(0.,-1.224646799147E-16,-1.));
#557 = DIRECTION('',(1.,0.,0.));
#558 = PCURVE('',#233,#559);
#559 = DEFINITIONAL_REPRESENTATION('',(#560),#564);
#560 = LINE('',#561,#562);
#561 = CARTESIAN_POINT('',(-0.,5.));
#562 = VECTOR('',#563,1.);
#563 = DIRECTION('',(-1.,0.));
#564 = ( GEOMETRIC_REPRESENTATION_CONTEXT(2) 
PARAMETRIC_REPRESENTATION_CONTEXT() REPRESENTATION_CONTEXT('2D SPACE',''
  ) );
#565 = PCURVE('',#566,#571);
#566 = CONICAL_SURFACE('',#567,42.05,0.248487420657);
#567 = AXIS2_PLACEMENT_3D('',#568,#569,#570);
#568 = CARTESIAN_POINT('',(0.,6.123233995737E-16,25.7));
#569 = DIRECTION('',(0.,-1.224646799147E-16,-1.));
#570 = DIRECTION('',(1.,0.,0.));
#571 = DEFINITIONAL_REPRESENTATION('',(#572),#576);
#572 = LINE('',#573,#574);
#573 = CARTESIAN_POINT('',(0.,-0.));
#574 = VECTOR('',#575,1.);
#575 = DIRECTION('',(1.,-0.));
#576 = ( GEOMETRIC_REPRESENTATION_CONTEXT(2) 
PARAMETRIC_REPRESENTATION_CONTEXT() REPRESENTATION_CONTEXT('2D SPACE',''
  ) );
#577 = ORIENTED_EDGE('',*,*,#528,.F.);
#578 = ADVANCED_FACE('',(#579),#268,.F.);
#579 = FACE_BOUND('',#580,.T.);
#580 = EDGE_LOOP('',(#581,#582,#603,#604));
#581 = ORIENTED_EDGE('',*,*,#247,.T.);
#582 = ORIENTED_EDGE('',*,*,#583,.T.);
#583 = EDGE_CURVE('',#248,#413,#584,.T.);
#584 = SEAM_CURVE('',#585,(#589,#596),.PCURVE_S1.);
#585 = LINE('',#586,#587);
#586 = CARTESIAN_POINT('',(69.85,1.224646799147E-16,21.7));
#587 = VECTOR('',#588,1.);
#588 = DIRECTION('',(0.,-1.224646799147E-16,-1.));
#589 = PCURVE('',#268,#590);
#590 = DEFINITIONAL_REPRESENTATION('',(#591),#595);
#591 = LINE('',#592,#593);
#592 = CARTESIAN_POINT('',(-6.28318530718,0.));
#593 = VECTOR('',#594,1.);
#594 = DIRECTION('',(-0.,-1.));
#595 = ( GEOMETRIC_REPRESENTATION_CONTEXT(2) 
PARAMETRIC_REPRESENTATION_CONTEXT() REPRESENTATION_CONTEXT('2D SPACE',''
  ) );
#596 = PCURVE('',#268,#597);
#597 = DEFINITIONAL_REPRESENTATION('',(#598),#602);
#598 = LINE('',#599,#600);
#599 = CARTESIAN_POINT('',(-0.,0.));
#600 = VECTOR('',#601,1.);
#601 = DIRECTION('',(-0.,-1.));
#602 = ( GEOMETRIC_REPRESENTATION_CONTEXT(2) 
PARAMETRIC_REPRESENTATION_CONTEXT() REPRESENTATION_CONTEXT('2D SPACE',''
  ) );
#603 = ORIENTED_EDGE('',*,*,#412,.F.);
#604 = ORIENTED_EDGE('',*,*,#583,.F.);
#605 = ADVANCED_FACE('',(#606),#303,.F.);
#606 = FACE_BOUND('',#607,.T.);
#607 = EDGE_LOOP('',(#608,#609,#630,#631));
#608 = ORIENTED_EDGE('',*,*,#282,.T.);
#609 = ORIENTED_EDGE('',*,*,#610,.T.);
#610 = EDGE_CURVE('',#283,#443,#611,.T.);
#611 = SEAM_CURVE('',#612,(#616,#623),.PCURVE_S1.);
#612 = LINE('',#613,#614);
#613 = CARTESIAN_POINT('',(4.752573087946E-15,-69.85,21.7));
#614 = VECTOR('',#615,1.);
#615 = DIRECTION('',(0.,-1.224646799147E-16,-1.));
#616 = PCURVE('',#303,#617);
#617 = DEFINITIONAL_REPRESENTATION('',(#618),#622);
#618 = LINE('',#619,#620);
#619 = CARTESIAN_POINT('',(-6.28318530718,0.));
#620 = VECTOR('',#621,1.);
#621 = DIRECTION('',(-0.,-1.));
#622 = ( GEOMETRIC_REPRESENTATION_CONTEXT(2) 
PARAMETRIC_REPRESENTATION_CONTEXT() REPRESENTATION_CONTEXT('2D SPACE',''
  ) );
#623 = PCURVE('',#303,#624);
#624 = DEFINITIONAL_REPRESENTATION('',(#625),#629);
#625 = LINE('',#626,#627);
#626 = CARTESIAN_POINT('',(-0.,0.));
#627 = VECTOR('',#628,1.);
#628 = DIRECTION('',(-0.,-1.));
#629 = ( GEOMETRIC_REPRESENTATION_CONTEXT(2) 
PARAMETRIC_REPRESENTATION_CONTEXT() REPRESENTATION_CONTEXT('2D SPACE',''
  ) );
#630 = ORIENTED_EDGE('',*,*,#442,.F.);
#631 = ORIENTED_EDGE('',*,*,#610,.F.);
#632 = ADVANCED_FACE('',(#633),#398,.T.);
#633 = FACE_BOUND('',#634,.F.);
#634 = EDGE_LOOP('',(#635,#658,#685,#686));
#635 = ORIENTED_EDGE('',*,*,#636,.T.);
#636 = EDGE_CURVE('',#382,#637,#639,.T.);
#637 = VERTEX_POINT('',#638);
#638 = CARTESIAN_POINT('',(46.05,-2.535018874235E-15,0.));
#639 = SEAM_CURVE('',#640,(#644,#651),.PCURVE_S1.);
#640 = LINE('',#641,#642);
#641 = CARTESIAN_POINT('',(46.05,-2.339075386371E-15,1.6));
#642 = VECTOR('',#643,1.);
#643 = DIRECTION('',(0.,-1.224646799147E-16,-1.));
#644 = PCURVE('',#398,#645);
#645 = DEFINITIONAL_REPRESENTATION('',(#646),#650);
#646 = LINE('',#647,#648);
#647 = CARTESIAN_POINT('',(-0.,0.));
#648 = VECTOR('',#649,1.);
#649 = DIRECTION('',(-0.,-1.));
#650 = ( GEOMETRIC_REPRESENTATION_CONTEXT(2) 
PARAMETRIC_REPRESENTATION_CONTEXT() REPRESENTATION_CONTEXT('2D SPACE',''
  ) );
#651 = PCURVE('',#398,#652);
#652 = DEFINITIONAL_REPRESENTATION('',(#653),#657);
#653 = LINE('',#654,#655);
#654 = CARTESIAN_POINT('',(-6.28318530718,0.));
#655 = VECTOR('',#656,1.);
#656 = DIRECTION('',(-0.,-1.));
#657 = ( GEOMETRIC_REPRESENTATION_CONTEXT(2) 
PARAMETRIC_REPRESENTATION_CONTEXT() REPRESENTATION_CONTEXT('2D SPACE',''
  ) );
#658 = ORIENTED_EDGE('',*,*,#659,.T.);
#659 = EDGE_CURVE('',#637,#637,#660,.T.);
#660 = SURFACE_CURVE('',#661,(#666,#673),.PCURVE_S1.);
#661 = CIRCLE('',#662,46.05);
#662 = AXIS2_PLACEMENT_3D('',#663,#664,#665);
#663 = CARTESIAN_POINT('',(0.,-2.535018874235E-15,0.));
#664 = DIRECTION('',(0.,-1.224646799147E-16,-1.));
#665 = DIRECTION('',(1.,0.,0.));
#666 = PCURVE('',#398,#667);
#667 = DEFINITIONAL_REPRESENTATION('',(#668),#672);
#668 = LINE('',#669,#670);
#669 = CARTESIAN_POINT('',(-0.,-1.6));
#670 = VECTOR('',#671,1.);
#671 = DIRECTION('',(-1.,0.));
#672 = ( GEOMETRIC_REPRESENTATION_CONTEXT(2) 
PARAMETRIC_REPRESENTATION_CONTEXT() REPRESENTATION_CONTEXT('2D SPACE',''
  ) );
#673 = PCURVE('',#674,#679);
#674 = PLANE('',#675);
#675 = AXIS2_PLACEMENT_3D('',#676,#677,#678);
#676 = CARTESIAN_POINT('',(-2.850689527118E-15,-6.35656509178E-15,0.));
#677 = DIRECTION('',(0.,-1.224646799147E-16,-1.));
#678 = DIRECTION('',(1.,0.,0.));
#679 = DEFINITIONAL_REPRESENTATION('',(#680),#684);
#680 = CIRCLE('',#681,46.05);
#681 = AXIS2_PLACEMENT_2D('',#682,#683);
#682 = CARTESIAN_POINT('',(2.850689527118E-15,-3.821546217545E-15));
#683 = DIRECTION('',(1.,0.));
#684 = ( GEOMETRIC_REPRESENTATION_CONTEXT(2) 
PARAMETRIC_REPRESENTATION_CONTEXT() REPRESENTATION_CONTEXT('2D SPACE',''
  ) );
#685 = ORIENTED_EDGE('',*,*,#636,.F.);
#686 = ORIENTED_EDGE('',*,*,#381,.F.);
#687 = ADVANCED_FACE('',(#688),#566,.T.);
#688 = FACE_BOUND('',#689,.F.);
#689 = EDGE_LOOP('',(#690,#691,#714,#741));
#690 = ORIENTED_EDGE('',*,*,#551,.T.);
#691 = ORIENTED_EDGE('',*,*,#692,.T.);
#692 = EDGE_CURVE('',#529,#693,#695,.T.);
#693 = VERTEX_POINT('',#694);
#694 = CARTESIAN_POINT('',(30.15,6.355916887575E-15,72.6));
#695 = SEAM_CURVE('',#696,(#700,#707),.PCURVE_S1.);
#696 = LINE('',#697,#698);
#697 = CARTESIAN_POINT('',(42.05,6.123233995737E-16,25.7));
#698 = VECTOR('',#699,1.);
#699 = DIRECTION('',(-0.245938119882,1.187032423367E-16,0.969285531301)
  );
#700 = PCURVE('',#566,#701);
#701 = DEFINITIONAL_REPRESENTATION('',(#702),#706);
#702 = LINE('',#703,#704);
#703 = CARTESIAN_POINT('',(0.,-0.));
#704 = VECTOR('',#705,1.);
#705 = DIRECTION('',(0.,-1.));
#706 = ( GEOMETRIC_REPRESENTATION_CONTEXT(2) 
PARAMETRIC_REPRESENTATION_CONTEXT() REPRESENTATION_CONTEXT('2D SPACE',''
  ) );
#707 = PCURVE('',#566,#708);
#708 = DEFINITIONAL_REPRESENTATION('',(#709),#713);
#709 = LINE('',#710,#711);
#710 = CARTESIAN_POINT('',(6.28318530718,-0.));
#711 = VECTOR('',#712,1.);
#712 = DIRECTION('',(0.,-1.));
#713 = ( GEOMETRIC_REPRESENTATION_CONTEXT(2) 
PARAMETRIC_REPRESENTATION_CONTEXT() REPRESENTATION_CONTEXT('2D SPACE',''
  ) );
#714 = ORIENTED_EDGE('',*,*,#715,.F.);
#715 = EDGE_CURVE('',#693,#693,#716,.T.);
#716 = SURFACE_CURVE('',#717,(#722,#729),.PCURVE_S1.);
#717 = CIRCLE('',#718,30.15);
#718 = AXIS2_PLACEMENT_3D('',#719,#720,#721);
#719 = CARTESIAN_POINT('',(0.,6.355916887575E-15,72.6));
#720 = DIRECTION('',(0.,-1.224646799147E-16,-1.));
#721 = DIRECTION('',(1.,0.,0.));
#722 = PCURVE('',#566,#723);
#723 = DEFINITIONAL_REPRESENTATION('',(#724),#728);
#724 = LINE('',#725,#726);
#725 = CARTESIAN_POINT('',(0.,-46.9));
#726 = VECTOR('',#727,1.);
#727 = DIRECTION('',(1.,-0.));
#728 = ( GEOMETRIC_REPRESENTATION_CONTEXT(2) 
PARAMETRIC_REPRESENTATION_CONTEXT() REPRESENTATION_CONTEXT('2D SPACE',''
  ) );
#729 = PCURVE('',#730,#735);
#730 = CYLINDRICAL_SURFACE('',#731,30.15);
#731 = AXIS2_PLACEMENT_3D('',#732,#733,#734);
#732 = CARTESIAN_POINT('',(0.,6.355916887575E-15,72.6));
#733 = DIRECTION('',(-0.,1.224646799147E-16,1.));
#734 = DIRECTION('',(1.,0.,0.));
#735 = DEFINITIONAL_REPRESENTATION('',(#736),#740);
#736 = LINE('',#737,#738);
#737 = CARTESIAN_POINT('',(-0.,0.));
#738 = VECTOR('',#739,1.);
#739 = DIRECTION('',(-1.,0.));
#740 = ( GEOMETRIC_REPRESENTATION_CONTEXT(2) 
PARAMETRIC_REPRESENTATION_CONTEXT() REPRESENTATION_CONTEXT('2D SPACE',''
  ) );
#741 = ORIENTED_EDGE('',*,*,#692,.F.);
#742 = ADVANCED_FACE('',(#743,#746),#674,.T.);
#743 = FACE_BOUND('',#744,.T.);
#744 = EDGE_LOOP('',(#745));
#745 = ORIENTED_EDGE('',*,*,#659,.T.);
#746 = FACE_BOUND('',#747,.T.);
#747 = EDGE_LOOP('',(#748));
#748 = ORIENTED_EDGE('',*,*,#749,.T.);
#749 = EDGE_CURVE('',#750,#750,#752,.T.);
#750 = VERTEX_POINT('',#751);
#751 = CARTESIAN_POINT('',(26.24,-2.535018874235E-15,7.105427357601E-15)
  );
#752 = SURFACE_CURVE('',#753,(#758,#769),.PCURVE_S1.);
#753 = CIRCLE('',#754,26.24);
#754 = AXIS2_PLACEMENT_3D('',#755,#756,#757);
#755 = CARTESIAN_POINT('',(0.,-2.535018874235E-15,7.105427357601E-15));
#756 = DIRECTION('',(-0.,1.224646799147E-16,1.));
#757 = DIRECTION('',(1.,0.,0.));
#758 = PCURVE('',#674,#759);
#759 = DEFINITIONAL_REPRESENTATION('',(#760),#768);
#760 = ( BOUNDED_CURVE() B_SPLINE_CURVE(2,(#761,#762,#763,#764,#765,#766
,#767),.UNSPECIFIED.,.T.,.F.) B_SPLINE_CURVE_WITH_KNOTS((1,2,2,2,2,1),(
    -2.094395102393,0.,2.094395102393,4.188790204786,6.28318530718,
8.377580409573),.UNSPECIFIED.) CURVE() GEOMETRIC_REPRESENTATION_ITEM() 
RATIONAL_B_SPLINE_CURVE((1.,0.5,1.,0.5,1.,0.5,1.)) REPRESENTATION_ITEM(
  '') );
#761 = CARTESIAN_POINT('',(26.24,-3.821546217545E-15));
#762 = CARTESIAN_POINT('',(26.24,-45.4490131906));
#763 = CARTESIAN_POINT('',(-13.12,-22.7245065953));
#764 = CARTESIAN_POINT('',(-52.48,-1.024849261947E-14));
#765 = CARTESIAN_POINT('',(-13.12,22.724506595304));
#766 = CARTESIAN_POINT('',(26.24,45.449013190607));
#767 = CARTESIAN_POINT('',(26.24,-3.821546217545E-15));
#768 = ( GEOMETRIC_REPRESENTATION_CONTEXT(2) 
PARAMETRIC_REPRESENTATION_CONTEXT() REPRESENTATION_CONTEXT('2D SPACE',''
  ) );
#769 = PCURVE('',#770,#775);
#770 = CYLINDRICAL_SURFACE('',#771,26.24);
#771 = AXIS2_PLACEMENT_3D('',#772,#773,#774);
#772 = CARTESIAN_POINT('',(0.,7.703028366637E-15,83.6));
#773 = DIRECTION('',(-0.,1.224646799147E-16,1.));
#774 = DIRECTION('',(1.,0.,0.));
#775 = DEFINITIONAL_REPRESENTATION('',(#776),#780);
#776 = LINE('',#777,#778);
#777 = CARTESIAN_POINT('',(-6.28318530718,-83.6));
#778 = VECTOR('',#779,1.);
#779 = DIRECTION('',(1.,-0.));
#780 = ( GEOMETRIC_REPRESENTATION_CONTEXT(2) 
PARAMETRIC_REPRESENTATION_CONTEXT() REPRESENTATION_CONTEXT('2D SPACE',''
  ) );
#781 = ADVANCED_FACE('',(#782),#730,.T.);
#782 = FACE_BOUND('',#783,.F.);
#783 = EDGE_LOOP('',(#784,#785,#808,#835));
#784 = ORIENTED_EDGE('',*,*,#715,.T.);
#785 = ORIENTED_EDGE('',*,*,#786,.T.);
#786 = EDGE_CURVE('',#693,#787,#789,.T.);
#787 = VERTEX_POINT('',#788);
#788 = CARTESIAN_POINT('',(30.15,7.213169646978E-15,79.6));
#789 = SEAM_CURVE('',#790,(#794,#801),.PCURVE_S1.);
#790 = LINE('',#791,#792);
#791 = CARTESIAN_POINT('',(30.15,6.355916887575E-15,72.6));
#792 = VECTOR('',#793,1.);
#793 = DIRECTION('',(0.,1.224646799147E-16,1.));
#794 = PCURVE('',#730,#795);
#795 = DEFINITIONAL_REPRESENTATION('',(#796),#800);
#796 = LINE('',#797,#798);
#797 = CARTESIAN_POINT('',(-0.,0.));
#798 = VECTOR('',#799,1.);
#799 = DIRECTION('',(-0.,1.));
#800 = ( GEOMETRIC_REPRESENTATION_CONTEXT(2) 
PARAMETRIC_REPRESENTATION_CONTEXT() REPRESENTATION_CONTEXT('2D SPACE',''
  ) );
#801 = PCURVE('',#730,#802);
#802 = DEFINITIONAL_REPRESENTATION('',(#803),#807);
#803 = LINE('',#804,#805);
#804 = CARTESIAN_POINT('',(-6.28318530718,0.));
#805 = VECTOR('',#806,1.);
#806 = DIRECTION('',(-0.,1.));
#807 = ( GEOMETRIC_REPRESENTATION_CONTEXT(2) 
PARAMETRIC_REPRESENTATION_CONTEXT() REPRESENTATION_CONTEXT('2D SPACE',''
  ) );
#808 = ORIENTED_EDGE('',*,*,#809,.F.);
#809 = EDGE_CURVE('',#787,#787,#810,.T.);
#810 = SURFACE_CURVE('',#811,(#816,#823),.PCURVE_S1.);
#811 = CIRCLE('',#812,30.15);
#812 = AXIS2_PLACEMENT_3D('',#813,#814,#815);
#813 = CARTESIAN_POINT('',(0.,7.213169646978E-15,79.6));
#814 = DIRECTION('',(0.,-1.224646799147E-16,-1.));
#815 = DIRECTION('',(1.,0.,0.));
#816 = PCURVE('',#730,#817);
#817 = DEFINITIONAL_REPRESENTATION('',(#818),#822);
#818 = LINE('',#819,#820);
#819 = CARTESIAN_POINT('',(-0.,7.));
#820 = VECTOR('',#821,1.);
#821 = DIRECTION('',(-1.,0.));
#822 = ( GEOMETRIC_REPRESENTATION_CONTEXT(2) 
PARAMETRIC_REPRESENTATION_CONTEXT() REPRESENTATION_CONTEXT('2D SPACE',''
  ) );
#823 = PCURVE('',#824,#829);
#824 = PLANE('',#825);
#825 = AXIS2_PLACEMENT_3D('',#826,#827,#828);
#826 = CARTESIAN_POINT('',(0.,7.213169646978E-15,79.6));
#827 = DIRECTION('',(0.,-1.224646799147E-16,-1.));
#828 = DIRECTION('',(1.,0.,0.));
#829 = DEFINITIONAL_REPRESENTATION('',(#830),#834);
#830 = CIRCLE('',#831,30.15);
#831 = AXIS2_PLACEMENT_2D('',#832,#833);
#832 = CARTESIAN_POINT('',(0.,0.));
#833 = DIRECTION('',(1.,0.));
#834 = ( GEOMETRIC_REPRESENTATION_CONTEXT(2) 
PARAMETRIC_REPRESENTATION_CONTEXT() REPRESENTATION_CONTEXT('2D SPACE',''
  ) );
#835 = ORIENTED_EDGE('',*,*,#786,.F.);
#836 = ADVANCED_FACE('',(#837),#770,.F.);
#837 = FACE_BOUND('',#838,.T.);
#838 = EDGE_LOOP('',(#839,#840,#863,#885));
#839 = ORIENTED_EDGE('',*,*,#749,.F.);
#840 = ORIENTED_EDGE('',*,*,#841,.T.);
#841 = EDGE_CURVE('',#750,#842,#844,.T.);
#842 = VERTEX_POINT('',#843);
#843 = CARTESIAN_POINT('',(26.24,7.213169646978E-15,79.6));
#844 = SEAM_CURVE('',#845,(#849,#856),.PCURVE_S1.);
#845 = LINE('',#846,#847);
#846 = CARTESIAN_POINT('',(26.24,-2.535018874235E-15,7.105427357601E-15)
  );
#847 = VECTOR('',#848,1.);
#848 = DIRECTION('',(0.,1.224646799147E-16,1.));
#849 = PCURVE('',#770,#850);
#850 = DEFINITIONAL_REPRESENTATION('',(#851),#855);
#851 = LINE('',#852,#853);
#852 = CARTESIAN_POINT('',(-6.28318530718,-83.6));
#853 = VECTOR('',#854,1.);
#854 = DIRECTION('',(0.,1.));
#855 = ( GEOMETRIC_REPRESENTATION_CONTEXT(2) 
PARAMETRIC_REPRESENTATION_CONTEXT() REPRESENTATION_CONTEXT('2D SPACE',''
  ) );
#856 = PCURVE('',#770,#857);
#857 = DEFINITIONAL_REPRESENTATION('',(#858),#862);
#858 = LINE('',#859,#860);
#859 = CARTESIAN_POINT('',(-0.,-83.6));
#860 = VECTOR('',#861,1.);
#861 = DIRECTION('',(0.,1.));
#862 = ( GEOMETRIC_REPRESENTATION_CONTEXT(2) 
PARAMETRIC_REPRESENTATION_CONTEXT() REPRESENTATION_CONTEXT('2D SPACE',''
  ) );
#863 = ORIENTED_EDGE('',*,*,#864,.F.);
#864 = EDGE_CURVE('',#842,#842,#865,.T.);
#865 = SURFACE_CURVE('',#866,(#871,#878),.PCURVE_S1.);
#866 = CIRCLE('',#867,26.24);
#867 = AXIS2_PLACEMENT_3D('',#868,#869,#870);
#868 = CARTESIAN_POINT('',(0.,7.213169646978E-15,79.6));
#869 = DIRECTION('',(0.,-1.224646799147E-16,-1.));
#870 = DIRECTION('',(1.,0.,0.));
#871 = PCURVE('',#770,#872);
#872 = DEFINITIONAL_REPRESENTATION('',(#873),#877);
#873 = LINE('',#874,#875);
#874 = CARTESIAN_POINT('',(-0.,-4.));
#875 = VECTOR('',#876,1.);
#876 = DIRECTION('',(-1.,0.));
#877 = ( GEOMETRIC_REPRESENTATION_CONTEXT(2) 
PARAMETRIC_REPRESENTATION_CONTEXT() REPRESENTATION_CONTEXT('2D SPACE',''
  ) );
#878 = PCURVE('',#824,#879);
#879 = DEFINITIONAL_REPRESENTATION('',(#880),#884);
#880 = CIRCLE('',#881,26.24);
#881 = AXIS2_PLACEMENT_2D('',#882,#883);
#882 = CARTESIAN_POINT('',(0.,0.));
#883 = DIRECTION('',(1.,0.));
#884 = ( GEOMETRIC_REPRESENTATION_CONTEXT(2) 
PARAMETRIC_REPRESENTATION_CONTEXT() REPRESENTATION_CONTEXT('2D SPACE',''
  ) );
#885 = ORIENTED_EDGE('',*,*,#841,.F.);
#886 = ADVANCED_FACE('',(#887,#890),#824,.F.);
#887 = FACE_BOUND('',#888,.F.);
#888 = EDGE_LOOP('',(#889));
#889 = ORIENTED_EDGE('',*,*,#809,.T.);
#890 = FACE_BOUND('',#891,.F.);
#891 = EDGE_LOOP('',(#892));
#892 = ORIENTED_EDGE('',*,*,#864,.F.);
#893 = ( GEOMETRIC_REPRESENTATION_CONTEXT(3) 
GLOBAL_UNCERTAINTY_ASSIGNED_CONTEXT((#897)) GLOBAL_UNIT_ASSIGNED_CONTEXT
((#894,#895,#896)) REPRESENTATION_CONTEXT('Context #1',
  '3D Context with UNIT and UNCERTAINTY') );
#894 = ( LENGTH_UNIT() NAMED_UNIT(*) SI_UNIT(.MILLI.,.METRE.) );
#895 = ( NAMED_UNIT(*) PLANE_ANGLE_UNIT() SI_UNIT($,.RADIAN.) );
#896 = ( NAMED_UNIT(*) SI_UNIT($,.STERADIAN.) SOLID_ANGLE_UNIT() );
#897 = UNCERTAINTY_MEASURE_WITH_UNIT(LENGTH_MEASURE(1.E-07),#894,
  'distance_accuracy_value','confusion accuracy');
#898 = CONTEXT_DEPENDENT_SHAPE_REPRESENTATION(#899,#901);
#899 = ( REPRESENTATION_RELATIONSHIP('','',#48,#10) 
REPRESENTATION_RELATIONSHIP_WITH_TRANSFORMATION(#900) 
SHAPE_REPRESENTATION_RELATIONSHIP() );
#900 = ITEM_DEFINED_TRANSFORMATION('','',#11,#15);
#901 = PRODUCT_DEFINITION_SHAPE('Placement','Placement of an item',#902
  );
#902 = NEXT_ASSEMBLY_USAGE_OCCURRENCE('13','','',#5,#43,$);
#903 = PRODUCT_RELATED_PRODUCT_CATEGORY('part',$,(#45));
#904 = SHAPE_DEFINITION_REPRESENTATION(#905,#911);
#905 = PRODUCT_DEFINITION_SHAPE('','',#906);
#906 = PRODUCT_DEFINITION('design','',#907,#910);
#907 = PRODUCT_DEFINITION_FORMATION('','',#908);
#908 = PRODUCT('Open CASCADE STEP translator 7.8 15.2',
  'Open CASCADE STEP translator 7.8 15.2','',(#909));
#909 = PRODUCT_CONTEXT('',#2,'mechanical');
#910 = PRODUCT_DEFINITION_CONTEXT('part definition',#2,'design');
#911 = ADVANCED_BREP_SHAPE_REPRESENTATION('',(#11,#912),#1094);
#912 = MANIFOLD_SOLID_BREP('',#913);
#913 = CLOSED_SHELL('',(#914,#1002,#1080,#1087));
#914 = ADVANCED_FACE('',(#915),#929,.T.);
#915 = FACE_BOUND('',#916,.F.);
#916 = EDGE_LOOP('',(#917,#947,#974,#975));
#917 = ORIENTED_EDGE('',*,*,#918,.T.);
#918 = EDGE_CURVE('',#919,#921,#923,.T.);
#919 = VERTEX_POINT('',#920);
#920 = CARTESIAN_POINT('',(30.15,0.,85.6));
#921 = VERTEX_POINT('',#922);
#922 = CARTESIAN_POINT('',(30.15,0.,306.55));
#923 = SEAM_CURVE('',#924,(#928,#940),.PCURVE_S1.);
#924 = LINE('',#925,#926);
#925 = CARTESIAN_POINT('',(30.15,0.,85.6));
#926 = VECTOR('',#927,1.);
#927 = DIRECTION('',(0.,0.,1.));
#928 = PCURVE('',#929,#934);
#929 = CYLINDRICAL_SURFACE('',#930,30.15);
#930 = AXIS2_PLACEMENT_3D('',#931,#932,#933);
#931 = CARTESIAN_POINT('',(0.,0.,85.6));
#932 = DIRECTION('',(-0.,-0.,-1.));
#933 = DIRECTION('',(1.,0.,0.));
#934 = DEFINITIONAL_REPRESENTATION('',(#935),#939);
#935 = LINE('',#936,#937);
#936 = CARTESIAN_POINT('',(-0.,0.));
#937 = VECTOR('',#938,1.);
#938 = DIRECTION('',(-0.,-1.));
#939 = ( GEOMETRIC_REPRESENTATION_CONTEXT(2) 
PARAMETRIC_REPRESENTATION_CONTEXT() REPRESENTATION_CONTEXT('2D SPACE',''
  ) );
#940 = PCURVE('',#929,#941);
#941 = DEFINITIONAL_REPRESENTATION('',(#942),#946);
#942 = LINE('',#943,#944);
#943 = CARTESIAN_POINT('',(-6.28318530718,0.));
#944 = VECTOR('',#945,1.);
#945 = DIRECTION('',(-0.,-1.));
#946 = ( GEOMETRIC_REPRESENTATION_CONTEXT(2) 
PARAMETRIC_REPRESENTATION_CONTEXT() REPRESENTATION_CONTEXT('2D SPACE',''
  ) );
#947 = ORIENTED_EDGE('',*,*,#948,.T.);
#948 = EDGE_CURVE('',#921,#921,#949,.T.);
#949 = SURFACE_CURVE('',#950,(#955,#962),.PCURVE_S1.);
#950 = CIRCLE('',#951,30.15);
#951 = AXIS2_PLACEMENT_3D('',#952,#953,#954);
#952 = CARTESIAN_POINT('',(0.,0.,306.55));
#953 = DIRECTION('',(0.,0.,1.));
#954 = DIRECTION('',(1.,0.,0.));
#955 = PCURVE('',#929,#956);
#956 = DEFINITIONAL_REPRESENTATION('',(#957),#961);
#957 = LINE('',#958,#959);
#958 = CARTESIAN_POINT('',(-0.,-220.95));
#959 = VECTOR('',#960,1.);
#960 = DIRECTION('',(-1.,0.));
#961 = ( GEOMETRIC_REPRESENTATION_CONTEXT(2) 
PARAMETRIC_REPRESENTATION_CONTEXT() REPRESENTATION_CONTEXT('2D SPACE',''
  ) );
#962 = PCURVE('',#963,#968);
#963 = PLANE('',#964);
#964 = AXIS2_PLACEMENT_3D('',#965,#966,#967);
#965 = CARTESIAN_POINT('',(-1.451346077654E-15,3.123268199818E-15,306.55
    ));
#966 = DIRECTION('',(0.,0.,1.));
#967 = DIRECTION('',(1.,0.,-0.));
#968 = DEFINITIONAL_REPRESENTATION('',(#969),#973);
#969 = CIRCLE('',#970,30.15);
#970 = AXIS2_PLACEMENT_2D('',#971,#972);
#971 = CARTESIAN_POINT('',(1.451346077654E-15,-3.123268199818E-15));
#972 = DIRECTION('',(1.,0.));
#973 = ( GEOMETRIC_REPRESENTATION_CONTEXT(2) 
PARAMETRIC_REPRESENTATION_CONTEXT() REPRESENTATION_CONTEXT('2D SPACE',''
  ) );
#974 = ORIENTED_EDGE('',*,*,#918,.F.);
#975 = ORIENTED_EDGE('',*,*,#976,.F.);
#976 = EDGE_CURVE('',#919,#919,#977,.T.);
#977 = SURFACE_CURVE('',#978,(#983,#990),.PCURVE_S1.);
#978 = CIRCLE('',#979,30.15);
#979 = AXIS2_PLACEMENT_3D('',#980,#981,#982);
#980 = CARTESIAN_POINT('',(0.,0.,85.6));
#981 = DIRECTION('',(0.,0.,1.));
#982 = DIRECTION('',(1.,0.,0.));
#983 = PCURVE('',#929,#984);
#984 = DEFINITIONAL_REPRESENTATION('',(#985),#989);
#985 = LINE('',#986,#987);
#986 = CARTESIAN_POINT('',(-0.,0.));
#987 = VECTOR('',#988,1.);
#988 = DIRECTION('',(-1.,0.));
#989 = ( GEOMETRIC_REPRESENTATION_CONTEXT(2) 
PARAMETRIC_REPRESENTATION_CONTEXT() REPRESENTATION_CONTEXT('2D SPACE',''
  ) );
#990 = PCURVE('',#991,#996);
#991 = PLANE('',#992);
#992 = AXIS2_PLACEMENT_3D('',#993,#994,#995);
#993 = CARTESIAN_POINT('',(-1.451346077654E-15,3.123268199818E-15,85.6)
  );
#994 = DIRECTION('',(0.,0.,1.));
#995 = DIRECTION('',(1.,0.,-0.));
#996 = DEFINITIONAL_REPRESENTATION('',(#997),#1001);
#997 = CIRCLE('',#998,30.15);
#998 = AXIS2_PLACEMENT_2D('',#999,#1000);
#999 = CARTESIAN_POINT('',(1.451346077654E-15,-3.123268199818E-15));
#1000 = DIRECTION('',(1.,0.));
#1001 = ( GEOMETRIC_REPRESENTATION_CONTEXT(2) 
PARAMETRIC_REPRESENTATION_CONTEXT() REPRESENTATION_CONTEXT('2D SPACE',''
  ) );
#1002 = ADVANCED_FACE('',(#1003),#1017,.F.);
#1003 = FACE_BOUND('',#1004,.T.);
#1004 = EDGE_LOOP('',(#1005,#1035,#1057,#1058));
#1005 = ORIENTED_EDGE('',*,*,#1006,.T.);
#1006 = EDGE_CURVE('',#1007,#1009,#1011,.T.);
#1007 = VERTEX_POINT('',#1008);
#1008 = CARTESIAN_POINT('',(26.24,9.426769296983E-16,85.6));
#1009 = VERTEX_POINT('',#1010);
#1010 = CARTESIAN_POINT('',(26.24,9.426769296983E-16,306.55));
#1011 = SEAM_CURVE('',#1012,(#1016,#1028),.PCURVE_S1.);
#1012 = LINE('',#1013,#1014);
#1013 = CARTESIAN_POINT('',(26.24,9.426769296983E-16,85.6));
#1014 = VECTOR('',#1015,1.);
#1015 = DIRECTION('',(0.,0.,1.));
#1016 = PCURVE('',#1017,#1022);
#1017 = CYLINDRICAL_SURFACE('',#1018,26.24);
#1018 = AXIS2_PLACEMENT_3D('',#1019,#1020,#1021);
#1019 = CARTESIAN_POINT('',(1.432868933141E-13,9.426769296983E-16,85.6)
  );
#1020 = DIRECTION('',(-0.,-0.,-1.));
#1021 = DIRECTION('',(1.,0.,0.));
#1022 = DEFINITIONAL_REPRESENTATION('',(#1023),#1027);
#1023 = LINE('',#1024,#1025);
#1024 = CARTESIAN_POINT('',(-0.,0.));
#1025 = VECTOR('',#1026,1.);
#1026 = DIRECTION('',(-0.,-1.));
#1027 = ( GEOMETRIC_REPRESENTATION_CONTEXT(2) 
PARAMETRIC_REPRESENTATION_CONTEXT() REPRESENTATION_CONTEXT('2D SPACE',''
  ) );
#1028 = PCURVE('',#1017,#1029);
#1029 = DEFINITIONAL_REPRESENTATION('',(#1030),#1034);
#1030 = LINE('',#1031,#1032);
#1031 = CARTESIAN_POINT('',(-6.28318530718,0.));
#1032 = VECTOR('',#1033,1.);
#1033 = DIRECTION('',(-0.,-1.));
#1034 = ( GEOMETRIC_REPRESENTATION_CONTEXT(2) 
PARAMETRIC_REPRESENTATION_CONTEXT() REPRESENTATION_CONTEXT('2D SPACE',''
  ) );
#1035 = ORIENTED_EDGE('',*,*,#1036,.T.);
#1036 = EDGE_CURVE('',#1009,#1009,#1037,.T.);
#1037 = SURFACE_CURVE('',#1038,(#1043,#1050),.PCURVE_S1.);
#1038 = CIRCLE('',#1039,26.24);
#1039 = AXIS2_PLACEMENT_3D('',#1040,#1041,#1042);
#1040 = CARTESIAN_POINT('',(1.432868933141E-13,9.426769296983E-16,306.55
    ));
#1041 = DIRECTION('',(0.,0.,1.));
#1042 = DIRECTION('',(1.,0.,0.));
#1043 = PCURVE('',#1017,#1044);
#1044 = DEFINITIONAL_REPRESENTATION('',(#1045),#1049);
#1045 = LINE('',#1046,#1047);
#1046 = CARTESIAN_POINT('',(-0.,-220.95));
#1047 = VECTOR('',#1048,1.);
#1048 = DIRECTION('',(-1.,0.));
#1049 = ( GEOMETRIC_REPRESENTATION_CONTEXT(2) 
PARAMETRIC_REPRESENTATION_CONTEXT() REPRESENTATION_CONTEXT('2D SPACE',''
  ) );
#1050 = PCURVE('',#963,#1051);
#1051 = DEFINITIONAL_REPRESENTATION('',(#1052),#1056);
#1052 = CIRCLE('',#1053,26.24);
#1053 = AXIS2_PLACEMENT_2D('',#1054,#1055);
#1054 = CARTESIAN_POINT('',(1.447382393918E-13,-2.18059127012E-15));
#1055 = DIRECTION('',(1.,0.));
#1056 = ( GEOMETRIC_REPRESENTATION_CONTEXT(2) 
PARAMETRIC_REPRESENTATION_CONTEXT() REPRESENTATION_CONTEXT('2D SPACE',''
  ) );
#1057 = ORIENTED_EDGE('',*,*,#1006,.F.);
#1058 = ORIENTED_EDGE('',*,*,#1059,.F.);
#1059 = EDGE_CURVE('',#1007,#1007,#1060,.T.);
#1060 = SURFACE_CURVE('',#1061,(#1066,#1073),.PCURVE_S1.);
#1061 = CIRCLE('',#1062,26.24);
#1062 = AXIS2_PLACEMENT_3D('',#1063,#1064,#1065);
#1063 = CARTESIAN_POINT('',(1.432868933141E-13,9.426769296983E-16,85.6)
  );
#1064 = DIRECTION('',(0.,0.,1.));
#1065 = DIRECTION('',(1.,0.,0.));
#1066 = PCURVE('',#1017,#1067);
#1067 = DEFINITIONAL_REPRESENTATION('',(#1068),#1072);
#1068 = LINE('',#1069,#1070);
#1069 = CARTESIAN_POINT('',(-0.,0.));
#1070 = VECTOR('',#1071,1.);
#1071 = DIRECTION('',(-1.,0.));
#1072 = ( GEOMETRIC_REPRESENTATION_CONTEXT(2) 
PARAMETRIC_REPRESENTATION_CONTEXT() REPRESENTATION_CONTEXT('2D SPACE',''
  ) );
#1073 = PCURVE('',#991,#1074);
#1074 = DEFINITIONAL_REPRESENTATION('',(#1075),#1079);
#1075 = CIRCLE('',#1076,26.24);
#1076 = AXIS2_PLACEMENT_2D('',#1077,#1078);
#1077 = CARTESIAN_POINT('',(1.447382393918E-13,-2.18059127012E-15));
#1078 = DIRECTION('',(1.,0.));
#1079 = ( GEOMETRIC_REPRESENTATION_CONTEXT(2) 
PARAMETRIC_REPRESENTATION_CONTEXT() REPRESENTATION_CONTEXT('2D SPACE',''
  ) );
#1080 = ADVANCED_FACE('',(#1081,#1084),#991,.F.);
#1081 = FACE_BOUND('',#1082,.F.);
#1082 = EDGE_LOOP('',(#1083));
#1083 = ORIENTED_EDGE('',*,*,#976,.T.);
#1084 = FACE_BOUND('',#1085,.F.);
#1085 = EDGE_LOOP('',(#1086));
#1086 = ORIENTED_EDGE('',*,*,#1059,.F.);
#1087 = ADVANCED_FACE('',(#1088,#1091),#963,.T.);
#1088 = FACE_BOUND('',#1089,.T.);
#1089 = EDGE_LOOP('',(#1090));
#1090 = ORIENTED_EDGE('',*,*,#948,.T.);
#1091 = FACE_BOUND('',#1092,.T.);
#1092 = EDGE_LOOP('',(#1093));
#1093 = ORIENTED_EDGE('',*,*,#1036,.F.);
#1094 = ( GEOMETRIC_REPRESENTATION_CONTEXT(3) 
GLOBAL_UNCERTAINTY_ASSIGNED_CONTEXT((#1098)) 
GLOBAL_UNIT_ASSIGNED_CONTEXT((#1095,#1096,#1097)) REPRESENTATION_CONTEXT
('Context #1','3D Context with UNIT and UNCERTAINTY') );
#1095 = ( LENGTH_UNIT() NAMED_UNIT(*) SI_UNIT(.MILLI.,.METRE.) );
#1096 = ( NAMED_UNIT(*) PLANE_ANGLE_UNIT() SI_UNIT($,.RADIAN.) );
#1097 = ( NAMED_UNIT(*) SI_UNIT($,.STERADIAN.) SOLID_ANGLE_UNIT() );
#1098 = UNCERTAINTY_MEASURE_WITH_UNIT(LENGTH_MEASURE(1.E-07),#1095,
  'distance_accuracy_value','confusion accuracy');
#1099 = CONTEXT_DEPENDENT_SHAPE_REPRESENTATION(#1100,#1102);
#1100 = ( REPRESENTATION_RELATIONSHIP('','',#911,#10) 
REPRESENTATION_RELATIONSHIP_WITH_TRANSFORMATION(#1101) 
SHAPE_REPRESENTATION_RELATIONSHIP() );
#1101 = ITEM_DEFINED_TRANSFORMATION('','',#11,#19);
#1102 = PRODUCT_DEFINITION_SHAPE('Placement','Placement of an item',
  #1103);
#1103 = NEXT_ASSEMBLY_USAGE_OCCURRENCE('14','','',#5,#906,$);
#1104 = PRODUCT_RELATED_PRODUCT_CATEGORY('part',$,(#908));
#1105 = SHAPE_DEFINITION_REPRESENTATION(#1106,#1112);
#1106 = PRODUCT_DEFINITION_SHAPE('','',#1107);
#1107 = PRODUCT_DEFINITION('design','',#1108,#1111);
#1108 = PRODUCT_DEFINITION_FORMATION('','',#1109);
#1109 = PRODUCT('Open CASCADE STEP translator 7.8 15.3',
  'Open CASCADE STEP translator 7.8 15.3','',(#1110));
#1110 = PRODUCT_CONTEXT('',#2,'mechanical');
#1111 = PRODUCT_DEFINITION_CONTEXT('part definition',#2,'design');
#1112 = ADVANCED_BREP_SHAPE_REPRESENTATION('',(#11,#1113),#1272);
#1113 = MANIFOLD_SOLID_BREP('',#1114);
#1114 = CLOSED_SHELL('',(#1115,#1188,#1254,#1258,#1262,#1254,#1258));
#1115 = ADVANCED_FACE('',(#1116),#1129,.F.);
#1116 = FACE_BOUND('',#1117,.F.);
#1117 = EDGE_LOOP('',(#1118,#1156));
#1118 = ORIENTED_EDGE('',*,*,#1119,.F.);
#1119 = EDGE_CURVE('',#1120,#1120,#1122,.T.);
#1120 = VERTEX_POINT('',#1121);
#1121 = CARTESIAN_POINT('',(1.338928967698E-14,0.,98.5));
#1122 = SURFACE_CURVE('',#1123,(#1128,#1144),.PCURVE_S1.);
#1123 = CIRCLE('',#1124,30.15);
#1124 = AXIS2_PLACEMENT_3D('',#1125,#1126,#1127);
#1125 = CARTESIAN_POINT('',(1.004196725773E-14,0.,128.65));
#1126 = DIRECTION('',(1.,-0.,1.110223024625E-16));
#1127 = DIRECTION('',(1.110223024625E-16,0.,-1.));
#1128 = PCURVE('',#1129,#1138);
#1129 = SURFACE_OF_REVOLUTION('',#1130,#1135);
#1130 = CIRCLE('',#1131,30.15);
#1131 = AXIS2_PLACEMENT_3D('',#1132,#1133,#1134);
#1132 = CARTESIAN_POINT('',(1.004196725773E-14,0.,128.65));
#1133 = DIRECTION('',(1.,-0.,1.110223024625E-16));
#1134 = DIRECTION('',(1.110223024625E-16,0.,-1.));
#1135 = AXIS1_PLACEMENT('',#1136,#1137);
#1136 = CARTESIAN_POINT('',(1.004196725773E-14,0.,128.65));
#1137 = DIRECTION('',(1.,0.,1.110223024625E-16));
#1138 = DEFINITIONAL_REPRESENTATION('',(#1139),#1143);
#1139 = LINE('',#1140,#1141);
#1140 = CARTESIAN_POINT('',(0.,0.));
#1141 = VECTOR('',#1142,1.);
#1142 = DIRECTION('',(0.,1.));
#1143 = ( GEOMETRIC_REPRESENTATION_CONTEXT(2) 
PARAMETRIC_REPRESENTATION_CONTEXT() REPRESENTATION_CONTEXT('2D SPACE',''
  ) );
#1144 = PCURVE('',#1145,#1150);
#1145 = PLANE('',#1146);
#1146 = AXIS2_PLACEMENT_3D('',#1147,#1148,#1149);
#1147 = CARTESIAN_POINT('',(1.004196725773E-14,1.671922122164E-15,128.65
    ));
#1148 = DIRECTION('',(1.,0.,1.110223024625E-16));
#1149 = DIRECTION('',(1.110223024625E-16,0.,-1.));
#1150 = DEFINITIONAL_REPRESENTATION('',(#1151),#1155);
#1151 = CIRCLE('',#1152,30.15);
#1152 = AXIS2_PLACEMENT_2D('',#1153,#1154);
#1153 = CARTESIAN_POINT('',(0.,-1.671922122164E-15));
#1154 = DIRECTION('',(1.,0.));
#1155 = ( GEOMETRIC_REPRESENTATION_CONTEXT(2) 
PARAMETRIC_REPRESENTATION_CONTEXT() REPRESENTATION_CONTEXT('2D SPACE',''
  ) );
#1156 = ORIENTED_EDGE('',*,*,#1157,.F.);
#1157 = EDGE_CURVE('',#1158,#1120,#1160,.T.);
#1158 = VERTEX_POINT('',#1159);
#1159 = CARTESIAN_POINT('',(1.004196725773E-14,30.15,128.65));
#1160 = SURFACE_CURVE('',#1161,(#1166,#1172),.PCURVE_S1.);
#1161 = CIRCLE('',#1162,30.15);
#1162 = AXIS2_PLACEMENT_3D('',#1163,#1164,#1165);
#1163 = CARTESIAN_POINT('',(1.004196725773E-14,0.,128.65));
#1164 = DIRECTION('',(-1.,0.,-1.110223024625E-16));
#1165 = DIRECTION('',(0.,1.,0.));
#1166 = PCURVE('',#1129,#1167);
#1167 = DEFINITIONAL_REPRESENTATION('',(#1168),#1171);
#1168 = B_SPLINE_CURVE_WITH_KNOTS('',1,(#1169,#1170),.UNSPECIFIED.,.F.,
  .F.,(2,2),(0.,1.570796326795),.PIECEWISE_BEZIER_KNOTS.);
#1169 = CARTESIAN_POINT('',(0.785398164627,0.785398162167));
#1170 = CARTESIAN_POINT('',(1.657856581442E-09,-1.657856962822E-09));
#1171 = ( GEOMETRIC_REPRESENTATION_CONTEXT(2) 
PARAMETRIC_REPRESENTATION_CONTEXT() REPRESENTATION_CONTEXT('2D SPACE',''
  ) );
#1172 = PCURVE('',#1173,#1178);
#1173 = PLANE('',#1174);
#1174 = AXIS2_PLACEMENT_3D('',#1175,#1176,#1177);
#1175 = CARTESIAN_POINT('',(1.004196725773E-14,0.,128.65));
#1176 = DIRECTION('',(1.,0.,1.110223024625E-16));
#1177 = DIRECTION('',(1.232595164408E-32,1.,-1.110223024625E-16));
#1178 = DEFINITIONAL_REPRESENTATION('',(#1179),#1187);
#1179 = ( BOUNDED_CURVE() B_SPLINE_CURVE(2,(#1180,#1181,#1182,#1183,
#1184,#1185,#1186),.UNSPECIFIED.,.T.,.F.) B_SPLINE_CURVE_WITH_KNOTS((1,2
    ,2,2,2,1),(-2.094395102393,0.,2.094395102393,4.188790204786,
6.28318530718,8.377580409573),.UNSPECIFIED.) CURVE() 
GEOMETRIC_REPRESENTATION_ITEM() RATIONAL_B_SPLINE_CURVE((1.,0.5,1.,0.5,
1.,0.5,1.)) REPRESENTATION_ITEM('') );
#1180 = CARTESIAN_POINT('',(30.15,3.347322419245E-15));
#1181 = CARTESIAN_POINT('',(30.15,-52.2213318482));
#1182 = CARTESIAN_POINT('',(-15.075,-26.1106659241));
#1183 = CARTESIAN_POINT('',(-60.3,-1.407926503735E-14));
#1184 = CARTESIAN_POINT('',(-15.075,26.110665924101));
#1185 = CARTESIAN_POINT('',(30.15,52.221331848202));
#1186 = CARTESIAN_POINT('',(30.15,3.347322419245E-15));
#1187 = ( GEOMETRIC_REPRESENTATION_CONTEXT(2) 
PARAMETRIC_REPRESENTATION_CONTEXT() REPRESENTATION_CONTEXT('2D SPACE',''
  ) );
#1188 = ADVANCED_FACE('',(#1189,#1192,#1223),#1145,.F.);
#1189 = FACE_BOUND('',#1190,.F.);
#1190 = EDGE_LOOP('',(#1191));
#1191 = ORIENTED_EDGE('',*,*,#1119,.T.);
#1192 = FACE_BOUND('',#1193,.F.);
#1193 = EDGE_LOOP('',(#1194));
#1194 = ORIENTED_EDGE('',*,*,#1195,.F.);
#1195 = EDGE_CURVE('',#1196,#1196,#1198,.T.);
#1196 = VERTEX_POINT('',#1197);
#1197 = CARTESIAN_POINT('',(1.295519247435E-14,0.,102.41));
#1198 = SURFACE_CURVE('',#1199,(#1204,#1211),.PCURVE_S1.);
#1199 = CIRCLE('',#1200,26.24);
#1200 = AXIS2_PLACEMENT_3D('',#1201,#1202,#1203);
#1201 = CARTESIAN_POINT('',(1.004196725773E-14,0.,128.65));
#1202 = DIRECTION('',(1.,-0.,1.110223024625E-16));
#1203 = DIRECTION('',(1.110223024625E-16,0.,-1.));
#1204 = PCURVE('',#1145,#1205);
#1205 = DEFINITIONAL_REPRESENTATION('',(#1206),#1210);
#1206 = CIRCLE('',#1207,26.24);
#1207 = AXIS2_PLACEMENT_2D('',#1208,#1209);
#1208 = CARTESIAN_POINT('',(0.,-1.671922122164E-15));
#1209 = DIRECTION('',(1.,0.));
#1210 = ( GEOMETRIC_REPRESENTATION_CONTEXT(2) 
PARAMETRIC_REPRESENTATION_CONTEXT() REPRESENTATION_CONTEXT('2D SPACE',''
  ) );
#1211 = PCURVE('',#1212,#1217);
#1212 = PLANE('',#1213);
#1213 = AXIS2_PLACEMENT_3D('',#1214,#1215,#1216);
#1214 = CARTESIAN_POINT('',(1.004196725773E-14,5.964521840768E-16,128.65
    ));
#1215 = DIRECTION('',(1.,0.,1.110223024625E-16));
#1216 = DIRECTION('',(1.110223024625E-16,0.,-1.));
#1217 = DEFINITIONAL_REPRESENTATION('',(#1218),#1222);
#1218 = CIRCLE('',#1219,26.24);
#1219 = AXIS2_PLACEMENT_2D('',#1220,#1221);
#1220 = CARTESIAN_POINT('',(0.,-5.964521840768E-16));
#1221 = DIRECTION('',(1.,0.));
#1222 = ( GEOMETRIC_REPRESENTATION_CONTEXT(2) 
PARAMETRIC_REPRESENTATION_CONTEXT() REPRESENTATION_CONTEXT('2D SPACE',''
  ) );
#1223 = FACE_BOUND('',#1224,.F.);
#1224 = EDGE_LOOP('',(#1225));
#1225 = ORIENTED_EDGE('',*,*,#1226,.F.);
#1226 = EDGE_CURVE('',#1227,#1227,#1229,.T.);
#1227 = VERTEX_POINT('',#1228);
#1228 = CARTESIAN_POINT('',(1.004196725773E-14,26.24,128.65));
#1229 = SURFACE_CURVE('',#1230,(#1235,#1242),.PCURVE_S1.);
#1230 = CIRCLE('',#1231,26.24);
#1231 = AXIS2_PLACEMENT_3D('',#1232,#1233,#1234);
#1232 = CARTESIAN_POINT('',(1.004196725773E-14,0.,128.65));
#1233 = DIRECTION('',(1.,0.,1.110223024625E-16));
#1234 = DIRECTION('',(1.232595164408E-32,1.,-1.110223024625E-16));
#1235 = PCURVE('',#1145,#1236);
#1236 = DEFINITIONAL_REPRESENTATION('',(#1237),#1241);
#1237 = CIRCLE('',#1238,26.24);
#1238 = AXIS2_PLACEMENT_2D('',#1239,#1240);
#1239 = CARTESIAN_POINT('',(0.,-1.671922122164E-15));
#1240 = DIRECTION('',(1.110223024625E-16,1.));
#1241 = ( GEOMETRIC_REPRESENTATION_CONTEXT(2) 
PARAMETRIC_REPRESENTATION_CONTEXT() REPRESENTATION_CONTEXT('2D SPACE',''
  ) );
#1242 = PCURVE('',#1243,#1248);
#1243 = PLANE('',#1244);
#1244 = AXIS2_PLACEMENT_3D('',#1245,#1246,#1247);
#1245 = CARTESIAN_POINT('',(1.004196725773E-14,0.,128.65));
#1246 = DIRECTION('',(1.,0.,1.110223024625E-16));
#1247 = DIRECTION('',(1.232595164408E-32,1.,-1.110223024625E-16));
#1248 = DEFINITIONAL_REPRESENTATION('',(#1249),#1253);
#1249 = CIRCLE('',#1250,26.24);
#1250 = AXIS2_PLACEMENT_2D('',#1251,#1252);
#1251 = CARTESIAN_POINT('',(0.,0.));
#1252 = DIRECTION('',(1.,0.));
#1253 = ( GEOMETRIC_REPRESENTATION_CONTEXT(2) 
PARAMETRIC_REPRESENTATION_CONTEXT() REPRESENTATION_CONTEXT('2D SPACE',''
  ) );
#1254 = ADVANCED_FACE('',(#1255),#1243,.F.);
#1255 = FACE_BOUND('',#1256,.F.);
#1256 = EDGE_LOOP('',(#1257));
#1257 = ORIENTED_EDGE('',*,*,#1226,.T.);
#1258 = ADVANCED_FACE('',(#1259),#1212,.F.);
#1259 = FACE_BOUND('',#1260,.F.);
#1260 = EDGE_LOOP('',(#1261));
#1261 = ORIENTED_EDGE('',*,*,#1195,.T.);
#1262 = ADVANCED_FACE('',(#1263,#1266,#1269),#1173,.T.);
#1263 = FACE_BOUND('',#1264,.T.);
#1264 = EDGE_LOOP('',(#1265));
#1265 = ORIENTED_EDGE('',*,*,#1157,.F.);
#1266 = FACE_BOUND('',#1267,.T.);
#1267 = EDGE_LOOP('',(#1268));
#1268 = ORIENTED_EDGE('',*,*,#1195,.F.);
#1269 = FACE_BOUND('',#1270,.T.);
#1270 = EDGE_LOOP('',(#1271));
#1271 = ORIENTED_EDGE('',*,*,#1226,.F.);
#1272 = ( GEOMETRIC_REPRESENTATION_CONTEXT(3) 
GLOBAL_UNCERTAINTY_ASSIGNED_CONTEXT((#1276)) 
GLOBAL_UNIT_ASSIGNED_CONTEXT((#1273,#1274,#1275)) REPRESENTATION_CONTEXT
('Context #1','3D Context with UNIT and UNCERTAINTY') );
#1273 = ( LENGTH_UNIT() NAMED_UNIT(*) SI_UNIT(.MILLI.,.METRE.) );
#1274 = ( NAMED_UNIT(*) PLANE_ANGLE_UNIT() SI_UNIT($,.RADIAN.) );
#1275 = ( NAMED_UNIT(*) SI_UNIT($,.STERADIAN.) SOLID_ANGLE_UNIT() );
#1276 = UNCERTAINTY_MEASURE_WITH_UNIT(LENGTH_MEASURE(1.E-07),#1273,
  'distance_accuracy_value','confusion accuracy');
#1277 = CONTEXT_DEPENDENT_SHAPE_REPRESENTATION(#1278,#1280);
#1278 = ( REPRESENTATION_RELATIONSHIP('','',#1112,#10) 
REPRESENTATION_RELATIONSHIP_WITH_TRANSFORMATION(#1279) 
SHAPE_REPRESENTATION_RELATIONSHIP() );
#1279 = ITEM_DEFINED_TRANSFORMATION('','',#11,#23);
#1280 = PRODUCT_DEFINITION_SHAPE('Placement','Placement of an item',
  #1281);
#1281 = NEXT_ASSEMBLY_USAGE_OCCURRENCE('15','','',#5,#1107,$);
#1282 = PRODUCT_RELATED_PRODUCT_CATEGORY('part',$,(#1109));
#1283 = SHAPE_DEFINITION_REPRESENTATION(#1284,#1290);
#1284 = PRODUCT_DEFINITION_SHAPE('','',#1285);
#1285 = PRODUCT_DEFINITION('design','',#1286,#1289);
#1286 = PRODUCT_DEFINITION_FORMATION('','',#1287);
#1287 = PRODUCT('Open CASCADE STEP translator 7.8 15.4',
  'Open CASCADE STEP translator 7.8 15.4','',(#1288));
#1288 = PRODUCT_CONTEXT('',#2,'mechanical');
#1289 = PRODUCT_DEFINITION_CONTEXT('part definition',#2,'design');
#1290 = ADVANCED_BREP_SHAPE_REPRESENTATION('',(#11,#1291),#1473);
#1291 = MANIFOLD_SOLID_BREP('',#1292);
#1292 = CLOSED_SHELL('',(#1293,#1381,#1459,#1466));
#1293 = ADVANCED_FACE('',(#1294),#1308,.T.);
#1294 = FACE_BOUND('',#1295,.F.);
#1295 = EDGE_LOOP('',(#1296,#1326,#1353,#1354));
#1296 = ORIENTED_EDGE('',*,*,#1297,.T.);
#1297 = EDGE_CURVE('',#1298,#1300,#1302,.T.);
#1298 = VERTEX_POINT('',#1299);
#1299 = CARTESIAN_POINT('',(93.45,0.,279.4));
#1300 = VERTEX_POINT('',#1301);
#1301 = CARTESIAN_POINT('',(314.4,0.,279.4));
#1302 = SEAM_CURVE('',#1303,(#1307,#1319),.PCURVE_S1.);
#1303 = LINE('',#1304,#1305);
#1304 = CARTESIAN_POINT('',(93.45,0.,279.4));
#1305 = VECTOR('',#1306,1.);
#1306 = DIRECTION('',(1.,0.,1.110223024625E-16));
#1307 = PCURVE('',#1308,#1313);
#1308 = CYLINDRICAL_SURFACE('',#1309,30.15);
#1309 = AXIS2_PLACEMENT_3D('',#1310,#1311,#1312);
#1310 = CARTESIAN_POINT('',(93.45,0.,309.55));
#1311 = DIRECTION('',(-1.,-0.,-1.110223024625E-16));
#1312 = DIRECTION('',(1.110223024625E-16,0.,-1.));
#1313 = DEFINITIONAL_REPRESENTATION('',(#1314),#1318);
#1314 = LINE('',#1315,#1316);
#1315 = CARTESIAN_POINT('',(-0.,0.));
#1316 = VECTOR('',#1317,1.);
#1317 = DIRECTION('',(-0.,-1.));
#1318 = ( GEOMETRIC_REPRESENTATION_CONTEXT(2) 
PARAMETRIC_REPRESENTATION_CONTEXT() REPRESENTATION_CONTEXT('2D SPACE',''
  ) );
#1319 = PCURVE('',#1308,#1320);
#1320 = DEFINITIONAL_REPRESENTATION('',(#1321),#1325);
#1321 = LINE('',#1322,#1323);
#1322 = CARTESIAN_POINT('',(-6.28318530718,0.));
#1323 = VECTOR('',#1324,1.);
#1324 = DIRECTION('',(-0.,-1.));
#1325 = ( GEOMETRIC_REPRESENTATION_CONTEXT(2) 
PARAMETRIC_REPRESENTATION_CONTEXT() REPRESENTATION_CONTEXT('2D SPACE',''
  ) );
#1326 = ORIENTED_EDGE('',*,*,#1327,.T.);
#1327 = EDGE_CURVE('',#1300,#1300,#1328,.T.);
#1328 = SURFACE_CURVE('',#1329,(#1334,#1341),.PCURVE_S1.);
#1329 = CIRCLE('',#1330,30.15);
#1330 = AXIS2_PLACEMENT_3D('',#1331,#1332,#1333);
#1331 = CARTESIAN_POINT('',(314.4,0.,309.55));
#1332 = DIRECTION('',(1.,-0.,1.110223024625E-16));
#1333 = DIRECTION('',(1.110223024625E-16,0.,-1.));
#1334 = PCURVE('',#1308,#1335);
#1335 = DEFINITIONAL_REPRESENTATION('',(#1336),#1340);
#1336 = LINE('',#1337,#1338);
#1337 = CARTESIAN_POINT('',(-0.,-220.95));
#1338 = VECTOR('',#1339,1.);
#1339 = DIRECTION('',(-1.,0.));
#1340 = ( GEOMETRIC_REPRESENTATION_CONTEXT(2) 
PARAMETRIC_REPRESENTATION_CONTEXT() REPRESENTATION_CONTEXT('2D SPACE',''
  ) );
#1341 = PCURVE('',#1342,#1347);
#1342 = PLANE('',#1343);
#1343 = AXIS2_PLACEMENT_3D('',#1344,#1345,#1346);
#1344 = CARTESIAN_POINT('',(314.4,3.123268199818E-15,309.55));
#1345 = DIRECTION('',(1.,0.,1.110223024625E-16));
#1346 = DIRECTION('',(1.110223024625E-16,0.,-1.));
#1347 = DEFINITIONAL_REPRESENTATION('',(#1348),#1352);
#1348 = CIRCLE('',#1349,30.15);
#1349 = AXIS2_PLACEMENT_2D('',#1350,#1351);
#1350 = CARTESIAN_POINT('',(0.,-3.123268199818E-15));
#1351 = DIRECTION('',(1.,0.));
#1352 = ( GEOMETRIC_REPRESENTATION_CONTEXT(2) 
PARAMETRIC_REPRESENTATION_CONTEXT() REPRESENTATION_CONTEXT('2D SPACE',''
  ) );
#1353 = ORIENTED_EDGE('',*,*,#1297,.F.);
#1354 = ORIENTED_EDGE('',*,*,#1355,.F.);
#1355 = EDGE_CURVE('',#1298,#1298,#1356,.T.);
#1356 = SURFACE_CURVE('',#1357,(#1362,#1369),.PCURVE_S1.);
#1357 = CIRCLE('',#1358,30.15);
#1358 = AXIS2_PLACEMENT_3D('',#1359,#1360,#1361);
#1359 = CARTESIAN_POINT('',(93.45,0.,309.55));
#1360 = DIRECTION('',(1.,-0.,1.110223024625E-16));
#1361 = DIRECTION('',(1.110223024625E-16,0.,-1.));
#1362 = PCURVE('',#1308,#1363);
#1363 = DEFINITIONAL_REPRESENTATION('',(#1364),#1368);
#1364 = LINE('',#1365,#1366);
#1365 = CARTESIAN_POINT('',(-0.,0.));
#1366 = VECTOR('',#1367,1.);
#1367 = DIRECTION('',(-1.,0.));
#1368 = ( GEOMETRIC_REPRESENTATION_CONTEXT(2) 
PARAMETRIC_REPRESENTATION_CONTEXT() REPRESENTATION_CONTEXT('2D SPACE',''
  ) );
#1369 = PCURVE('',#1370,#1375);
#1370 = PLANE('',#1371);
#1371 = AXIS2_PLACEMENT_3D('',#1372,#1373,#1374);
#1372 = CARTESIAN_POINT('',(93.45,3.123268199818E-15,309.55));
#1373 = DIRECTION('',(1.,0.,1.110223024625E-16));
#1374 = DIRECTION('',(1.110223024625E-16,0.,-1.));
#1375 = DEFINITIONAL_REPRESENTATION('',(#1376),#1380);
#1376 = CIRCLE('',#1377,30.15);
#1377 = AXIS2_PLACEMENT_2D('',#1378,#1379);
#1378 = CARTESIAN_POINT('',(0.,-3.123268199818E-15));
#1379 = DIRECTION('',(1.,0.));
#1380 = ( GEOMETRIC_REPRESENTATION_CONTEXT(2) 
PARAMETRIC_REPRESENTATION_CONTEXT() REPRESENTATION_CONTEXT('2D SPACE',''
  ) );
#1381 = ADVANCED_FACE('',(#1382),#1396,.F.);
#1382 = FACE_BOUND('',#1383,.T.);
#1383 = EDGE_LOOP('',(#1384,#1414,#1436,#1437));
#1384 = ORIENTED_EDGE('',*,*,#1385,.T.);
#1385 = EDGE_CURVE('',#1386,#1388,#1390,.T.);
#1386 = VERTEX_POINT('',#1387);
#1387 = CARTESIAN_POINT('',(93.45,9.426769296983E-16,283.31));
#1388 = VERTEX_POINT('',#1389);
#1389 = CARTESIAN_POINT('',(314.4,9.426769296983E-16,283.31));
#1390 = SEAM_CURVE('',#1391,(#1395,#1407),.PCURVE_S1.);
#1391 = LINE('',#1392,#1393);
#1392 = CARTESIAN_POINT('',(93.45,9.426769296983E-16,283.31));
#1393 = VECTOR('',#1394,1.);
#1394 = DIRECTION('',(1.,0.,1.110223024625E-16));
#1395 = PCURVE('',#1396,#1401);
#1396 = CYLINDRICAL_SURFACE('',#1397,26.24);
#1397 = AXIS2_PLACEMENT_3D('',#1398,#1399,#1400);
#1398 = CARTESIAN_POINT('',(93.45,9.426769296983E-16,309.55));
#1399 = DIRECTION('',(-1.,-0.,-1.110223024625E-16));
#1400 = DIRECTION('',(1.110223024625E-16,0.,-1.));
#1401 = DEFINITIONAL_REPRESENTATION('',(#1402),#1406);
#1402 = LINE('',#1403,#1404);
#1403 = CARTESIAN_POINT('',(-0.,0.));
#1404 = VECTOR('',#1405,1.);
#1405 = DIRECTION('',(-0.,-1.));
#1406 = ( GEOMETRIC_REPRESENTATION_CONTEXT(2) 
PARAMETRIC_REPRESENTATION_CONTEXT() REPRESENTATION_CONTEXT('2D SPACE',''
  ) );
#1407 = PCURVE('',#1396,#1408);
#1408 = DEFINITIONAL_REPRESENTATION('',(#1409),#1413);
#1409 = LINE('',#1410,#1411);
#1410 = CARTESIAN_POINT('',(-6.28318530718,0.));
#1411 = VECTOR('',#1412,1.);
#1412 = DIRECTION('',(-0.,-1.));
#1413 = ( GEOMETRIC_REPRESENTATION_CONTEXT(2) 
PARAMETRIC_REPRESENTATION_CONTEXT() REPRESENTATION_CONTEXT('2D SPACE',''
  ) );
#1414 = ORIENTED_EDGE('',*,*,#1415,.T.);
#1415 = EDGE_CURVE('',#1388,#1388,#1416,.T.);
#1416 = SURFACE_CURVE('',#1417,(#1422,#1429),.PCURVE_S1.);
#1417 = CIRCLE('',#1418,26.24);
#1418 = AXIS2_PLACEMENT_3D('',#1419,#1420,#1421);
#1419 = CARTESIAN_POINT('',(314.4,9.426769296983E-16,309.55));
#1420 = DIRECTION('',(1.,-0.,1.110223024625E-16));
#1421 = DIRECTION('',(1.110223024625E-16,0.,-1.));
#1422 = PCURVE('',#1396,#1423);
#1423 = DEFINITIONAL_REPRESENTATION('',(#1424),#1428);
#1424 = LINE('',#1425,#1426);
#1425 = CARTESIAN_POINT('',(-0.,-220.95));
#1426 = VECTOR('',#1427,1.);
#1427 = DIRECTION('',(-1.,0.));
#1428 = ( GEOMETRIC_REPRESENTATION_CONTEXT(2) 
PARAMETRIC_REPRESENTATION_CONTEXT() REPRESENTATION_CONTEXT('2D SPACE',''
  ) );
#1429 = PCURVE('',#1342,#1430);
#1430 = DEFINITIONAL_REPRESENTATION('',(#1431),#1435);
#1431 = CIRCLE('',#1432,26.24);
#1432 = AXIS2_PLACEMENT_2D('',#1433,#1434);
#1433 = CARTESIAN_POINT('',(1.136868377216E-13,-2.18059127012E-15));
#1434 = DIRECTION('',(1.,0.));
#1435 = ( GEOMETRIC_REPRESENTATION_CONTEXT(2) 
PARAMETRIC_REPRESENTATION_CONTEXT() REPRESENTATION_CONTEXT('2D SPACE',''
  ) );
#1436 = ORIENTED_EDGE('',*,*,#1385,.F.);
#1437 = ORIENTED_EDGE('',*,*,#1438,.F.);
#1438 = EDGE_CURVE('',#1386,#1386,#1439,.T.);
#1439 = SURFACE_CURVE('',#1440,(#1445,#1452),.PCURVE_S1.);
#1440 = CIRCLE('',#1441,26.24);
#1441 = AXIS2_PLACEMENT_3D('',#1442,#1443,#1444);
#1442 = CARTESIAN_POINT('',(93.45,9.426769296983E-16,309.55));
#1443 = DIRECTION('',(1.,-0.,1.110223024625E-16));
#1444 = DIRECTION('',(1.110223024625E-16,0.,-1.));
#1445 = PCURVE('',#1396,#1446);
#1446 = DEFINITIONAL_REPRESENTATION('',(#1447),#1451);
#1447 = LINE('',#1448,#1449);
#1448 = CARTESIAN_POINT('',(-0.,0.));
#1449 = VECTOR('',#1450,1.);
#1450 = DIRECTION('',(-1.,0.));
#1451 = ( GEOMETRIC_REPRESENTATION_CONTEXT(2) 
PARAMETRIC_REPRESENTATION_CONTEXT() REPRESENTATION_CONTEXT('2D SPACE',''
  ) );
#1452 = PCURVE('',#1370,#1453);
#1453 = DEFINITIONAL_REPRESENTATION('',(#1454),#1458);
#1454 = CIRCLE('',#1455,26.24);
#1455 = AXIS2_PLACEMENT_2D('',#1456,#1457);
#1456 = CARTESIAN_POINT('',(1.705302565824E-13,-2.18059127012E-15));
#1457 = DIRECTION('',(1.,0.));
#1458 = ( GEOMETRIC_REPRESENTATION_CONTEXT(2) 
PARAMETRIC_REPRESENTATION_CONTEXT() REPRESENTATION_CONTEXT('2D SPACE',''
  ) );
#1459 = ADVANCED_FACE('',(#1460,#1463),#1370,.F.);
#1460 = FACE_BOUND('',#1461,.F.);
#1461 = EDGE_LOOP('',(#1462));
#1462 = ORIENTED_EDGE('',*,*,#1355,.T.);
#1463 = FACE_BOUND('',#1464,.F.);
#1464 = EDGE_LOOP('',(#1465));
#1465 = ORIENTED_EDGE('',*,*,#1438,.F.);
#1466 = ADVANCED_FACE('',(#1467,#1470),#1342,.T.);
#1467 = FACE_BOUND('',#1468,.T.);
#1468 = EDGE_LOOP('',(#1469));
#1469 = ORIENTED_EDGE('',*,*,#1327,.T.);
#1470 = FACE_BOUND('',#1471,.T.);
#1471 = EDGE_LOOP('',(#1472));
#1472 = ORIENTED_EDGE('',*,*,#1415,.F.);
#1473 = ( GEOMETRIC_REPRESENTATION_CONTEXT(3) 
GLOBAL_UNCERTAINTY_ASSIGNED_CONTEXT((#1477)) 
GLOBAL_UNIT_ASSIGNED_CONTEXT((#1474,#1475,#1476)) REPRESENTATION_CONTEXT
('Context #1','3D Context with UNIT and UNCERTAINTY') );
#1474 = ( LENGTH_UNIT() NAMED_UNIT(*) SI_UNIT(.MILLI.,.METRE.) );
#1475 = ( NAMED_UNIT(*) PLANE_ANGLE_UNIT() SI_UNIT($,.RADIAN.) );
#1476 = ( NAMED_UNIT(*) SI_UNIT($,.STERADIAN.) SOLID_ANGLE_UNIT() );
#1477 = UNCERTAINTY_MEASURE_WITH_UNIT(LENGTH_MEASURE(1.E-07),#1474,
  'distance_accuracy_value','confusion accuracy');
#1478 = CONTEXT_DEPENDENT_SHAPE_REPRESENTATION(#1479,#1481);
#1479 = ( REPRESENTATION_RELATIONSHIP('','',#1290,#10) 
REPRESENTATION_RELATIONSHIP_WITH_TRANSFORMATION(#1480) 
SHAPE_REPRESENTATION_RELATIONSHIP() );
#1480 = ITEM_DEFINED_TRANSFORMATION('','',#11,#27);
#1481 = PRODUCT_DEFINITION_SHAPE('Placement','Placement of an item',
  #1482);
#1482 = NEXT_ASSEMBLY_USAGE_OCCURRENCE('16','','',#5,#1285,$);
#1483 = PRODUCT_RELATED_PRODUCT_CATEGORY('part',$,(#1287));
#1484 = SHAPE_DEFINITION_REPRESENTATION(#1485,#1491);
#1485 = PRODUCT_DEFINITION_SHAPE('','',#1486);
#1486 = PRODUCT_DEFINITION('design','',#1487,#1490);
#1487 = PRODUCT_DEFINITION_FORMATION('','',#1488);
#1488 = PRODUCT('Open CASCADE STEP translator 7.8 15.5',
  'Open CASCADE STEP translator 7.8 15.5','',(#1489));
#1489 = PRODUCT_CONTEXT('',#2,'mechanical');
#1490 = PRODUCT_DEFINITION_CONTEXT('part definition',#2,'design');
#1491 = ADVANCED_BREP_SHAPE_REPRESENTATION('',(#11,#1492),#2336);
#1492 = MANIFOLD_SOLID_BREP('',#1493);
#1493 = CLOSED_SHELL('',(#1494,#1582,#1757,#1912,#1939,#1966,#2021,#2048
    ,#2075,#2130,#2185,#2224,#2279,#2329));
#1494 = ADVANCED_FACE('',(#1495),#1509,.T.);
#1495 = FACE_BOUND('',#1496,.F.);
#1496 = EDGE_LOOP('',(#1497,#1527,#1554,#1555));
#1497 = ORIENTED_EDGE('',*,*,#1498,.T.);
#1498 = EDGE_CURVE('',#1499,#1501,#1503,.T.);
#1499 = VERTEX_POINT('',#1500);
#1500 = CARTESIAN_POINT('',(317.4,0.,233.35));
#1501 = VERTEX_POINT('',#1502);
#1502 = CARTESIAN_POINT('',(336.5,0.,233.35));
#1503 = SEAM_CURVE('',#1504,(#1508,#1520),.PCURVE_S1.);
#1504 = LINE('',#1505,#1506);
#1505 = CARTESIAN_POINT('',(317.4,0.,233.35));
#1506 = VECTOR('',#1507,1.);
#1507 = DIRECTION('',(1.,0.,1.110223024625E-16));
#1508 = PCURVE('',#1509,#1514);
#1509 = CYLINDRICAL_SURFACE('',#1510,76.2);
#1510 = AXIS2_PLACEMENT_3D('',#1511,#1512,#1513);
#1511 = CARTESIAN_POINT('',(317.4,0.,309.55));
#1512 = DIRECTION('',(-1.,-0.,-1.110223024625E-16));
#1513 = DIRECTION('',(1.110223024625E-16,0.,-1.));
#1514 = DEFINITIONAL_REPRESENTATION('',(#1515),#1519);
#1515 = LINE('',#1516,#1517);
#1516 = CARTESIAN_POINT('',(-0.,0.));
#1517 = VECTOR('',#1518,1.);
#1518 = DIRECTION('',(-0.,-1.));
#1519 = ( GEOMETRIC_REPRESENTATION_CONTEXT(2) 
PARAMETRIC_REPRESENTATION_CONTEXT() REPRESENTATION_CONTEXT('2D SPACE',''
  ) );
#1520 = PCURVE('',#1509,#1521);
#1521 = DEFINITIONAL_REPRESENTATION('',(#1522),#1526);
#1522 = LINE('',#1523,#1524);
#1523 = CARTESIAN_POINT('',(-6.28318530718,0.));
#1524 = VECTOR('',#1525,1.);
#1525 = DIRECTION('',(-0.,-1.));
#1526 = ( GEOMETRIC_REPRESENTATION_CONTEXT(2) 
PARAMETRIC_REPRESENTATION_CONTEXT() REPRESENTATION_CONTEXT('2D SPACE',''
  ) );
#1527 = ORIENTED_EDGE('',*,*,#1528,.T.);
#1528 = EDGE_CURVE('',#1501,#1501,#1529,.T.);
#1529 = SURFACE_CURVE('',#1530,(#1535,#1542),.PCURVE_S1.);
#1530 = CIRCLE('',#1531,76.2);
#1531 = AXIS2_PLACEMENT_3D('',#1532,#1533,#1534);
#1532 = CARTESIAN_POINT('',(336.5,0.,309.55));
#1533 = DIRECTION('',(1.,-0.,1.110223024625E-16));
#1534 = DIRECTION('',(1.110223024625E-16,0.,-1.));
#1535 = PCURVE('',#1509,#1536);
#1536 = DEFINITIONAL_REPRESENTATION('',(#1537),#1541);
#1537 = LINE('',#1538,#1539);
#1538 = CARTESIAN_POINT('',(-0.,-19.1));
#1539 = VECTOR('',#1540,1.);
#1540 = DIRECTION('',(-1.,0.));
#1541 = ( GEOMETRIC_REPRESENTATION_CONTEXT(2) 
PARAMETRIC_REPRESENTATION_CONTEXT() REPRESENTATION_CONTEXT('2D SPACE',''
  ) );
#1542 = PCURVE('',#1543,#1548);
#1543 = PLANE('',#1544);
#1544 = AXIS2_PLACEMENT_3D('',#1545,#1546,#1547);
#1545 = CARTESIAN_POINT('',(336.5,1.067147090694E-14,309.55));
#1546 = DIRECTION('',(1.,0.,1.110223024625E-16));
#1547 = DIRECTION('',(1.110223024625E-16,0.,-1.));
#1548 = DEFINITIONAL_REPRESENTATION('',(#1549),#1553);
#1549 = CIRCLE('',#1550,76.2);
#1550 = AXIS2_PLACEMENT_2D('',#1551,#1552);
#1551 = CARTESIAN_POINT('',(0.,-1.067147090694E-14));
#1552 = DIRECTION('',(1.,0.));
#1553 = ( GEOMETRIC_REPRESENTATION_CONTEXT(2) 
PARAMETRIC_REPRESENTATION_CONTEXT() REPRESENTATION_CONTEXT('2D SPACE',''
  ) );
#1554 = ORIENTED_EDGE('',*,*,#1498,.F.);
#1555 = ORIENTED_EDGE('',*,*,#1556,.F.);
#1556 = EDGE_CURVE('',#1499,#1499,#1557,.T.);
#1557 = SURFACE_CURVE('',#1558,(#1563,#1570),.PCURVE_S1.);
#1558 = CIRCLE('',#1559,76.2);
#1559 = AXIS2_PLACEMENT_3D('',#1560,#1561,#1562);
#1560 = CARTESIAN_POINT('',(317.4,0.,309.55));
#1561 = DIRECTION('',(1.,-0.,1.110223024625E-16));
#1562 = DIRECTION('',(1.110223024625E-16,0.,-1.));
#1563 = PCURVE('',#1509,#1564);
#1564 = DEFINITIONAL_REPRESENTATION('',(#1565),#1569);
#1565 = LINE('',#1566,#1567);
#1566 = CARTESIAN_POINT('',(-0.,0.));
#1567 = VECTOR('',#1568,1.);
#1568 = DIRECTION('',(-1.,0.));
#1569 = ( GEOMETRIC_REPRESENTATION_CONTEXT(2) 
PARAMETRIC_REPRESENTATION_CONTEXT() REPRESENTATION_CONTEXT('2D SPACE',''
  ) );
#1570 = PCURVE('',#1571,#1576);
#1571 = PLANE('',#1572);
#1572 = AXIS2_PLACEMENT_3D('',#1573,#1574,#1575);
#1573 = CARTESIAN_POINT('',(317.4,1.067147090694E-14,309.55));
#1574 = DIRECTION('',(1.,0.,1.110223024625E-16));
#1575 = DIRECTION('',(1.110223024625E-16,0.,-1.));
#1576 = DEFINITIONAL_REPRESENTATION('',(#1577),#1581);
#1577 = CIRCLE('',#1578,76.2);
#1578 = AXIS2_PLACEMENT_2D('',#1579,#1580);
#1579 = CARTESIAN_POINT('',(0.,-1.067147090694E-14));
#1580 = DIRECTION('',(1.,0.));
#1581 = ( GEOMETRIC_REPRESENTATION_CONTEXT(2) 
PARAMETRIC_REPRESENTATION_CONTEXT() REPRESENTATION_CONTEXT('2D SPACE',''
  ) );
#1582 = ADVANCED_FACE('',(#1583,#1586,#1621,#1656,#1687,#1722),#1571,.F.
  );
#1583 = FACE_BOUND('',#1584,.F.);
#1584 = EDGE_LOOP('',(#1585));
#1585 = ORIENTED_EDGE('',*,*,#1556,.T.);
#1586 = FACE_BOUND('',#1587,.F.);
#1587 = EDGE_LOOP('',(#1588));
#1588 = ORIENTED_EDGE('',*,*,#1589,.T.);
#1589 = EDGE_CURVE('',#1590,#1590,#1592,.T.);
#1590 = VERTEX_POINT('',#1591);
#1591 = CARTESIAN_POINT('',(317.4,-69.85,309.55));
#1592 = SURFACE_CURVE('',#1593,(#1598,#1609),.PCURVE_S1.);
#1593 = CIRCLE('',#1594,9.55);
#1594 = AXIS2_PLACEMENT_3D('',#1595,#1596,#1597);
#1595 = CARTESIAN_POINT('',(317.4,-60.3,309.55));
#1596 = DIRECTION('',(-1.,0.,-1.110223024625E-16));
#1597 = DIRECTION('',(-2.465190328816E-32,-1.,2.22044604925E-16));
#1598 = PCURVE('',#1571,#1599);
#1599 = DEFINITIONAL_REPRESENTATION('',(#1600),#1608);
#1600 = ( BOUNDED_CURVE() B_SPLINE_CURVE(2,(#1601,#1602,#1603,#1604,
#1605,#1606,#1607),.UNSPECIFIED.,.T.,.F.) B_SPLINE_CURVE_WITH_KNOTS((1,2
    ,2,2,2,1),(-2.094395102393,0.,2.094395102393,4.188790204786,
6.28318530718,8.377580409573),.UNSPECIFIED.) CURVE() 
GEOMETRIC_REPRESENTATION_ITEM() RATIONAL_B_SPLINE_CURVE((1.,0.5,1.,0.5,
1.,0.5,1.)) REPRESENTATION_ITEM('') );
#1601 = CARTESIAN_POINT('',(-2.120525977034E-15,-69.85));
#1602 = CARTESIAN_POINT('',(-16.54108521228,-69.85));
#1603 = CARTESIAN_POINT('',(-8.270542606141,-55.525));
#1604 = CARTESIAN_POINT('',(1.901976567697E-15,-41.2));
#1605 = CARTESIAN_POINT('',(8.270542606141,-55.525));
#1606 = CARTESIAN_POINT('',(16.541085212283,-69.85));
#1607 = CARTESIAN_POINT('',(-2.120525977034E-15,-69.85));
#1608 = ( GEOMETRIC_REPRESENTATION_CONTEXT(2) 
PARAMETRIC_REPRESENTATION_CONTEXT() REPRESENTATION_CONTEXT('2D SPACE',''
  ) );
#1609 = PCURVE('',#1610,#1615);
#1610 = CYLINDRICAL_SURFACE('',#1611,9.55);
#1611 = AXIS2_PLACEMENT_3D('',#1612,#1613,#1614);
#1612 = CARTESIAN_POINT('',(316.4,-60.3,309.55));
#1613 = DIRECTION('',(-1.,-0.,-1.110223024625E-16));
#1614 = DIRECTION('',(-2.465190328816E-32,-1.,2.22044604925E-16));
#1615 = DEFINITIONAL_REPRESENTATION('',(#1616),#1620);
#1616 = LINE('',#1617,#1618);
#1617 = CARTESIAN_POINT('',(-6.28318530718,-1.));
#1618 = VECTOR('',#1619,1.);
#1619 = DIRECTION('',(1.,-0.));
#1620 = ( GEOMETRIC_REPRESENTATION_CONTEXT(2) 
PARAMETRIC_REPRESENTATION_CONTEXT() REPRESENTATION_CONTEXT('2D SPACE',''
  ) );
#1621 = FACE_BOUND('',#1622,.F.);
#1622 = EDGE_LOOP('',(#1623));
#1623 = ORIENTED_EDGE('',*,*,#1624,.T.);
#1624 = EDGE_CURVE('',#1625,#1625,#1627,.T.);
#1625 = VERTEX_POINT('',#1626);
#1626 = CARTESIAN_POINT('',(317.4,8.554157892044E-15,379.4));
#1627 = SURFACE_CURVE('',#1628,(#1633,#1644),.PCURVE_S1.);
#1628 = CIRCLE('',#1629,9.55);
#1629 = AXIS2_PLACEMENT_3D('',#1630,#1631,#1632);
#1630 = CARTESIAN_POINT('',(317.4,7.384620198859E-15,369.85));
#1631 = DIRECTION('',(-1.,0.,-1.110223024625E-16));
#1632 = DIRECTION('',(-1.110223024625E-16,1.224646799147E-16,1.));
#1633 = PCURVE('',#1571,#1634);
#1634 = DEFINITIONAL_REPRESENTATION('',(#1635),#1643);
#1635 = ( BOUNDED_CURVE() B_SPLINE_CURVE(2,(#1636,#1637,#1638,#1639,
#1640,#1641,#1642),.UNSPECIFIED.,.T.,.F.) B_SPLINE_CURVE_WITH_KNOTS((1,2
    ,2,2,2,1),(-2.094395102393,0.,2.094395102393,4.188790204786,
6.28318530718,8.377580409573),.UNSPECIFIED.) CURVE() 
GEOMETRIC_REPRESENTATION_ITEM() RATIONAL_B_SPLINE_CURVE((1.,0.5,1.,0.5,
1.,0.5,1.)) REPRESENTATION_ITEM('') );
#1636 = CARTESIAN_POINT('',(-69.85,-2.117313014897E-15));
#1637 = CARTESIAN_POINT('',(-69.85,16.541085212283));
#1638 = CARTESIAN_POINT('',(-55.525,8.270542606141));
#1639 = CARTESIAN_POINT('',(-41.2,-3.286850708082E-15));
#1640 = CARTESIAN_POINT('',(-55.525,-8.270542606141));
#1641 = CARTESIAN_POINT('',(-69.85,-16.54108521228));
#1642 = CARTESIAN_POINT('',(-69.85,-2.117313014897E-15));
#1643 = ( GEOMETRIC_REPRESENTATION_CONTEXT(2) 
PARAMETRIC_REPRESENTATION_CONTEXT() REPRESENTATION_CONTEXT('2D SPACE',''
  ) );
#1644 = PCURVE('',#1645,#1650);
#1645 = CYLINDRICAL_SURFACE('',#1646,9.55);
#1646 = AXIS2_PLACEMENT_3D('',#1647,#1648,#1649);
#1647 = CARTESIAN_POINT('',(316.4,7.384620198859E-15,369.85));
#1648 = DIRECTION('',(-1.,-0.,-1.110223024625E-16));
#1649 = DIRECTION('',(-1.110223024625E-16,1.224646799147E-16,1.));
#1650 = DEFINITIONAL_REPRESENTATION('',(#1651),#1655);
#1651 = LINE('',#1652,#1653);
#1652 = CARTESIAN_POINT('',(-6.28318530718,-1.));
#1653 = VECTOR('',#1654,1.);
#1654 = DIRECTION('',(1.,-0.));
#1655 = ( GEOMETRIC_REPRESENTATION_CONTEXT(2) 
PARAMETRIC_REPRESENTATION_CONTEXT() REPRESENTATION_CONTEXT('2D SPACE',''
  ) );
#1656 = FACE_BOUND('',#1657,.F.);
#1657 = EDGE_LOOP('',(#1658));
#1658 = ORIENTED_EDGE('',*,*,#1659,.F.);
#1659 = EDGE_CURVE('',#1660,#1660,#1662,.T.);
#1660 = VERTEX_POINT('',#1661);
#1661 = CARTESIAN_POINT('',(317.4,0.,267.5));
#1662 = SURFACE_CURVE('',#1663,(#1668,#1675),.PCURVE_S1.);
#1663 = CIRCLE('',#1664,42.05);
#1664 = AXIS2_PLACEMENT_3D('',#1665,#1666,#1667);
#1665 = CARTESIAN_POINT('',(317.4,0.,309.55));
#1666 = DIRECTION('',(1.,-0.,1.110223024625E-16));
#1667 = DIRECTION('',(1.110223024625E-16,0.,-1.));
#1668 = PCURVE('',#1571,#1669);
#1669 = DEFINITIONAL_REPRESENTATION('',(#1670),#1674);
#1670 = CIRCLE('',#1671,42.05);
#1671 = AXIS2_PLACEMENT_2D('',#1672,#1673);
#1672 = CARTESIAN_POINT('',(0.,-1.067147090694E-14));
#1673 = DIRECTION('',(1.,0.));
#1674 = ( GEOMETRIC_REPRESENTATION_CONTEXT(2) 
PARAMETRIC_REPRESENTATION_CONTEXT() REPRESENTATION_CONTEXT('2D SPACE',''
  ) );
#1675 = PCURVE('',#1676,#1681);
#1676 = CYLINDRICAL_SURFACE('',#1677,42.05);
#1677 = AXIS2_PLACEMENT_3D('',#1678,#1679,#1680);
#1678 = CARTESIAN_POINT('',(317.4,0.,309.55));
#1679 = DIRECTION('',(-1.,-0.,-1.110223024625E-16));
#1680 = DIRECTION('',(1.110223024625E-16,0.,-1.));
#1681 = DEFINITIONAL_REPRESENTATION('',(#1682),#1686);
#1682 = LINE('',#1683,#1684);
#1683 = CARTESIAN_POINT('',(-0.,0.));
#1684 = VECTOR('',#1685,1.);
#1685 = DIRECTION('',(-1.,0.));
#1686 = ( GEOMETRIC_REPRESENTATION_CONTEXT(2) 
PARAMETRIC_REPRESENTATION_CONTEXT() REPRESENTATION_CONTEXT('2D SPACE',''
  ) );
#1687 = FACE_BOUND('',#1688,.F.);
#1688 = EDGE_LOOP('',(#1689));
#1689 = ORIENTED_EDGE('',*,*,#1690,.T.);
#1690 = EDGE_CURVE('',#1691,#1691,#1693,.T.);
#1691 = VERTEX_POINT('',#1692);
#1692 = CARTESIAN_POINT('',(317.4,0.,239.7));
#1693 = SURFACE_CURVE('',#1694,(#1699,#1710),.PCURVE_S1.);
#1694 = CIRCLE('',#1695,9.55);
#1695 = AXIS2_PLACEMENT_3D('',#1696,#1697,#1698);
#1696 = CARTESIAN_POINT('',(317.4,0.,249.25));
#1697 = DIRECTION('',(-1.,-0.,-1.110223024625E-16));
#1698 = DIRECTION('',(1.110223024625E-16,0.,-1.));
#1699 = PCURVE('',#1571,#1700);
#1700 = DEFINITIONAL_REPRESENTATION('',(#1701),#1709);
#1701 = ( BOUNDED_CURVE() B_SPLINE_CURVE(2,(#1702,#1703,#1704,#1705,
#1706,#1707,#1708),.UNSPECIFIED.,.T.,.F.) B_SPLINE_CURVE_WITH_KNOTS((1,2
    ,2,2,2,1),(-2.094395102393,0.,2.094395102393,4.188790204786,
6.28318530718,8.377580409573),.UNSPECIFIED.) CURVE() 
GEOMETRIC_REPRESENTATION_ITEM() RATIONAL_B_SPLINE_CURVE((1.,0.5,1.,0.5,
1.,0.5,1.)) REPRESENTATION_ITEM('') );
#1702 = CARTESIAN_POINT('',(69.85,-1.067147090694E-14));
#1703 = CARTESIAN_POINT('',(69.85,-16.54108521228));
#1704 = CARTESIAN_POINT('',(55.525,-8.270542606141));
#1705 = CARTESIAN_POINT('',(41.2,-1.301054629331E-14));
#1706 = CARTESIAN_POINT('',(55.525,8.270542606141));
#1707 = CARTESIAN_POINT('',(69.85,16.541085212283));
#1708 = CARTESIAN_POINT('',(69.85,-1.067147090694E-14));
#1709 = ( GEOMETRIC_REPRESENTATION_CONTEXT(2) 
PARAMETRIC_REPRESENTATION_CONTEXT() REPRESENTATION_CONTEXT('2D SPACE',''
  ) );
#1710 = PCURVE('',#1711,#1716);
#1711 = CYLINDRICAL_SURFACE('',#1712,9.55);
#1712 = AXIS2_PLACEMENT_3D('',#1713,#1714,#1715);
#1713 = CARTESIAN_POINT('',(316.4,0.,249.25));
#1714 = DIRECTION('',(-1.,-0.,-1.110223024625E-16));
#1715 = DIRECTION('',(1.110223024625E-16,0.,-1.));
#1716 = DEFINITIONAL_REPRESENTATION('',(#1717),#1721);
#1717 = LINE('',#1718,#1719);
#1718 = CARTESIAN_POINT('',(-6.28318530718,-1.));
#1719 = VECTOR('',#1720,1.);
#1720 = DIRECTION('',(1.,-0.));
#1721 = ( GEOMETRIC_REPRESENTATION_CONTEXT(2) 
PARAMETRIC_REPRESENTATION_CONTEXT() REPRESENTATION_CONTEXT('2D SPACE',''
  ) );
#1722 = FACE_BOUND('',#1723,.F.);
#1723 = EDGE_LOOP('',(#1724));
#1724 = ORIENTED_EDGE('',*,*,#1725,.T.);
#1725 = EDGE_CURVE('',#1726,#1726,#1728,.T.);
#1726 = VERTEX_POINT('',#1727);
#1727 = CARTESIAN_POINT('',(317.4,69.85,309.55));
#1728 = SURFACE_CURVE('',#1729,(#1734,#1745),.PCURVE_S1.);
#1729 = CIRCLE('',#1730,9.55);
#1730 = AXIS2_PLACEMENT_3D('',#1731,#1732,#1733);
#1731 = CARTESIAN_POINT('',(317.4,60.3,309.55));
#1732 = DIRECTION('',(-1.,0.,-1.110223024625E-16));
#1733 = DIRECTION('',(1.232595164408E-32,1.,-1.110223024625E-16));
#1734 = PCURVE('',#1571,#1735);
#1735 = DEFINITIONAL_REPRESENTATION('',(#1736),#1744);
#1736 = ( BOUNDED_CURVE() B_SPLINE_CURVE(2,(#1737,#1738,#1739,#1740,
#1741,#1742,#1743),.UNSPECIFIED.,.T.,.F.) B_SPLINE_CURVE_WITH_KNOTS((1,2
    ,2,2,2,1),(-2.094395102393,0.,2.094395102393,4.188790204786,
6.28318530718,8.377580409573),.UNSPECIFIED.) CURVE() 
GEOMETRIC_REPRESENTATION_ITEM() RATIONAL_B_SPLINE_CURVE((1.,0.5,1.,0.5,
1.,0.5,1.)) REPRESENTATION_ITEM('') );
#1737 = CARTESIAN_POINT('',(1.060262988517E-15,69.85));
#1738 = CARTESIAN_POINT('',(16.541085212283,69.85));
#1739 = CARTESIAN_POINT('',(8.270542606141,55.525));
#1740 = CARTESIAN_POINT('',(2.185494093374E-16,41.2));
#1741 = CARTESIAN_POINT('',(-8.270542606141,55.525));
#1742 = CARTESIAN_POINT('',(-16.54108521228,69.85));
#1743 = CARTESIAN_POINT('',(1.060262988517E-15,69.85));
#1744 = ( GEOMETRIC_REPRESENTATION_CONTEXT(2) 
PARAMETRIC_REPRESENTATION_CONTEXT() REPRESENTATION_CONTEXT('2D SPACE',''
  ) );
#1745 = PCURVE('',#1746,#1751);
#1746 = CYLINDRICAL_SURFACE('',#1747,9.55);
#1747 = AXIS2_PLACEMENT_3D('',#1748,#1749,#1750);
#1748 = CARTESIAN_POINT('',(316.4,60.3,309.55));
#1749 = DIRECTION('',(-1.,0.,-1.110223024625E-16));
#1750 = DIRECTION('',(1.232595164408E-32,1.,-1.110223024625E-16));
#1751 = DEFINITIONAL_REPRESENTATION('',(#1752),#1756);
#1752 = LINE('',#1753,#1754);
#1753 = CARTESIAN_POINT('',(-6.28318530718,-1.));
#1754 = VECTOR('',#1755,1.);
#1755 = DIRECTION('',(1.,-0.));
#1756 = ( GEOMETRIC_REPRESENTATION_CONTEXT(2) 
PARAMETRIC_REPRESENTATION_CONTEXT() REPRESENTATION_CONTEXT('2D SPACE',''
  ) );
#1757 = ADVANCED_FACE('',(#1758,#1761,#1791,#1821,#1852,#1882),#1543,.T.
  );
#1758 = FACE_BOUND('',#1759,.T.);
#1759 = EDGE_LOOP('',(#1760));
#1760 = ORIENTED_EDGE('',*,*,#1528,.T.);
#1761 = FACE_BOUND('',#1762,.T.);
#1762 = EDGE_LOOP('',(#1763));
#1763 = ORIENTED_EDGE('',*,*,#1764,.T.);
#1764 = EDGE_CURVE('',#1765,#1765,#1767,.T.);
#1765 = VERTEX_POINT('',#1766);
#1766 = CARTESIAN_POINT('',(336.5,-69.85,309.55));
#1767 = SURFACE_CURVE('',#1768,(#1773,#1784),.PCURVE_S1.);
#1768 = CIRCLE('',#1769,9.55);
#1769 = AXIS2_PLACEMENT_3D('',#1770,#1771,#1772);
#1770 = CARTESIAN_POINT('',(336.5,-60.3,309.55));
#1771 = DIRECTION('',(-1.,0.,-1.110223024625E-16));
#1772 = DIRECTION('',(-2.465190328816E-32,-1.,2.22044604925E-16));
#1773 = PCURVE('',#1543,#1774);
#1774 = DEFINITIONAL_REPRESENTATION('',(#1775),#1783);
#1775 = ( BOUNDED_CURVE() B_SPLINE_CURVE(2,(#1776,#1777,#1778,#1779,
#1780,#1781,#1782),.UNSPECIFIED.,.T.,.F.) B_SPLINE_CURVE_WITH_KNOTS((1,2
    ,2,2,2,1),(-2.094395102393,0.,2.094395102393,4.188790204786,
6.28318530718,8.377580409573),.UNSPECIFIED.) CURVE() 
GEOMETRIC_REPRESENTATION_ITEM() RATIONAL_B_SPLINE_CURVE((1.,0.5,1.,0.5,
1.,0.5,1.)) REPRESENTATION_ITEM('') );
#1776 = CARTESIAN_POINT('',(-2.120525977034E-15,-69.85));
#1777 = CARTESIAN_POINT('',(-16.54108521228,-69.85));
#1778 = CARTESIAN_POINT('',(-8.270542606141,-55.525));
#1779 = CARTESIAN_POINT('',(1.901976567697E-15,-41.2));
#1780 = CARTESIAN_POINT('',(8.270542606141,-55.525));
#1781 = CARTESIAN_POINT('',(16.541085212283,-69.85));
#1782 = CARTESIAN_POINT('',(-2.120525977034E-15,-69.85));
#1783 = ( GEOMETRIC_REPRESENTATION_CONTEXT(2) 
PARAMETRIC_REPRESENTATION_CONTEXT() REPRESENTATION_CONTEXT('2D SPACE',''
  ) );
#1784 = PCURVE('',#1610,#1785);
#1785 = DEFINITIONAL_REPRESENTATION('',(#1786),#1790);
#1786 = LINE('',#1787,#1788);
#1787 = CARTESIAN_POINT('',(-6.28318530718,-20.1));
#1788 = VECTOR('',#1789,1.);
#1789 = DIRECTION('',(1.,-0.));
#1790 = ( GEOMETRIC_REPRESENTATION_CONTEXT(2) 
PARAMETRIC_REPRESENTATION_CONTEXT() REPRESENTATION_CONTEXT('2D SPACE',''
  ) );
#1791 = FACE_BOUND('',#1792,.T.);
#1792 = EDGE_LOOP('',(#1793));
#1793 = ORIENTED_EDGE('',*,*,#1794,.T.);
#1794 = EDGE_CURVE('',#1795,#1795,#1797,.T.);
#1795 = VERTEX_POINT('',#1796);
#1796 = CARTESIAN_POINT('',(336.5,8.554157892044E-15,379.4));
#1797 = SURFACE_CURVE('',#1798,(#1803,#1814),.PCURVE_S1.);
#1798 = CIRCLE('',#1799,9.55);
#1799 = AXIS2_PLACEMENT_3D('',#1800,#1801,#1802);
#1800 = CARTESIAN_POINT('',(336.5,7.384620198859E-15,369.85));
#1801 = DIRECTION('',(-1.,0.,-1.110223024625E-16));
#1802 = DIRECTION('',(-1.110223024625E-16,1.224646799147E-16,1.));
#1803 = PCURVE('',#1543,#1804);
#1804 = DEFINITIONAL_REPRESENTATION('',(#1805),#1813);
#1805 = ( BOUNDED_CURVE() B_SPLINE_CURVE(2,(#1806,#1807,#1808,#1809,
#1810,#1811,#1812),.UNSPECIFIED.,.T.,.F.) B_SPLINE_CURVE_WITH_KNOTS((1,2
    ,2,2,2,1),(-2.094395102393,0.,2.094395102393,4.188790204786,
6.28318530718,8.377580409573),.UNSPECIFIED.) CURVE() 
GEOMETRIC_REPRESENTATION_ITEM() RATIONAL_B_SPLINE_CURVE((1.,0.5,1.,0.5,
1.,0.5,1.)) REPRESENTATION_ITEM('') );
#1806 = CARTESIAN_POINT('',(-69.85,-2.117313014897E-15));
#1807 = CARTESIAN_POINT('',(-69.85,16.541085212283));
#1808 = CARTESIAN_POINT('',(-55.525,8.270542606141));
#1809 = CARTESIAN_POINT('',(-41.2,-3.286850708082E-15));
#1810 = CARTESIAN_POINT('',(-55.525,-8.270542606141));
#1811 = CARTESIAN_POINT('',(-69.85,-16.54108521228));
#1812 = CARTESIAN_POINT('',(-69.85,-2.117313014897E-15));
#1813 = ( GEOMETRIC_REPRESENTATION_CONTEXT(2) 
PARAMETRIC_REPRESENTATION_CONTEXT() REPRESENTATION_CONTEXT('2D SPACE',''
  ) );
#1814 = PCURVE('',#1645,#1815);
#1815 = DEFINITIONAL_REPRESENTATION('',(#1816),#1820);
#1816 = LINE('',#1817,#1818);
#1817 = CARTESIAN_POINT('',(-6.28318530718,-20.1));
#1818 = VECTOR('',#1819,1.);
#1819 = DIRECTION('',(1.,-0.));
#1820 = ( GEOMETRIC_REPRESENTATION_CONTEXT(2) 
PARAMETRIC_REPRESENTATION_CONTEXT() REPRESENTATION_CONTEXT('2D SPACE',''
  ) );
#1821 = FACE_BOUND('',#1822,.T.);
#1822 = EDGE_LOOP('',(#1823));
#1823 = ORIENTED_EDGE('',*,*,#1824,.F.);
#1824 = EDGE_CURVE('',#1825,#1825,#1827,.T.);
#1825 = VERTEX_POINT('',#1826);
#1826 = CARTESIAN_POINT('',(336.5,0.,263.5));
#1827 = SURFACE_CURVE('',#1828,(#1833,#1840),.PCURVE_S1.);
#1828 = CIRCLE('',#1829,46.05);
#1829 = AXIS2_PLACEMENT_3D('',#1830,#1831,#1832);
#1830 = CARTESIAN_POINT('',(336.5,0.,309.55));
#1831 = DIRECTION('',(1.,-0.,1.110223024625E-16));
#1832 = DIRECTION('',(1.110223024625E-16,0.,-1.));
#1833 = PCURVE('',#1543,#1834);
#1834 = DEFINITIONAL_REPRESENTATION('',(#1835),#1839);
#1835 = CIRCLE('',#1836,46.05);
#1836 = AXIS2_PLACEMENT_2D('',#1837,#1838);
#1837 = CARTESIAN_POINT('',(0.,-1.067147090694E-14));
#1838 = DIRECTION('',(1.,0.));
#1839 = ( GEOMETRIC_REPRESENTATION_CONTEXT(2) 
PARAMETRIC_REPRESENTATION_CONTEXT() REPRESENTATION_CONTEXT('2D SPACE',''
  ) );
#1840 = PCURVE('',#1841,#1846);
#1841 = CYLINDRICAL_SURFACE('',#1842,46.05);
#1842 = AXIS2_PLACEMENT_3D('',#1843,#1844,#1845);
#1843 = CARTESIAN_POINT('',(336.5,0.,309.55));
#1844 = DIRECTION('',(-1.,-0.,-1.110223024625E-16));
#1845 = DIRECTION('',(1.110223024625E-16,0.,-1.));
#1846 = DEFINITIONAL_REPRESENTATION('',(#1847),#1851);
#1847 = LINE('',#1848,#1849);
#1848 = CARTESIAN_POINT('',(-0.,0.));
#1849 = VECTOR('',#1850,1.);
#1850 = DIRECTION('',(-1.,0.));
#1851 = ( GEOMETRIC_REPRESENTATION_CONTEXT(2) 
PARAMETRIC_REPRESENTATION_CONTEXT() REPRESENTATION_CONTEXT('2D SPACE',''
  ) );
#1852 = FACE_BOUND('',#1853,.T.);
#1853 = EDGE_LOOP('',(#1854));
#1854 = ORIENTED_EDGE('',*,*,#1855,.T.);
#1855 = EDGE_CURVE('',#1856,#1856,#1858,.T.);
#1856 = VERTEX_POINT('',#1857);
#1857 = CARTESIAN_POINT('',(336.5,0.,239.7));
#1858 = SURFACE_CURVE('',#1859,(#1864,#1875),.PCURVE_S1.);
#1859 = CIRCLE('',#1860,9.55);
#1860 = AXIS2_PLACEMENT_3D('',#1861,#1862,#1863);
#1861 = CARTESIAN_POINT('',(336.5,0.,249.25));
#1862 = DIRECTION('',(-1.,-0.,-1.110223024625E-16));
#1863 = DIRECTION('',(1.110223024625E-16,0.,-1.));
#1864 = PCURVE('',#1543,#1865);
#1865 = DEFINITIONAL_REPRESENTATION('',(#1866),#1874);
#1866 = ( BOUNDED_CURVE() B_SPLINE_CURVE(2,(#1867,#1868,#1869,#1870,
#1871,#1872,#1873),.UNSPECIFIED.,.T.,.F.) B_SPLINE_CURVE_WITH_KNOTS((1,2
    ,2,2,2,1),(-2.094395102393,0.,2.094395102393,4.188790204786,
6.28318530718,8.377580409573),.UNSPECIFIED.) CURVE() 
GEOMETRIC_REPRESENTATION_ITEM() RATIONAL_B_SPLINE_CURVE((1.,0.5,1.,0.5,
1.,0.5,1.)) REPRESENTATION_ITEM('') );
#1867 = CARTESIAN_POINT('',(69.85,-1.067147090694E-14));
#1868 = CARTESIAN_POINT('',(69.85,-16.54108521228));
#1869 = CARTESIAN_POINT('',(55.525,-8.270542606141));
#1870 = CARTESIAN_POINT('',(41.2,-1.301054629331E-14));
#1871 = CARTESIAN_POINT('',(55.525,8.270542606141));
#1872 = CARTESIAN_POINT('',(69.85,16.541085212283));
#1873 = CARTESIAN_POINT('',(69.85,-1.067147090694E-14));
#1874 = ( GEOMETRIC_REPRESENTATION_CONTEXT(2) 
PARAMETRIC_REPRESENTATION_CONTEXT() REPRESENTATION_CONTEXT('2D SPACE',''
  ) );
#1875 = PCURVE('',#1711,#1876);
#1876 = DEFINITIONAL_REPRESENTATION('',(#1877),#1881);
#1877 = LINE('',#1878,#1879);
#1878 = CARTESIAN_POINT('',(-6.28318530718,-20.1));
#1879 = VECTOR('',#1880,1.);
#1880 = DIRECTION('',(1.,-0.));
#1881 = ( GEOMETRIC_REPRESENTATION_CONTEXT(2) 
PARAMETRIC_REPRESENTATION_CONTEXT() REPRESENTATION_CONTEXT('2D SPACE',''
  ) );
#1882 = FACE_BOUND('',#1883,.T.);
#1883 = EDGE_LOOP('',(#1884));
#1884 = ORIENTED_EDGE('',*,*,#1885,.T.);
#1885 = EDGE_CURVE('',#1886,#1886,#1888,.T.);
#1886 = VERTEX_POINT('',#1887);
#1887 = CARTESIAN_POINT('',(336.5,69.85,309.55));
#1888 = SURFACE_CURVE('',#1889,(#1894,#1905),.PCURVE_S1.);
#1889 = CIRCLE('',#1890,9.55);
#1890 = AXIS2_PLACEMENT_3D('',#1891,#1892,#1893);
#1891 = CARTESIAN_POINT('',(336.5,60.3,309.55));
#1892 = DIRECTION('',(-1.,0.,-1.110223024625E-16));
#1893 = DIRECTION('',(1.232595164408E-32,1.,-1.110223024625E-16));
#1894 = PCURVE('',#1543,#1895);
#1895 = DEFINITIONAL_REPRESENTATION('',(#1896),#1904);
#1896 = ( BOUNDED_CURVE() B_SPLINE_CURVE(2,(#1897,#1898,#1899,#1900,
#1901,#1902,#1903),.UNSPECIFIED.,.T.,.F.) B_SPLINE_CURVE_WITH_KNOTS((1,2
    ,2,2,2,1),(-2.094395102393,0.,2.094395102393,4.188790204786,
6.28318530718,8.377580409573),.UNSPECIFIED.) CURVE() 
GEOMETRIC_REPRESENTATION_ITEM() RATIONAL_B_SPLINE_CURVE((1.,0.5,1.,0.5,
1.,0.5,1.)) REPRESENTATION_ITEM('') );
#1897 = CARTESIAN_POINT('',(1.060262988517E-15,69.85));
#1898 = CARTESIAN_POINT('',(16.541085212283,69.85));
#1899 = CARTESIAN_POINT('',(8.270542606141,55.525));
#1900 = CARTESIAN_POINT('',(2.185494093374E-16,41.2));
#1901 = CARTESIAN_POINT('',(-8.270542606141,55.525));
#1902 = CARTESIAN_POINT('',(-16.54108521228,69.85));
#1903 = CARTESIAN_POINT('',(1.060262988517E-15,69.85));
#1904 = ( GEOMETRIC_REPRESENTATION_CONTEXT(2) 
PARAMETRIC_REPRESENTATION_CONTEXT() REPRESENTATION_CONTEXT('2D SPACE',''
  ) );
#1905 = PCURVE('',#1746,#1906);
#1906 = DEFINITIONAL_REPRESENTATION('',(#1907),#1911);
#1907 = LINE('',#1908,#1909);
#1908 = CARTESIAN_POINT('',(-6.28318530718,-20.1));
#1909 = VECTOR('',#1910,1.);
#1910 = DIRECTION('',(1.,-0.));
#1911 = ( GEOMETRIC_REPRESENTATION_CONTEXT(2) 
PARAMETRIC_REPRESENTATION_CONTEXT() REPRESENTATION_CONTEXT('2D SPACE',''
  ) );
#1912 = ADVANCED_FACE('',(#1913),#1610,.F.);
#1913 = FACE_BOUND('',#1914,.T.);
#1914 = EDGE_LOOP('',(#1915,#1916,#1937,#1938));
#1915 = ORIENTED_EDGE('',*,*,#1589,.T.);
#1916 = ORIENTED_EDGE('',*,*,#1917,.T.);
#1917 = EDGE_CURVE('',#1590,#1765,#1918,.T.);
#1918 = SEAM_CURVE('',#1919,(#1923,#1930),.PCURVE_S1.);
#1919 = LINE('',#1920,#1921);
#1920 = CARTESIAN_POINT('',(316.4,-69.85,309.55));
#1921 = VECTOR('',#1922,1.);
#1922 = DIRECTION('',(1.,0.,1.110223024625E-16));
#1923 = PCURVE('',#1610,#1924);
#1924 = DEFINITIONAL_REPRESENTATION('',(#1925),#1929);
#1925 = LINE('',#1926,#1927);
#1926 = CARTESIAN_POINT('',(-6.28318530718,0.));
#1927 = VECTOR('',#1928,1.);
#1928 = DIRECTION('',(-0.,-1.));
#1929 = ( GEOMETRIC_REPRESENTATION_CONTEXT(2) 
PARAMETRIC_REPRESENTATION_CONTEXT() REPRESENTATION_CONTEXT('2D SPACE',''
  ) );
#1930 = PCURVE('',#1610,#1931);
#1931 = DEFINITIONAL_REPRESENTATION('',(#1932),#1936);
#1932 = LINE('',#1933,#1934);
#1933 = CARTESIAN_POINT('',(-0.,0.));
#1934 = VECTOR('',#1935,1.);
#1935 = DIRECTION('',(-0.,-1.));
#1936 = ( GEOMETRIC_REPRESENTATION_CONTEXT(2) 
PARAMETRIC_REPRESENTATION_CONTEXT() REPRESENTATION_CONTEXT('2D SPACE',''
  ) );
#1937 = ORIENTED_EDGE('',*,*,#1764,.F.);
#1938 = ORIENTED_EDGE('',*,*,#1917,.F.);
#1939 = ADVANCED_FACE('',(#1940),#1645,.F.);
#1940 = FACE_BOUND('',#1941,.T.);
#1941 = EDGE_LOOP('',(#1942,#1943,#1964,#1965));
#1942 = ORIENTED_EDGE('',*,*,#1624,.T.);
#1943 = ORIENTED_EDGE('',*,*,#1944,.T.);
#1944 = EDGE_CURVE('',#1625,#1795,#1945,.T.);
#1945 = SEAM_CURVE('',#1946,(#1950,#1957),.PCURVE_S1.);
#1946 = LINE('',#1947,#1948);
#1947 = CARTESIAN_POINT('',(316.4,8.554157892044E-15,379.4));
#1948 = VECTOR('',#1949,1.);
#1949 = DIRECTION('',(1.,0.,1.110223024625E-16));
#1950 = PCURVE('',#1645,#1951);
#1951 = DEFINITIONAL_REPRESENTATION('',(#1952),#1956);
#1952 = LINE('',#1953,#1954);
#1953 = CARTESIAN_POINT('',(-6.28318530718,0.));
#1954 = VECTOR('',#1955,1.);
#1955 = DIRECTION('',(-0.,-1.));
#1956 = ( GEOMETRIC_REPRESENTATION_CONTEXT(2) 
PARAMETRIC_REPRESENTATION_CONTEXT() REPRESENTATION_CONTEXT('2D SPACE',''
  ) );
#1957 = PCURVE('',#1645,#1958);
#1958 = DEFINITIONAL_REPRESENTATION('',(#1959),#1963);
#1959 = LINE('',#1960,#1961);
#1960 = CARTESIAN_POINT('',(-0.,0.));
#1961 = VECTOR('',#1962,1.);
#1962 = DIRECTION('',(-0.,-1.));
#1963 = ( GEOMETRIC_REPRESENTATION_CONTEXT(2) 
PARAMETRIC_REPRESENTATION_CONTEXT() REPRESENTATION_CONTEXT('2D SPACE',''
  ) );
#1964 = ORIENTED_EDGE('',*,*,#1794,.F.);
#1965 = ORIENTED_EDGE('',*,*,#1944,.F.);
#1966 = ADVANCED_FACE('',(#1967),#1676,.T.);
#1967 = FACE_BOUND('',#1968,.F.);
#1968 = EDGE_LOOP('',(#1969,#1970,#1993,#2020));
#1969 = ORIENTED_EDGE('',*,*,#1659,.T.);
#1970 = ORIENTED_EDGE('',*,*,#1971,.T.);
#1971 = EDGE_CURVE('',#1660,#1972,#1974,.T.);
#1972 = VERTEX_POINT('',#1973);
#1973 = CARTESIAN_POINT('',(312.4,0.,267.5));
#1974 = SEAM_CURVE('',#1975,(#1979,#1986),.PCURVE_S1.);
#1975 = LINE('',#1976,#1977);
#1976 = CARTESIAN_POINT('',(317.4,0.,267.5));
#1977 = VECTOR('',#1978,1.);
#1978 = DIRECTION('',(-1.,0.,-1.110223024625E-16));
#1979 = PCURVE('',#1676,#1980);
#1980 = DEFINITIONAL_REPRESENTATION('',(#1981),#1985);
#1981 = LINE('',#1982,#1983);
#1982 = CARTESIAN_POINT('',(-0.,0.));
#1983 = VECTOR('',#1984,1.);
#1984 = DIRECTION('',(-0.,1.));
#1985 = ( GEOMETRIC_REPRESENTATION_CONTEXT(2) 
PARAMETRIC_REPRESENTATION_CONTEXT() REPRESENTATION_CONTEXT('2D SPACE',''
  ) );
#1986 = PCURVE('',#1676,#1987);
#1987 = DEFINITIONAL_REPRESENTATION('',(#1988),#1992);
#1988 = LINE('',#1989,#1990);
#1989 = CARTESIAN_POINT('',(-6.28318530718,0.));
#1990 = VECTOR('',#1991,1.);
#1991 = DIRECTION('',(-0.,1.));
#1992 = ( GEOMETRIC_REPRESENTATION_CONTEXT(2) 
PARAMETRIC_REPRESENTATION_CONTEXT() REPRESENTATION_CONTEXT('2D SPACE',''
  ) );
#1993 = ORIENTED_EDGE('',*,*,#1994,.F.);
#1994 = EDGE_CURVE('',#1972,#1972,#1995,.T.);
#1995 = SURFACE_CURVE('',#1996,(#2001,#2008),.PCURVE_S1.);
#1996 = CIRCLE('',#1997,42.05);
#1997 = AXIS2_PLACEMENT_3D('',#1998,#1999,#2000);
#1998 = CARTESIAN_POINT('',(312.4,0.,309.55));
#1999 = DIRECTION('',(1.,-0.,1.110223024625E-16));
#2000 = DIRECTION('',(1.110223024625E-16,0.,-1.));
#2001 = PCURVE('',#1676,#2002);
#2002 = DEFINITIONAL_REPRESENTATION('',(#2003),#2007);
#2003 = LINE('',#2004,#2005);
#2004 = CARTESIAN_POINT('',(-0.,5.));
#2005 = VECTOR('',#2006,1.);
#2006 = DIRECTION('',(-1.,0.));
#2007 = ( GEOMETRIC_REPRESENTATION_CONTEXT(2) 
PARAMETRIC_REPRESENTATION_CONTEXT() REPRESENTATION_CONTEXT('2D SPACE',''
  ) );
#2008 = PCURVE('',#2009,#2014);
#2009 = CONICAL_SURFACE('',#2010,42.05,0.248487420657);
#2010 = AXIS2_PLACEMENT_3D('',#2011,#2012,#2013);
#2011 = CARTESIAN_POINT('',(312.4,0.,309.55));
#2012 = DIRECTION('',(1.,0.,1.110223024625E-16));
#2013 = DIRECTION('',(1.110223024625E-16,0.,-1.));
#2014 = DEFINITIONAL_REPRESENTATION('',(#2015),#2019);
#2015 = LINE('',#2016,#2017);
#2016 = CARTESIAN_POINT('',(0.,-0.));
#2017 = VECTOR('',#2018,1.);
#2018 = DIRECTION('',(1.,-0.));
#2019 = ( GEOMETRIC_REPRESENTATION_CONTEXT(2) 
PARAMETRIC_REPRESENTATION_CONTEXT() REPRESENTATION_CONTEXT('2D SPACE',''
  ) );
#2020 = ORIENTED_EDGE('',*,*,#1971,.F.);
#2021 = ADVANCED_FACE('',(#2022),#1711,.F.);
#2022 = FACE_BOUND('',#2023,.T.);
#2023 = EDGE_LOOP('',(#2024,#2025,#2046,#2047));
#2024 = ORIENTED_EDGE('',*,*,#1690,.T.);
#2025 = ORIENTED_EDGE('',*,*,#2026,.T.);
#2026 = EDGE_CURVE('',#1691,#1856,#2027,.T.);
#2027 = SEAM_CURVE('',#2028,(#2032,#2039),.PCURVE_S1.);
#2028 = LINE('',#2029,#2030);
#2029 = CARTESIAN_POINT('',(316.4,0.,239.7));
#2030 = VECTOR('',#2031,1.);
#2031 = DIRECTION('',(1.,0.,1.110223024625E-16));
#2032 = PCURVE('',#1711,#2033);
#2033 = DEFINITIONAL_REPRESENTATION('',(#2034),#2038);
#2034 = LINE('',#2035,#2036);
#2035 = CARTESIAN_POINT('',(-6.28318530718,0.));
#2036 = VECTOR('',#2037,1.);
#2037 = DIRECTION('',(-0.,-1.));
#2038 = ( GEOMETRIC_REPRESENTATION_CONTEXT(2) 
PARAMETRIC_REPRESENTATION_CONTEXT() REPRESENTATION_CONTEXT('2D SPACE',''
  ) );
#2039 = PCURVE('',#1711,#2040);
#2040 = DEFINITIONAL_REPRESENTATION('',(#2041),#2045);
#2041 = LINE('',#2042,#2043);
#2042 = CARTESIAN_POINT('',(-0.,0.));
#2043 = VECTOR('',#2044,1.);
#2044 = DIRECTION('',(-0.,-1.));
#2045 = ( GEOMETRIC_REPRESENTATION_CONTEXT(2) 
PARAMETRIC_REPRESENTATION_CONTEXT() REPRESENTATION_CONTEXT('2D SPACE',''
  ) );
#2046 = ORIENTED_EDGE('',*,*,#1855,.F.);
#2047 = ORIENTED_EDGE('',*,*,#2026,.F.);
#2048 = ADVANCED_FACE('',(#2049),#1746,.F.);
#2049 = FACE_BOUND('',#2050,.T.);
#2050 = EDGE_LOOP('',(#2051,#2052,#2073,#2074));
#2051 = ORIENTED_EDGE('',*,*,#1725,.T.);
#2052 = ORIENTED_EDGE('',*,*,#2053,.T.);
#2053 = EDGE_CURVE('',#1726,#1886,#2054,.T.);
#2054 = SEAM_CURVE('',#2055,(#2059,#2066),.PCURVE_S1.);
#2055 = LINE('',#2056,#2057);
#2056 = CARTESIAN_POINT('',(316.4,69.85,309.55));
#2057 = VECTOR('',#2058,1.);
#2058 = DIRECTION('',(1.,0.,1.110223024625E-16));
#2059 = PCURVE('',#1746,#2060);
#2060 = DEFINITIONAL_REPRESENTATION('',(#2061),#2065);
#2061 = LINE('',#2062,#2063);
#2062 = CARTESIAN_POINT('',(-6.28318530718,0.));
#2063 = VECTOR('',#2064,1.);
#2064 = DIRECTION('',(-0.,-1.));
#2065 = ( GEOMETRIC_REPRESENTATION_CONTEXT(2) 
PARAMETRIC_REPRESENTATION_CONTEXT() REPRESENTATION_CONTEXT('2D SPACE',''
  ) );
#2066 = PCURVE('',#1746,#2067);
#2067 = DEFINITIONAL_REPRESENTATION('',(#2068),#2072);
#2068 = LINE('',#2069,#2070);
#2069 = CARTESIAN_POINT('',(-0.,0.));
#2070 = VECTOR('',#2071,1.);
#2071 = DIRECTION('',(-0.,-1.));
#2072 = ( GEOMETRIC_REPRESENTATION_CONTEXT(2) 
PARAMETRIC_REPRESENTATION_CONTEXT() REPRESENTATION_CONTEXT('2D SPACE',''
  ) );
#2073 = ORIENTED_EDGE('',*,*,#1885,.F.);
#2074 = ORIENTED_EDGE('',*,*,#2053,.F.);
#2075 = ADVANCED_FACE('',(#2076),#1841,.T.);
#2076 = FACE_BOUND('',#2077,.F.);
#2077 = EDGE_LOOP('',(#2078,#2101,#2128,#2129));
#2078 = ORIENTED_EDGE('',*,*,#2079,.T.);
#2079 = EDGE_CURVE('',#1825,#2080,#2082,.T.);
#2080 = VERTEX_POINT('',#2081);
#2081 = CARTESIAN_POINT('',(338.1,0.,263.5));
#2082 = SEAM_CURVE('',#2083,(#2087,#2094),.PCURVE_S1.);
#2083 = LINE('',#2084,#2085);
#2084 = CARTESIAN_POINT('',(336.5,0.,263.5));
#2085 = VECTOR('',#2086,1.);
#2086 = DIRECTION('',(1.,0.,1.110223024625E-16));
#2087 = PCURVE('',#1841,#2088);
#2088 = DEFINITIONAL_REPRESENTATION('',(#2089),#2093);
#2089 = LINE('',#2090,#2091);
#2090 = CARTESIAN_POINT('',(-0.,0.));
#2091 = VECTOR('',#2092,1.);
#2092 = DIRECTION('',(-0.,-1.));
#2093 = ( GEOMETRIC_REPRESENTATION_CONTEXT(2) 
PARAMETRIC_REPRESENTATION_CONTEXT() REPRESENTATION_CONTEXT('2D SPACE',''
  ) );
#2094 = PCURVE('',#1841,#2095);
#2095 = DEFINITIONAL_REPRESENTATION('',(#2096),#2100);
#2096 = LINE('',#2097,#2098);
#2097 = CARTESIAN_POINT('',(-6.28318530718,0.));
#2098 = VECTOR('',#2099,1.);
#2099 = DIRECTION('',(-0.,-1.));
#2100 = ( GEOMETRIC_REPRESENTATION_CONTEXT(2) 
PARAMETRIC_REPRESENTATION_CONTEXT() REPRESENTATION_CONTEXT('2D SPACE',''
  ) );
#2101 = ORIENTED_EDGE('',*,*,#2102,.T.);
#2102 = EDGE_CURVE('',#2080,#2080,#2103,.T.);
#2103 = SURFACE_CURVE('',#2104,(#2109,#2116),.PCURVE_S1.);
#2104 = CIRCLE('',#2105,46.05);
#2105 = AXIS2_PLACEMENT_3D('',#2106,#2107,#2108);
#2106 = CARTESIAN_POINT('',(338.1,0.,309.55));
#2107 = DIRECTION('',(1.,-0.,1.110223024625E-16));
#2108 = DIRECTION('',(1.110223024625E-16,0.,-1.));
#2109 = PCURVE('',#1841,#2110);
#2110 = DEFINITIONAL_REPRESENTATION('',(#2111),#2115);
#2111 = LINE('',#2112,#2113);
#2112 = CARTESIAN_POINT('',(-0.,-1.6));
#2113 = VECTOR('',#2114,1.);
#2114 = DIRECTION('',(-1.,0.));
#2115 = ( GEOMETRIC_REPRESENTATION_CONTEXT(2) 
PARAMETRIC_REPRESENTATION_CONTEXT() REPRESENTATION_CONTEXT('2D SPACE',''
  ) );
#2116 = PCURVE('',#2117,#2122);
#2117 = PLANE('',#2118);
#2118 = AXIS2_PLACEMENT_3D('',#2119,#2120,#2121);
#2119 = CARTESIAN_POINT('',(338.1,3.821546217545E-15,309.55));
#2120 = DIRECTION('',(1.,0.,1.110223024625E-16));
#2121 = DIRECTION('',(1.110223024625E-16,0.,-1.));
#2122 = DEFINITIONAL_REPRESENTATION('',(#2123),#2127);
#2123 = CIRCLE('',#2124,46.05);
#2124 = AXIS2_PLACEMENT_2D('',#2125,#2126);
#2125 = CARTESIAN_POINT('',(0.,-3.821546217545E-15));
#2126 = DIRECTION('',(1.,0.));
#2127 = ( GEOMETRIC_REPRESENTATION_CONTEXT(2) 
PARAMETRIC_REPRESENTATION_CONTEXT() REPRESENTATION_CONTEXT('2D SPACE',''
  ) );
#2128 = ORIENTED_EDGE('',*,*,#2079,.F.);
#2129 = ORIENTED_EDGE('',*,*,#1824,.F.);
#2130 = ADVANCED_FACE('',(#2131),#2009,.T.);
#2131 = FACE_BOUND('',#2132,.F.);
#2132 = EDGE_LOOP('',(#2133,#2134,#2157,#2184));
#2133 = ORIENTED_EDGE('',*,*,#1994,.T.);
#2134 = ORIENTED_EDGE('',*,*,#2135,.T.);
#2135 = EDGE_CURVE('',#1972,#2136,#2138,.T.);
#2136 = VERTEX_POINT('',#2137);
#2137 = CARTESIAN_POINT('',(265.5,0.,279.4));
#2138 = SEAM_CURVE('',#2139,(#2143,#2150),.PCURVE_S1.);
#2139 = LINE('',#2140,#2141);
#2140 = CARTESIAN_POINT('',(312.4,0.,267.5));
#2141 = VECTOR('',#2142,1.);
#2142 = DIRECTION('',(-0.969285531301,0.,0.245938119882));
#2143 = PCURVE('',#2009,#2144);
#2144 = DEFINITIONAL_REPRESENTATION('',(#2145),#2149);
#2145 = LINE('',#2146,#2147);
#2146 = CARTESIAN_POINT('',(0.,-0.));
#2147 = VECTOR('',#2148,1.);
#2148 = DIRECTION('',(0.,-1.));
#2149 = ( GEOMETRIC_REPRESENTATION_CONTEXT(2) 
PARAMETRIC_REPRESENTATION_CONTEXT() REPRESENTATION_CONTEXT('2D SPACE',''
  ) );
#2150 = PCURVE('',#2009,#2151);
#2151 = DEFINITIONAL_REPRESENTATION('',(#2152),#2156);
#2152 = LINE('',#2153,#2154);
#2153 = CARTESIAN_POINT('',(6.28318530718,-0.));
#2154 = VECTOR('',#2155,1.);
#2155 = DIRECTION('',(0.,-1.));
#2156 = ( GEOMETRIC_REPRESENTATION_CONTEXT(2) 
PARAMETRIC_REPRESENTATION_CONTEXT() REPRESENTATION_CONTEXT('2D SPACE',''
  ) );
#2157 = ORIENTED_EDGE('',*,*,#2158,.F.);
#2158 = EDGE_CURVE('',#2136,#2136,#2159,.T.);
#2159 = SURFACE_CURVE('',#2160,(#2165,#2172),.PCURVE_S1.);
#2160 = CIRCLE('',#2161,30.15);
#2161 = AXIS2_PLACEMENT_3D('',#2162,#2163,#2164);
#2162 = CARTESIAN_POINT('',(265.5,0.,309.55));
#2163 = DIRECTION('',(1.,-0.,1.110223024625E-16));
#2164 = DIRECTION('',(1.110223024625E-16,0.,-1.));
#2165 = PCURVE('',#2009,#2166);
#2166 = DEFINITIONAL_REPRESENTATION('',(#2167),#2171);
#2167 = LINE('',#2168,#2169);
#2168 = CARTESIAN_POINT('',(0.,-46.9));
#2169 = VECTOR('',#2170,1.);
#2170 = DIRECTION('',(1.,-0.));
#2171 = ( GEOMETRIC_REPRESENTATION_CONTEXT(2) 
PARAMETRIC_REPRESENTATION_CONTEXT() REPRESENTATION_CONTEXT('2D SPACE',''
  ) );
#2172 = PCURVE('',#2173,#2178);
#2173 = CYLINDRICAL_SURFACE('',#2174,30.15);
#2174 = AXIS2_PLACEMENT_3D('',#2175,#2176,#2177);
#2175 = CARTESIAN_POINT('',(265.5,0.,309.55));
#2176 = DIRECTION('',(-1.,-0.,-1.110223024625E-16));
#2177 = DIRECTION('',(1.110223024625E-16,0.,-1.));
#2178 = DEFINITIONAL_REPRESENTATION('',(#2179),#2183);
#2179 = LINE('',#2180,#2181);
#2180 = CARTESIAN_POINT('',(-0.,0.));
#2181 = VECTOR('',#2182,1.);
#2182 = DIRECTION('',(-1.,0.));
#2183 = ( GEOMETRIC_REPRESENTATION_CONTEXT(2) 
PARAMETRIC_REPRESENTATION_CONTEXT() REPRESENTATION_CONTEXT('2D SPACE',''
  ) );
#2184 = ORIENTED_EDGE('',*,*,#2135,.F.);
#2185 = ADVANCED_FACE('',(#2186,#2189),#2117,.T.);
#2186 = FACE_BOUND('',#2187,.T.);
#2187 = EDGE_LOOP('',(#2188));
#2188 = ORIENTED_EDGE('',*,*,#2102,.T.);
#2189 = FACE_BOUND('',#2190,.T.);
#2190 = EDGE_LOOP('',(#2191));
#2191 = ORIENTED_EDGE('',*,*,#2192,.T.);
#2192 = EDGE_CURVE('',#2193,#2193,#2195,.T.);
#2193 = VERTEX_POINT('',#2194);
#2194 = CARTESIAN_POINT('',(338.1,0.,283.31));
#2195 = SURFACE_CURVE('',#2196,(#2201,#2212),.PCURVE_S1.);
#2196 = CIRCLE('',#2197,26.24);
#2197 = AXIS2_PLACEMENT_3D('',#2198,#2199,#2200);
#2198 = CARTESIAN_POINT('',(338.1,0.,309.55));
#2199 = DIRECTION('',(-1.,-0.,-1.110223024625E-16));
#2200 = DIRECTION('',(1.110223024625E-16,0.,-1.));
#2201 = PCURVE('',#2117,#2202);
#2202 = DEFINITIONAL_REPRESENTATION('',(#2203),#2211);
#2203 = ( BOUNDED_CURVE() B_SPLINE_CURVE(2,(#2204,#2205,#2206,#2207,
#2208,#2209,#2210),.UNSPECIFIED.,.T.,.F.) B_SPLINE_CURVE_WITH_KNOTS((1,2
    ,2,2,2,1),(-2.094395102393,0.,2.094395102393,4.188790204786,
6.28318530718,8.377580409573),.UNSPECIFIED.) CURVE() 
GEOMETRIC_REPRESENTATION_ITEM() RATIONAL_B_SPLINE_CURVE((1.,0.5,1.,0.5,
1.,0.5,1.)) REPRESENTATION_ITEM('') );
#2204 = CARTESIAN_POINT('',(26.24,-3.821546217545E-15));
#2205 = CARTESIAN_POINT('',(26.24,-45.4490131906));
#2206 = CARTESIAN_POINT('',(-13.12,-22.7245065953));
#2207 = CARTESIAN_POINT('',(-52.48,-1.024849261947E-14));
#2208 = CARTESIAN_POINT('',(-13.12,22.724506595304));
#2209 = CARTESIAN_POINT('',(26.24,45.449013190607));
#2210 = CARTESIAN_POINT('',(26.24,-3.821546217545E-15));
#2211 = ( GEOMETRIC_REPRESENTATION_CONTEXT(2) 
PARAMETRIC_REPRESENTATION_CONTEXT() REPRESENTATION_CONTEXT('2D SPACE',''
  ) );
#2212 = PCURVE('',#2213,#2218);
#2213 = CYLINDRICAL_SURFACE('',#2214,26.24);
#2214 = AXIS2_PLACEMENT_3D('',#2215,#2216,#2217);
#2215 = CARTESIAN_POINT('',(254.5,0.,309.55));
#2216 = DIRECTION('',(-1.,-0.,-1.110223024625E-16));
#2217 = DIRECTION('',(1.110223024625E-16,0.,-1.));
#2218 = DEFINITIONAL_REPRESENTATION('',(#2219),#2223);
#2219 = LINE('',#2220,#2221);
#2220 = CARTESIAN_POINT('',(-6.28318530718,-83.6));
#2221 = VECTOR('',#2222,1.);
#2222 = DIRECTION('',(1.,-0.));
#2223 = ( GEOMETRIC_REPRESENTATION_CONTEXT(2) 
PARAMETRIC_REPRESENTATION_CONTEXT() REPRESENTATION_CONTEXT('2D SPACE',''
  ) );
#2224 = ADVANCED_FACE('',(#2225),#2173,.T.);
#2225 = FACE_BOUND('',#2226,.F.);
#2226 = EDGE_LOOP('',(#2227,#2228,#2251,#2278));
#2227 = ORIENTED_EDGE('',*,*,#2158,.T.);
#2228 = ORIENTED_EDGE('',*,*,#2229,.T.);
#2229 = EDGE_CURVE('',#2136,#2230,#2232,.T.);
#2230 = VERTEX_POINT('',#2231);
#2231 = CARTESIAN_POINT('',(258.5,0.,279.4));
#2232 = SEAM_CURVE('',#2233,(#2237,#2244),.PCURVE_S1.);
#2233 = LINE('',#2234,#2235);
#2234 = CARTESIAN_POINT('',(265.5,0.,279.4));
#2235 = VECTOR('',#2236,1.);
#2236 = DIRECTION('',(-1.,0.,-1.110223024625E-16));
#2237 = PCURVE('',#2173,#2238);
#2238 = DEFINITIONAL_REPRESENTATION('',(#2239),#2243);
#2239 = LINE('',#2240,#2241);
#2240 = CARTESIAN_POINT('',(-0.,0.));
#2241 = VECTOR('',#2242,1.);
#2242 = DIRECTION('',(-0.,1.));
#2243 = ( GEOMETRIC_REPRESENTATION_CONTEXT(2) 
PARAMETRIC_REPRESENTATION_CONTEXT() REPRESENTATION_CONTEXT('2D SPACE',''
  ) );
#2244 = PCURVE('',#2173,#2245);
#2245 = DEFINITIONAL_REPRESENTATION('',(#2246),#2250);
#2246 = LINE('',#2247,#2248);
#2247 = CARTESIAN_POINT('',(-6.28318530718,0.));
#2248 = VECTOR('',#2249,1.);
#2249 = DIRECTION('',(-0.,1.));
#2250 = ( GEOMETRIC_REPRESENTATION_CONTEXT(2) 
PARAMETRIC_REPRESENTATION_CONTEXT() REPRESENTATION_CONTEXT('2D SPACE',''
  ) );
#2251 = ORIENTED_EDGE('',*,*,#2252,.F.);
#2252 = EDGE_CURVE('',#2230,#2230,#2253,.T.);
#2253 = SURFACE_CURVE('',#2254,(#2259,#2266),.PCURVE_S1.);
#2254 = CIRCLE('',#2255,30.15);
#2255 = AXIS2_PLACEMENT_3D('',#2256,#2257,#2258);
#2256 = CARTESIAN_POINT('',(258.5,0.,309.55));
#2257 = DIRECTION('',(1.,-0.,1.110223024625E-16));
#2258 = DIRECTION('',(1.110223024625E-16,0.,-1.));
#2259 = PCURVE('',#2173,#2260);
#2260 = DEFINITIONAL_REPRESENTATION('',(#2261),#2265);
#2261 = LINE('',#2262,#2263);
#2262 = CARTESIAN_POINT('',(-0.,7.));
#2263 = VECTOR('',#2264,1.);
#2264 = DIRECTION('',(-1.,0.));
#2265 = ( GEOMETRIC_REPRESENTATION_CONTEXT(2) 
PARAMETRIC_REPRESENTATION_CONTEXT() REPRESENTATION_CONTEXT('2D SPACE',''
  ) );
#2266 = PCURVE('',#2267,#2272);
#2267 = PLANE('',#2268);
#2268 = AXIS2_PLACEMENT_3D('',#2269,#2270,#2271);
#2269 = CARTESIAN_POINT('',(258.5,0.,309.55));
#2270 = DIRECTION('',(1.,0.,1.110223024625E-16));
#2271 = DIRECTION('',(1.110223024625E-16,0.,-1.));
#2272 = DEFINITIONAL_REPRESENTATION('',(#2273),#2277);
#2273 = CIRCLE('',#2274,30.15);
#2274 = AXIS2_PLACEMENT_2D('',#2275,#2276);
#2275 = CARTESIAN_POINT('',(0.,0.));
#2276 = DIRECTION('',(1.,0.));
#2277 = ( GEOMETRIC_REPRESENTATION_CONTEXT(2) 
PARAMETRIC_REPRESENTATION_CONTEXT() REPRESENTATION_CONTEXT('2D SPACE',''
  ) );
#2278 = ORIENTED_EDGE('',*,*,#2229,.F.);
#2279 = ADVANCED_FACE('',(#2280),#2213,.F.);
#2280 = FACE_BOUND('',#2281,.T.);
#2281 = EDGE_LOOP('',(#2282,#2283,#2306,#2328));
#2282 = ORIENTED_EDGE('',*,*,#2192,.F.);
#2283 = ORIENTED_EDGE('',*,*,#2284,.T.);
#2284 = EDGE_CURVE('',#2193,#2285,#2287,.T.);
#2285 = VERTEX_POINT('',#2286);
#2286 = CARTESIAN_POINT('',(258.5,0.,283.31));
#2287 = SEAM_CURVE('',#2288,(#2292,#2299),.PCURVE_S1.);
#2288 = LINE('',#2289,#2290);
#2289 = CARTESIAN_POINT('',(338.1,0.,283.31));
#2290 = VECTOR('',#2291,1.);
#2291 = DIRECTION('',(-1.,0.,-1.110223024625E-16));
#2292 = PCURVE('',#2213,#2293);
#2293 = DEFINITIONAL_REPRESENTATION('',(#2294),#2298);
#2294 = LINE('',#2295,#2296);
#2295 = CARTESIAN_POINT('',(-6.28318530718,-83.6));
#2296 = VECTOR('',#2297,1.);
#2297 = DIRECTION('',(0.,1.));
#2298 = ( GEOMETRIC_REPRESENTATION_CONTEXT(2) 
PARAMETRIC_REPRESENTATION_CONTEXT() REPRESENTATION_CONTEXT('2D SPACE',''
  ) );
#2299 = PCURVE('',#2213,#2300);
#2300 = DEFINITIONAL_REPRESENTATION('',(#2301),#2305);
#2301 = LINE('',#2302,#2303);
#2302 = CARTESIAN_POINT('',(-0.,-83.6));
#2303 = VECTOR('',#2304,1.);
#2304 = DIRECTION('',(0.,1.));
#2305 = ( GEOMETRIC_REPRESENTATION_CONTEXT(2) 
PARAMETRIC_REPRESENTATION_CONTEXT() REPRESENTATION_CONTEXT('2D SPACE',''
  ) );
#2306 = ORIENTED_EDGE('',*,*,#2307,.F.);
#2307 = EDGE_CURVE('',#2285,#2285,#2308,.T.);
#2308 = SURFACE_CURVE('',#2309,(#2314,#2321),.PCURVE_S1.);
#2309 = CIRCLE('',#2310,26.24);
#2310 = AXIS2_PLACEMENT_3D('',#2311,#2312,#2313);
#2311 = CARTESIAN_POINT('',(258.5,0.,309.55));
#2312 = DIRECTION('',(1.,-0.,1.110223024625E-16));
#2313 = DIRECTION('',(1.110223024625E-16,0.,-1.));
#2314 = PCURVE('',#2213,#2315);
#2315 = DEFINITIONAL_REPRESENTATION('',(#2316),#2320);
#2316 = LINE('',#2317,#2318);
#2317 = CARTESIAN_POINT('',(-0.,-4.));
#2318 = VECTOR('',#2319,1.);
#2319 = DIRECTION('',(-1.,0.));
#2320 = ( GEOMETRIC_REPRESENTATION_CONTEXT(2) 
PARAMETRIC_REPRESENTATION_CONTEXT() REPRESENTATION_CONTEXT('2D SPACE',''
  ) );
#2321 = PCURVE('',#2267,#2322);
#2322 = DEFINITIONAL_REPRESENTATION('',(#2323),#2327);
#2323 = CIRCLE('',#2324,26.24);
#2324 = AXIS2_PLACEMENT_2D('',#2325,#2326);
#2325 = CARTESIAN_POINT('',(0.,0.));
#2326 = DIRECTION('',(1.,0.));
#2327 = ( GEOMETRIC_REPRESENTATION_CONTEXT(2) 
PARAMETRIC_REPRESENTATION_CONTEXT() REPRESENTATION_CONTEXT('2D SPACE',''
  ) );
#2328 = ORIENTED_EDGE('',*,*,#2284,.F.);
#2329 = ADVANCED_FACE('',(#2330,#2333),#2267,.F.);
#2330 = FACE_BOUND('',#2331,.F.);
#2331 = EDGE_LOOP('',(#2332));
#2332 = ORIENTED_EDGE('',*,*,#2252,.T.);
#2333 = FACE_BOUND('',#2334,.F.);
#2334 = EDGE_LOOP('',(#2335));
#2335 = ORIENTED_EDGE('',*,*,#2307,.F.);
#2336 = ( GEOMETRIC_REPRESENTATION_CONTEXT(3) 
GLOBAL_UNCERTAINTY_ASSIGNED_CONTEXT((#2340)) 
GLOBAL_UNIT_ASSIGNED_CONTEXT((#2337,#2338,#2339)) REPRESENTATION_CONTEXT
('Context #1','3D Context with UNIT and UNCERTAINTY') );
#2337 = ( LENGTH_UNIT() NAMED_UNIT(*) SI_UNIT(.MILLI.,.METRE.) );
#2338 = ( NAMED_UNIT(*) PLANE_ANGLE_UNIT() SI_UNIT($,.RADIAN.) );
#2339 = ( NAMED_UNIT(*) SI_UNIT($,.STERADIAN.) SOLID_ANGLE_UNIT() );
#2340 = UNCERTAINTY_MEASURE_WITH_UNIT(LENGTH_MEASURE(1.E-07),#2337,
  'distance_accuracy_value','confusion accuracy');
#2341 = CONTEXT_DEPENDENT_SHAPE_REPRESENTATION(#2342,#2344);
#2342 = ( REPRESENTATION_RELATIONSHIP('','',#1491,#10) 
REPRESENTATION_RELATIONSHIP_WITH_TRANSFORMATION(#2343) 
SHAPE_REPRESENTATION_RELATIONSHIP() );
#2343 = ITEM_DEFINED_TRANSFORMATION('','',#11,#31);
#2344 = PRODUCT_DEFINITION_SHAPE('Placement','Placement of an item',
  #2345);
#2345 = NEXT_ASSEMBLY_USAGE_OCCURRENCE('17','','',#5,#1486,$);
#2346 = PRODUCT_RELATED_PRODUCT_CATEGORY('part',$,(#1488));
ENDSEC;
END-ISO-10303-21;
