ISO-10303-21;
HEADER;
FILE_DESCRIPTION(('Open CASCADE Model'),'2;1');
FILE_NAME('Open CASCADE Shape Model','2026-01-27T21:58:06',('Author'),(
    'Open CASCADE'),'Open CASCADE STEP processor 7.8','Open CASCADE 7.8'
  ,'Unknown');
FILE_SCHEMA(('AUTOMOTIVE_DESIGN { 1 0 10303 214 1 1 1 1 }'));
ENDSEC;
DATA;
#1 = APPLICATION_PROTOCOL_DEFINITION('international standard',
  'automotive_design',2000,#2);
#2 = APPLICATION_CONTEXT(
  'core data for automotive mechanical design processes');
#3 = SHAPE_DEFINITION_REPRESENTATION(#4,#10);
#4 = PRODUCT_DEFINITION_SHAPE('','',#5);
#5 = PRODUCT_DEFINITION('design','',#6,#9);
#6 = PRODUCT_DEFINITION_FORMATION('','',#7);
#7 = PRODUCT('Open CASCADE STEP translator 7.8 17',
  'Open CASCADE STEP translator 7.8 17','',(#8));
#8 = PRODUCT_CONTEXT('',#2,'mechanical');
#9 = PRODUCT_DEFINITION_CONTEXT('part definition',#2,'design');
#10 = SHAPE_REPRESENTATION('',(#11,#15,#19,#23,#27,#31),#35);
#11 = AXIS2_PLACEMENT_3D('',#12,#13,#14);
#12 = CARTESIAN_POINT('',(0.,0.,0.));
#13 = DIRECTION('',(0.,0.,1.));
#14 = DIRECTION('',(1.,0.,-0.));
#15 = AXIS2_PLACEMENT_3D('',#16,#17,#18);
#16 = CARTESIAN_POINT('',(0.,0.,0.));
#17 = DIRECTION('',(0.,0.,1.));
#18 = DIRECTION('',(1.,0.,-0.));
#19 = AXIS2_PLACEMENT_3D('',#20,#21,#22);
#20 = CARTESIAN_POINT('',(0.,0.,0.));
#21 = DIRECTION('',(0.,0.,1.));
#22 = DIRECTION('',(1.,0.,-0.));
#23 = AXIS2_PLACEMENT_3D('',#24,#25,#26);
#24 = CARTESIAN_POINT('',(0.,0.,0.));
#25 = DIRECTION('',(0.,0.,1.));
#26 = DIRECTION('',(1.,0.,-0.));
#27 = AXIS2_PLACEMENT_3D('',#28,#29,#30);
#28 = CARTESIAN_POINT('',(0.,0.,0.));
#29 = DIRECTION('',(0.,0.,1.));
#30 = DIRECTION('',(1.,0.,-0.));
#31 = AXIS2_PLACEMENT_3D('',#32,#33,#34);
#32 = CARTESIAN_POINT('',(0.,0.,0.));
#33 = DIRECTION('',(0.,0.,1.));
#34 = DIRECTION('',(1.,0.,-0.));
#35 = ( GEOMETRIC_REPRESENTATION_CONTEXT(3) 
GLOBAL_UNCERTAINTY_ASSIGNED_CONTEXT((#39)) GLOBAL_UNIT_ASSIGNED_CONTEXT(
(#36,#37,#38)) REPRESENTATION_CONTEXT('Context #1',
  '3D Context with UNIT and UNCERTAINTY') );
#36 = ( LENGTH_UNIT() NAMED_UNIT(*) SI_UNIT(.MILLI.,.METRE.) );
#37 = ( NAMED_UNIT(*) PLANE_ANGLE_UNIT() SI_UNIT($,.RADIAN.) );
#38 = ( NAMED_UNIT(*) SI_UNIT($,.STERADIAN.) SOLID_ANGLE_UNIT() );
#39 = UNCERTAINTY_MEASURE_WITH_UNIT(LENGTH_MEASURE(1.E-07),#36,
  'distance_accuracy_value','confusion accuracy');
#40 = PRODUCT_RELATED_PRODUCT_CATEGORY('part',$,(#7));
#41 = SHAPE_DEFINITION_REPRESENTATION(#42,#48);
#42 = PRODUCT_DEFINITION_SHAPE('','',#43);
#43 = PRODUCT_DEFINITION('design','',#44,#47);
#44 = PRODUCT_DEFINITION_FORMATION('','',#45);
#45 = PRODUCT('Open CASCADE STEP translator 7.8 17.1',
  'Open CASCADE STEP translator 7.8 17.1','',(#46));
#46 = PRODUCT_CONTEXT('',#2,'mechanical');
#47 = PRODUCT_DEFINITION_CONTEXT('part definition',#2,'design');
#48 = ADVANCED_BREP_SHAPE_REPRESENTATION('',(#11,#49),#893);
#49 = MANIFOLD_SOLID_BREP('',#50);
#50 = CLOSED_SHELL('',(#51,#139,#314,#469,#496,#523,#578,#605,#632,#687,
    #742,#781,#836,#886));
#51 = ADVANCED_FACE('',(#52),#66,.T.);
#52 = FACE_BOUND('',#53,.F.);
#53 = EDGE_LOOP('',(#54,#84,#111,#112));
#54 = ORIENTED_EDGE('',*,*,#55,.T.);
#55 = EDGE_CURVE('',#56,#58,#60,.T.);
#56 = VERTEX_POINT('',#57);
#57 = CARTESIAN_POINT('',(76.2,0.,20.7));
#58 = VERTEX_POINT('',#59);
#59 = CARTESIAN_POINT('',(76.2,-2.339075386371E-15,1.6));
#60 = SEAM_CURVE('',#61,(#65,#77),.PCURVE_S1.);
#61 = LINE('',#62,#63);
#62 = CARTESIAN_POINT('',(76.2,0.,20.7));
#63 = VECTOR('',#64,1.);
#64 = DIRECTION('',(0.,-1.224646799147E-16,-1.));
#65 = PCURVE('',#66,#71);
#66 = CYLINDRICAL_SURFACE('',#67,76.2);
#67 = AXIS2_PLACEMENT_3D('',#68,#69,#70);
#68 = CARTESIAN_POINT('',(0.,0.,20.7));
#69 = DIRECTION('',(-0.,1.224646799147E-16,1.));
#70 = DIRECTION('',(1.,0.,0.));
#71 = DEFINITIONAL_REPRESENTATION('',(#72),#76);
#72 = LINE('',#73,#74);
#73 = CARTESIAN_POINT('',(-0.,0.));
#74 = VECTOR('',#75,1.);
#75 = DIRECTION('',(-0.,-1.));
#76 = ( GEOMETRIC_REPRESENTATION_CONTEXT(2) 
PARAMETRIC_REPRESENTATION_CONTEXT() REPRESENTATION_CONTEXT('2D SPACE',''
  ) );
#77 = PCURVE('',#66,#78);
#78 = DEFINITIONAL_REPRESENTATION('',(#79),#83);
#79 = LINE('',#80,#81);
#80 = CARTESIAN_POINT('',(-6.28318530718,0.));
#81 = VECTOR('',#82,1.);
#82 = DIRECTION('',(-0.,-1.));
#83 = ( GEOMETRIC_REPRESENTATION_CONTEXT(2) 
PARAMETRIC_REPRESENTATION_CONTEXT() REPRESENTATION_CONTEXT('2D SPACE',''
  ) );
#84 = ORIENTED_EDGE('',*,*,#85,.T.);
#85 = EDGE_CURVE('',#58,#58,#86,.T.);
#86 = SURFACE_CURVE('',#87,(#92,#99),.PCURVE_S1.);
#87 = CIRCLE('',#88,76.2);
#88 = AXIS2_PLACEMENT_3D('',#89,#90,#91);
#89 = CARTESIAN_POINT('',(0.,-2.339075386371E-15,1.6));
#90 = DIRECTION('',(0.,-1.224646799147E-16,-1.));
#91 = DIRECTION('',(1.,0.,0.));
#92 = PCURVE('',#66,#93);
#93 = DEFINITIONAL_REPRESENTATION('',(#94),#98);
#94 = LINE('',#95,#96);
#95 = CARTESIAN_POINT('',(-0.,-19.1));
#96 = VECTOR('',#97,1.);
#97 = DIRECTION('',(-1.,0.));
#98 = ( GEOMETRIC_REPRESENTATION_CONTEXT(2) 
PARAMETRIC_REPRESENTATION_CONTEXT() REPRESENTATION_CONTEXT('2D SPACE',''
  ) );
#99 = PCURVE('',#100,#105);
#100 = PLANE('',#101);
#101 = AXIS2_PLACEMENT_3D('',#102,#103,#104);
#102 = CARTESIAN_POINT('',(-2.297012296129E-15,-1.301054629331E-14,1.6)
  );
#103 = DIRECTION('',(0.,-1.224646799147E-16,-1.));
#104 = DIRECTION('',(1.,0.,0.));
#105 = DEFINITIONAL_REPRESENTATION('',(#106),#110);
#106 = CIRCLE('',#107,76.2);
#107 = AXIS2_PLACEMENT_2D('',#108,#109);
#108 = CARTESIAN_POINT('',(2.297012296129E-15,-1.067147090694E-14));
#109 = DIRECTION('',(1.,0.));
#110 = ( GEOMETRIC_REPRESENTATION_CONTEXT(2) 
PARAMETRIC_REPRESENTATION_CONTEXT() REPRESENTATION_CONTEXT('2D SPACE',''
  ) );
#111 = ORIENTED_EDGE('',*,*,#55,.F.);
#112 = ORIENTED_EDGE('',*,*,#113,.F.);
#113 = EDGE_CURVE('',#56,#56,#114,.T.);
#114 = SURFACE_CURVE('',#115,(#120,#127),.PCURVE_S1.);
#115 = CIRCLE('',#116,76.2);
#116 = AXIS2_PLACEMENT_3D('',#117,#118,#119);
#117 = CARTESIAN_POINT('',(0.,0.,20.7));
#118 = DIRECTION('',(0.,-1.224646799147E-16,-1.));
#119 = DIRECTION('',(1.,0.,0.));
#120 = PCURVE('',#66,#121);
#121 = DEFINITIONAL_REPRESENTATION('',(#122),#126);
#122 = LINE('',#123,#124);
#123 = CARTESIAN_POINT('',(-0.,0.));
#124 = VECTOR('',#125,1.);
#125 = DIRECTION('',(-1.,0.));
#126 = ( GEOMETRIC_REPRESENTATION_CONTEXT(2) 
PARAMETRIC_REPRESENTATION_CONTEXT() REPRESENTATION_CONTEXT('2D SPACE',''
  ) );
#127 = PCURVE('',#128,#133);
#128 = PLANE('',#129);
#129 = AXIS2_PLACEMENT_3D('',#130,#131,#132);
#130 = CARTESIAN_POINT('',(-2.297012296129E-15,-1.067147090694E-14,20.7)
  );
#131 = DIRECTION('',(0.,-1.224646799147E-16,-1.));
#132 = DIRECTION('',(1.,0.,0.));
#133 = DEFINITIONAL_REPRESENTATION('',(#134),#138);
#134 = CIRCLE('',#135,76.2);
#135 = AXIS2_PLACEMENT_2D('',#136,#137);
#136 = CARTESIAN_POINT('',(2.297012296129E-15,-1.067147090694E-14));
#137 = DIRECTION('',(1.,0.));
#138 = ( GEOMETRIC_REPRESENTATION_CONTEXT(2) 
PARAMETRIC_REPRESENTATION_CONTEXT() REPRESENTATION_CONTEXT('2D SPACE',''
  ) );
#139 = ADVANCED_FACE('',(#140,#143,#178,#213,#244,#279),#128,.F.);
#140 = FACE_BOUND('',#141,.F.);
#141 = EDGE_LOOP('',(#142));
#142 = ORIENTED_EDGE('',*,*,#113,.T.);
#143 = FACE_BOUND('',#144,.F.);
#144 = EDGE_LOOP('',(#145));
#145 = ORIENTED_EDGE('',*,*,#146,.T.);
#146 = EDGE_CURVE('',#147,#147,#149,.T.);
#147 = VERTEX_POINT('',#148);
#148 = CARTESIAN_POINT('',(-1.319745627532E-14,69.85,20.7));
#149 = SURFACE_CURVE('',#150,(#155,#166),.PCURVE_S1.);
#150 = CIRCLE('',#151,9.55);
#151 = AXIS2_PLACEMENT_3D('',#152,#153,#154);
#152 = CARTESIAN_POINT('',(-1.107693029829E-14,60.3,20.7));
#153 = DIRECTION('',(0.,1.224646799147E-16,1.));
#154 = DIRECTION('',(-2.22044604925E-16,1.,-1.224646799147E-16));
#155 = PCURVE('',#128,#156);
#156 = DEFINITIONAL_REPRESENTATION('',(#157),#165);
#157 = ( BOUNDED_CURVE() B_SPLINE_CURVE(2,(#158,#159,#160,#161,#162,#163
,#164),.UNSPECIFIED.,.T.,.F.) B_SPLINE_CURVE_WITH_KNOTS((1,2,2,2,2,1),(
    -2.094395102393,0.,2.094395102393,4.188790204786,6.28318530718,
8.377580409573),.UNSPECIFIED.) CURVE() GEOMETRIC_REPRESENTATION_ITEM() 
RATIONAL_B_SPLINE_CURVE((1.,0.5,1.,0.5,1.,0.5,1.)) REPRESENTATION_ITEM(
  '') );
#158 = CARTESIAN_POINT('',(-1.090044397919E-14,-69.85));
#159 = CARTESIAN_POINT('',(-16.54108521228,-69.85));
#160 = CARTESIAN_POINT('',(-8.270542606141,-55.525));
#161 = CARTESIAN_POINT('',(-6.877941434462E-15,-41.2));
#162 = CARTESIAN_POINT('',(8.270542606141,-55.525));
#163 = CARTESIAN_POINT('',(16.541085212283,-69.85));
#164 = CARTESIAN_POINT('',(-1.090044397919E-14,-69.85));
#165 = ( GEOMETRIC_REPRESENTATION_CONTEXT(2) 
PARAMETRIC_REPRESENTATION_CONTEXT() REPRESENTATION_CONTEXT('2D SPACE',''
  ) );
#166 = PCURVE('',#167,#172);
#167 = CYLINDRICAL_SURFACE('',#168,9.55);
#168 = AXIS2_PLACEMENT_3D('',#169,#170,#171);
#169 = CARTESIAN_POINT('',(-1.107693029829E-14,60.3,21.7));
#170 = DIRECTION('',(-0.,1.224646799147E-16,1.));
#171 = DIRECTION('',(-2.22044604925E-16,1.,-1.224646799147E-16));
#172 = DEFINITIONAL_REPRESENTATION('',(#173),#177);
#173 = LINE('',#174,#175);
#174 = CARTESIAN_POINT('',(-6.28318530718,-1.));
#175 = VECTOR('',#176,1.);
#176 = DIRECTION('',(1.,-0.));
#177 = ( GEOMETRIC_REPRESENTATION_CONTEXT(2) 
PARAMETRIC_REPRESENTATION_CONTEXT() REPRESENTATION_CONTEXT('2D SPACE',''
  ) );
#178 = FACE_BOUND('',#179,.F.);
#179 = EDGE_LOOP('',(#180));
#180 = ORIENTED_EDGE('',*,*,#181,.T.);
#181 = EDGE_CURVE('',#182,#182,#184,.T.);
#182 = VERTEX_POINT('',#183);
#183 = CARTESIAN_POINT('',(-69.85,-8.554157892044E-15,20.7));
#184 = SURFACE_CURVE('',#185,(#190,#201),.PCURVE_S1.);
#185 = CIRCLE('',#186,9.55);
#186 = AXIS2_PLACEMENT_3D('',#187,#188,#189);
#187 = CARTESIAN_POINT('',(-60.3,-7.384620198859E-15,20.7));
#188 = DIRECTION('',(0.,1.224646799147E-16,1.));
#189 = DIRECTION('',(-1.,-1.224646799147E-16,1.499759782662E-32));
#190 = PCURVE('',#128,#191);
#191 = DEFINITIONAL_REPRESENTATION('',(#192),#200);
#192 = ( BOUNDED_CURVE() B_SPLINE_CURVE(2,(#193,#194,#195,#196,#197,#198
,#199),.UNSPECIFIED.,.T.,.F.) B_SPLINE_CURVE_WITH_KNOTS((1,2,2,2,2,1),(
    -2.094395102393,0.,2.094395102393,4.188790204786,6.28318530718,
8.377580409573),.UNSPECIFIED.) CURVE() GEOMETRIC_REPRESENTATION_ITEM() 
RATIONAL_B_SPLINE_CURVE((1.,0.5,1.,0.5,1.,0.5,1.)) REPRESENTATION_ITEM(
  '') );
#193 = CARTESIAN_POINT('',(-69.85,-2.117313014897E-15));
#194 = CARTESIAN_POINT('',(-69.85,16.541085212283));
#195 = CARTESIAN_POINT('',(-55.525,8.270542606141));
#196 = CARTESIAN_POINT('',(-41.2,-3.286850708082E-15));
#197 = CARTESIAN_POINT('',(-55.525,-8.270542606141));
#198 = CARTESIAN_POINT('',(-69.85,-16.54108521228));
#199 = CARTESIAN_POINT('',(-69.85,-2.117313014897E-15));
#200 = ( GEOMETRIC_REPRESENTATION_CONTEXT(2) 
PARAMETRIC_REPRESENTATION_CONTEXT() REPRESENTATION_CONTEXT('2D SPACE',''
  ) );
#201 = PCURVE('',#202,#207);
#202 = CYLINDRICAL_SURFACE('',#203,9.55);
#203 = AXIS2_PLACEMENT_3D('',#204,#205,#206);
#204 = CARTESIAN_POINT('',(-60.3,-7.262155518944E-15,21.7));
#205 = DIRECTION('',(-0.,1.224646799147E-16,1.));
#206 = DIRECTION('',(-1.,-1.224646799147E-16,1.499759782662E-32));
#207 = DEFINITIONAL_REPRESENTATION('',(#208),#212);
#208 = LINE('',#209,#210);
#209 = CARTESIAN_POINT('',(-6.28318530718,-1.));
#210 = VECTOR('',#211,1.);
#211 = DIRECTION('',(1.,-0.));
#212 = ( GEOMETRIC_REPRESENTATION_CONTEXT(2) 
PARAMETRIC_REPRESENTATION_CONTEXT() REPRESENTATION_CONTEXT('2D SPACE',''
  ) );
#213 = FACE_BOUND('',#214,.F.);
#214 = EDGE_LOOP('',(#215));
#215 = ORIENTED_EDGE('',*,*,#216,.F.);
#216 = EDGE_CURVE('',#217,#217,#219,.T.);
#217 = VERTEX_POINT('',#218);
#218 = CARTESIAN_POINT('',(42.05,0.,20.7));
#219 = SURFACE_CURVE('',#220,(#225,#232),.PCURVE_S1.);
#220 = CIRCLE('',#221,42.05);
#221 = AXIS2_PLACEMENT_3D('',#222,#223,#224);
#222 = CARTESIAN_POINT('',(0.,0.,20.7));
#223 = DIRECTION('',(0.,-1.224646799147E-16,-1.));
#224 = DIRECTION('',(1.,0.,0.));
#225 = PCURVE('',#128,#226);
#226 = DEFINITIONAL_REPRESENTATION('',(#227),#231);
#227 = CIRCLE('',#228,42.05);
#228 = AXIS2_PLACEMENT_2D('',#229,#230);
#229 = CARTESIAN_POINT('',(2.297012296129E-15,-1.067147090694E-14));
#230 = DIRECTION('',(1.,0.));
#231 = ( GEOMETRIC_REPRESENTATION_CONTEXT(2) 
PARAMETRIC_REPRESENTATION_CONTEXT() REPRESENTATION_CONTEXT('2D SPACE',''
  ) );
#232 = PCURVE('',#233,#238);
#233 = CYLINDRICAL_SURFACE('',#234,42.05);
#234 = AXIS2_PLACEMENT_3D('',#235,#236,#237);
#235 = CARTESIAN_POINT('',(0.,0.,20.7));
#236 = DIRECTION('',(-0.,1.224646799147E-16,1.));
#237 = DIRECTION('',(1.,0.,0.));
#238 = DEFINITIONAL_REPRESENTATION('',(#239),#243);
#239 = LINE('',#240,#241);
#240 = CARTESIAN_POINT('',(-0.,0.));
#241 = VECTOR('',#242,1.);
#242 = DIRECTION('',(-1.,0.));
#243 = ( GEOMETRIC_REPRESENTATION_CONTEXT(2) 
PARAMETRIC_REPRESENTATION_CONTEXT() REPRESENTATION_CONTEXT('2D SPACE',''
  ) );
#244 = FACE_BOUND('',#245,.F.);
#245 = EDGE_LOOP('',(#246));
#246 = ORIENTED_EDGE('',*,*,#247,.T.);
#247 = EDGE_CURVE('',#248,#248,#250,.T.);
#248 = VERTEX_POINT('',#249);
#249 = CARTESIAN_POINT('',(69.85,0.,20.7));
#250 = SURFACE_CURVE('',#251,(#256,#267),.PCURVE_S1.);
#251 = CIRCLE('',#252,9.55);
#252 = AXIS2_PLACEMENT_3D('',#253,#254,#255);
#253 = CARTESIAN_POINT('',(60.3,0.,20.7));
#254 = DIRECTION('',(-0.,1.224646799147E-16,1.));
#255 = DIRECTION('',(1.,0.,0.));
#256 = PCURVE('',#128,#257);
#257 = DEFINITIONAL_REPRESENTATION('',(#258),#266);
#258 = ( BOUNDED_CURVE() B_SPLINE_CURVE(2,(#259,#260,#261,#262,#263,#264
,#265),.UNSPECIFIED.,.T.,.F.) B_SPLINE_CURVE_WITH_KNOTS((1,2,2,2,2,1),(
    -2.094395102393,0.,2.094395102393,4.188790204786,6.28318530718,
8.377580409573),.UNSPECIFIED.) CURVE() GEOMETRIC_REPRESENTATION_ITEM() 
RATIONAL_B_SPLINE_CURVE((1.,0.5,1.,0.5,1.,0.5,1.)) REPRESENTATION_ITEM(
  '') );
#259 = CARTESIAN_POINT('',(69.85,-1.067147090694E-14));
#260 = CARTESIAN_POINT('',(69.85,-16.54108521228));
#261 = CARTESIAN_POINT('',(55.525,-8.270542606141));
#262 = CARTESIAN_POINT('',(41.2,-1.301054629331E-14));
#263 = CARTESIAN_POINT('',(55.525,8.270542606141));
#264 = CARTESIAN_POINT('',(69.85,16.541085212283));
#265 = CARTESIAN_POINT('',(69.85,-1.067147090694E-14));
#266 = ( GEOMETRIC_REPRESENTATION_CONTEXT(2) 
PARAMETRIC_REPRESENTATION_CONTEXT() REPRESENTATION_CONTEXT('2D SPACE',''
  ) );
#267 = PCURVE('',#268,#273);
#268 = CYLINDRICAL_SURFACE('',#269,9.55);
#269 = AXIS2_PLACEMENT_3D('',#270,#271,#272);
#270 = CARTESIAN_POINT('',(60.3,1.224646799147E-16,21.7));
#271 = DIRECTION('',(-0.,1.224646799147E-16,1.));
#272 = DIRECTION('',(1.,0.,0.));
#273 = DEFINITIONAL_REPRESENTATION('',(#274),#278);
#274 = LINE('',#275,#276);
#275 = CARTESIAN_POINT('',(-6.28318530718,-1.));
#276 = VECTOR('',#277,1.);
#277 = DIRECTION('',(1.,-0.));
#278 = ( GEOMETRIC_REPRESENTATION_CONTEXT(2) 
PARAMETRIC_REPRESENTATION_CONTEXT() REPRESENTATION_CONTEXT('2D SPACE',''
  ) );
#279 = FACE_BOUND('',#280,.F.);
#280 = EDGE_LOOP('',(#281));
#281 = ORIENTED_EDGE('',*,*,#282,.T.);
#282 = EDGE_CURVE('',#283,#283,#285,.T.);
#283 = VERTEX_POINT('',#284);
#284 = CARTESIAN_POINT('',(4.752573087946E-15,-69.85,20.7));
#285 = SURFACE_CURVE('',#286,(#291,#302),.PCURVE_S1.);
#286 = CIRCLE('',#287,9.55);
#287 = AXIS2_PLACEMENT_3D('',#288,#289,#290);
#288 = CARTESIAN_POINT('',(3.692310099429E-15,-60.3,20.7));
#289 = DIRECTION('',(0.,1.224646799147E-16,1.));
#290 = DIRECTION('',(1.110223024625E-16,-1.,1.224646799147E-16));
#291 = PCURVE('',#128,#292);
#292 = DEFINITIONAL_REPRESENTATION('',(#293),#301);
#293 = ( BOUNDED_CURVE() B_SPLINE_CURVE(2,(#294,#295,#296,#297,#298,#299
,#300),.UNSPECIFIED.,.T.,.F.) B_SPLINE_CURVE_WITH_KNOTS((1,2,2,2,2,1),(
    -2.094395102393,0.,2.094395102393,4.188790204786,6.28318530718,
8.377580409573),.UNSPECIFIED.) CURVE() GEOMETRIC_REPRESENTATION_ITEM() 
RATIONAL_B_SPLINE_CURVE((1.,0.5,1.,0.5,1.,0.5,1.)) REPRESENTATION_ITEM(
  '') );
#294 = CARTESIAN_POINT('',(7.049585384076E-15,69.85));
#295 = CARTESIAN_POINT('',(16.541085212283,69.85));
#296 = CARTESIAN_POINT('',(8.270542606141,55.525));
#297 = CARTESIAN_POINT('',(6.207871804896E-15,41.2));
#298 = CARTESIAN_POINT('',(-8.270542606141,55.525));
#299 = CARTESIAN_POINT('',(-16.54108521228,69.85));
#300 = CARTESIAN_POINT('',(7.049585384076E-15,69.85));
#301 = ( GEOMETRIC_REPRESENTATION_CONTEXT(2) 
PARAMETRIC_REPRESENTATION_CONTEXT() REPRESENTATION_CONTEXT('2D SPACE',''
  ) );
#302 = PCURVE('',#303,#308);
#303 = CYLINDRICAL_SURFACE('',#304,9.55);
#304 = AXIS2_PLACEMENT_3D('',#305,#306,#307);
#305 = CARTESIAN_POINT('',(3.692310099429E-15,-60.3,21.7));
#306 = DIRECTION('',(0.,1.224646799147E-16,1.));
#307 = DIRECTION('',(1.110223024625E-16,-1.,1.224646799147E-16));
#308 = DEFINITIONAL_REPRESENTATION('',(#309),#313);
#309 = LINE('',#310,#311);
#310 = CARTESIAN_POINT('',(-6.28318530718,-1.));
#311 = VECTOR('',#312,1.);
#312 = DIRECTION('',(1.,-0.));
#313 = ( GEOMETRIC_REPRESENTATION_CONTEXT(2) 
PARAMETRIC_REPRESENTATION_CONTEXT() REPRESENTATION_CONTEXT('2D SPACE',''
  ) );
#314 = ADVANCED_FACE('',(#315,#318,#348,#378,#409,#439),#100,.T.);
#315 = FACE_BOUND('',#316,.T.);
#316 = EDGE_LOOP('',(#317));
#317 = ORIENTED_EDGE('',*,*,#85,.T.);
#318 = FACE_BOUND('',#319,.T.);
#319 = EDGE_LOOP('',(#320));
#320 = ORIENTED_EDGE('',*,*,#321,.T.);
#321 = EDGE_CURVE('',#322,#322,#324,.T.);
#322 = VERTEX_POINT('',#323);
#323 = CARTESIAN_POINT('',(-1.319745627532E-14,69.85,1.6));
#324 = SURFACE_CURVE('',#325,(#330,#341),.PCURVE_S1.);
#325 = CIRCLE('',#326,9.55);
#326 = AXIS2_PLACEMENT_3D('',#327,#328,#329);
#327 = CARTESIAN_POINT('',(-1.107693029829E-14,60.3,1.6));
#328 = DIRECTION('',(0.,1.224646799147E-16,1.));
#329 = DIRECTION('',(-2.22044604925E-16,1.,-1.224646799147E-16));
#330 = PCURVE('',#100,#331);
#331 = DEFINITIONAL_REPRESENTATION('',(#332),#340);
#332 = ( BOUNDED_CURVE() B_SPLINE_CURVE(2,(#333,#334,#335,#336,#337,#338
,#339),.UNSPECIFIED.,.T.,.F.) B_SPLINE_CURVE_WITH_KNOTS((1,2,2,2,2,1),(
    -2.094395102393,0.,2.094395102393,4.188790204786,6.28318530718,
8.377580409573),.UNSPECIFIED.) CURVE() GEOMETRIC_REPRESENTATION_ITEM() 
RATIONAL_B_SPLINE_CURVE((1.,0.5,1.,0.5,1.,0.5,1.)) REPRESENTATION_ITEM(
  '') );
#333 = CARTESIAN_POINT('',(-1.090044397919E-14,-69.85));
#334 = CARTESIAN_POINT('',(-16.54108521228,-69.85));
#335 = CARTESIAN_POINT('',(-8.270542606141,-55.525));
#336 = CARTESIAN_POINT('',(-6.877941434462E-15,-41.2));
#337 = CARTESIAN_POINT('',(8.270542606141,-55.525));
#338 = CARTESIAN_POINT('',(16.541085212283,-69.85));
#339 = CARTESIAN_POINT('',(-1.090044397919E-14,-69.85));
#340 = ( GEOMETRIC_REPRESENTATION_CONTEXT(2) 
PARAMETRIC_REPRESENTATION_CONTEXT() REPRESENTATION_CONTEXT('2D SPACE',''
  ) );
#341 = PCURVE('',#167,#342);
#342 = DEFINITIONAL_REPRESENTATION('',(#343),#347);
#343 = LINE('',#344,#345);
#344 = CARTESIAN_POINT('',(-6.28318530718,-20.1));
#345 = VECTOR('',#346,1.);
#346 = DIRECTION('',(1.,-0.));
#347 = ( GEOMETRIC_REPRESENTATION_CONTEXT(2) 
PARAMETRIC_REPRESENTATION_CONTEXT() REPRESENTATION_CONTEXT('2D SPACE',''
  ) );
#348 = FACE_BOUND('',#349,.T.);
#349 = EDGE_LOOP('',(#350));
#350 = ORIENTED_EDGE('',*,*,#351,.T.);
#351 = EDGE_CURVE('',#352,#352,#354,.T.);
#352 = VERTEX_POINT('',#353);
#353 = CARTESIAN_POINT('',(-69.85,-1.089323327842E-14,1.6));
#354 = SURFACE_CURVE('',#355,(#360,#371),.PCURVE_S1.);
#355 = CIRCLE('',#356,9.55);
#356 = AXIS2_PLACEMENT_3D('',#357,#358,#359);
#357 = CARTESIAN_POINT('',(-60.3,-9.72369558523E-15,1.6));
#358 = DIRECTION('',(0.,1.224646799147E-16,1.));
#359 = DIRECTION('',(-1.,-1.224646799147E-16,1.499759782662E-32));
#360 = PCURVE('',#100,#361);
#361 = DEFINITIONAL_REPRESENTATION('',(#362),#370);
#362 = ( BOUNDED_CURVE() B_SPLINE_CURVE(2,(#363,#364,#365,#366,#367,#368
,#369),.UNSPECIFIED.,.T.,.F.) B_SPLINE_CURVE_WITH_KNOTS((1,2,2,2,2,1),(
    -2.094395102393,0.,2.094395102393,4.188790204786,6.28318530718,
8.377580409573),.UNSPECIFIED.) CURVE() GEOMETRIC_REPRESENTATION_ITEM() 
RATIONAL_B_SPLINE_CURVE((1.,0.5,1.,0.5,1.,0.5,1.)) REPRESENTATION_ITEM(
  '') );
#363 = CARTESIAN_POINT('',(-69.85,-2.117313014897E-15));
#364 = CARTESIAN_POINT('',(-69.85,16.541085212283));
#365 = CARTESIAN_POINT('',(-55.525,8.270542606141));
#366 = CARTESIAN_POINT('',(-41.2,-3.286850708082E-15));
#367 = CARTESIAN_POINT('',(-55.525,-8.270542606141));
#368 = CARTESIAN_POINT('',(-69.85,-16.54108521228));
#369 = CARTESIAN_POINT('',(-69.85,-2.117313014897E-15));
#370 = ( GEOMETRIC_REPRESENTATION_CONTEXT(2) 
PARAMETRIC_REPRESENTATION_CONTEXT() REPRESENTATION_CONTEXT('2D SPACE',''
  ) );
#371 = PCURVE('',#202,#372);
#372 = DEFINITIONAL_REPRESENTATION('',(#373),#377);
#373 = LINE('',#374,#375);
#374 = CARTESIAN_POINT('',(-6.28318530718,-20.1));
#375 = VECTOR('',#376,1.);
#376 = DIRECTION('',(1.,-0.));
#377 = ( GEOMETRIC_REPRESENTATION_CONTEXT(2) 
PARAMETRIC_REPRESENTATION_CONTEXT() REPRESENTATION_CONTEXT('2D SPACE',''
  ) );
#378 = FACE_BOUND('',#379,.T.);
#379 = EDGE_LOOP('',(#380));
#380 = ORIENTED_EDGE('',*,*,#381,.F.);
#381 = EDGE_CURVE('',#382,#382,#384,.T.);
#382 = VERTEX_POINT('',#383);
#383 = CARTESIAN_POINT('',(46.05,-2.339075386371E-15,1.6));
#384 = SURFACE_CURVE('',#385,(#390,#397),.PCURVE_S1.);
#385 = CIRCLE('',#386,46.05);
#386 = AXIS2_PLACEMENT_3D('',#387,#388,#389);
#387 = CARTESIAN_POINT('',(0.,-2.339075386371E-15,1.6));
#388 = DIRECTION('',(0.,-1.224646799147E-16,-1.));
#389 = DIRECTION('',(1.,0.,0.));
#390 = PCURVE('',#100,#391);
#391 = DEFINITIONAL_REPRESENTATION('',(#392),#396);
#392 = CIRCLE('',#393,46.05);
#393 = AXIS2_PLACEMENT_2D('',#394,#395);
#394 = CARTESIAN_POINT('',(2.297012296129E-15,-1.067147090694E-14));
#395 = DIRECTION('',(1.,0.));
#396 = ( GEOMETRIC_REPRESENTATION_CONTEXT(2) 
PARAMETRIC_REPRESENTATION_CONTEXT() REPRESENTATION_CONTEXT('2D SPACE',''
  ) );
#397 = PCURVE('',#398,#403);
#398 = CYLINDRICAL_SURFACE('',#399,46.05);
#399 = AXIS2_PLACEMENT_3D('',#400,#401,#402);
#400 = CARTESIAN_POINT('',(0.,-2.339075386371E-15,1.6));
#401 = DIRECTION('',(-0.,1.224646799147E-16,1.));
#402 = DIRECTION('',(1.,0.,0.));
#403 = DEFINITIONAL_REPRESENTATION('',(#404),#408);
#404 = LINE('',#405,#406);
#405 = CARTESIAN_POINT('',(-0.,0.));
#406 = VECTOR('',#407,1.);
#407 = DIRECTION('',(-1.,0.));
#408 = ( GEOMETRIC_REPRESENTATION_CONTEXT(2) 
PARAMETRIC_REPRESENTATION_CONTEXT() REPRESENTATION_CONTEXT('2D SPACE',''
  ) );
#409 = FACE_BOUND('',#410,.T.);
#410 = EDGE_LOOP('',(#411));
#411 = ORIENTED_EDGE('',*,*,#412,.T.);
#412 = EDGE_CURVE('',#413,#413,#415,.T.);
#413 = VERTEX_POINT('',#414);
#414 = CARTESIAN_POINT('',(69.85,-2.339075386371E-15,1.6));
#415 = SURFACE_CURVE('',#416,(#421,#432),.PCURVE_S1.);
#416 = CIRCLE('',#417,9.55);
#417 = AXIS2_PLACEMENT_3D('',#418,#419,#420);
#418 = CARTESIAN_POINT('',(60.3,-2.339075386371E-15,1.6));
#419 = DIRECTION('',(-0.,1.224646799147E-16,1.));
#420 = DIRECTION('',(1.,0.,0.));
#421 = PCURVE('',#100,#422);
#422 = DEFINITIONAL_REPRESENTATION('',(#423),#431);
#423 = ( BOUNDED_CURVE() B_SPLINE_CURVE(2,(#424,#425,#426,#427,#428,#429
,#430),.UNSPECIFIED.,.T.,.F.) B_SPLINE_CURVE_WITH_KNOTS((1,2,2,2,2,1),(
    -2.094395102393,0.,2.094395102393,4.188790204786,6.28318530718,
8.377580409573),.UNSPECIFIED.) CURVE() GEOMETRIC_REPRESENTATION_ITEM() 
RATIONAL_B_SPLINE_CURVE((1.,0.5,1.,0.5,1.,0.5,1.)) REPRESENTATION_ITEM(
  '') );
#424 = CARTESIAN_POINT('',(69.85,-1.067147090694E-14));
#425 = CARTESIAN_POINT('',(69.85,-16.54108521228));
#426 = CARTESIAN_POINT('',(55.525,-8.270542606141));
#427 = CARTESIAN_POINT('',(41.2,-1.301054629331E-14));
#428 = CARTESIAN_POINT('',(55.525,8.270542606141));
#429 = CARTESIAN_POINT('',(69.85,16.541085212283));
#430 = CARTESIAN_POINT('',(69.85,-1.067147090694E-14));
#431 = ( GEOMETRIC_REPRESENTATION_CONTEXT(2) 
PARAMETRIC_REPRESENTATION_CONTEXT() REPRESENTATION_CONTEXT('2D SPACE',''
  ) );
#432 = PCURVE('',#268,#433);
#433 = DEFINITIONAL_REPRESENTATION('',(#434),#438);
#434 = LINE('',#435,#436);
#435 = CARTESIAN_POINT('',(-6.28318530718,-20.1));
#436 = VECTOR('',#437,1.);
#437 = DIRECTION('',(1.,-0.));
#438 = ( GEOMETRIC_REPRESENTATION_CONTEXT(2) 
PARAMETRIC_REPRESENTATION_CONTEXT() REPRESENTATION_CONTEXT('2D SPACE',''
  ) );
#439 = FACE_BOUND('',#440,.T.);
#440 = EDGE_LOOP('',(#441));
#441 = ORIENTED_EDGE('',*,*,#442,.T.);
#442 = EDGE_CURVE('',#443,#443,#445,.T.);
#443 = VERTEX_POINT('',#444);
#444 = CARTESIAN_POINT('',(4.752573087946E-15,-69.85,1.6));
#445 = SURFACE_CURVE('',#446,(#451,#462),.PCURVE_S1.);
#446 = CIRCLE('',#447,9.55);
#447 = AXIS2_PLACEMENT_3D('',#448,#449,#450);
#448 = CARTESIAN_POINT('',(3.692310099429E-15,-60.3,1.6));
#449 = DIRECTION('',(0.,1.224646799147E-16,1.));
#450 = DIRECTION('',(1.110223024625E-16,-1.,1.224646799147E-16));
#451 = PCURVE('',#100,#452);
#452 = DEFINITIONAL_REPRESENTATION('',(#453),#461);
#453 = ( BOUNDED_CURVE() B_SPLINE_CURVE(2,(#454,#455,#456,#457,#458,#459
,#460),.UNSPECIFIED.,.T.,.F.) B_SPLINE_CURVE_WITH_KNOTS((1,2,2,2,2,1),(
    -2.094395102393,0.,2.094395102393,4.188790204786,6.28318530718,
8.377580409573),.UNSPECIFIED.) CURVE() GEOMETRIC_REPRESENTATION_ITEM() 
RATIONAL_B_SPLINE_CURVE((1.,0.5,1.,0.5,1.,0.5,1.)) REPRESENTATION_ITEM(
  '') );
#454 = CARTESIAN_POINT('',(7.049585384076E-15,69.85));
#455 = CARTESIAN_POINT('',(16.541085212283,69.85));
#456 = CARTESIAN_POINT('',(8.270542606141,55.525));
#457 = CARTESIAN_POINT('',(6.207871804896E-15,41.2));
#458 = CARTESIAN_POINT('',(-8.270542606141,55.525));
#459 = CARTESIAN_POINT('',(-16.54108521228,69.85));
#460 = CARTESIAN_POINT('',(7.049585384076E-15,69.85));
#461 = ( GEOMETRIC_REPRESENTATION_CONTEXT(2) 
PARAMETRIC_REPRESENTATION_CONTEXT() REPRESENTATION_CONTEXT('2D SPACE',''
  ) );
#462 = PCURVE('',#303,#463);
#463 = DEFINITIONAL_REPRESENTATION('',(#464),#468);
#464 = LINE('',#465,#466);
#465 = CARTESIAN_POINT('',(-6.28318530718,-20.1));
#466 = VECTOR('',#467,1.);
#467 = DIRECTION('',(1.,-0.));
#468 = ( GEOMETRIC_REPRESENTATION_CONTEXT(2) 
PARAMETRIC_REPRESENTATION_CONTEXT() REPRESENTATION_CONTEXT('2D SPACE',''
  ) );
#469 = ADVANCED_FACE('',(#470),#167,.F.);
#470 = FACE_BOUND('',#471,.T.);
#471 = EDGE_LOOP('',(#472,#473,#494,#495));
#472 = ORIENTED_EDGE('',*,*,#146,.T.);
#473 = ORIENTED_EDGE('',*,*,#474,.T.);
#474 = EDGE_CURVE('',#147,#322,#475,.T.);
#475 = SEAM_CURVE('',#476,(#480,#487),.PCURVE_S1.);
#476 = LINE('',#477,#478);
#477 = CARTESIAN_POINT('',(-1.319745627532E-14,69.85,21.7));
#478 = VECTOR('',#479,1.);
#479 = DIRECTION('',(0.,-1.224646799147E-16,-1.));
#480 = PCURVE('',#167,#481);
#481 = DEFINITIONAL_REPRESENTATION('',(#482),#486);
#482 = LINE('',#483,#484);
#483 = CARTESIAN_POINT('',(-6.28318530718,0.));
#484 = VECTOR('',#485,1.);
#485 = DIRECTION('',(-0.,-1.));
#486 = ( GEOMETRIC_REPRESENTATION_CONTEXT(2) 
PARAMETRIC_REPRESENTATION_CONTEXT() REPRESENTATION_CONTEXT('2D SPACE',''
  ) );
#487 = PCURVE('',#167,#488);
#488 = DEFINITIONAL_REPRESENTATION('',(#489),#493);
#489 = LINE('',#490,#491);
#490 = CARTESIAN_POINT('',(-0.,0.));
#491 = VECTOR('',#492,1.);
#492 = DIRECTION('',(-0.,-1.));
#493 = ( GEOMETRIC_REPRESENTATION_CONTEXT(2) 
PARAMETRIC_REPRESENTATION_CONTEXT() REPRESENTATION_CONTEXT('2D SPACE',''
  ) );
#494 = ORIENTED_EDGE('',*,*,#321,.F.);
#495 = ORIENTED_EDGE('',*,*,#474,.F.);
#496 = ADVANCED_FACE('',(#497),#202,.F.);
#497 = FACE_BOUND('',#498,.T.);
#498 = EDGE_LOOP('',(#499,#500,#521,#522));
#499 = ORIENTED_EDGE('',*,*,#181,.T.);
#500 = ORIENTED_EDGE('',*,*,#501,.T.);
#501 = EDGE_CURVE('',#182,#352,#502,.T.);
#502 = SEAM_CURVE('',#503,(#507,#514),.PCURVE_S1.);
#503 = LINE('',#504,#505);
#504 = CARTESIAN_POINT('',(-69.85,-8.43169321213E-15,21.7));
#505 = VECTOR('',#506,1.);
#506 = DIRECTION('',(0.,-1.224646799147E-16,-1.));
#507 = PCURVE('',#202,#508);
#508 = DEFINITIONAL_REPRESENTATION('',(#509),#513);
#509 = LINE('',#510,#511);
#510 = CARTESIAN_POINT('',(-6.28318530718,0.));
#511 = VECTOR('',#512,1.);
#512 = DIRECTION('',(-0.,-1.));
#513 = ( GEOMETRIC_REPRESENTATION_CONTEXT(2) 
PARAMETRIC_REPRESENTATION_CONTEXT() REPRESENTATION_CONTEXT('2D SPACE',''
  ) );
#514 = PCURVE('',#202,#515);
#515 = DEFINITIONAL_REPRESENTATION('',(#516),#520);
#516 = LINE('',#517,#518);
#517 = CARTESIAN_POINT('',(-0.,0.));
#518 = VECTOR('',#519,1.);
#519 = DIRECTION('',(-0.,-1.));
#520 = ( GEOMETRIC_REPRESENTATION_CONTEXT(2) 
PARAMETRIC_REPRESENTATION_CONTEXT() REPRESENTATION_CONTEXT('2D SPACE',''
  ) );
#521 = ORIENTED_EDGE('',*,*,#351,.F.);
#522 = ORIENTED_EDGE('',*,*,#501,.F.);
#523 = ADVANCED_FACE('',(#524),#233,.T.);
#524 = FACE_BOUND('',#525,.F.);
#525 = EDGE_LOOP('',(#526,#527,#550,#577));
#526 = ORIENTED_EDGE('',*,*,#216,.T.);
#527 = ORIENTED_EDGE('',*,*,#528,.T.);
#528 = EDGE_CURVE('',#217,#529,#531,.T.);
#529 = VERTEX_POINT('',#530);
#530 = CARTESIAN_POINT('',(42.05,6.123233995737E-16,25.7));
#531 = SEAM_CURVE('',#532,(#536,#543),.PCURVE_S1.);
#532 = LINE('',#533,#534);
#533 = CARTESIAN_POINT('',(42.05,0.,20.7));
#534 = VECTOR('',#535,1.);
#535 = DIRECTION('',(0.,1.224646799147E-16,1.));
#536 = PCURVE('',#233,#537);
#537 = DEFINITIONAL_REPRESENTATION('',(#538),#542);
#538 = LINE('',#539,#540);
#539 = CARTESIAN_POINT('',(-0.,0.));
#540 = VECTOR('',#541,1.);
#541 = DIRECTION('',(-0.,1.));
#542 = ( GEOMETRIC_REPRESENTATION_CONTEXT(2) 
PARAMETRIC_REPRESENTATION_CONTEXT() REPRESENTATION_CONTEXT('2D SPACE',''
  ) );
#543 = PCURVE('',#233,#544);
#544 = DEFINITIONAL_REPRESENTATION('',(#545),#549);
#545 = LINE('',#546,#547);
#546 = CARTESIAN_POINT('',(-6.28318530718,0.));
#547 = VECTOR('',#548,1.);
#548 = DIRECTION('',(-0.,1.));
#549 = ( GEOMETRIC_REPRESENTATION_CONTEXT(2) 
PARAMETRIC_REPRESENTATION_CONTEXT() REPRESENTATION_CONTEXT('2D SPACE',''
  ) );
#550 = ORIENTED_EDGE('',*,*,#551,.F.);
#551 = EDGE_CURVE('',#529,#529,#552,.T.);
#552 = SURFACE_CURVE('',#553,(#558,#565),.PCURVE_S1.);
#553 = CIRCLE('',#554,42.05);
#554 = AXIS2_PLACEMENT_3D('',#555,#556,#557);
#555 = CARTESIAN_POINT('',(0.,6.123233995737E-16,25.7));
#556 = DIRECTION('',(0.,-1.224646799147E-16,-1.));
#557 = DIRECTION('',(1.,0.,0.));
#558 = PCURVE('',#233,#559);
#559 = DEFINITIONAL_REPRESENTATION('',(#560),#564);
#560 = LINE('',#561,#562);
#561 = CARTESIAN_POINT('',(-0.,5.));
#562 = VECTOR('',#563,1.);
#563 = DIRECTION('',(-1.,0.));
#564 = ( GEOMETRIC_REPRESENTATION_CONTEXT(2) 
PARAMETRIC_REPRESENTATION_CONTEXT() REPRESENTATION_CONTEXT('2D SPACE',''
  ) );
#565 = PCURVE('',#566,#571);
#566 = CONICAL_SURFACE('',#567,42.05,0.248487420657);
#567 = AXIS2_PLACEMENT_3D('',#568,#569,#570);
#568 = CARTESIAN_POINT('',(0.,6.123233995737E-16,25.7));
#569 = DIRECTION('',(0.,-1.224646799147E-16,-1.));
#570 = DIRECTION('',(1.,0.,0.));
#571 = DEFINITIONAL_REPRESENTATION('',(#572),#576);
#572 = LINE('',#573,#574);
#573 = CARTESIAN_POINT('',(0.,-0.));
#574 = VECTOR('',#575,1.);
#575 = DIRECTION('',(1.,-0.));
#576 = ( GEOMETRIC_REPRESENTATION_CONTEXT(2) 
PARAMETRIC_REPRESENTATION_CONTEXT() REPRESENTATION_CONTEXT('2D SPACE',''
  ) );
#577 = ORIENTED_EDGE('',*,*,#528,.F.);
#578 = ADVANCED_FACE('',(#579),#268,.F.);
#579 = FACE_BOUND('',#580,.T.);
#580 = EDGE_LOOP('',(#581,#582,#603,#604));
#581 = ORIENTED_EDGE('',*,*,#247,.T.);
#582 = ORIENTED_EDGE('',*,*,#583,.T.);
#583 = EDGE_CURVE('',#248,#413,#584,.T.);
#584 = SEAM_CURVE('',#585,(#589,#596),.PCURVE_S1.);
#585 = LINE('',#586,#587);
#586 = CARTESIAN_POINT('',(69.85,1.224646799147E-16,21.7));
#587 = VECTOR('',#588,1.);
#588 = DIRECTION('',(0.,-1.224646799147E-16,-1.));
#589 = PCURVE('',#268,#590);
#590 = DEFINITIONAL_REPRESENTATION('',(#591),#595);
#591 = LINE('',#592,#593);
#592 = CARTESIAN_POINT('',(-6.28318530718,0.));
#593 = VECTOR('',#594,1.);
#594 = DIRECTION('',(-0.,-1.));
#595 = ( GEOMETRIC_REPRESENTATION_CONTEXT(2) 
PARAMETRIC_REPRESENTATION_CONTEXT() REPRESENTATION_CONTEXT('2D SPACE',''
  ) );
#596 = PCURVE('',#268,#597);
#597 = DEFINITIONAL_REPRESENTATION('',(#598),#602);
#598 = LINE('',#599,#600);
#599 = CARTESIAN_POINT('',(-0.,0.));
#600 = VECTOR('',#601,1.);
#601 = DIRECTION('',(-0.,-1.));
#602 = ( GEOMETRIC_REPRESENTATION_CONTEXT(2) 
PARAMETRIC_REPRESENTATION_CONTEXT() REPRESENTATION_CONTEXT('2D SPACE',''
  ) );
#603 = ORIENTED_EDGE('',*,*,#412,.F.);
#604 = ORIENTED_EDGE('',*,*,#583,.F.);
#605 = ADVANCED_FACE('',(#606),#303,.F.);
#606 = FACE_BOUND('',#607,.T.);
#607 = EDGE_LOOP('',(#608,#609,#630,#631));
#608 = ORIENTED_EDGE('',*,*,#282,.T.);
#609 = ORIENTED_EDGE('',*,*,#610,.T.);
#610 = EDGE_CURVE('',#283,#443,#611,.T.);
#611 = SEAM_CURVE('',#612,(#616,#623),.PCURVE_S1.);
#612 = LINE('',#613,#614);
#613 = CARTESIAN_POINT('',(4.752573087946E-15,-69.85,21.7));
#614 = VECTOR('',#615,1.);
#615 = DIRECTION('',(0.,-1.224646799147E-16,-1.));
#616 = PCURVE('',#303,#617);
#617 = DEFINITIONAL_REPRESENTATION('',(#618),#622);
#618 = LINE('',#619,#620);
#619 = CARTESIAN_POINT('',(-6.28318530718,0.));
#620 = VECTOR('',#621,1.);
#621 = DIRECTION('',(-0.,-1.));
#622 = ( GEOMETRIC_REPRESENTATION_CONTEXT(2) 
PARAMETRIC_REPRESENTATION_CONTEXT() REPRESENTATION_CONTEXT('2D SPACE',''
  ) );
#623 = PCURVE('',#303,#624);
#624 = DEFINITIONAL_REPRESENTATION('',(#625),#629);
#625 = LINE('',#626,#627);
#626 = CARTESIAN_POINT('',(-0.,0.));
#627 = VECTOR('',#628,1.);
#628 = DIRECTION('',(-0.,-1.));
#629 = ( GEOMETRIC_REPRESENTATION_CONTEXT(2) 
PARAMETRIC_REPRESENTATION_CONTEXT() REPRESENTATION_CONTEXT('2D SPACE',''
  ) );
#630 = ORIENTED_EDGE('',*,*,#442,.F.);
#631 = ORIENTED_EDGE('',*,*,#610,.F.);
#632 = ADVANCED_FACE('',(#633),#398,.T.);
#633 = FACE_BOUND('',#634,.F.);
#634 = EDGE_LOOP('',(#635,#658,#685,#686));
#635 = ORIENTED_EDGE('',*,*,#636,.T.);
#636 = EDGE_CURVE('',#382,#637,#639,.T.);
#637 = VERTEX_POINT('',#638);
#638 = CARTESIAN_POINT('',(46.05,-2.535018874235E-15,0.));
#639 = SEAM_CURVE('',#640,(#644,#651),.PCURVE_S1.);
#640 = LINE('',#641,#642);
#641 = CARTESIAN_POINT('',(46.05,-2.339075386371E-15,1.6));
#642 = VECTOR('',#643,1.);
#643 = DIRECTION('',(0.,-1.224646799147E-16,-1.));
#644 = PCURVE('',#398,#645);
#645 = DEFINITIONAL_REPRESENTATION('',(#646),#650);
#646 = LINE('',#647,#648);
#647 = CARTESIAN_POINT('',(-0.,0.));
#648 = VECTOR('',#649,1.);
#649 = DIRECTION('',(-0.,-1.));
#650 = ( GEOMETRIC_REPRESENTATION_CONTEXT(2) 
PARAMETRIC_REPRESENTATION_CONTEXT() REPRESENTATION_CONTEXT('2D SPACE',''
  ) );
#651 = PCURVE('',#398,#652);
#652 = DEFINITIONAL_REPRESENTATION('',(#653),#657);
#653 = LINE('',#654,#655);
#654 = CARTESIAN_POINT('',(-6.28318530718,0.));
#655 = VECTOR('',#656,1.);
#656 = DIRECTION('',(-0.,-1.));
#657 = ( GEOMETRIC_REPRESENTATION_CONTEXT(2) 
PARAMETRIC_REPRESENTATION_CONTEXT() REPRESENTATION_CONTEXT('2D SPACE',''
  ) );
#658 = ORIENTED_EDGE('',*,*,#659,.T.);
#659 = EDGE_CURVE('',#637,#637,#660,.T.);
#660 = SURFACE_CURVE('',#661,(#666,#673),.PCURVE_S1.);
#661 = CIRCLE('',#662,46.05);
#662 = AXIS2_PLACEMENT_3D('',#663,#664,#665);
#663 = CARTESIAN_POINT('',(0.,-2.535018874235E-15,0.));
#664 = DIRECTION('',(0.,-1.224646799147E-16,-1.));
#665 = DIRECTION('',(1.,0.,0.));
#666 = PCURVE('',#398,#667);
#667 = DEFINITIONAL_REPRESENTATION('',(#668),#672);
#668 = LINE('',#669,#670);
#669 = CARTESIAN_POINT('',(-0.,-1.6));
#670 = VECTOR('',#671,1.);
#671 = DIRECTION('',(-1.,0.));
#672 = ( GEOMETRIC_REPRESENTATION_CONTEXT(2) 
PARAMETRIC_REPRESENTATION_CONTEXT() REPRESENTATION_CONTEXT('2D SPACE',''
  ) );
#673 = PCURVE('',#674,#679);
#674 = PLANE('',#675);
#675 = AXIS2_PLACEMENT_3D('',#676,#677,#678);
#676 = CARTESIAN_POINT('',(-2.850689527118E-15,-6.35656509178E-15,0.));
#677 = DIRECTION('',(0.,-1.224646799147E-16,-1.));
#678 = DIRECTION('',(1.,0.,0.));
#679 = DEFINITIONAL_REPRESENTATION('',(#680),#684);
#680 = CIRCLE('',#681,46.05);
#681 = AXIS2_PLACEMENT_2D('',#682,#683);
#682 = CARTESIAN_POINT('',(2.850689527118E-15,-3.821546217545E-15));
#683 = DIRECTION('',(1.,0.));
#684 = ( GEOMETRIC_REPRESENTATION_CONTEXT(2) 
PARAMETRIC_REPRESENTATION_CONTEXT() REPRESENTATION_CONTEXT('2D SPACE',''
  ) );
#685 = ORIENTED_EDGE('',*,*,#636,.F.);
#686 = ORIENTED_EDGE('',*,*,#381,.F.);
#687 = ADVANCED_FACE('',(#688),#566,.T.);
#688 = FACE_BOUND('',#689,.F.);
#689 = EDGE_LOOP('',(#690,#691,#714,#741));
#690 = ORIENTED_EDGE('',*,*,#551,.T.);
#691 = ORIENTED_EDGE('',*,*,#692,.T.);
#692 = EDGE_CURVE('',#529,#693,#695,.T.);
#693 = VERTEX_POINT('',#694);
#694 = CARTESIAN_POINT('',(30.15,6.355916887575E-15,72.6));
#695 = SEAM_CURVE('',#696,(#700,#707),.PCURVE_S1.);
#696 = LINE('',#697,#698);
#697 = CARTESIAN_POINT('',(42.05,6.123233995737E-16,25.7));
#698 = VECTOR('',#699,1.);
#699 = DIRECTION('',(-0.245938119882,1.187032423367E-16,0.969285531301)
  );
#700 = PCURVE('',#566,#701);
#701 = DEFINITIONAL_REPRESENTATION('',(#702),#706);
#702 = LINE('',#703,#704);
#703 = CARTESIAN_POINT('',(0.,-0.));
#704 = VECTOR('',#705,1.);
#705 = DIRECTION('',(0.,-1.));
#706 = ( GEOMETRIC_REPRESENTATION_CONTEXT(2) 
PARAMETRIC_REPRESENTATION_CONTEXT() REPRESENTATION_CONTEXT('2D SPACE',''
  ) );
#707 = PCURVE('',#566,#708);
#708 = DEFINITIONAL_REPRESENTATION('',(#709),#713);
#709 = LINE('',#710,#711);
#710 = CARTESIAN_POINT('',(6.28318530718,-0.));
#711 = VECTOR('',#712,1.);
#712 = DIRECTION('',(0.,-1.));
#713 = ( GEOMETRIC_REPRESENTATION_CONTEXT(2) 
PARAMETRIC_REPRESENTATION_CONTEXT() REPRESENTATION_CONTEXT('2D SPACE',''
  ) );
#714 = ORIENTED_EDGE('',*,*,#715,.F.);
#715 = EDGE_CURVE('',#693,#693,#716,.T.);
#716 = SURFACE_CURVE('',#717,(#722,#729),.PCURVE_S1.);
#717 = CIRCLE('',#718,30.15);
#718 = AXIS2_PLACEMENT_3D('',#719,#720,#721);
#719 = CARTESIAN_POINT('',(0.,6.355916887575E-15,72.6));
#720 = DIRECTION('',(0.,-1.224646799147E-16,-1.));
#721 = DIRECTION('',(1.,0.,0.));
#722 = PCURVE('',#566,#723);
#723 = DEFINITIONAL_REPRESENTATION('',(#724),#728);
#724 = LINE('',#725,#726);
#725 = CARTESIAN_POINT('',(0.,-46.9));
#726 = VECTOR('',#727,1.);
#727 = DIRECTION('',(1.,-0.));
#728 = ( GEOMETRIC_REPRESENTATION_CONTEXT(2) 
PARAMETRIC_REPRESENTATION_CONTEXT() REPRESENTATION_CONTEXT('2D SPACE',''
  ) );
#729 = PCURVE('',#730,#735);
#730 = CYLINDRICAL_SURFACE('',#731,30.15);
#731 = AXIS2_PLACEMENT_3D('',#732,#733,#734);
#732 = CARTESIAN_POINT('',(0.,6.355916887575E-15,72.6));
#733 = DIRECTION('',(-0.,1.224646799147E-16,1.));
#734 = DIRECTION('',(1.,0.,0.));
#735 = DEFINITIONAL_REPRESENTATION('',(#736),#740);
#736 = LINE('',#737,#738);
#737 = CARTESIAN_POINT('',(-0.,0.));
#738 = VECTOR('',#739,1.);
#739 = DIRECTION('',(-1.,0.));
#740 = ( GEOMETRIC_REPRESENTATION_CONTEXT(2) 
PARAMETRIC_REPRESENTATION_CONTEXT() REPRESENTATION_CONTEXT('2D SPACE',''
  ) );
#741 = ORIENTED_EDGE('',*,*,#692,.F.);
#742 = ADVANCED_FACE('',(#743,#746),#674,.T.);
#743 = FACE_BOUND('',#744,.T.);
#744 = EDGE_LOOP('',(#745));
#745 = ORIENTED_EDGE('',*,*,#659,.T.);
#746 = FACE_BOUND('',#747,.T.);
#747 = EDGE_LOOP('',(#748));
#748 = ORIENTED_EDGE('',*,*,#749,.T.);
#749 = EDGE_CURVE('',#750,#750,#752,.T.);
#750 = VERTEX_POINT('',#751);
#751 = CARTESIAN_POINT('',(26.24,-2.535018874235E-15,7.105427357601E-15)
  );
#752 = SURFACE_CURVE('',#753,(#758,#769),.PCURVE_S1.);
#753 = CIRCLE('',#754,26.24);
#754 = AXIS2_PLACEMENT_3D('',#755,#756,#757);
#755 = CARTESIAN_POINT('',(0.,-2.535018874235E-15,7.105427357601E-15));
#756 = DIRECTION('',(-0.,1.224646799147E-16,1.));
#757 = DIRECTION('',(1.,0.,0.));
#758 = PCURVE('',#674,#759);
#759 = DEFINITIONAL_REPRESENTATION('',(#760),#768);
#760 = ( BOUNDED_CURVE() B_SPLINE_CURVE(2,(#761,#762,#763,#764,#765,#766
,#767),.UNSPECIFIED.,.T.,.F.) B_SPLINE_CURVE_WITH_KNOTS((1,2,2,2,2,1),(
    -2.094395102393,0.,2.094395102393,4.188790204786,6.28318530718,
8.377580409573),.UNSPECIFIED.) CURVE() GEOMETRIC_REPRESENTATION_ITEM() 
RATIONAL_B_SPLINE_CURVE((1.,0.5,1.,0.5,1.,0.5,1.)) REPRESENTATION_ITEM(
  '') );
#761 = CARTESIAN_POINT('',(26.24,-3.821546217545E-15));
#762 = CARTESIAN_POINT('',(26.24,-45.4490131906));
#763 = CARTESIAN_POINT('',(-13.12,-22.7245065953));
#764 = CARTESIAN_POINT('',(-52.48,-1.024849261947E-14));
#765 = CARTESIAN_POINT('',(-13.12,22.724506595304));
#766 = CARTESIAN_POINT('',(26.24,45.449013190607));
#767 = CARTESIAN_POINT('',(26.24,-3.821546217545E-15));
#768 = ( GEOMETRIC_REPRESENTATION_CONTEXT(2) 
PARAMETRIC_REPRESENTATION_CONTEXT() REPRESENTATION_CONTEXT('2D SPACE',''
  ) );
#769 = PCURVE('',#770,#775);
#770 = CYLINDRICAL_SURFACE('',#771,26.24);
#771 = AXIS2_PLACEMENT_3D('',#772,#773,#774);
#772 = CARTESIAN_POINT('',(0.,7.703028366637E-15,83.6));
#773 = DIRECTION('',(-0.,1.224646799147E-16,1.));
#774 = DIRECTION('',(1.,0.,0.));
#775 = DEFINITIONAL_REPRESENTATION('',(#776),#780);
#776 = LINE('',#777,#778);
#777 = CARTESIAN_POINT('',(-6.28318530718,-83.6));
#778 = VECTOR('',#779,1.);
#779 = DIRECTION('',(1.,-0.));
#780 = ( GEOMETRIC_REPRESENTATION_CONTEXT(2) 
PARAMETRIC_REPRESENTATION_CONTEXT() REPRESENTATION_CONTEXT('2D SPACE',''
  ) );
#781 = ADVANCED_FACE('',(#782),#730,.T.);
#782 = FACE_BOUND('',#783,.F.);
#783 = EDGE_LOOP('',(#784,#785,#808,#835));
#784 = ORIENTED_EDGE('',*,*,#715,.T.);
#785 = ORIENTED_EDGE('',*,*,#786,.T.);
#786 = EDGE_CURVE('',#693,#787,#789,.T.);
#787 = VERTEX_POINT('',#788);
#788 = CARTESIAN_POINT('',(30.15,7.213169646978E-15,79.6));
#789 = SEAM_CURVE('',#790,(#794,#801),.PCURVE_S1.);
#790 = LINE('',#791,#792);
#791 = CARTESIAN_POINT('',(30.15,6.355916887575E-15,72.6));
#792 = VECTOR('',#793,1.);
#793 = DIRECTION('',(0.,1.224646799147E-16,1.));
#794 = PCURVE('',#730,#795);
#795 = DEFINITIONAL_REPRESENTATION('',(#796),#800);
#796 = LINE('',#797,#798);
#797 = CARTESIAN_POINT('',(-0.,0.));
#798 = VECTOR('',#799,1.);
#799 = DIRECTION('',(-0.,1.));
#800 = ( GEOMETRIC_REPRESENTATION_CONTEXT(2) 
PARAMETRIC_REPRESENTATION_CONTEXT() REPRESENTATION_CONTEXT('2D SPACE',''
  ) );
#801 = PCURVE('',#730,#802);
#802 = DEFINITIONAL_REPRESENTATION('',(#803),#807);
#803 = LINE('',#804,#805);
#804 = CARTESIAN_POINT('',(-6.28318530718,0.));
#805 = VECTOR('',#806,1.);
#806 = DIRECTION('',(-0.,1.));
#807 = ( GEOMETRIC_REPRESENTATION_CONTEXT(2) 
PARAMETRIC_REPRESENTATION_CONTEXT() REPRESENTATION_CONTEXT('2D SPACE',''
  ) );
#808 = ORIENTED_EDGE('',*,*,#809,.F.);
#809 = EDGE_CURVE('',#787,#787,#810,.T.);
#810 = SURFACE_CURVE('',#811,(#816,#823),.PCURVE_S1.);
#811 = CIRCLE('',#812,30.15);
#812 = AXIS2_PLACEMENT_3D('',#813,#814,#815);
#813 = CARTESIAN_POINT('',(0.,7.213169646978E-15,79.6));
#814 = DIRECTION('',(0.,-1.224646799147E-16,-1.));
#815 = DIRECTION('',(1.,0.,0.));
#816 = PCURVE('',#730,#817);
#817 = DEFINITIONAL_REPRESENTATION('',(#818),#822);
#818 = LINE('',#819,#820);
#819 = CARTESIAN_POINT('',(-0.,7.));
#820 = VECTOR('',#821,1.);
#821 = DIRECTION('',(-1.,0.));
#822 = ( GEOMETRIC_REPRESENTATION_CONTEXT(2) 
PARAMETRIC_REPRESENTATION_CONTEXT() REPRESENTATION_CONTEXT('2D SPACE',''
  ) );
#823 = PCURVE('',#824,#829);
#824 = PLANE('',#825);
#825 = AXIS2_PLACEMENT_3D('',#826,#827,#828);
#826 = CARTESIAN_POINT('',(0.,7.213169646978E-15,79.6));
#827 = DIRECTION('',(0.,-1.224646799147E-16,-1.));
#828 = DIRECTION('',(1.,0.,0.));
#829 = DEFINITIONAL_REPRESENTATION('',(#830),#834);
#830 = CIRCLE('',#831,30.15);
#831 = AXIS2_PLACEMENT_2D('',#832,#833);
#832 = CARTESIAN_POINT('',(0.,0.));
#833 = DIRECTION('',(1.,0.));
#834 = ( GEOMETRIC_REPRESENTATION_CONTEXT(2) 
PARAMETRIC_REPRESENTATION_CONTEXT() REPRESENTATION_CONTEXT('2D SPACE',''
  ) );
#835 = ORIENTED_EDGE('',*,*,#786,.F.);
#836 = ADVANCED_FACE('',(#837),#770,.F.);
#837 = FACE_BOUND('',#838,.T.);
#838 = EDGE_LOOP('',(#839,#840,#863,#885));
#839 = ORIENTED_EDGE('',*,*,#749,.F.);
#840 = ORIENTED_EDGE('',*,*,#841,.T.);
#841 = EDGE_CURVE('',#750,#842,#844,.T.);
#842 = VERTEX_POINT('',#843);
#843 = CARTESIAN_POINT('',(26.24,7.213169646978E-15,79.6));
#844 = SEAM_CURVE('',#845,(#849,#856),.PCURVE_S1.);
#845 = LINE('',#846,#847);
#846 = CARTESIAN_POINT('',(26.24,-2.535018874235E-15,7.105427357601E-15)
  );
#847 = VECTOR('',#848,1.);
#848 = DIRECTION('',(0.,1.224646799147E-16,1.));
#849 = PCURVE('',#770,#850);
#850 = DEFINITIONAL_REPRESENTATION('',(#851),#855);
#851 = LINE('',#852,#853);
#852 = CARTESIAN_POINT('',(-6.28318530718,-83.6));
#853 = VECTOR('',#854,1.);
#854 = DIRECTION('',(0.,1.));
#855 = ( GEOMETRIC_REPRESENTATION_CONTEXT(2) 
PARAMETRIC_REPRESENTATION_CONTEXT() REPRESENTATION_CONTEXT('2D SPACE',''
  ) );
#856 = PCURVE('',#770,#857);
#857 = DEFINITIONAL_REPRESENTATION('',(#858),#862);
#858 = LINE('',#859,#860);
#859 = CARTESIAN_POINT('',(-0.,-83.6));
#860 = VECTOR('',#861,1.);
#861 = DIRECTION('',(0.,1.));
#862 = ( GEOMETRIC_REPRESENTATION_CONTEXT(2) 
PARAMETRIC_REPRESENTATION_CONTEXT() REPRESENTATION_CONTEXT('2D SPACE',''
  ) );
#863 = ORIENTED_EDGE('',*,*,#864,.F.);
#864 = EDGE_CURVE('',#842,#842,#865,.T.);
#865 = SURFACE_CURVE('',#866,(#871,#878),.PCURVE_S1.);
#866 = CIRCLE('',#867,26.24);
#867 = AXIS2_PLACEMENT_3D('',#868,#869,#870);
#868 = CARTESIAN_POINT('',(0.,7.213169646978E-15,79.6));
#869 = DIRECTION('',(0.,-1.224646799147E-16,-1.));
#870 = DIRECTION('',(1.,0.,0.));
#871 = PCURVE('',#770,#872);
#872 = DEFINITIONAL_REPRESENTATION('',(#873),#877);
#873 = LINE('',#874,#875);
#874 = CARTESIAN_POINT('',(-0.,-4.));
#875 = VECTOR('',#876,1.);
#876 = DIRECTION('',(-1.,0.));
#877 = ( GEOMETRIC_REPRESENTATION_CONTEXT(2) 
PARAMETRIC_REPRESENTATION_CONTEXT() REPRESENTATION_CONTEXT('2D SPACE',''
  ) );
#878 = PCURVE('',#824,#879);
#879 = DEFINITIONAL_REPRESENTATION('',(#880),#884);
#880 = CIRCLE('',#881,26.24);
#881 = AXIS2_PLACEMENT_2D('',#882,#883);
#882 = CARTESIAN_POINT('',(0.,0.));
#883 = DIRECTION('',(1.,0.));
#884 = ( GEOMETRIC_REPRESENTATION_CONTEXT(2) 
PARAMETRIC_REPRESENTATION_CONTEXT() REPRESENTATION_CONTEXT('2D SPACE',''
  ) );
#885 = ORIENTED_EDGE('',*,*,#841,.F.);
#886 = ADVANCED_FACE('',(#887,#890),#824,.F.);
#887 = FACE_BOUND('',#888,.F.);
#888 = EDGE_LOOP('',(#889));
#889 = ORIENTED_EDGE('',*,*,#809,.T.);
#890 = FACE_BOUND('',#891,.F.);
#891 = EDGE_LOOP('',(#892));
#892 = ORIENTED_EDGE('',*,*,#864,.F.);
#893 = ( GEOMETRIC_REPRESENTATION_CONTEXT(3) 
GLOBAL_UNCERTAINTY_ASSIGNED_CONTEXT((#897)) GLOBAL_UNIT_ASSIGNED_CONTEXT
((#894,#895,#896)) REPRESENTATION_CONTEXT('Context #1',
  '3D Context with UNIT and UNCERTAINTY') );
#894 = ( LENGTH_UNIT() NAMED_UNIT(*) SI_UNIT(.MILLI.,.METRE.) );
#895 = ( NAMED_UNIT(*) PLANE_ANGLE_UNIT() SI_UNIT($,.RADIAN.) );
#896 = ( NAMED_UNIT(*) SI_UNIT($,.STERADIAN.) SOLID_ANGLE_UNIT() );
#897 = UNCERTAINTY_MEASURE_WITH_UNIT(LENGTH_MEASURE(1.E-07),#894,
  'distance_accuracy_value','confusion accuracy');
#898 = CONTEXT_DEPENDENT_SHAPE_REPRESENTATION(#899,#901);
#899 = ( REPRESENTATION_RELATIONSHIP('','',#48,#10) 
REPRESENTATION_RELATIONSHIP_WITH_TRANSFORMATION(#900) 
SHAPE_REPRESENTATION_RELATIONSHIP() );
#900 = ITEM_DEFINED_TRANSFORMATION('','',#11,#15);
#901 = PRODUCT_DEFINITION_SHAPE('Placement','Placement of an item',#902
  );
#902 = NEXT_ASSEMBLY_USAGE_OCCURRENCE('23','','',#5,#43,$);
#903 = PRODUCT_RELATED_PRODUCT_CATEGORY('part',$,(#45));
#904 = SHAPE_DEFINITION_REPRESENTATION(#905,#911);
#905 = PRODUCT_DEFINITION_SHAPE('','',#906);
#906 = PRODUCT_DEFINITION('design','',#907,#910);
#907 = PRODUCT_DEFINITION_FORMATION('','',#908);
#908 = PRODUCT('Open CASCADE STEP translator 7.8 17.2',
  'Open CASCADE STEP translator 7.8 17.2','',(#909));
#909 = PRODUCT_CONTEXT('',#2,'mechanical');
#910 = PRODUCT_DEFINITION_CONTEXT('part definition',#2,'design');
#911 = ADVANCED_BREP_SHAPE_REPRESENTATION('',(#11,#912),#1094);
#912 = MANIFOLD_SOLID_BREP('',#913);
#913 = CLOSED_SHELL('',(#914,#1002,#1080,#1087));
#914 = ADVANCED_FACE('',(#915),#929,.T.);
#915 = FACE_BOUND('',#916,.F.);
#916 = EDGE_LOOP('',(#917,#947,#974,#975));
#917 = ORIENTED_EDGE('',*,*,#918,.T.);
#918 = EDGE_CURVE('',#919,#921,#923,.T.);
#919 = VERTEX_POINT('',#920);
#920 = CARTESIAN_POINT('',(30.15,0.,85.6));
#921 = VERTEX_POINT('',#922);
#922 = CARTESIAN_POINT('',(30.15,0.,295.5));
#923 = SEAM_CURVE('',#924,(#928,#940),.PCURVE_S1.);
#924 = LINE('',#925,#926);
#925 = CARTESIAN_POINT('',(30.15,0.,85.6));
#926 = VECTOR('',#927,1.);
#927 = DIRECTION('',(0.,0.,1.));
#928 = PCURVE('',#929,#934);
#929 = CYLINDRICAL_SURFACE('',#930,30.15);
#930 = AXIS2_PLACEMENT_3D('',#931,#932,#933);
#931 = CARTESIAN_POINT('',(0.,0.,85.6));
#932 = DIRECTION('',(-0.,-0.,-1.));
#933 = DIRECTION('',(1.,0.,0.));
#934 = DEFINITIONAL_REPRESENTATION('',(#935),#939);
#935 = LINE('',#936,#937);
#936 = CARTESIAN_POINT('',(-0.,0.));
#937 = VECTOR('',#938,1.);
#938 = DIRECTION('',(-0.,-1.));
#939 = ( GEOMETRIC_REPRESENTATION_CONTEXT(2) 
PARAMETRIC_REPRESENTATION_CONTEXT() REPRESENTATION_CONTEXT('2D SPACE',''
  ) );
#940 = PCURVE('',#929,#941);
#941 = DEFINITIONAL_REPRESENTATION('',(#942),#946);
#942 = LINE('',#943,#944);
#943 = CARTESIAN_POINT('',(-6.28318530718,0.));
#944 = VECTOR('',#945,1.);
#945 = DIRECTION('',(-0.,-1.));
#946 = ( GEOMETRIC_REPRESENTATION_CONTEXT(2) 
PARAMETRIC_REPRESENTATION_CONTEXT() REPRESENTATION_CONTEXT('2D SPACE',''
  ) );
#947 = ORIENTED_EDGE('',*,*,#948,.T.);
#948 = EDGE_CURVE('',#921,#921,#949,.T.);
#949 = SURFACE_CURVE('',#950,(#955,#962),.PCURVE_S1.);
#950 = CIRCLE('',#951,30.15);
#951 = AXIS2_PLACEMENT_3D('',#952,#953,#954);
#952 = CARTESIAN_POINT('',(0.,0.,295.5));
#953 = DIRECTION('',(0.,0.,1.));
#954 = DIRECTION('',(1.,0.,0.));
#955 = PCURVE('',#929,#956);
#956 = DEFINITIONAL_REPRESENTATION('',(#957),#961);
#957 = LINE('',#958,#959);
#958 = CARTESIAN_POINT('',(-0.,-209.9));
#959 = VECTOR('',#960,1.);
#960 = DIRECTION('',(-1.,0.));
#961 = ( GEOMETRIC_REPRESENTATION_CONTEXT(2) 
PARAMETRIC_REPRESENTATION_CONTEXT() REPRESENTATION_CONTEXT('2D SPACE',''
  ) );
#962 = PCURVE('',#963,#968);
#963 = PLANE('',#964);
#964 = AXIS2_PLACEMENT_3D('',#965,#966,#967);
#965 = CARTESIAN_POINT('',(-1.451346077654E-15,3.123268199818E-15,295.5)
  );
#966 = DIRECTION('',(0.,0.,1.));
#967 = DIRECTION('',(1.,0.,-0.));
#968 = DEFINITIONAL_REPRESENTATION('',(#969),#973);
#969 = CIRCLE('',#970,30.15);
#970 = AXIS2_PLACEMENT_2D('',#971,#972);
#971 = CARTESIAN_POINT('',(1.451346077654E-15,-3.123268199818E-15));
#972 = DIRECTION('',(1.,0.));
#973 = ( GEOMETRIC_REPRESENTATION_CONTEXT(2) 
PARAMETRIC_REPRESENTATION_CONTEXT() REPRESENTATION_CONTEXT('2D SPACE',''
  ) );
#974 = ORIENTED_EDGE('',*,*,#918,.F.);
#975 = ORIENTED_EDGE('',*,*,#976,.F.);
#976 = EDGE_CURVE('',#919,#919,#977,.T.);
#977 = SURFACE_CURVE('',#978,(#983,#990),.PCURVE_S1.);
#978 = CIRCLE('',#979,30.15);
#979 = AXIS2_PLACEMENT_3D('',#980,#981,#982);
#980 = CARTESIAN_POINT('',(0.,0.,85.6));
#981 = DIRECTION('',(0.,0.,1.));
#982 = DIRECTION('',(1.,0.,0.));
#983 = PCURVE('',#929,#984);
#984 = DEFINITIONAL_REPRESENTATION('',(#985),#989);
#985 = LINE('',#986,#987);
#986 = CARTESIAN_POINT('',(-0.,0.));
#987 = VECTOR('',#988,1.);
#988 = DIRECTION('',(-1.,0.));
#989 = ( GEOMETRIC_REPRESENTATION_CONTEXT(2) 
PARAMETRIC_REPRESENTATION_CONTEXT() REPRESENTATION_CONTEXT('2D SPACE',''
  ) );
#990 = PCURVE('',#991,#996);
#991 = PLANE('',#992);
#992 = AXIS2_PLACEMENT_3D('',#993,#994,#995);
#993 = CARTESIAN_POINT('',(-1.451346077654E-15,3.123268199818E-15,85.6)
  );
#994 = DIRECTION('',(0.,0.,1.));
#995 = DIRECTION('',(1.,0.,-0.));
#996 = DEFINITIONAL_REPRESENTATION('',(#997),#1001);
#997 = CIRCLE('',#998,30.15);
#998 = AXIS2_PLACEMENT_2D('',#999,#1000);
#999 = CARTESIAN_POINT('',(1.451346077654E-15,-3.123268199818E-15));
#1000 = DIRECTION('',(1.,0.));
#1001 = ( GEOMETRIC_REPRESENTATION_CONTEXT(2) 
PARAMETRIC_REPRESENTATION_CONTEXT() REPRESENTATION_CONTEXT('2D SPACE',''
  ) );
#1002 = ADVANCED_FACE('',(#1003),#1017,.F.);
#1003 = FACE_BOUND('',#1004,.T.);
#1004 = EDGE_LOOP('',(#1005,#1035,#1057,#1058));
#1005 = ORIENTED_EDGE('',*,*,#1006,.T.);
#1006 = EDGE_CURVE('',#1007,#1009,#1011,.T.);
#1007 = VERTEX_POINT('',#1008);
#1008 = CARTESIAN_POINT('',(26.24,9.426769296983E-16,85.6));
#1009 = VERTEX_POINT('',#1010);
#1010 = CARTESIAN_POINT('',(26.24,9.426769296983E-16,295.5));
#1011 = SEAM_CURVE('',#1012,(#1016,#1028),.PCURVE_S1.);
#1012 = LINE('',#1013,#1014);
#1013 = CARTESIAN_POINT('',(26.24,9.426769296983E-16,85.6));
#1014 = VECTOR('',#1015,1.);
#1015 = DIRECTION('',(0.,0.,1.));
#1016 = PCURVE('',#1017,#1022);
#1017 = CYLINDRICAL_SURFACE('',#1018,26.24);
#1018 = AXIS2_PLACEMENT_3D('',#1019,#1020,#1021);
#1019 = CARTESIAN_POINT('',(1.432868933141E-13,9.426769296983E-16,85.6)
  );
#1020 = DIRECTION('',(-0.,-0.,-1.));
#1021 = DIRECTION('',(1.,0.,0.));
#1022 = DEFINITIONAL_REPRESENTATION('',(#1023),#1027);
#1023 = LINE('',#1024,#1025);
#1024 = CARTESIAN_POINT('',(-0.,0.));
#1025 = VECTOR('',#1026,1.);
#1026 = DIRECTION('',(-0.,-1.));
#1027 = ( GEOMETRIC_REPRESENTATION_CONTEXT(2) 
PARAMETRIC_REPRESENTATION_CONTEXT() REPRESENTATION_CONTEXT('2D SPACE',''
  ) );
#1028 = PCURVE('',#1017,#1029);
#1029 = DEFINITIONAL_REPRESENTATION('',(#1030),#1034);
#1030 = LINE('',#1031,#1032);
#1031 = CARTESIAN_POINT('',(-6.28318530718,0.));
#1032 = VECTOR('',#1033,1.);
#1033 = DIRECTION('',(-0.,-1.));
#1034 = ( GEOMETRIC_REPRESENTATION_CONTEXT(2) 
PARAMETRIC_REPRESENTATION_CONTEXT() REPRESENTATION_CONTEXT('2D SPACE',''
  ) );
#1035 = ORIENTED_EDGE('',*,*,#1036,.T.);
#1036 = EDGE_CURVE('',#1009,#1009,#1037,.T.);
#1037 = SURFACE_CURVE('',#1038,(#1043,#1050),.PCURVE_S1.);
#1038 = CIRCLE('',#1039,26.24);
#1039 = AXIS2_PLACEMENT_3D('',#1040,#1041,#1042);
#1040 = CARTESIAN_POINT('',(1.432868933141E-13,9.426769296983E-16,295.5)
  );
#1041 = DIRECTION('',(0.,0.,1.));
#1042 = DIRECTION('',(1.,0.,0.));
#1043 = PCURVE('',#1017,#1044);
#1044 = DEFINITIONAL_REPRESENTATION('',(#1045),#1049);
#1045 = LINE('',#1046,#1047);
#1046 = CARTESIAN_POINT('',(-0.,-209.9));
#1047 = VECTOR('',#1048,1.);
#1048 = DIRECTION('',(-1.,0.));
#1049 = ( GEOMETRIC_REPRESENTATION_CONTEXT(2) 
PARAMETRIC_REPRESENTATION_CONTEXT() REPRESENTATION_CONTEXT('2D SPACE',''
  ) );
#1050 = PCURVE('',#963,#1051);
#1051 = DEFINITIONAL_REPRESENTATION('',(#1052),#1056);
#1052 = CIRCLE('',#1053,26.24);
#1053 = AXIS2_PLACEMENT_2D('',#1054,#1055);
#1054 = CARTESIAN_POINT('',(1.447382393918E-13,-2.18059127012E-15));
#1055 = DIRECTION('',(1.,0.));
#1056 = ( GEOMETRIC_REPRESENTATION_CONTEXT(2) 
PARAMETRIC_REPRESENTATION_CONTEXT() REPRESENTATION_CONTEXT('2D SPACE',''
  ) );
#1057 = ORIENTED_EDGE('',*,*,#1006,.F.);
#1058 = ORIENTED_EDGE('',*,*,#1059,.F.);
#1059 = EDGE_CURVE('',#1007,#1007,#1060,.T.);
#1060 = SURFACE_CURVE('',#1061,(#1066,#1073),.PCURVE_S1.);
#1061 = CIRCLE('',#1062,26.24);
#1062 = AXIS2_PLACEMENT_3D('',#1063,#1064,#1065);
#1063 = CARTESIAN_POINT('',(1.432868933141E-13,9.426769296983E-16,85.6)
  );
#1064 = DIRECTION('',(0.,0.,1.));
#1065 = DIRECTION('',(1.,0.,0.));
#1066 = PCURVE('',#1017,#1067);
#1067 = DEFINITIONAL_REPRESENTATION('',(#1068),#1072);
#1068 = LINE('',#1069,#1070);
#1069 = CARTESIAN_POINT('',(-0.,0.));
#1070 = VECTOR('',#1071,1.);
#1071 = DIRECTION('',(-1.,0.));
#1072 = ( GEOMETRIC_REPRESENTATION_CONTEXT(2) 
PARAMETRIC_REPRESENTATION_CONTEXT() REPRESENTATION_CONTEXT('2D SPACE',''
  ) );
#1073 = PCURVE('',#991,#1074);
#1074 = DEFINITIONAL_REPRESENTATION('',(#1075),#1079);
#1075 = CIRCLE('',#1076,26.24);
#1076 = AXIS2_PLACEMENT_2D('',#1077,#1078);
#1077 = CARTESIAN_POINT('',(1.447382393918E-13,-2.18059127012E-15));
#1078 = DIRECTION('',(1.,0.));
#1079 = ( GEOMETRIC_REPRESENTATION_CONTEXT(2) 
PARAMETRIC_REPRESENTATION_CONTEXT() REPRESENTATION_CONTEXT('2D SPACE',''
  ) );
#1080 = ADVANCED_FACE('',(#1081,#1084),#991,.F.);
#1081 = FACE_BOUND('',#1082,.F.);
#1082 = EDGE_LOOP('',(#1083));
#1083 = ORIENTED_EDGE('',*,*,#976,.T.);
#1084 = FACE_BOUND('',#1085,.F.);
#1085 = EDGE_LOOP('',(#1086));
#1086 = ORIENTED_EDGE('',*,*,#1059,.F.);
#1087 = ADVANCED_FACE('',(#1088,#1091),#963,.T.);
#1088 = FACE_BOUND('',#1089,.T.);
#1089 = EDGE_LOOP('',(#1090));
#1090 = ORIENTED_EDGE('',*,*,#948,.T.);
#1091 = FACE_BOUND('',#1092,.T.);
#1092 = EDGE_LOOP('',(#1093));
#1093 = ORIENTED_EDGE('',*,*,#1036,.F.);
#1094 = ( GEOMETRIC_REPRESENTATION_CONTEXT(3) 
GLOBAL_UNCERTAINTY_ASSIGNED_CONTEXT((#1098)) 
GLOBAL_UNIT_ASSIGNED_CONTEXT((#1095,#1096,#1097)) REPRESENTATION_CONTEXT
('Context #1','3D Context with UNIT and UNCERTAINTY') );
#1095 = ( LENGTH_UNIT() NAMED_UNIT(*) SI_UNIT(.MILLI.,.METRE.) );
#1096 = ( NAMED_UNIT(*) PLANE_ANGLE_UNIT() SI_UNIT($,.RADIAN.) );
#1097 = ( NAMED_UNIT(*) SI_UNIT($,.STERADIAN.) SOLID_ANGLE_UNIT() );
#1098 = UNCERTAINTY_MEASURE_WITH_UNIT(LENGTH_MEASURE(1.E-07),#1095,
  'distance_accuracy_value','confusion accuracy');
#1099 = CONTEXT_DEPENDENT_SHAPE_REPRESENTATION(#1100,#1102);
#1100 = ( REPRESENTATION_RELATIONSHIP('','',#911,#10) 
REPRESENTATION_RELATIONSHIP_WITH_TRANSFORMATION(#1101) 
SHAPE_REPRESENTATION_RELATIONSHIP() );
#1101 = ITEM_DEFINED_TRANSFORMATION('','',#11,#19);
#1102 = PRODUCT_DEFINITION_SHAPE('Placement','Placement of an item',
  #1103);
#1103 = NEXT_ASSEMBLY_USAGE_OCCURRENCE('24','','',#5,#906,$);
#1104 = PRODUCT_RELATED_PRODUCT_CATEGORY('part',$,(#908));
#1105 = SHAPE_DEFINITION_REPRESENTATION(#1106,#1112);
#1106 = PRODUCT_DEFINITION_SHAPE('','',#1107);
#1107 = PRODUCT_DEFINITION('design','',#1108,#1111);
#1108 = PRODUCT_DEFINITION_FORMATION('','',#1109);
#1109 = PRODUCT('Open CASCADE STEP translator 7.8 17.3',
  'Open CASCADE STEP translator 7.8 17.3','',(#1110));
#1110 = PRODUCT_CONTEXT('',#2,'mechanical');
#1111 = PRODUCT_DEFINITION_CONTEXT('part definition',#2,'design');
#1112 = ADVANCED_BREP_SHAPE_REPRESENTATION('',(#11,#1113),#1303);
#1113 = MANIFOLD_SOLID_BREP('',#1114);
#1114 = CLOSED_SHELL('',(#1115,#1219,#1285,#1289,#1293,#1285,#1289));
#1115 = ADVANCED_FACE('',(#1116),#1129,.F.);
#1116 = FACE_BOUND('',#1117,.F.);
#1117 = EDGE_LOOP('',(#1118,#1156));
#1118 = ORIENTED_EDGE('',*,*,#1119,.F.);
#1119 = EDGE_CURVE('',#1120,#1120,#1122,.T.);
#1120 = VERTEX_POINT('',#1121);
#1121 = CARTESIAN_POINT('',(3.682054661169E-14,0.,-334.65));
#1122 = SURFACE_CURVE('',#1123,(#1128,#1144),.PCURVE_S1.);
#1123 = CIRCLE('',#1124,30.15);
#1124 = AXIS2_PLACEMENT_3D('',#1125,#1126,#1127);
#1125 = CARTESIAN_POINT('',(3.347322419245E-14,0.,-304.5));
#1126 = DIRECTION('',(1.,-0.,1.110223024625E-16));
#1127 = DIRECTION('',(1.110223024625E-16,0.,-1.));
#1128 = PCURVE('',#1129,#1138);
#1129 = SURFACE_OF_REVOLUTION('',#1130,#1135);
#1130 = CIRCLE('',#1131,30.15);
#1131 = AXIS2_PLACEMENT_3D('',#1132,#1133,#1134);
#1132 = CARTESIAN_POINT('',(3.347322419245E-14,0.,-304.5));
#1133 = DIRECTION('',(1.,-0.,1.110223024625E-16));
#1134 = DIRECTION('',(1.110223024625E-16,0.,-1.));
#1135 = AXIS1_PLACEMENT('',#1136,#1137);
#1136 = CARTESIAN_POINT('',(3.347322419245E-14,0.,-304.5));
#1137 = DIRECTION('',(1.,0.,1.110223024625E-16));
#1138 = DEFINITIONAL_REPRESENTATION('',(#1139),#1143);
#1139 = LINE('',#1140,#1141);
#1140 = CARTESIAN_POINT('',(0.,0.));
#1141 = VECTOR('',#1142,1.);
#1142 = DIRECTION('',(0.,1.));
#1143 = ( GEOMETRIC_REPRESENTATION_CONTEXT(2) 
PARAMETRIC_REPRESENTATION_CONTEXT() REPRESENTATION_CONTEXT('2D SPACE',''
  ) );
#1144 = PCURVE('',#1145,#1150);
#1145 = PLANE('',#1146);
#1146 = AXIS2_PLACEMENT_3D('',#1147,#1148,#1149);
#1147 = CARTESIAN_POINT('',(3.347322419245E-14,1.671922122164E-15,-304.5
    ));
#1148 = DIRECTION('',(1.,0.,1.110223024625E-16));
#1149 = DIRECTION('',(1.110223024625E-16,0.,-1.));
#1150 = DEFINITIONAL_REPRESENTATION('',(#1151),#1155);
#1151 = CIRCLE('',#1152,30.15);
#1152 = AXIS2_PLACEMENT_2D('',#1153,#1154);
#1153 = CARTESIAN_POINT('',(5.684341886081E-14,-1.671922122164E-15));
#1154 = DIRECTION('',(1.,0.));
#1155 = ( GEOMETRIC_REPRESENTATION_CONTEXT(2) 
PARAMETRIC_REPRESENTATION_CONTEXT() REPRESENTATION_CONTEXT('2D SPACE',''
  ) );
#1156 = ORIENTED_EDGE('',*,*,#1157,.F.);
#1157 = EDGE_CURVE('',#1158,#1120,#1160,.T.);
#1158 = VERTEX_POINT('',#1159);
#1159 = CARTESIAN_POINT('',(3.347322419245E-14,30.15,-304.5));
#1160 = SURFACE_CURVE('',#1161,(#1166,#1203),.PCURVE_S1.);
#1161 = CIRCLE('',#1162,30.15);
#1162 = AXIS2_PLACEMENT_3D('',#1163,#1164,#1165);
#1163 = CARTESIAN_POINT('',(3.347322419245E-14,0.,-304.5));
#1164 = DIRECTION('',(-1.,0.,-1.110223024625E-16));
#1165 = DIRECTION('',(0.,1.,0.));
#1166 = PCURVE('',#1129,#1167);
#1167 = DEFINITIONAL_REPRESENTATION('',(#1168),#1202);
#1168 = B_SPLINE_CURVE_WITH_KNOTS('',3,(#1169,#1170,#1171,#1172,#1173,
    #1174,#1175,#1176,#1177,#1178,#1179,#1180,#1181,#1182,#1183,#1184,
    #1185,#1186,#1187,#1188,#1189,#1190,#1191,#1192,#1193,#1194,#1195,
    #1196,#1197,#1198,#1199,#1200,#1201),.UNSPECIFIED.,.F.,.F.,(4,1,1,1,
    1,1,1,1,1,1,1,1,1,1,1,1,1,1,1,1,1,1,1,1,1,1,1,1,1,1,4),(0.,
    7.139983303613E-02,0.142799666072,0.174594904221,0.17849958259,
    0.214199499108,0.249899415626,0.285599332145,0.356999165181,
    0.401624060828,0.428398998217,0.499798831253,0.571198664289,
    0.642598497325,0.70499924459,0.713998330361,0.714227137133,
    0.785398163397,0.856797996434,0.92819782947,0.999597662506,
    1.070997495542,1.142397328578,1.213797161614,1.270659040365,
    1.28519699465,1.312111384838,1.356596827687,1.427996660723,
    1.499396493759,1.570796326795),.UNSPECIFIED.);
#1169 = CARTESIAN_POINT('',(0.,-10.99557428756));
#1170 = CARTESIAN_POINT('',(1.41027260523,-9.768139935924));
#1171 = CARTESIAN_POINT('',(1.284401544549,-11.19072957079));
#1172 = CARTESIAN_POINT('',(-4.952814336856,-12.52303364187));
#1173 = CARTESIAN_POINT('',(5.036486748449,-9.693667229018));
#1174 = CARTESIAN_POINT('',(0.586685335257,-5.694406396805));
#1175 = CARTESIAN_POINT('',(6.414177518143,-8.827935539132));
#1176 = CARTESIAN_POINT('',(-2.079272657345,-11.58005401254));
#1177 = CARTESIAN_POINT('',(3.238149316555,-12.58074378473));
#1178 = CARTESIAN_POINT('',(-4.67267447598,-11.04069231695));
#1179 = CARTESIAN_POINT('',(8.919031672434,-12.80201581739));
#1180 = CARTESIAN_POINT('',(-0.845091843895,-5.081822496623));
#1181 = CARTESIAN_POINT('',(6.077977119709,-11.00914537379));
#1182 = CARTESIAN_POINT('',(-19.03982406204,13.680322992884));
#1183 = CARTESIAN_POINT('',(67.462943597251,-72.79643748236));
#1184 = CARTESIAN_POINT('',(-139.3999295363,133.99970309704));
#1185 = CARTESIAN_POINT('',(45.562481274263,-50.98594455078));
#1186 = CARTESIAN_POINT('',(-315.804856232,310.35458821084));
#1187 = CARTESIAN_POINT('',(147.44844175767,-152.9477630424));
#1188 = CARTESIAN_POINT('',(-39.5904248597,34.026368323337));
#1189 = CARTESIAN_POINT('',(10.719125886232,-16.37876954063));
#1190 = CARTESIAN_POINT('',(-1.966143359912,-3.674746345212));
#1191 = CARTESIAN_POINT('',(0.566947804927,-6.615665187366));
#1192 = CARTESIAN_POINT('',(-1.797170804019E-02,-4.846587912642));
#1193 = CARTESIAN_POINT('',(0.73528887506,-10.03417433576));
#1194 = CARTESIAN_POINT('',(-0.923443812482,1.730456844459));
#1195 = CARTESIAN_POINT('',(8.153137812761,-7.99177250182));
#1196 = CARTESIAN_POINT('',(1.095570751448,-0.77456042137));
#1197 = CARTESIAN_POINT('',(-0.323644433758,0.492122484544));
#1198 = CARTESIAN_POINT('',(0.716562781503,-0.561991558904));
#1199 = CARTESIAN_POINT('',(-0.1352504718,0.203287002971));
#1200 = CARTESIAN_POINT('',(-0.165957559276,0.189757503621));
#1201 = CARTESIAN_POINT('',(0.,0.));
#1202 = ( GEOMETRIC_REPRESENTATION_CONTEXT(2) 
PARAMETRIC_REPRESENTATION_CONTEXT() REPRESENTATION_CONTEXT('2D SPACE',''
  ) );
#1203 = PCURVE('',#1204,#1209);
#1204 = PLANE('',#1205);
#1205 = AXIS2_PLACEMENT_3D('',#1206,#1207,#1208);
#1206 = CARTESIAN_POINT('',(3.347322419245E-14,-5.684341886081E-14,
    -304.5));
#1207 = DIRECTION('',(1.,0.,1.110223024625E-16));
#1208 = DIRECTION('',(1.232595164408E-32,1.,-1.110223024625E-16));
#1209 = DEFINITIONAL_REPRESENTATION('',(#1210),#1218);
#1210 = ( BOUNDED_CURVE() B_SPLINE_CURVE(2,(#1211,#1212,#1213,#1214,
#1215,#1216,#1217),.UNSPECIFIED.,.T.,.F.) B_SPLINE_CURVE_WITH_KNOTS((1,2
    ,2,2,2,1),(-2.094395102393,0.,2.094395102393,4.188790204786,
6.28318530718,8.377580409573),.UNSPECIFIED.) CURVE() 
GEOMETRIC_REPRESENTATION_ITEM() RATIONAL_B_SPLINE_CURVE((1.,0.5,1.,0.5,
1.,0.5,1.)) REPRESENTATION_ITEM('') );
#1211 = CARTESIAN_POINT('',(30.15,3.347322419245E-15));
#1212 = CARTESIAN_POINT('',(30.15,-52.2213318482));
#1213 = CARTESIAN_POINT('',(-15.075,-26.1106659241));
#1214 = CARTESIAN_POINT('',(-60.3,-1.407926503735E-14));
#1215 = CARTESIAN_POINT('',(-15.075,26.110665924101));
#1216 = CARTESIAN_POINT('',(30.15,52.221331848202));
#1217 = CARTESIAN_POINT('',(30.15,3.347322419245E-15));
#1218 = ( GEOMETRIC_REPRESENTATION_CONTEXT(2) 
PARAMETRIC_REPRESENTATION_CONTEXT() REPRESENTATION_CONTEXT('2D SPACE',''
  ) );
#1219 = ADVANCED_FACE('',(#1220,#1223,#1254),#1145,.F.);
#1220 = FACE_BOUND('',#1221,.F.);
#1221 = EDGE_LOOP('',(#1222));
#1222 = ORIENTED_EDGE('',*,*,#1119,.T.);
#1223 = FACE_BOUND('',#1224,.F.);
#1224 = EDGE_LOOP('',(#1225));
#1225 = ORIENTED_EDGE('',*,*,#1226,.F.);
#1226 = EDGE_CURVE('',#1227,#1227,#1229,.T.);
#1227 = VERTEX_POINT('',#1228);
#1228 = CARTESIAN_POINT('',(3.638644940906E-14,0.,-330.74));
#1229 = SURFACE_CURVE('',#1230,(#1235,#1242),.PCURVE_S1.);
#1230 = CIRCLE('',#1231,26.24);
#1231 = AXIS2_PLACEMENT_3D('',#1232,#1233,#1234);
#1232 = CARTESIAN_POINT('',(3.347322419245E-14,0.,-304.5));
#1233 = DIRECTION('',(1.,-0.,1.110223024625E-16));
#1234 = DIRECTION('',(1.110223024625E-16,0.,-1.));
#1235 = PCURVE('',#1145,#1236);
#1236 = DEFINITIONAL_REPRESENTATION('',(#1237),#1241);
#1237 = CIRCLE('',#1238,26.24);
#1238 = AXIS2_PLACEMENT_2D('',#1239,#1240);
#1239 = CARTESIAN_POINT('',(5.684341886081E-14,-1.671922122164E-15));
#1240 = DIRECTION('',(1.,0.));
#1241 = ( GEOMETRIC_REPRESENTATION_CONTEXT(2) 
PARAMETRIC_REPRESENTATION_CONTEXT() REPRESENTATION_CONTEXT('2D SPACE',''
  ) );
#1242 = PCURVE('',#1243,#1248);
#1243 = PLANE('',#1244);
#1244 = AXIS2_PLACEMENT_3D('',#1245,#1246,#1247);
#1245 = CARTESIAN_POINT('',(3.347322419245E-14,5.964521840768E-16,-304.5
    ));
#1246 = DIRECTION('',(1.,0.,1.110223024625E-16));
#1247 = DIRECTION('',(1.110223024625E-16,0.,-1.));
#1248 = DEFINITIONAL_REPRESENTATION('',(#1249),#1253);
#1249 = CIRCLE('',#1250,26.24);
#1250 = AXIS2_PLACEMENT_2D('',#1251,#1252);
#1251 = CARTESIAN_POINT('',(0.,-5.964521840768E-16));
#1252 = DIRECTION('',(1.,0.));
#1253 = ( GEOMETRIC_REPRESENTATION_CONTEXT(2) 
PARAMETRIC_REPRESENTATION_CONTEXT() REPRESENTATION_CONTEXT('2D SPACE',''
  ) );
#1254 = FACE_BOUND('',#1255,.F.);
#1255 = EDGE_LOOP('',(#1256));
#1256 = ORIENTED_EDGE('',*,*,#1257,.F.);
#1257 = EDGE_CURVE('',#1258,#1258,#1260,.T.);
#1258 = VERTEX_POINT('',#1259);
#1259 = CARTESIAN_POINT('',(3.347322419245E-14,26.24,-304.5));
#1260 = SURFACE_CURVE('',#1261,(#1266,#1273),.PCURVE_S1.);
#1261 = CIRCLE('',#1262,26.24);
#1262 = AXIS2_PLACEMENT_3D('',#1263,#1264,#1265);
#1263 = CARTESIAN_POINT('',(3.347322419245E-14,0.,-304.5));
#1264 = DIRECTION('',(1.,0.,1.110223024625E-16));
#1265 = DIRECTION('',(1.232595164408E-32,1.,-1.110223024625E-16));
#1266 = PCURVE('',#1145,#1267);
#1267 = DEFINITIONAL_REPRESENTATION('',(#1268),#1272);
#1268 = CIRCLE('',#1269,26.24);
#1269 = AXIS2_PLACEMENT_2D('',#1270,#1271);
#1270 = CARTESIAN_POINT('',(5.684341886081E-14,-1.671922122164E-15));
#1271 = DIRECTION('',(1.110223024625E-16,1.));
#1272 = ( GEOMETRIC_REPRESENTATION_CONTEXT(2) 
PARAMETRIC_REPRESENTATION_CONTEXT() REPRESENTATION_CONTEXT('2D SPACE',''
  ) );
#1273 = PCURVE('',#1274,#1279);
#1274 = PLANE('',#1275);
#1275 = AXIS2_PLACEMENT_3D('',#1276,#1277,#1278);
#1276 = CARTESIAN_POINT('',(3.347322419245E-14,0.,-304.5));
#1277 = DIRECTION('',(1.,0.,1.110223024625E-16));
#1278 = DIRECTION('',(1.232595164408E-32,1.,-1.110223024625E-16));
#1279 = DEFINITIONAL_REPRESENTATION('',(#1280),#1284);
#1280 = CIRCLE('',#1281,26.24);
#1281 = AXIS2_PLACEMENT_2D('',#1282,#1283);
#1282 = CARTESIAN_POINT('',(0.,0.));
#1283 = DIRECTION('',(1.,0.));
#1284 = ( GEOMETRIC_REPRESENTATION_CONTEXT(2) 
PARAMETRIC_REPRESENTATION_CONTEXT() REPRESENTATION_CONTEXT('2D SPACE',''
  ) );
#1285 = ADVANCED_FACE('',(#1286),#1274,.F.);
#1286 = FACE_BOUND('',#1287,.F.);
#1287 = EDGE_LOOP('',(#1288));
#1288 = ORIENTED_EDGE('',*,*,#1257,.T.);
#1289 = ADVANCED_FACE('',(#1290),#1243,.F.);
#1290 = FACE_BOUND('',#1291,.F.);
#1291 = EDGE_LOOP('',(#1292));
#1292 = ORIENTED_EDGE('',*,*,#1226,.T.);
#1293 = ADVANCED_FACE('',(#1294,#1297,#1300),#1204,.T.);
#1294 = FACE_BOUND('',#1295,.T.);
#1295 = EDGE_LOOP('',(#1296));
#1296 = ORIENTED_EDGE('',*,*,#1157,.F.);
#1297 = FACE_BOUND('',#1298,.T.);
#1298 = EDGE_LOOP('',(#1299));
#1299 = ORIENTED_EDGE('',*,*,#1226,.F.);
#1300 = FACE_BOUND('',#1301,.T.);
#1301 = EDGE_LOOP('',(#1302));
#1302 = ORIENTED_EDGE('',*,*,#1257,.F.);
#1303 = ( GEOMETRIC_REPRESENTATION_CONTEXT(3) 
GLOBAL_UNCERTAINTY_ASSIGNED_CONTEXT((#1307)) 
GLOBAL_UNIT_ASSIGNED_CONTEXT((#1304,#1305,#1306)) REPRESENTATION_CONTEXT
('Context #1','3D Context with UNIT and UNCERTAINTY') );
#1304 = ( LENGTH_UNIT() NAMED_UNIT(*) SI_UNIT(.MILLI.,.METRE.) );
#1305 = ( NAMED_UNIT(*) PLANE_ANGLE_UNIT() SI_UNIT($,.RADIAN.) );
#1306 = ( NAMED_UNIT(*) SI_UNIT($,.STERADIAN.) SOLID_ANGLE_UNIT() );
#1307 = UNCERTAINTY_MEASURE_WITH_UNIT(LENGTH_MEASURE(1.E-07),#1304,
  'distance_accuracy_value','confusion accuracy');
#1308 = CONTEXT_DEPENDENT_SHAPE_REPRESENTATION(#1309,#1311);
#1309 = ( REPRESENTATION_RELATIONSHIP('','',#1112,#10) 
REPRESENTATION_RELATIONSHIP_WITH_TRANSFORMATION(#1310) 
SHAPE_REPRESENTATION_RELATIONSHIP() );
#1310 = ITEM_DEFINED_TRANSFORMATION('','',#11,#23);
#1311 = PRODUCT_DEFINITION_SHAPE('Placement','Placement of an item',
  #1312);
#1312 = NEXT_ASSEMBLY_USAGE_OCCURRENCE('25','','',#5,#1107,$);
#1313 = PRODUCT_RELATED_PRODUCT_CATEGORY('part',$,(#1109));
#1314 = SHAPE_DEFINITION_REPRESENTATION(#1315,#1321);
#1315 = PRODUCT_DEFINITION_SHAPE('','',#1316);
#1316 = PRODUCT_DEFINITION('design','',#1317,#1320);
#1317 = PRODUCT_DEFINITION_FORMATION('','',#1318);
#1318 = PRODUCT('Open CASCADE STEP translator 7.8 17.4',
  'Open CASCADE STEP translator 7.8 17.4','',(#1319));
#1319 = PRODUCT_CONTEXT('',#2,'mechanical');
#1320 = PRODUCT_DEFINITION_CONTEXT('part definition',#2,'design');
#1321 = ADVANCED_BREP_SHAPE_REPRESENTATION('',(#11,#1322),#1504);
#1322 = MANIFOLD_SOLID_BREP('',#1323);
#1323 = CLOSED_SHELL('',(#1324,#1412,#1490,#1497));
#1324 = ADVANCED_FACE('',(#1325),#1339,.T.);
#1325 = FACE_BOUND('',#1326,.F.);
#1326 = EDGE_LOOP('',(#1327,#1357,#1384,#1385));
#1327 = ORIENTED_EDGE('',*,*,#1328,.T.);
#1328 = EDGE_CURVE('',#1329,#1331,#1333,.T.);
#1329 = VERTEX_POINT('',#1330);
#1330 = CARTESIAN_POINT('',(304.5,0.,268.35));
#1331 = VERTEX_POINT('',#1332);
#1332 = CARTESIAN_POINT('',(514.4,0.,268.35));
#1333 = SEAM_CURVE('',#1334,(#1338,#1350),.PCURVE_S1.);
#1334 = LINE('',#1335,#1336);
#1335 = CARTESIAN_POINT('',(304.5,0.,268.35));
#1336 = VECTOR('',#1337,1.);
#1337 = DIRECTION('',(1.,0.,1.110223024625E-16));
#1338 = PCURVE('',#1339,#1344);
#1339 = CYLINDRICAL_SURFACE('',#1340,30.15);
#1340 = AXIS2_PLACEMENT_3D('',#1341,#1342,#1343);
#1341 = CARTESIAN_POINT('',(304.5,0.,298.5));
#1342 = DIRECTION('',(-1.,-0.,-1.110223024625E-16));
#1343 = DIRECTION('',(1.110223024625E-16,0.,-1.));
#1344 = DEFINITIONAL_REPRESENTATION('',(#1345),#1349);
#1345 = LINE('',#1346,#1347);
#1346 = CARTESIAN_POINT('',(-0.,0.));
#1347 = VECTOR('',#1348,1.);
#1348 = DIRECTION('',(-0.,-1.));
#1349 = ( GEOMETRIC_REPRESENTATION_CONTEXT(2) 
PARAMETRIC_REPRESENTATION_CONTEXT() REPRESENTATION_CONTEXT('2D SPACE',''
  ) );
#1350 = PCURVE('',#1339,#1351);
#1351 = DEFINITIONAL_REPRESENTATION('',(#1352),#1356);
#1352 = LINE('',#1353,#1354);
#1353 = CARTESIAN_POINT('',(-6.28318530718,0.));
#1354 = VECTOR('',#1355,1.);
#1355 = DIRECTION('',(-0.,-1.));
#1356 = ( GEOMETRIC_REPRESENTATION_CONTEXT(2) 
PARAMETRIC_REPRESENTATION_CONTEXT() REPRESENTATION_CONTEXT('2D SPACE',''
  ) );
#1357 = ORIENTED_EDGE('',*,*,#1358,.T.);
#1358 = EDGE_CURVE('',#1331,#1331,#1359,.T.);
#1359 = SURFACE_CURVE('',#1360,(#1365,#1372),.PCURVE_S1.);
#1360 = CIRCLE('',#1361,30.15);
#1361 = AXIS2_PLACEMENT_3D('',#1362,#1363,#1364);
#1362 = CARTESIAN_POINT('',(514.4,0.,298.5));
#1363 = DIRECTION('',(1.,-0.,1.110223024625E-16));
#1364 = DIRECTION('',(1.110223024625E-16,0.,-1.));
#1365 = PCURVE('',#1339,#1366);
#1366 = DEFINITIONAL_REPRESENTATION('',(#1367),#1371);
#1367 = LINE('',#1368,#1369);
#1368 = CARTESIAN_POINT('',(-0.,-209.9));
#1369 = VECTOR('',#1370,1.);
#1370 = DIRECTION('',(-1.,0.));
#1371 = ( GEOMETRIC_REPRESENTATION_CONTEXT(2) 
PARAMETRIC_REPRESENTATION_CONTEXT() REPRESENTATION_CONTEXT('2D SPACE',''
  ) );
#1372 = PCURVE('',#1373,#1378);
#1373 = PLANE('',#1374);
#1374 = AXIS2_PLACEMENT_3D('',#1375,#1376,#1377);
#1375 = CARTESIAN_POINT('',(514.4,3.123268199818E-15,298.5));
#1376 = DIRECTION('',(1.,0.,1.110223024625E-16));
#1377 = DIRECTION('',(1.110223024625E-16,0.,-1.));
#1378 = DEFINITIONAL_REPRESENTATION('',(#1379),#1383);
#1379 = CIRCLE('',#1380,30.15);
#1380 = AXIS2_PLACEMENT_2D('',#1381,#1382);
#1381 = CARTESIAN_POINT('',(0.,-3.123268199818E-15));
#1382 = DIRECTION('',(1.,0.));
#1383 = ( GEOMETRIC_REPRESENTATION_CONTEXT(2) 
PARAMETRIC_REPRESENTATION_CONTEXT() REPRESENTATION_CONTEXT('2D SPACE',''
  ) );
#1384 = ORIENTED_EDGE('',*,*,#1328,.F.);
#1385 = ORIENTED_EDGE('',*,*,#1386,.F.);
#1386 = EDGE_CURVE('',#1329,#1329,#1387,.T.);
#1387 = SURFACE_CURVE('',#1388,(#1393,#1400),.PCURVE_S1.);
#1388 = CIRCLE('',#1389,30.15);
#1389 = AXIS2_PLACEMENT_3D('',#1390,#1391,#1392);
#1390 = CARTESIAN_POINT('',(304.5,0.,298.5));
#1391 = DIRECTION('',(1.,-0.,1.110223024625E-16));
#1392 = DIRECTION('',(1.110223024625E-16,0.,-1.));
#1393 = PCURVE('',#1339,#1394);
#1394 = DEFINITIONAL_REPRESENTATION('',(#1395),#1399);
#1395 = LINE('',#1396,#1397);
#1396 = CARTESIAN_POINT('',(-0.,0.));
#1397 = VECTOR('',#1398,1.);
#1398 = DIRECTION('',(-1.,0.));
#1399 = ( GEOMETRIC_REPRESENTATION_CONTEXT(2) 
PARAMETRIC_REPRESENTATION_CONTEXT() REPRESENTATION_CONTEXT('2D SPACE',''
  ) );
#1400 = PCURVE('',#1401,#1406);
#1401 = PLANE('',#1402);
#1402 = AXIS2_PLACEMENT_3D('',#1403,#1404,#1405);
#1403 = CARTESIAN_POINT('',(304.5,3.123268199818E-15,298.5));
#1404 = DIRECTION('',(1.,0.,1.110223024625E-16));
#1405 = DIRECTION('',(1.110223024625E-16,0.,-1.));
#1406 = DEFINITIONAL_REPRESENTATION('',(#1407),#1411);
#1407 = CIRCLE('',#1408,30.15);
#1408 = AXIS2_PLACEMENT_2D('',#1409,#1410);
#1409 = CARTESIAN_POINT('',(0.,-3.123268199818E-15));
#1410 = DIRECTION('',(1.,0.));
#1411 = ( GEOMETRIC_REPRESENTATION_CONTEXT(2) 
PARAMETRIC_REPRESENTATION_CONTEXT() REPRESENTATION_CONTEXT('2D SPACE',''
  ) );
#1412 = ADVANCED_FACE('',(#1413),#1427,.F.);
#1413 = FACE_BOUND('',#1414,.T.);
#1414 = EDGE_LOOP('',(#1415,#1445,#1467,#1468));
#1415 = ORIENTED_EDGE('',*,*,#1416,.T.);
#1416 = EDGE_CURVE('',#1417,#1419,#1421,.T.);
#1417 = VERTEX_POINT('',#1418);
#1418 = CARTESIAN_POINT('',(304.5,9.426769296983E-16,272.26));
#1419 = VERTEX_POINT('',#1420);
#1420 = CARTESIAN_POINT('',(514.4,9.426769296983E-16,272.26));
#1421 = SEAM_CURVE('',#1422,(#1426,#1438),.PCURVE_S1.);
#1422 = LINE('',#1423,#1424);
#1423 = CARTESIAN_POINT('',(304.5,9.426769296983E-16,272.26));
#1424 = VECTOR('',#1425,1.);
#1425 = DIRECTION('',(1.,0.,1.110223024625E-16));
#1426 = PCURVE('',#1427,#1432);
#1427 = CYLINDRICAL_SURFACE('',#1428,26.24);
#1428 = AXIS2_PLACEMENT_3D('',#1429,#1430,#1431);
#1429 = CARTESIAN_POINT('',(304.5,9.426769296983E-16,298.5));
#1430 = DIRECTION('',(-1.,-0.,-1.110223024625E-16));
#1431 = DIRECTION('',(1.110223024625E-16,0.,-1.));
#1432 = DEFINITIONAL_REPRESENTATION('',(#1433),#1437);
#1433 = LINE('',#1434,#1435);
#1434 = CARTESIAN_POINT('',(-0.,0.));
#1435 = VECTOR('',#1436,1.);
#1436 = DIRECTION('',(-0.,-1.));
#1437 = ( GEOMETRIC_REPRESENTATION_CONTEXT(2) 
PARAMETRIC_REPRESENTATION_CONTEXT() REPRESENTATION_CONTEXT('2D SPACE',''
  ) );
#1438 = PCURVE('',#1427,#1439);
#1439 = DEFINITIONAL_REPRESENTATION('',(#1440),#1444);
#1440 = LINE('',#1441,#1442);
#1441 = CARTESIAN_POINT('',(-6.28318530718,0.));
#1442 = VECTOR('',#1443,1.);
#1443 = DIRECTION('',(-0.,-1.));
#1444 = ( GEOMETRIC_REPRESENTATION_CONTEXT(2) 
PARAMETRIC_REPRESENTATION_CONTEXT() REPRESENTATION_CONTEXT('2D SPACE',''
  ) );
#1445 = ORIENTED_EDGE('',*,*,#1446,.T.);
#1446 = EDGE_CURVE('',#1419,#1419,#1447,.T.);
#1447 = SURFACE_CURVE('',#1448,(#1453,#1460),.PCURVE_S1.);
#1448 = CIRCLE('',#1449,26.24);
#1449 = AXIS2_PLACEMENT_3D('',#1450,#1451,#1452);
#1450 = CARTESIAN_POINT('',(514.4,9.426769296983E-16,298.5));
#1451 = DIRECTION('',(1.,-0.,1.110223024625E-16));
#1452 = DIRECTION('',(1.110223024625E-16,0.,-1.));
#1453 = PCURVE('',#1427,#1454);
#1454 = DEFINITIONAL_REPRESENTATION('',(#1455),#1459);
#1455 = LINE('',#1456,#1457);
#1456 = CARTESIAN_POINT('',(-0.,-209.9));
#1457 = VECTOR('',#1458,1.);
#1458 = DIRECTION('',(-1.,0.));
#1459 = ( GEOMETRIC_REPRESENTATION_CONTEXT(2) 
PARAMETRIC_REPRESENTATION_CONTEXT() REPRESENTATION_CONTEXT('2D SPACE',''
  ) );
#1460 = PCURVE('',#1373,#1461);
#1461 = DEFINITIONAL_REPRESENTATION('',(#1462),#1466);
#1462 = CIRCLE('',#1463,26.24);
#1463 = AXIS2_PLACEMENT_2D('',#1464,#1465);
#1464 = CARTESIAN_POINT('',(1.136868377216E-13,-2.18059127012E-15));
#1465 = DIRECTION('',(1.,0.));
#1466 = ( GEOMETRIC_REPRESENTATION_CONTEXT(2) 
PARAMETRIC_REPRESENTATION_CONTEXT() REPRESENTATION_CONTEXT('2D SPACE',''
  ) );
#1467 = ORIENTED_EDGE('',*,*,#1416,.F.);
#1468 = ORIENTED_EDGE('',*,*,#1469,.F.);
#1469 = EDGE_CURVE('',#1417,#1417,#1470,.T.);
#1470 = SURFACE_CURVE('',#1471,(#1476,#1483),.PCURVE_S1.);
#1471 = CIRCLE('',#1472,26.24);
#1472 = AXIS2_PLACEMENT_3D('',#1473,#1474,#1475);
#1473 = CARTESIAN_POINT('',(304.5,9.426769296983E-16,298.5));
#1474 = DIRECTION('',(1.,-0.,1.110223024625E-16));
#1475 = DIRECTION('',(1.110223024625E-16,0.,-1.));
#1476 = PCURVE('',#1427,#1477);
#1477 = DEFINITIONAL_REPRESENTATION('',(#1478),#1482);
#1478 = LINE('',#1479,#1480);
#1479 = CARTESIAN_POINT('',(-0.,0.));
#1480 = VECTOR('',#1481,1.);
#1481 = DIRECTION('',(-1.,0.));
#1482 = ( GEOMETRIC_REPRESENTATION_CONTEXT(2) 
PARAMETRIC_REPRESENTATION_CONTEXT() REPRESENTATION_CONTEXT('2D SPACE',''
  ) );
#1483 = PCURVE('',#1401,#1484);
#1484 = DEFINITIONAL_REPRESENTATION('',(#1485),#1489);
#1485 = CIRCLE('',#1486,26.24);
#1486 = AXIS2_PLACEMENT_2D('',#1487,#1488);
#1487 = CARTESIAN_POINT('',(1.705302565824E-13,-2.18059127012E-15));
#1488 = DIRECTION('',(1.,0.));
#1489 = ( GEOMETRIC_REPRESENTATION_CONTEXT(2) 
PARAMETRIC_REPRESENTATION_CONTEXT() REPRESENTATION_CONTEXT('2D SPACE',''
  ) );
#1490 = ADVANCED_FACE('',(#1491,#1494),#1401,.F.);
#1491 = FACE_BOUND('',#1492,.F.);
#1492 = EDGE_LOOP('',(#1493));
#1493 = ORIENTED_EDGE('',*,*,#1386,.T.);
#1494 = FACE_BOUND('',#1495,.F.);
#1495 = EDGE_LOOP('',(#1496));
#1496 = ORIENTED_EDGE('',*,*,#1469,.F.);
#1497 = ADVANCED_FACE('',(#1498,#1501),#1373,.T.);
#1498 = FACE_BOUND('',#1499,.T.);
#1499 = EDGE_LOOP('',(#1500));
#1500 = ORIENTED_EDGE('',*,*,#1358,.T.);
#1501 = FACE_BOUND('',#1502,.T.);
#1502 = EDGE_LOOP('',(#1503));
#1503 = ORIENTED_EDGE('',*,*,#1446,.F.);
#1504 = ( GEOMETRIC_REPRESENTATION_CONTEXT(3) 
GLOBAL_UNCERTAINTY_ASSIGNED_CONTEXT((#1508)) 
GLOBAL_UNIT_ASSIGNED_CONTEXT((#1505,#1506,#1507)) REPRESENTATION_CONTEXT
('Context #1','3D Context with UNIT and UNCERTAINTY') );
#1505 = ( LENGTH_UNIT() NAMED_UNIT(*) SI_UNIT(.MILLI.,.METRE.) );
#1506 = ( NAMED_UNIT(*) PLANE_ANGLE_UNIT() SI_UNIT($,.RADIAN.) );
#1507 = ( NAMED_UNIT(*) SI_UNIT($,.STERADIAN.) SOLID_ANGLE_UNIT() );
#1508 = UNCERTAINTY_MEASURE_WITH_UNIT(LENGTH_MEASURE(1.E-07),#1505,
  'distance_accuracy_value','confusion accuracy');
#1509 = CONTEXT_DEPENDENT_SHAPE_REPRESENTATION(#1510,#1512);
#1510 = ( REPRESENTATION_RELATIONSHIP('','',#1321,#10) 
REPRESENTATION_RELATIONSHIP_WITH_TRANSFORMATION(#1511) 
SHAPE_REPRESENTATION_RELATIONSHIP() );
#1511 = ITEM_DEFINED_TRANSFORMATION('','',#11,#27);
#1512 = PRODUCT_DEFINITION_SHAPE('Placement','Placement of an item',
  #1513);
#1513 = NEXT_ASSEMBLY_USAGE_OCCURRENCE('26','','',#5,#1316,$);
#1514 = PRODUCT_RELATED_PRODUCT_CATEGORY('part',$,(#1318));
#1515 = SHAPE_DEFINITION_REPRESENTATION(#1516,#1522);
#1516 = PRODUCT_DEFINITION_SHAPE('','',#1517);
#1517 = PRODUCT_DEFINITION('design','',#1518,#1521);
#1518 = PRODUCT_DEFINITION_FORMATION('','',#1519);
#1519 = PRODUCT('Open CASCADE STEP translator 7.8 17.5',
  'Open CASCADE STEP translator 7.8 17.5','',(#1520));
#1520 = PRODUCT_CONTEXT('',#2,'mechanical');
#1521 = PRODUCT_DEFINITION_CONTEXT('part definition',#2,'design');
#1522 = ADVANCED_BREP_SHAPE_REPRESENTATION('',(#11,#1523),#2367);
#1523 = MANIFOLD_SOLID_BREP('',#1524);
#1524 = CLOSED_SHELL('',(#1525,#1613,#1788,#1943,#1970,#1997,#2052,#2079
    ,#2106,#2161,#2216,#2255,#2310,#2360));
#1525 = ADVANCED_FACE('',(#1526),#1540,.T.);
#1526 = FACE_BOUND('',#1527,.F.);
#1527 = EDGE_LOOP('',(#1528,#1558,#1585,#1586));
#1528 = ORIENTED_EDGE('',*,*,#1529,.T.);
#1529 = EDGE_CURVE('',#1530,#1532,#1534,.T.);
#1530 = VERTEX_POINT('',#1531);
#1531 = CARTESIAN_POINT('',(517.4,0.,222.3));
#1532 = VERTEX_POINT('',#1533);
#1533 = CARTESIAN_POINT('',(536.5,0.,222.3));
#1534 = SEAM_CURVE('',#1535,(#1539,#1551),.PCURVE_S1.);
#1535 = LINE('',#1536,#1537);
#1536 = CARTESIAN_POINT('',(517.4,0.,222.3));
#1537 = VECTOR('',#1538,1.);
#1538 = DIRECTION('',(1.,0.,1.110223024625E-16));
#1539 = PCURVE('',#1540,#1545);
#1540 = CYLINDRICAL_SURFACE('',#1541,76.2);
#1541 = AXIS2_PLACEMENT_3D('',#1542,#1543,#1544);
#1542 = CARTESIAN_POINT('',(517.4,0.,298.5));
#1543 = DIRECTION('',(-1.,-0.,-1.110223024625E-16));
#1544 = DIRECTION('',(1.110223024625E-16,0.,-1.));
#1545 = DEFINITIONAL_REPRESENTATION('',(#1546),#1550);
#1546 = LINE('',#1547,#1548);
#1547 = CARTESIAN_POINT('',(-0.,0.));
#1548 = VECTOR('',#1549,1.);
#1549 = DIRECTION('',(-0.,-1.));
#1550 = ( GEOMETRIC_REPRESENTATION_CONTEXT(2) 
PARAMETRIC_REPRESENTATION_CONTEXT() REPRESENTATION_CONTEXT('2D SPACE',''
  ) );
#1551 = PCURVE('',#1540,#1552);
#1552 = DEFINITIONAL_REPRESENTATION('',(#1553),#1557);
#1553 = LINE('',#1554,#1555);
#1554 = CARTESIAN_POINT('',(-6.28318530718,0.));
#1555 = VECTOR('',#1556,1.);
#1556 = DIRECTION('',(-0.,-1.));
#1557 = ( GEOMETRIC_REPRESENTATION_CONTEXT(2) 
PARAMETRIC_REPRESENTATION_CONTEXT() REPRESENTATION_CONTEXT('2D SPACE',''
  ) );
#1558 = ORIENTED_EDGE('',*,*,#1559,.T.);
#1559 = EDGE_CURVE('',#1532,#1532,#1560,.T.);
#1560 = SURFACE_CURVE('',#1561,(#1566,#1573),.PCURVE_S1.);
#1561 = CIRCLE('',#1562,76.2);
#1562 = AXIS2_PLACEMENT_3D('',#1563,#1564,#1565);
#1563 = CARTESIAN_POINT('',(536.5,0.,298.5));
#1564 = DIRECTION('',(1.,-0.,1.110223024625E-16));
#1565 = DIRECTION('',(1.110223024625E-16,0.,-1.));
#1566 = PCURVE('',#1540,#1567);
#1567 = DEFINITIONAL_REPRESENTATION('',(#1568),#1572);
#1568 = LINE('',#1569,#1570);
#1569 = CARTESIAN_POINT('',(-0.,-19.1));
#1570 = VECTOR('',#1571,1.);
#1571 = DIRECTION('',(-1.,0.));
#1572 = ( GEOMETRIC_REPRESENTATION_CONTEXT(2) 
PARAMETRIC_REPRESENTATION_CONTEXT() REPRESENTATION_CONTEXT('2D SPACE',''
  ) );
#1573 = PCURVE('',#1574,#1579);
#1574 = PLANE('',#1575);
#1575 = AXIS2_PLACEMENT_3D('',#1576,#1577,#1578);
#1576 = CARTESIAN_POINT('',(536.5,1.067147090694E-14,298.5));
#1577 = DIRECTION('',(1.,0.,1.110223024625E-16));
#1578 = DIRECTION('',(1.110223024625E-16,0.,-1.));
#1579 = DEFINITIONAL_REPRESENTATION('',(#1580),#1584);
#1580 = CIRCLE('',#1581,76.2);
#1581 = AXIS2_PLACEMENT_2D('',#1582,#1583);
#1582 = CARTESIAN_POINT('',(0.,-1.067147090694E-14));
#1583 = DIRECTION('',(1.,0.));
#1584 = ( GEOMETRIC_REPRESENTATION_CONTEXT(2) 
PARAMETRIC_REPRESENTATION_CONTEXT() REPRESENTATION_CONTEXT('2D SPACE',''
  ) );
#1585 = ORIENTED_EDGE('',*,*,#1529,.F.);
#1586 = ORIENTED_EDGE('',*,*,#1587,.F.);
#1587 = EDGE_CURVE('',#1530,#1530,#1588,.T.);
#1588 = SURFACE_CURVE('',#1589,(#1594,#1601),.PCURVE_S1.);
#1589 = CIRCLE('',#1590,76.2);
#1590 = AXIS2_PLACEMENT_3D('',#1591,#1592,#1593);
#1591 = CARTESIAN_POINT('',(517.4,0.,298.5));
#1592 = DIRECTION('',(1.,-0.,1.110223024625E-16));
#1593 = DIRECTION('',(1.110223024625E-16,0.,-1.));
#1594 = PCURVE('',#1540,#1595);
#1595 = DEFINITIONAL_REPRESENTATION('',(#1596),#1600);
#1596 = LINE('',#1597,#1598);
#1597 = CARTESIAN_POINT('',(-0.,0.));
#1598 = VECTOR('',#1599,1.);
#1599 = DIRECTION('',(-1.,0.));
#1600 = ( GEOMETRIC_REPRESENTATION_CONTEXT(2) 
PARAMETRIC_REPRESENTATION_CONTEXT() REPRESENTATION_CONTEXT('2D SPACE',''
  ) );
#1601 = PCURVE('',#1602,#1607);
#1602 = PLANE('',#1603);
#1603 = AXIS2_PLACEMENT_3D('',#1604,#1605,#1606);
#1604 = CARTESIAN_POINT('',(517.4,1.067147090694E-14,298.5));
#1605 = DIRECTION('',(1.,0.,1.110223024625E-16));
#1606 = DIRECTION('',(1.110223024625E-16,0.,-1.));
#1607 = DEFINITIONAL_REPRESENTATION('',(#1608),#1612);
#1608 = CIRCLE('',#1609,76.2);
#1609 = AXIS2_PLACEMENT_2D('',#1610,#1611);
#1610 = CARTESIAN_POINT('',(0.,-1.067147090694E-14));
#1611 = DIRECTION('',(1.,0.));
#1612 = ( GEOMETRIC_REPRESENTATION_CONTEXT(2) 
PARAMETRIC_REPRESENTATION_CONTEXT() REPRESENTATION_CONTEXT('2D SPACE',''
  ) );
#1613 = ADVANCED_FACE('',(#1614,#1617,#1652,#1687,#1718,#1753),#1602,.F.
  );
#1614 = FACE_BOUND('',#1615,.F.);
#1615 = EDGE_LOOP('',(#1616));
#1616 = ORIENTED_EDGE('',*,*,#1587,.T.);
#1617 = FACE_BOUND('',#1618,.F.);
#1618 = EDGE_LOOP('',(#1619));
#1619 = ORIENTED_EDGE('',*,*,#1620,.T.);
#1620 = EDGE_CURVE('',#1621,#1621,#1623,.T.);
#1621 = VERTEX_POINT('',#1622);
#1622 = CARTESIAN_POINT('',(517.4,-69.85,298.5));
#1623 = SURFACE_CURVE('',#1624,(#1629,#1640),.PCURVE_S1.);
#1624 = CIRCLE('',#1625,9.55);
#1625 = AXIS2_PLACEMENT_3D('',#1626,#1627,#1628);
#1626 = CARTESIAN_POINT('',(517.4,-60.3,298.5));
#1627 = DIRECTION('',(-1.,0.,-1.110223024625E-16));
#1628 = DIRECTION('',(-2.465190328816E-32,-1.,2.22044604925E-16));
#1629 = PCURVE('',#1602,#1630);
#1630 = DEFINITIONAL_REPRESENTATION('',(#1631),#1639);
#1631 = ( BOUNDED_CURVE() B_SPLINE_CURVE(2,(#1632,#1633,#1634,#1635,
#1636,#1637,#1638),.UNSPECIFIED.,.T.,.F.) B_SPLINE_CURVE_WITH_KNOTS((1,2
    ,2,2,2,1),(-2.094395102393,0.,2.094395102393,4.188790204786,
6.28318530718,8.377580409573),.UNSPECIFIED.) CURVE() 
GEOMETRIC_REPRESENTATION_ITEM() RATIONAL_B_SPLINE_CURVE((1.,0.5,1.,0.5,
1.,0.5,1.)) REPRESENTATION_ITEM('') );
#1632 = CARTESIAN_POINT('',(-2.120525977034E-15,-69.85));
#1633 = CARTESIAN_POINT('',(-16.54108521228,-69.85));
#1634 = CARTESIAN_POINT('',(-8.270542606141,-55.525));
#1635 = CARTESIAN_POINT('',(1.901976567697E-15,-41.2));
#1636 = CARTESIAN_POINT('',(8.270542606141,-55.525));
#1637 = CARTESIAN_POINT('',(16.541085212283,-69.85));
#1638 = CARTESIAN_POINT('',(-2.120525977034E-15,-69.85));
#1639 = ( GEOMETRIC_REPRESENTATION_CONTEXT(2) 
PARAMETRIC_REPRESENTATION_CONTEXT() REPRESENTATION_CONTEXT('2D SPACE',''
  ) );
#1640 = PCURVE('',#1641,#1646);
#1641 = CYLINDRICAL_SURFACE('',#1642,9.55);
#1642 = AXIS2_PLACEMENT_3D('',#1643,#1644,#1645);
#1643 = CARTESIAN_POINT('',(516.4,-60.3,298.5));
#1644 = DIRECTION('',(-1.,-0.,-1.110223024625E-16));
#1645 = DIRECTION('',(-2.465190328816E-32,-1.,2.22044604925E-16));
#1646 = DEFINITIONAL_REPRESENTATION('',(#1647),#1651);
#1647 = LINE('',#1648,#1649);
#1648 = CARTESIAN_POINT('',(-6.28318530718,-1.));
#1649 = VECTOR('',#1650,1.);
#1650 = DIRECTION('',(1.,-0.));
#1651 = ( GEOMETRIC_REPRESENTATION_CONTEXT(2) 
PARAMETRIC_REPRESENTATION_CONTEXT() REPRESENTATION_CONTEXT('2D SPACE',''
  ) );
#1652 = FACE_BOUND('',#1653,.F.);
#1653 = EDGE_LOOP('',(#1654));
#1654 = ORIENTED_EDGE('',*,*,#1655,.T.);
#1655 = EDGE_CURVE('',#1656,#1656,#1658,.T.);
#1656 = VERTEX_POINT('',#1657);
#1657 = CARTESIAN_POINT('',(517.4,8.554157892044E-15,368.35));
#1658 = SURFACE_CURVE('',#1659,(#1664,#1675),.PCURVE_S1.);
#1659 = CIRCLE('',#1660,9.55);
#1660 = AXIS2_PLACEMENT_3D('',#1661,#1662,#1663);
#1661 = CARTESIAN_POINT('',(517.4,7.384620198859E-15,358.8));
#1662 = DIRECTION('',(-1.,0.,-1.110223024625E-16));
#1663 = DIRECTION('',(-1.110223024625E-16,1.224646799147E-16,1.));
#1664 = PCURVE('',#1602,#1665);
#1665 = DEFINITIONAL_REPRESENTATION('',(#1666),#1674);
#1666 = ( BOUNDED_CURVE() B_SPLINE_CURVE(2,(#1667,#1668,#1669,#1670,
#1671,#1672,#1673),.UNSPECIFIED.,.T.,.F.) B_SPLINE_CURVE_WITH_KNOTS((1,2
    ,2,2,2,1),(-2.094395102393,0.,2.094395102393,4.188790204786,
6.28318530718,8.377580409573),.UNSPECIFIED.) CURVE() 
GEOMETRIC_REPRESENTATION_ITEM() RATIONAL_B_SPLINE_CURVE((1.,0.5,1.,0.5,
1.,0.5,1.)) REPRESENTATION_ITEM('') );
#1667 = CARTESIAN_POINT('',(-69.85,-2.117313014897E-15));
#1668 = CARTESIAN_POINT('',(-69.85,16.541085212283));
#1669 = CARTESIAN_POINT('',(-55.525,8.270542606141));
#1670 = CARTESIAN_POINT('',(-41.2,-3.286850708082E-15));
#1671 = CARTESIAN_POINT('',(-55.525,-8.270542606141));
#1672 = CARTESIAN_POINT('',(-69.85,-16.54108521228));
#1673 = CARTESIAN_POINT('',(-69.85,-2.117313014897E-15));
#1674 = ( GEOMETRIC_REPRESENTATION_CONTEXT(2) 
PARAMETRIC_REPRESENTATION_CONTEXT() REPRESENTATION_CONTEXT('2D SPACE',''
  ) );
#1675 = PCURVE('',#1676,#1681);
#1676 = CYLINDRICAL_SURFACE('',#1677,9.55);
#1677 = AXIS2_PLACEMENT_3D('',#1678,#1679,#1680);
#1678 = CARTESIAN_POINT('',(516.4,7.384620198859E-15,358.8));
#1679 = DIRECTION('',(-1.,-0.,-1.110223024625E-16));
#1680 = DIRECTION('',(-1.110223024625E-16,1.224646799147E-16,1.));
#1681 = DEFINITIONAL_REPRESENTATION('',(#1682),#1686);
#1682 = LINE('',#1683,#1684);
#1683 = CARTESIAN_POINT('',(-6.28318530718,-1.));
#1684 = VECTOR('',#1685,1.);
#1685 = DIRECTION('',(1.,-0.));
#1686 = ( GEOMETRIC_REPRESENTATION_CONTEXT(2) 
PARAMETRIC_REPRESENTATION_CONTEXT() REPRESENTATION_CONTEXT('2D SPACE',''
  ) );
#1687 = FACE_BOUND('',#1688,.F.);
#1688 = EDGE_LOOP('',(#1689));
#1689 = ORIENTED_EDGE('',*,*,#1690,.F.);
#1690 = EDGE_CURVE('',#1691,#1691,#1693,.T.);
#1691 = VERTEX_POINT('',#1692);
#1692 = CARTESIAN_POINT('',(517.4,0.,256.45));
#1693 = SURFACE_CURVE('',#1694,(#1699,#1706),.PCURVE_S1.);
#1694 = CIRCLE('',#1695,42.05);
#1695 = AXIS2_PLACEMENT_3D('',#1696,#1697,#1698);
#1696 = CARTESIAN_POINT('',(517.4,0.,298.5));
#1697 = DIRECTION('',(1.,-0.,1.110223024625E-16));
#1698 = DIRECTION('',(1.110223024625E-16,0.,-1.));
#1699 = PCURVE('',#1602,#1700);
#1700 = DEFINITIONAL_REPRESENTATION('',(#1701),#1705);
#1701 = CIRCLE('',#1702,42.05);
#1702 = AXIS2_PLACEMENT_2D('',#1703,#1704);
#1703 = CARTESIAN_POINT('',(0.,-1.067147090694E-14));
#1704 = DIRECTION('',(1.,0.));
#1705 = ( GEOMETRIC_REPRESENTATION_CONTEXT(2) 
PARAMETRIC_REPRESENTATION_CONTEXT() REPRESENTATION_CONTEXT('2D SPACE',''
  ) );
#1706 = PCURVE('',#1707,#1712);
#1707 = CYLINDRICAL_SURFACE('',#1708,42.05);
#1708 = AXIS2_PLACEMENT_3D('',#1709,#1710,#1711);
#1709 = CARTESIAN_POINT('',(517.4,0.,298.5));
#1710 = DIRECTION('',(-1.,-0.,-1.110223024625E-16));
#1711 = DIRECTION('',(1.110223024625E-16,0.,-1.));
#1712 = DEFINITIONAL_REPRESENTATION('',(#1713),#1717);
#1713 = LINE('',#1714,#1715);
#1714 = CARTESIAN_POINT('',(-0.,0.));
#1715 = VECTOR('',#1716,1.);
#1716 = DIRECTION('',(-1.,0.));
#1717 = ( GEOMETRIC_REPRESENTATION_CONTEXT(2) 
PARAMETRIC_REPRESENTATION_CONTEXT() REPRESENTATION_CONTEXT('2D SPACE',''
  ) );
#1718 = FACE_BOUND('',#1719,.F.);
#1719 = EDGE_LOOP('',(#1720));
#1720 = ORIENTED_EDGE('',*,*,#1721,.T.);
#1721 = EDGE_CURVE('',#1722,#1722,#1724,.T.);
#1722 = VERTEX_POINT('',#1723);
#1723 = CARTESIAN_POINT('',(517.4,0.,228.65));
#1724 = SURFACE_CURVE('',#1725,(#1730,#1741),.PCURVE_S1.);
#1725 = CIRCLE('',#1726,9.55);
#1726 = AXIS2_PLACEMENT_3D('',#1727,#1728,#1729);
#1727 = CARTESIAN_POINT('',(517.4,0.,238.2));
#1728 = DIRECTION('',(-1.,-0.,-1.110223024625E-16));
#1729 = DIRECTION('',(1.110223024625E-16,0.,-1.));
#1730 = PCURVE('',#1602,#1731);
#1731 = DEFINITIONAL_REPRESENTATION('',(#1732),#1740);
#1732 = ( BOUNDED_CURVE() B_SPLINE_CURVE(2,(#1733,#1734,#1735,#1736,
#1737,#1738,#1739),.UNSPECIFIED.,.T.,.F.) B_SPLINE_CURVE_WITH_KNOTS((1,2
    ,2,2,2,1),(-2.094395102393,0.,2.094395102393,4.188790204786,
6.28318530718,8.377580409573),.UNSPECIFIED.) CURVE() 
GEOMETRIC_REPRESENTATION_ITEM() RATIONAL_B_SPLINE_CURVE((1.,0.5,1.,0.5,
1.,0.5,1.)) REPRESENTATION_ITEM('') );
#1733 = CARTESIAN_POINT('',(69.85,-1.067147090694E-14));
#1734 = CARTESIAN_POINT('',(69.85,-16.54108521228));
#1735 = CARTESIAN_POINT('',(55.525,-8.270542606141));
#1736 = CARTESIAN_POINT('',(41.2,-1.301054629331E-14));
#1737 = CARTESIAN_POINT('',(55.525,8.270542606141));
#1738 = CARTESIAN_POINT('',(69.85,16.541085212283));
#1739 = CARTESIAN_POINT('',(69.85,-1.067147090694E-14));
#1740 = ( GEOMETRIC_REPRESENTATION_CONTEXT(2) 
PARAMETRIC_REPRESENTATION_CONTEXT() REPRESENTATION_CONTEXT('2D SPACE',''
  ) );
#1741 = PCURVE('',#1742,#1747);
#1742 = CYLINDRICAL_SURFACE('',#1743,9.55);
#1743 = AXIS2_PLACEMENT_3D('',#1744,#1745,#1746);
#1744 = CARTESIAN_POINT('',(516.4,0.,238.2));
#1745 = DIRECTION('',(-1.,-0.,-1.110223024625E-16));
#1746 = DIRECTION('',(1.110223024625E-16,0.,-1.));
#1747 = DEFINITIONAL_REPRESENTATION('',(#1748),#1752);
#1748 = LINE('',#1749,#1750);
#1749 = CARTESIAN_POINT('',(-6.28318530718,-1.));
#1750 = VECTOR('',#1751,1.);
#1751 = DIRECTION('',(1.,-0.));
#1752 = ( GEOMETRIC_REPRESENTATION_CONTEXT(2) 
PARAMETRIC_REPRESENTATION_CONTEXT() REPRESENTATION_CONTEXT('2D SPACE',''
  ) );
#1753 = FACE_BOUND('',#1754,.F.);
#1754 = EDGE_LOOP('',(#1755));
#1755 = ORIENTED_EDGE('',*,*,#1756,.T.);
#1756 = EDGE_CURVE('',#1757,#1757,#1759,.T.);
#1757 = VERTEX_POINT('',#1758);
#1758 = CARTESIAN_POINT('',(517.4,69.85,298.5));
#1759 = SURFACE_CURVE('',#1760,(#1765,#1776),.PCURVE_S1.);
#1760 = CIRCLE('',#1761,9.55);
#1761 = AXIS2_PLACEMENT_3D('',#1762,#1763,#1764);
#1762 = CARTESIAN_POINT('',(517.4,60.3,298.5));
#1763 = DIRECTION('',(-1.,0.,-1.110223024625E-16));
#1764 = DIRECTION('',(1.232595164408E-32,1.,-1.110223024625E-16));
#1765 = PCURVE('',#1602,#1766);
#1766 = DEFINITIONAL_REPRESENTATION('',(#1767),#1775);
#1767 = ( BOUNDED_CURVE() B_SPLINE_CURVE(2,(#1768,#1769,#1770,#1771,
#1772,#1773,#1774),.UNSPECIFIED.,.T.,.F.) B_SPLINE_CURVE_WITH_KNOTS((1,2
    ,2,2,2,1),(-2.094395102393,0.,2.094395102393,4.188790204786,
6.28318530718,8.377580409573),.UNSPECIFIED.) CURVE() 
GEOMETRIC_REPRESENTATION_ITEM() RATIONAL_B_SPLINE_CURVE((1.,0.5,1.,0.5,
1.,0.5,1.)) REPRESENTATION_ITEM('') );
#1768 = CARTESIAN_POINT('',(1.060262988517E-15,69.85));
#1769 = CARTESIAN_POINT('',(16.541085212283,69.85));
#1770 = CARTESIAN_POINT('',(8.270542606141,55.525));
#1771 = CARTESIAN_POINT('',(2.185494093374E-16,41.2));
#1772 = CARTESIAN_POINT('',(-8.270542606141,55.525));
#1773 = CARTESIAN_POINT('',(-16.54108521228,69.85));
#1774 = CARTESIAN_POINT('',(1.060262988517E-15,69.85));
#1775 = ( GEOMETRIC_REPRESENTATION_CONTEXT(2) 
PARAMETRIC_REPRESENTATION_CONTEXT() REPRESENTATION_CONTEXT('2D SPACE',''
  ) );
#1776 = PCURVE('',#1777,#1782);
#1777 = CYLINDRICAL_SURFACE('',#1778,9.55);
#1778 = AXIS2_PLACEMENT_3D('',#1779,#1780,#1781);
#1779 = CARTESIAN_POINT('',(516.4,60.3,298.5));
#1780 = DIRECTION('',(-1.,0.,-1.110223024625E-16));
#1781 = DIRECTION('',(1.232595164408E-32,1.,-1.110223024625E-16));
#1782 = DEFINITIONAL_REPRESENTATION('',(#1783),#1787);
#1783 = LINE('',#1784,#1785);
#1784 = CARTESIAN_POINT('',(-6.28318530718,-1.));
#1785 = VECTOR('',#1786,1.);
#1786 = DIRECTION('',(1.,-0.));
#1787 = ( GEOMETRIC_REPRESENTATION_CONTEXT(2) 
PARAMETRIC_REPRESENTATION_CONTEXT() REPRESENTATION_CONTEXT('2D SPACE',''
  ) );
#1788 = ADVANCED_FACE('',(#1789,#1792,#1822,#1852,#1883,#1913),#1574,.T.
  );
#1789 = FACE_BOUND('',#1790,.T.);
#1790 = EDGE_LOOP('',(#1791));
#1791 = ORIENTED_EDGE('',*,*,#1559,.T.);
#1792 = FACE_BOUND('',#1793,.T.);
#1793 = EDGE_LOOP('',(#1794));
#1794 = ORIENTED_EDGE('',*,*,#1795,.T.);
#1795 = EDGE_CURVE('',#1796,#1796,#1798,.T.);
#1796 = VERTEX_POINT('',#1797);
#1797 = CARTESIAN_POINT('',(536.5,-69.85,298.5));
#1798 = SURFACE_CURVE('',#1799,(#1804,#1815),.PCURVE_S1.);
#1799 = CIRCLE('',#1800,9.55);
#1800 = AXIS2_PLACEMENT_3D('',#1801,#1802,#1803);
#1801 = CARTESIAN_POINT('',(536.5,-60.3,298.5));
#1802 = DIRECTION('',(-1.,0.,-1.110223024625E-16));
#1803 = DIRECTION('',(-2.465190328816E-32,-1.,2.22044604925E-16));
#1804 = PCURVE('',#1574,#1805);
#1805 = DEFINITIONAL_REPRESENTATION('',(#1806),#1814);
#1806 = ( BOUNDED_CURVE() B_SPLINE_CURVE(2,(#1807,#1808,#1809,#1810,
#1811,#1812,#1813),.UNSPECIFIED.,.T.,.F.) B_SPLINE_CURVE_WITH_KNOTS((1,2
    ,2,2,2,1),(-2.094395102393,0.,2.094395102393,4.188790204786,
6.28318530718,8.377580409573),.UNSPECIFIED.) CURVE() 
GEOMETRIC_REPRESENTATION_ITEM() RATIONAL_B_SPLINE_CURVE((1.,0.5,1.,0.5,
1.,0.5,1.)) REPRESENTATION_ITEM('') );
#1807 = CARTESIAN_POINT('',(-2.120525977034E-15,-69.85));
#1808 = CARTESIAN_POINT('',(-16.54108521228,-69.85));
#1809 = CARTESIAN_POINT('',(-8.270542606141,-55.525));
#1810 = CARTESIAN_POINT('',(1.901976567697E-15,-41.2));
#1811 = CARTESIAN_POINT('',(8.270542606141,-55.525));
#1812 = CARTESIAN_POINT('',(16.541085212283,-69.85));
#1813 = CARTESIAN_POINT('',(-2.120525977034E-15,-69.85));
#1814 = ( GEOMETRIC_REPRESENTATION_CONTEXT(2) 
PARAMETRIC_REPRESENTATION_CONTEXT() REPRESENTATION_CONTEXT('2D SPACE',''
  ) );
#1815 = PCURVE('',#1641,#1816);
#1816 = DEFINITIONAL_REPRESENTATION('',(#1817),#1821);
#1817 = LINE('',#1818,#1819);
#1818 = CARTESIAN_POINT('',(-6.28318530718,-20.1));
#1819 = VECTOR('',#1820,1.);
#1820 = DIRECTION('',(1.,-0.));
#1821 = ( GEOMETRIC_REPRESENTATION_CONTEXT(2) 
PARAMETRIC_REPRESENTATION_CONTEXT() REPRESENTATION_CONTEXT('2D SPACE',''
  ) );
#1822 = FACE_BOUND('',#1823,.T.);
#1823 = EDGE_LOOP('',(#1824));
#1824 = ORIENTED_EDGE('',*,*,#1825,.T.);
#1825 = EDGE_CURVE('',#1826,#1826,#1828,.T.);
#1826 = VERTEX_POINT('',#1827);
#1827 = CARTESIAN_POINT('',(536.5,8.554157892044E-15,368.35));
#1828 = SURFACE_CURVE('',#1829,(#1834,#1845),.PCURVE_S1.);
#1829 = CIRCLE('',#1830,9.55);
#1830 = AXIS2_PLACEMENT_3D('',#1831,#1832,#1833);
#1831 = CARTESIAN_POINT('',(536.5,7.384620198859E-15,358.8));
#1832 = DIRECTION('',(-1.,0.,-1.110223024625E-16));
#1833 = DIRECTION('',(-1.110223024625E-16,1.224646799147E-16,1.));
#1834 = PCURVE('',#1574,#1835);
#1835 = DEFINITIONAL_REPRESENTATION('',(#1836),#1844);
#1836 = ( BOUNDED_CURVE() B_SPLINE_CURVE(2,(#1837,#1838,#1839,#1840,
#1841,#1842,#1843),.UNSPECIFIED.,.T.,.F.) B_SPLINE_CURVE_WITH_KNOTS((1,2
    ,2,2,2,1),(-2.094395102393,0.,2.094395102393,4.188790204786,
6.28318530718,8.377580409573),.UNSPECIFIED.) CURVE() 
GEOMETRIC_REPRESENTATION_ITEM() RATIONAL_B_SPLINE_CURVE((1.,0.5,1.,0.5,
1.,0.5,1.)) REPRESENTATION_ITEM('') );
#1837 = CARTESIAN_POINT('',(-69.85,-2.117313014897E-15));
#1838 = CARTESIAN_POINT('',(-69.85,16.541085212283));
#1839 = CARTESIAN_POINT('',(-55.525,8.270542606141));
#1840 = CARTESIAN_POINT('',(-41.2,-3.286850708082E-15));
#1841 = CARTESIAN_POINT('',(-55.525,-8.270542606141));
#1842 = CARTESIAN_POINT('',(-69.85,-16.54108521228));
#1843 = CARTESIAN_POINT('',(-69.85,-2.117313014897E-15));
#1844 = ( GEOMETRIC_REPRESENTATION_CONTEXT(2) 
PARAMETRIC_REPRESENTATION_CONTEXT() REPRESENTATION_CONTEXT('2D SPACE',''
  ) );
#1845 = PCURVE('',#1676,#1846);
#1846 = DEFINITIONAL_REPRESENTATION('',(#1847),#1851);
#1847 = LINE('',#1848,#1849);
#1848 = CARTESIAN_POINT('',(-6.28318530718,-20.1));
#1849 = VECTOR('',#1850,1.);
#1850 = DIRECTION('',(1.,-0.));
#1851 = ( GEOMETRIC_REPRESENTATION_CONTEXT(2) 
PARAMETRIC_REPRESENTATION_CONTEXT() REPRESENTATION_CONTEXT('2D SPACE',''
  ) );
#1852 = FACE_BOUND('',#1853,.T.);
#1853 = EDGE_LOOP('',(#1854));
#1854 = ORIENTED_EDGE('',*,*,#1855,.F.);
#1855 = EDGE_CURVE('',#1856,#1856,#1858,.T.);
#1856 = VERTEX_POINT('',#1857);
#1857 = CARTESIAN_POINT('',(536.5,0.,252.45));
#1858 = SURFACE_CURVE('',#1859,(#1864,#1871),.PCURVE_S1.);
#1859 = CIRCLE('',#1860,46.05);
#1860 = AXIS2_PLACEMENT_3D('',#1861,#1862,#1863);
#1861 = CARTESIAN_POINT('',(536.5,0.,298.5));
#1862 = DIRECTION('',(1.,-0.,1.110223024625E-16));
#1863 = DIRECTION('',(1.110223024625E-16,0.,-1.));
#1864 = PCURVE('',#1574,#1865);
#1865 = DEFINITIONAL_REPRESENTATION('',(#1866),#1870);
#1866 = CIRCLE('',#1867,46.05);
#1867 = AXIS2_PLACEMENT_2D('',#1868,#1869);
#1868 = CARTESIAN_POINT('',(0.,-1.067147090694E-14));
#1869 = DIRECTION('',(1.,0.));
#1870 = ( GEOMETRIC_REPRESENTATION_CONTEXT(2) 
PARAMETRIC_REPRESENTATION_CONTEXT() REPRESENTATION_CONTEXT('2D SPACE',''
  ) );
#1871 = PCURVE('',#1872,#1877);
#1872 = CYLINDRICAL_SURFACE('',#1873,46.05);
#1873 = AXIS2_PLACEMENT_3D('',#1874,#1875,#1876);
#1874 = CARTESIAN_POINT('',(536.5,0.,298.5));
#1875 = DIRECTION('',(-1.,-0.,-1.110223024625E-16));
#1876 = DIRECTION('',(1.110223024625E-16,0.,-1.));
#1877 = DEFINITIONAL_REPRESENTATION('',(#1878),#1882);
#1878 = LINE('',#1879,#1880);
#1879 = CARTESIAN_POINT('',(-0.,0.));
#1880 = VECTOR('',#1881,1.);
#1881 = DIRECTION('',(-1.,0.));
#1882 = ( GEOMETRIC_REPRESENTATION_CONTEXT(2) 
PARAMETRIC_REPRESENTATION_CONTEXT() REPRESENTATION_CONTEXT('2D SPACE',''
  ) );
#1883 = FACE_BOUND('',#1884,.T.);
#1884 = EDGE_LOOP('',(#1885));
#1885 = ORIENTED_EDGE('',*,*,#1886,.T.);
#1886 = EDGE_CURVE('',#1887,#1887,#1889,.T.);
#1887 = VERTEX_POINT('',#1888);
#1888 = CARTESIAN_POINT('',(536.5,0.,228.65));
#1889 = SURFACE_CURVE('',#1890,(#1895,#1906),.PCURVE_S1.);
#1890 = CIRCLE('',#1891,9.55);
#1891 = AXIS2_PLACEMENT_3D('',#1892,#1893,#1894);
#1892 = CARTESIAN_POINT('',(536.5,0.,238.2));
#1893 = DIRECTION('',(-1.,-0.,-1.110223024625E-16));
#1894 = DIRECTION('',(1.110223024625E-16,0.,-1.));
#1895 = PCURVE('',#1574,#1896);
#1896 = DEFINITIONAL_REPRESENTATION('',(#1897),#1905);
#1897 = ( BOUNDED_CURVE() B_SPLINE_CURVE(2,(#1898,#1899,#1900,#1901,
#1902,#1903,#1904),.UNSPECIFIED.,.T.,.F.) B_SPLINE_CURVE_WITH_KNOTS((1,2
    ,2,2,2,1),(-2.094395102393,0.,2.094395102393,4.188790204786,
6.28318530718,8.377580409573),.UNSPECIFIED.) CURVE() 
GEOMETRIC_REPRESENTATION_ITEM() RATIONAL_B_SPLINE_CURVE((1.,0.5,1.,0.5,
1.,0.5,1.)) REPRESENTATION_ITEM('') );
#1898 = CARTESIAN_POINT('',(69.85,-1.067147090694E-14));
#1899 = CARTESIAN_POINT('',(69.85,-16.54108521228));
#1900 = CARTESIAN_POINT('',(55.525,-8.270542606141));
#1901 = CARTESIAN_POINT('',(41.2,-1.301054629331E-14));
#1902 = CARTESIAN_POINT('',(55.525,8.270542606141));
#1903 = CARTESIAN_POINT('',(69.85,16.541085212283));
#1904 = CARTESIAN_POINT('',(69.85,-1.067147090694E-14));
#1905 = ( GEOMETRIC_REPRESENTATION_CONTEXT(2) 
PARAMETRIC_REPRESENTATION_CONTEXT() REPRESENTATION_CONTEXT('2D SPACE',''
  ) );
#1906 = PCURVE('',#1742,#1907);
#1907 = DEFINITIONAL_REPRESENTATION('',(#1908),#1912);
#1908 = LINE('',#1909,#1910);
#1909 = CARTESIAN_POINT('',(-6.28318530718,-20.1));
#1910 = VECTOR('',#1911,1.);
#1911 = DIRECTION('',(1.,-0.));
#1912 = ( GEOMETRIC_REPRESENTATION_CONTEXT(2) 
PARAMETRIC_REPRESENTATION_CONTEXT() REPRESENTATION_CONTEXT('2D SPACE',''
  ) );
#1913 = FACE_BOUND('',#1914,.T.);
#1914 = EDGE_LOOP('',(#1915));
#1915 = ORIENTED_EDGE('',*,*,#1916,.T.);
#1916 = EDGE_CURVE('',#1917,#1917,#1919,.T.);
#1917 = VERTEX_POINT('',#1918);
#1918 = CARTESIAN_POINT('',(536.5,69.85,298.5));
#1919 = SURFACE_CURVE('',#1920,(#1925,#1936),.PCURVE_S1.);
#1920 = CIRCLE('',#1921,9.55);
#1921 = AXIS2_PLACEMENT_3D('',#1922,#1923,#1924);
#1922 = CARTESIAN_POINT('',(536.5,60.3,298.5));
#1923 = DIRECTION('',(-1.,0.,-1.110223024625E-16));
#1924 = DIRECTION('',(1.232595164408E-32,1.,-1.110223024625E-16));
#1925 = PCURVE('',#1574,#1926);
#1926 = DEFINITIONAL_REPRESENTATION('',(#1927),#1935);
#1927 = ( BOUNDED_CURVE() B_SPLINE_CURVE(2,(#1928,#1929,#1930,#1931,
#1932,#1933,#1934),.UNSPECIFIED.,.T.,.F.) B_SPLINE_CURVE_WITH_KNOTS((1,2
    ,2,2,2,1),(-2.094395102393,0.,2.094395102393,4.188790204786,
6.28318530718,8.377580409573),.UNSPECIFIED.) CURVE() 
GEOMETRIC_REPRESENTATION_ITEM() RATIONAL_B_SPLINE_CURVE((1.,0.5,1.,0.5,
1.,0.5,1.)) REPRESENTATION_ITEM('') );
#1928 = CARTESIAN_POINT('',(1.060262988517E-15,69.85));
#1929 = CARTESIAN_POINT('',(16.541085212283,69.85));
#1930 = CARTESIAN_POINT('',(8.270542606141,55.525));
#1931 = CARTESIAN_POINT('',(2.185494093374E-16,41.2));
#1932 = CARTESIAN_POINT('',(-8.270542606141,55.525));
#1933 = CARTESIAN_POINT('',(-16.54108521228,69.85));
#1934 = CARTESIAN_POINT('',(1.060262988517E-15,69.85));
#1935 = ( GEOMETRIC_REPRESENTATION_CONTEXT(2) 
PARAMETRIC_REPRESENTATION_CONTEXT() REPRESENTATION_CONTEXT('2D SPACE',''
  ) );
#1936 = PCURVE('',#1777,#1937);
#1937 = DEFINITIONAL_REPRESENTATION('',(#1938),#1942);
#1938 = LINE('',#1939,#1940);
#1939 = CARTESIAN_POINT('',(-6.28318530718,-20.1));
#1940 = VECTOR('',#1941,1.);
#1941 = DIRECTION('',(1.,-0.));
#1942 = ( GEOMETRIC_REPRESENTATION_CONTEXT(2) 
PARAMETRIC_REPRESENTATION_CONTEXT() REPRESENTATION_CONTEXT('2D SPACE',''
  ) );
#1943 = ADVANCED_FACE('',(#1944),#1641,.F.);
#1944 = FACE_BOUND('',#1945,.T.);
#1945 = EDGE_LOOP('',(#1946,#1947,#1968,#1969));
#1946 = ORIENTED_EDGE('',*,*,#1620,.T.);
#1947 = ORIENTED_EDGE('',*,*,#1948,.T.);
#1948 = EDGE_CURVE('',#1621,#1796,#1949,.T.);
#1949 = SEAM_CURVE('',#1950,(#1954,#1961),.PCURVE_S1.);
#1950 = LINE('',#1951,#1952);
#1951 = CARTESIAN_POINT('',(516.4,-69.85,298.5));
#1952 = VECTOR('',#1953,1.);
#1953 = DIRECTION('',(1.,0.,1.110223024625E-16));
#1954 = PCURVE('',#1641,#1955);
#1955 = DEFINITIONAL_REPRESENTATION('',(#1956),#1960);
#1956 = LINE('',#1957,#1958);
#1957 = CARTESIAN_POINT('',(-6.28318530718,0.));
#1958 = VECTOR('',#1959,1.);
#1959 = DIRECTION('',(-0.,-1.));
#1960 = ( GEOMETRIC_REPRESENTATION_CONTEXT(2) 
PARAMETRIC_REPRESENTATION_CONTEXT() REPRESENTATION_CONTEXT('2D SPACE',''
  ) );
#1961 = PCURVE('',#1641,#1962);
#1962 = DEFINITIONAL_REPRESENTATION('',(#1963),#1967);
#1963 = LINE('',#1964,#1965);
#1964 = CARTESIAN_POINT('',(-0.,0.));
#1965 = VECTOR('',#1966,1.);
#1966 = DIRECTION('',(-0.,-1.));
#1967 = ( GEOMETRIC_REPRESENTATION_CONTEXT(2) 
PARAMETRIC_REPRESENTATION_CONTEXT() REPRESENTATION_CONTEXT('2D SPACE',''
  ) );
#1968 = ORIENTED_EDGE('',*,*,#1795,.F.);
#1969 = ORIENTED_EDGE('',*,*,#1948,.F.);
#1970 = ADVANCED_FACE('',(#1971),#1676,.F.);
#1971 = FACE_BOUND('',#1972,.T.);
#1972 = EDGE_LOOP('',(#1973,#1974,#1995,#1996));
#1973 = ORIENTED_EDGE('',*,*,#1655,.T.);
#1974 = ORIENTED_EDGE('',*,*,#1975,.T.);
#1975 = EDGE_CURVE('',#1656,#1826,#1976,.T.);
#1976 = SEAM_CURVE('',#1977,(#1981,#1988),.PCURVE_S1.);
#1977 = LINE('',#1978,#1979);
#1978 = CARTESIAN_POINT('',(516.4,8.554157892044E-15,368.35));
#1979 = VECTOR('',#1980,1.);
#1980 = DIRECTION('',(1.,0.,1.110223024625E-16));
#1981 = PCURVE('',#1676,#1982);
#1982 = DEFINITIONAL_REPRESENTATION('',(#1983),#1987);
#1983 = LINE('',#1984,#1985);
#1984 = CARTESIAN_POINT('',(-6.28318530718,0.));
#1985 = VECTOR('',#1986,1.);
#1986 = DIRECTION('',(-0.,-1.));
#1987 = ( GEOMETRIC_REPRESENTATION_CONTEXT(2) 
PARAMETRIC_REPRESENTATION_CONTEXT() REPRESENTATION_CONTEXT('2D SPACE',''
  ) );
#1988 = PCURVE('',#1676,#1989);
#1989 = DEFINITIONAL_REPRESENTATION('',(#1990),#1994);
#1990 = LINE('',#1991,#1992);
#1991 = CARTESIAN_POINT('',(-0.,0.));
#1992 = VECTOR('',#1993,1.);
#1993 = DIRECTION('',(-0.,-1.));
#1994 = ( GEOMETRIC_REPRESENTATION_CONTEXT(2) 
PARAMETRIC_REPRESENTATION_CONTEXT() REPRESENTATION_CONTEXT('2D SPACE',''
  ) );
#1995 = ORIENTED_EDGE('',*,*,#1825,.F.);
#1996 = ORIENTED_EDGE('',*,*,#1975,.F.);
#1997 = ADVANCED_FACE('',(#1998),#1707,.T.);
#1998 = FACE_BOUND('',#1999,.F.);
#1999 = EDGE_LOOP('',(#2000,#2001,#2024,#2051));
#2000 = ORIENTED_EDGE('',*,*,#1690,.T.);
#2001 = ORIENTED_EDGE('',*,*,#2002,.T.);
#2002 = EDGE_CURVE('',#1691,#2003,#2005,.T.);
#2003 = VERTEX_POINT('',#2004);
#2004 = CARTESIAN_POINT('',(512.4,0.,256.45));
#2005 = SEAM_CURVE('',#2006,(#2010,#2017),.PCURVE_S1.);
#2006 = LINE('',#2007,#2008);
#2007 = CARTESIAN_POINT('',(517.4,0.,256.45));
#2008 = VECTOR('',#2009,1.);
#2009 = DIRECTION('',(-1.,0.,-1.110223024625E-16));
#2010 = PCURVE('',#1707,#2011);
#2011 = DEFINITIONAL_REPRESENTATION('',(#2012),#2016);
#2012 = LINE('',#2013,#2014);
#2013 = CARTESIAN_POINT('',(-0.,0.));
#2014 = VECTOR('',#2015,1.);
#2015 = DIRECTION('',(-0.,1.));
#2016 = ( GEOMETRIC_REPRESENTATION_CONTEXT(2) 
PARAMETRIC_REPRESENTATION_CONTEXT() REPRESENTATION_CONTEXT('2D SPACE',''
  ) );
#2017 = PCURVE('',#1707,#2018);
#2018 = DEFINITIONAL_REPRESENTATION('',(#2019),#2023);
#2019 = LINE('',#2020,#2021);
#2020 = CARTESIAN_POINT('',(-6.28318530718,0.));
#2021 = VECTOR('',#2022,1.);
#2022 = DIRECTION('',(-0.,1.));
#2023 = ( GEOMETRIC_REPRESENTATION_CONTEXT(2) 
PARAMETRIC_REPRESENTATION_CONTEXT() REPRESENTATION_CONTEXT('2D SPACE',''
  ) );
#2024 = ORIENTED_EDGE('',*,*,#2025,.F.);
#2025 = EDGE_CURVE('',#2003,#2003,#2026,.T.);
#2026 = SURFACE_CURVE('',#2027,(#2032,#2039),.PCURVE_S1.);
#2027 = CIRCLE('',#2028,42.05);
#2028 = AXIS2_PLACEMENT_3D('',#2029,#2030,#2031);
#2029 = CARTESIAN_POINT('',(512.4,0.,298.5));
#2030 = DIRECTION('',(1.,-0.,1.110223024625E-16));
#2031 = DIRECTION('',(1.110223024625E-16,0.,-1.));
#2032 = PCURVE('',#1707,#2033);
#2033 = DEFINITIONAL_REPRESENTATION('',(#2034),#2038);
#2034 = LINE('',#2035,#2036);
#2035 = CARTESIAN_POINT('',(-0.,5.));
#2036 = VECTOR('',#2037,1.);
#2037 = DIRECTION('',(-1.,0.));
#2038 = ( GEOMETRIC_REPRESENTATION_CONTEXT(2) 
PARAMETRIC_REPRESENTATION_CONTEXT() REPRESENTATION_CONTEXT('2D SPACE',''
  ) );
#2039 = PCURVE('',#2040,#2045);
#2040 = CONICAL_SURFACE('',#2041,42.05,0.248487420657);
#2041 = AXIS2_PLACEMENT_3D('',#2042,#2043,#2044);
#2042 = CARTESIAN_POINT('',(512.4,0.,298.5));
#2043 = DIRECTION('',(1.,0.,1.110223024625E-16));
#2044 = DIRECTION('',(1.110223024625E-16,0.,-1.));
#2045 = DEFINITIONAL_REPRESENTATION('',(#2046),#2050);
#2046 = LINE('',#2047,#2048);
#2047 = CARTESIAN_POINT('',(0.,-0.));
#2048 = VECTOR('',#2049,1.);
#2049 = DIRECTION('',(1.,-0.));
#2050 = ( GEOMETRIC_REPRESENTATION_CONTEXT(2) 
PARAMETRIC_REPRESENTATION_CONTEXT() REPRESENTATION_CONTEXT('2D SPACE',''
  ) );
#2051 = ORIENTED_EDGE('',*,*,#2002,.F.);
#2052 = ADVANCED_FACE('',(#2053),#1742,.F.);
#2053 = FACE_BOUND('',#2054,.T.);
#2054 = EDGE_LOOP('',(#2055,#2056,#2077,#2078));
#2055 = ORIENTED_EDGE('',*,*,#1721,.T.);
#2056 = ORIENTED_EDGE('',*,*,#2057,.T.);
#2057 = EDGE_CURVE('',#1722,#1887,#2058,.T.);
#2058 = SEAM_CURVE('',#2059,(#2063,#2070),.PCURVE_S1.);
#2059 = LINE('',#2060,#2061);
#2060 = CARTESIAN_POINT('',(516.4,0.,228.65));
#2061 = VECTOR('',#2062,1.);
#2062 = DIRECTION('',(1.,0.,1.110223024625E-16));
#2063 = PCURVE('',#1742,#2064);
#2064 = DEFINITIONAL_REPRESENTATION('',(#2065),#2069);
#2065 = LINE('',#2066,#2067);
#2066 = CARTESIAN_POINT('',(-6.28318530718,0.));
#2067 = VECTOR('',#2068,1.);
#2068 = DIRECTION('',(-0.,-1.));
#2069 = ( GEOMETRIC_REPRESENTATION_CONTEXT(2) 
PARAMETRIC_REPRESENTATION_CONTEXT() REPRESENTATION_CONTEXT('2D SPACE',''
  ) );
#2070 = PCURVE('',#1742,#2071);
#2071 = DEFINITIONAL_REPRESENTATION('',(#2072),#2076);
#2072 = LINE('',#2073,#2074);
#2073 = CARTESIAN_POINT('',(-0.,0.));
#2074 = VECTOR('',#2075,1.);
#2075 = DIRECTION('',(-0.,-1.));
#2076 = ( GEOMETRIC_REPRESENTATION_CONTEXT(2) 
PARAMETRIC_REPRESENTATION_CONTEXT() REPRESENTATION_CONTEXT('2D SPACE',''
  ) );
#2077 = ORIENTED_EDGE('',*,*,#1886,.F.);
#2078 = ORIENTED_EDGE('',*,*,#2057,.F.);
#2079 = ADVANCED_FACE('',(#2080),#1777,.F.);
#2080 = FACE_BOUND('',#2081,.T.);
#2081 = EDGE_LOOP('',(#2082,#2083,#2104,#2105));
#2082 = ORIENTED_EDGE('',*,*,#1756,.T.);
#2083 = ORIENTED_EDGE('',*,*,#2084,.T.);
#2084 = EDGE_CURVE('',#1757,#1917,#2085,.T.);
#2085 = SEAM_CURVE('',#2086,(#2090,#2097),.PCURVE_S1.);
#2086 = LINE('',#2087,#2088);
#2087 = CARTESIAN_POINT('',(516.4,69.85,298.5));
#2088 = VECTOR('',#2089,1.);
#2089 = DIRECTION('',(1.,0.,1.110223024625E-16));
#2090 = PCURVE('',#1777,#2091);
#2091 = DEFINITIONAL_REPRESENTATION('',(#2092),#2096);
#2092 = LINE('',#2093,#2094);
#2093 = CARTESIAN_POINT('',(-6.28318530718,0.));
#2094 = VECTOR('',#2095,1.);
#2095 = DIRECTION('',(-0.,-1.));
#2096 = ( GEOMETRIC_REPRESENTATION_CONTEXT(2) 
PARAMETRIC_REPRESENTATION_CONTEXT() REPRESENTATION_CONTEXT('2D SPACE',''
  ) );
#2097 = PCURVE('',#1777,#2098);
#2098 = DEFINITIONAL_REPRESENTATION('',(#2099),#2103);
#2099 = LINE('',#2100,#2101);
#2100 = CARTESIAN_POINT('',(-0.,0.));
#2101 = VECTOR('',#2102,1.);
#2102 = DIRECTION('',(-0.,-1.));
#2103 = ( GEOMETRIC_REPRESENTATION_CONTEXT(2) 
PARAMETRIC_REPRESENTATION_CONTEXT() REPRESENTATION_CONTEXT('2D SPACE',''
  ) );
#2104 = ORIENTED_EDGE('',*,*,#1916,.F.);
#2105 = ORIENTED_EDGE('',*,*,#2084,.F.);
#2106 = ADVANCED_FACE('',(#2107),#1872,.T.);
#2107 = FACE_BOUND('',#2108,.F.);
#2108 = EDGE_LOOP('',(#2109,#2132,#2159,#2160));
#2109 = ORIENTED_EDGE('',*,*,#2110,.T.);
#2110 = EDGE_CURVE('',#1856,#2111,#2113,.T.);
#2111 = VERTEX_POINT('',#2112);
#2112 = CARTESIAN_POINT('',(538.1,0.,252.45));
#2113 = SEAM_CURVE('',#2114,(#2118,#2125),.PCURVE_S1.);
#2114 = LINE('',#2115,#2116);
#2115 = CARTESIAN_POINT('',(536.5,0.,252.45));
#2116 = VECTOR('',#2117,1.);
#2117 = DIRECTION('',(1.,0.,1.110223024625E-16));
#2118 = PCURVE('',#1872,#2119);
#2119 = DEFINITIONAL_REPRESENTATION('',(#2120),#2124);
#2120 = LINE('',#2121,#2122);
#2121 = CARTESIAN_POINT('',(-0.,0.));
#2122 = VECTOR('',#2123,1.);
#2123 = DIRECTION('',(-0.,-1.));
#2124 = ( GEOMETRIC_REPRESENTATION_CONTEXT(2) 
PARAMETRIC_REPRESENTATION_CONTEXT() REPRESENTATION_CONTEXT('2D SPACE',''
  ) );
#2125 = PCURVE('',#1872,#2126);
#2126 = DEFINITIONAL_REPRESENTATION('',(#2127),#2131);
#2127 = LINE('',#2128,#2129);
#2128 = CARTESIAN_POINT('',(-6.28318530718,0.));
#2129 = VECTOR('',#2130,1.);
#2130 = DIRECTION('',(-0.,-1.));
#2131 = ( GEOMETRIC_REPRESENTATION_CONTEXT(2) 
PARAMETRIC_REPRESENTATION_CONTEXT() REPRESENTATION_CONTEXT('2D SPACE',''
  ) );
#2132 = ORIENTED_EDGE('',*,*,#2133,.T.);
#2133 = EDGE_CURVE('',#2111,#2111,#2134,.T.);
#2134 = SURFACE_CURVE('',#2135,(#2140,#2147),.PCURVE_S1.);
#2135 = CIRCLE('',#2136,46.05);
#2136 = AXIS2_PLACEMENT_3D('',#2137,#2138,#2139);
#2137 = CARTESIAN_POINT('',(538.1,0.,298.5));
#2138 = DIRECTION('',(1.,-0.,1.110223024625E-16));
#2139 = DIRECTION('',(1.110223024625E-16,0.,-1.));
#2140 = PCURVE('',#1872,#2141);
#2141 = DEFINITIONAL_REPRESENTATION('',(#2142),#2146);
#2142 = LINE('',#2143,#2144);
#2143 = CARTESIAN_POINT('',(-0.,-1.6));
#2144 = VECTOR('',#2145,1.);
#2145 = DIRECTION('',(-1.,0.));
#2146 = ( GEOMETRIC_REPRESENTATION_CONTEXT(2) 
PARAMETRIC_REPRESENTATION_CONTEXT() REPRESENTATION_CONTEXT('2D SPACE',''
  ) );
#2147 = PCURVE('',#2148,#2153);
#2148 = PLANE('',#2149);
#2149 = AXIS2_PLACEMENT_3D('',#2150,#2151,#2152);
#2150 = CARTESIAN_POINT('',(538.1,3.821546217545E-15,298.5));
#2151 = DIRECTION('',(1.,0.,1.110223024625E-16));
#2152 = DIRECTION('',(1.110223024625E-16,0.,-1.));
#2153 = DEFINITIONAL_REPRESENTATION('',(#2154),#2158);
#2154 = CIRCLE('',#2155,46.05);
#2155 = AXIS2_PLACEMENT_2D('',#2156,#2157);
#2156 = CARTESIAN_POINT('',(0.,-3.821546217545E-15));
#2157 = DIRECTION('',(1.,0.));
#2158 = ( GEOMETRIC_REPRESENTATION_CONTEXT(2) 
PARAMETRIC_REPRESENTATION_CONTEXT() REPRESENTATION_CONTEXT('2D SPACE',''
  ) );
#2159 = ORIENTED_EDGE('',*,*,#2110,.F.);
#2160 = ORIENTED_EDGE('',*,*,#1855,.F.);
#2161 = ADVANCED_FACE('',(#2162),#2040,.T.);
#2162 = FACE_BOUND('',#2163,.F.);
#2163 = EDGE_LOOP('',(#2164,#2165,#2188,#2215));
#2164 = ORIENTED_EDGE('',*,*,#2025,.T.);
#2165 = ORIENTED_EDGE('',*,*,#2166,.T.);
#2166 = EDGE_CURVE('',#2003,#2167,#2169,.T.);
#2167 = VERTEX_POINT('',#2168);
#2168 = CARTESIAN_POINT('',(465.5,0.,268.35));
#2169 = SEAM_CURVE('',#2170,(#2174,#2181),.PCURVE_S1.);
#2170 = LINE('',#2171,#2172);
#2171 = CARTESIAN_POINT('',(512.4,0.,256.45));
#2172 = VECTOR('',#2173,1.);
#2173 = DIRECTION('',(-0.969285531301,0.,0.245938119882));
#2174 = PCURVE('',#2040,#2175);
#2175 = DEFINITIONAL_REPRESENTATION('',(#2176),#2180);
#2176 = LINE('',#2177,#2178);
#2177 = CARTESIAN_POINT('',(0.,-0.));
#2178 = VECTOR('',#2179,1.);
#2179 = DIRECTION('',(0.,-1.));
#2180 = ( GEOMETRIC_REPRESENTATION_CONTEXT(2) 
PARAMETRIC_REPRESENTATION_CONTEXT() REPRESENTATION_CONTEXT('2D SPACE',''
  ) );
#2181 = PCURVE('',#2040,#2182);
#2182 = DEFINITIONAL_REPRESENTATION('',(#2183),#2187);
#2183 = LINE('',#2184,#2185);
#2184 = CARTESIAN_POINT('',(6.28318530718,-0.));
#2185 = VECTOR('',#2186,1.);
#2186 = DIRECTION('',(0.,-1.));
#2187 = ( GEOMETRIC_REPRESENTATION_CONTEXT(2) 
PARAMETRIC_REPRESENTATION_CONTEXT() REPRESENTATION_CONTEXT('2D SPACE',''
  ) );
#2188 = ORIENTED_EDGE('',*,*,#2189,.F.);
#2189 = EDGE_CURVE('',#2167,#2167,#2190,.T.);
#2190 = SURFACE_CURVE('',#2191,(#2196,#2203),.PCURVE_S1.);
#2191 = CIRCLE('',#2192,30.15);
#2192 = AXIS2_PLACEMENT_3D('',#2193,#2194,#2195);
#2193 = CARTESIAN_POINT('',(465.5,0.,298.5));
#2194 = DIRECTION('',(1.,-0.,1.110223024625E-16));
#2195 = DIRECTION('',(1.110223024625E-16,0.,-1.));
#2196 = PCURVE('',#2040,#2197);
#2197 = DEFINITIONAL_REPRESENTATION('',(#2198),#2202);
#2198 = LINE('',#2199,#2200);
#2199 = CARTESIAN_POINT('',(0.,-46.9));
#2200 = VECTOR('',#2201,1.);
#2201 = DIRECTION('',(1.,-0.));
#2202 = ( GEOMETRIC_REPRESENTATION_CONTEXT(2) 
PARAMETRIC_REPRESENTATION_CONTEXT() REPRESENTATION_CONTEXT('2D SPACE',''
  ) );
#2203 = PCURVE('',#2204,#2209);
#2204 = CYLINDRICAL_SURFACE('',#2205,30.15);
#2205 = AXIS2_PLACEMENT_3D('',#2206,#2207,#2208);
#2206 = CARTESIAN_POINT('',(465.5,0.,298.5));
#2207 = DIRECTION('',(-1.,-0.,-1.110223024625E-16));
#2208 = DIRECTION('',(1.110223024625E-16,0.,-1.));
#2209 = DEFINITIONAL_REPRESENTATION('',(#2210),#2214);
#2210 = LINE('',#2211,#2212);
#2211 = CARTESIAN_POINT('',(-0.,0.));
#2212 = VECTOR('',#2213,1.);
#2213 = DIRECTION('',(-1.,0.));
#2214 = ( GEOMETRIC_REPRESENTATION_CONTEXT(2) 
PARAMETRIC_REPRESENTATION_CONTEXT() REPRESENTATION_CONTEXT('2D SPACE',''
  ) );
#2215 = ORIENTED_EDGE('',*,*,#2166,.F.);
#2216 = ADVANCED_FACE('',(#2217,#2220),#2148,.T.);
#2217 = FACE_BOUND('',#2218,.T.);
#2218 = EDGE_LOOP('',(#2219));
#2219 = ORIENTED_EDGE('',*,*,#2133,.T.);
#2220 = FACE_BOUND('',#2221,.T.);
#2221 = EDGE_LOOP('',(#2222));
#2222 = ORIENTED_EDGE('',*,*,#2223,.T.);
#2223 = EDGE_CURVE('',#2224,#2224,#2226,.T.);
#2224 = VERTEX_POINT('',#2225);
#2225 = CARTESIAN_POINT('',(538.1,0.,272.26));
#2226 = SURFACE_CURVE('',#2227,(#2232,#2243),.PCURVE_S1.);
#2227 = CIRCLE('',#2228,26.24);
#2228 = AXIS2_PLACEMENT_3D('',#2229,#2230,#2231);
#2229 = CARTESIAN_POINT('',(538.1,0.,298.5));
#2230 = DIRECTION('',(-1.,-0.,-1.110223024625E-16));
#2231 = DIRECTION('',(1.110223024625E-16,0.,-1.));
#2232 = PCURVE('',#2148,#2233);
#2233 = DEFINITIONAL_REPRESENTATION('',(#2234),#2242);
#2234 = ( BOUNDED_CURVE() B_SPLINE_CURVE(2,(#2235,#2236,#2237,#2238,
#2239,#2240,#2241),.UNSPECIFIED.,.T.,.F.) B_SPLINE_CURVE_WITH_KNOTS((1,2
    ,2,2,2,1),(-2.094395102393,0.,2.094395102393,4.188790204786,
6.28318530718,8.377580409573),.UNSPECIFIED.) CURVE() 
GEOMETRIC_REPRESENTATION_ITEM() RATIONAL_B_SPLINE_CURVE((1.,0.5,1.,0.5,
1.,0.5,1.)) REPRESENTATION_ITEM('') );
#2235 = CARTESIAN_POINT('',(26.24,-3.821546217545E-15));
#2236 = CARTESIAN_POINT('',(26.24,-45.4490131906));
#2237 = CARTESIAN_POINT('',(-13.12,-22.7245065953));
#2238 = CARTESIAN_POINT('',(-52.48,-1.024849261947E-14));
#2239 = CARTESIAN_POINT('',(-13.12,22.724506595304));
#2240 = CARTESIAN_POINT('',(26.24,45.449013190607));
#2241 = CARTESIAN_POINT('',(26.24,-3.821546217545E-15));
#2242 = ( GEOMETRIC_REPRESENTATION_CONTEXT(2) 
PARAMETRIC_REPRESENTATION_CONTEXT() REPRESENTATION_CONTEXT('2D SPACE',''
  ) );
#2243 = PCURVE('',#2244,#2249);
#2244 = CYLINDRICAL_SURFACE('',#2245,26.24);
#2245 = AXIS2_PLACEMENT_3D('',#2246,#2247,#2248);
#2246 = CARTESIAN_POINT('',(454.5,0.,298.5));
#2247 = DIRECTION('',(-1.,-0.,-1.110223024625E-16));
#2248 = DIRECTION('',(1.110223024625E-16,0.,-1.));
#2249 = DEFINITIONAL_REPRESENTATION('',(#2250),#2254);
#2250 = LINE('',#2251,#2252);
#2251 = CARTESIAN_POINT('',(-6.28318530718,-83.6));
#2252 = VECTOR('',#2253,1.);
#2253 = DIRECTION('',(1.,-0.));
#2254 = ( GEOMETRIC_REPRESENTATION_CONTEXT(2) 
PARAMETRIC_REPRESENTATION_CONTEXT() REPRESENTATION_CONTEXT('2D SPACE',''
  ) );
#2255 = ADVANCED_FACE('',(#2256),#2204,.T.);
#2256 = FACE_BOUND('',#2257,.F.);
#2257 = EDGE_LOOP('',(#2258,#2259,#2282,#2309));
#2258 = ORIENTED_EDGE('',*,*,#2189,.T.);
#2259 = ORIENTED_EDGE('',*,*,#2260,.T.);
#2260 = EDGE_CURVE('',#2167,#2261,#2263,.T.);
#2261 = VERTEX_POINT('',#2262);
#2262 = CARTESIAN_POINT('',(458.5,0.,268.35));
#2263 = SEAM_CURVE('',#2264,(#2268,#2275),.PCURVE_S1.);
#2264 = LINE('',#2265,#2266);
#2265 = CARTESIAN_POINT('',(465.5,0.,268.35));
#2266 = VECTOR('',#2267,1.);
#2267 = DIRECTION('',(-1.,0.,-1.110223024625E-16));
#2268 = PCURVE('',#2204,#2269);
#2269 = DEFINITIONAL_REPRESENTATION('',(#2270),#2274);
#2270 = LINE('',#2271,#2272);
#2271 = CARTESIAN_POINT('',(-0.,0.));
#2272 = VECTOR('',#2273,1.);
#2273 = DIRECTION('',(-0.,1.));
#2274 = ( GEOMETRIC_REPRESENTATION_CONTEXT(2) 
PARAMETRIC_REPRESENTATION_CONTEXT() REPRESENTATION_CONTEXT('2D SPACE',''
  ) );
#2275 = PCURVE('',#2204,#2276);
#2276 = DEFINITIONAL_REPRESENTATION('',(#2277),#2281);
#2277 = LINE('',#2278,#2279);
#2278 = CARTESIAN_POINT('',(-6.28318530718,0.));
#2279 = VECTOR('',#2280,1.);
#2280 = DIRECTION('',(-0.,1.));
#2281 = ( GEOMETRIC_REPRESENTATION_CONTEXT(2) 
PARAMETRIC_REPRESENTATION_CONTEXT() REPRESENTATION_CONTEXT('2D SPACE',''
  ) );
#2282 = ORIENTED_EDGE('',*,*,#2283,.F.);
#2283 = EDGE_CURVE('',#2261,#2261,#2284,.T.);
#2284 = SURFACE_CURVE('',#2285,(#2290,#2297),.PCURVE_S1.);
#2285 = CIRCLE('',#2286,30.15);
#2286 = AXIS2_PLACEMENT_3D('',#2287,#2288,#2289);
#2287 = CARTESIAN_POINT('',(458.5,0.,298.5));
#2288 = DIRECTION('',(1.,-0.,1.110223024625E-16));
#2289 = DIRECTION('',(1.110223024625E-16,0.,-1.));
#2290 = PCURVE('',#2204,#2291);
#2291 = DEFINITIONAL_REPRESENTATION('',(#2292),#2296);
#2292 = LINE('',#2293,#2294);
#2293 = CARTESIAN_POINT('',(-0.,7.));
#2294 = VECTOR('',#2295,1.);
#2295 = DIRECTION('',(-1.,0.));
#2296 = ( GEOMETRIC_REPRESENTATION_CONTEXT(2) 
PARAMETRIC_REPRESENTATION_CONTEXT() REPRESENTATION_CONTEXT('2D SPACE',''
  ) );
#2297 = PCURVE('',#2298,#2303);
#2298 = PLANE('',#2299);
#2299 = AXIS2_PLACEMENT_3D('',#2300,#2301,#2302);
#2300 = CARTESIAN_POINT('',(458.5,0.,298.5));
#2301 = DIRECTION('',(1.,0.,1.110223024625E-16));
#2302 = DIRECTION('',(1.110223024625E-16,0.,-1.));
#2303 = DEFINITIONAL_REPRESENTATION('',(#2304),#2308);
#2304 = CIRCLE('',#2305,30.15);
#2305 = AXIS2_PLACEMENT_2D('',#2306,#2307);
#2306 = CARTESIAN_POINT('',(0.,0.));
#2307 = DIRECTION('',(1.,0.));
#2308 = ( GEOMETRIC_REPRESENTATION_CONTEXT(2) 
PARAMETRIC_REPRESENTATION_CONTEXT() REPRESENTATION_CONTEXT('2D SPACE',''
  ) );
#2309 = ORIENTED_EDGE('',*,*,#2260,.F.);
#2310 = ADVANCED_FACE('',(#2311),#2244,.F.);
#2311 = FACE_BOUND('',#2312,.T.);
#2312 = EDGE_LOOP('',(#2313,#2314,#2337,#2359));
#2313 = ORIENTED_EDGE('',*,*,#2223,.F.);
#2314 = ORIENTED_EDGE('',*,*,#2315,.T.);
#2315 = EDGE_CURVE('',#2224,#2316,#2318,.T.);
#2316 = VERTEX_POINT('',#2317);
#2317 = CARTESIAN_POINT('',(458.5,0.,272.26));
#2318 = SEAM_CURVE('',#2319,(#2323,#2330),.PCURVE_S1.);
#2319 = LINE('',#2320,#2321);
#2320 = CARTESIAN_POINT('',(538.1,0.,272.26));
#2321 = VECTOR('',#2322,1.);
#2322 = DIRECTION('',(-1.,0.,-1.110223024625E-16));
#2323 = PCURVE('',#2244,#2324);
#2324 = DEFINITIONAL_REPRESENTATION('',(#2325),#2329);
#2325 = LINE('',#2326,#2327);
#2326 = CARTESIAN_POINT('',(-6.28318530718,-83.6));
#2327 = VECTOR('',#2328,1.);
#2328 = DIRECTION('',(0.,1.));
#2329 = ( GEOMETRIC_REPRESENTATION_CONTEXT(2) 
PARAMETRIC_REPRESENTATION_CONTEXT() REPRESENTATION_CONTEXT('2D SPACE',''
  ) );
#2330 = PCURVE('',#2244,#2331);
#2331 = DEFINITIONAL_REPRESENTATION('',(#2332),#2336);
#2332 = LINE('',#2333,#2334);
#2333 = CARTESIAN_POINT('',(-0.,-83.6));
#2334 = VECTOR('',#2335,1.);
#2335 = DIRECTION('',(0.,1.));
#2336 = ( GEOMETRIC_REPRESENTATION_CONTEXT(2) 
PARAMETRIC_REPRESENTATION_CONTEXT() REPRESENTATION_CONTEXT('2D SPACE',''
  ) );
#2337 = ORIENTED_EDGE('',*,*,#2338,.F.);
#2338 = EDGE_CURVE('',#2316,#2316,#2339,.T.);
#2339 = SURFACE_CURVE('',#2340,(#2345,#2352),.PCURVE_S1.);
#2340 = CIRCLE('',#2341,26.24);
#2341 = AXIS2_PLACEMENT_3D('',#2342,#2343,#2344);
#2342 = CARTESIAN_POINT('',(458.5,0.,298.5));
#2343 = DIRECTION('',(1.,-0.,1.110223024625E-16));
#2344 = DIRECTION('',(1.110223024625E-16,0.,-1.));
#2345 = PCURVE('',#2244,#2346);
#2346 = DEFINITIONAL_REPRESENTATION('',(#2347),#2351);
#2347 = LINE('',#2348,#2349);
#2348 = CARTESIAN_POINT('',(-0.,-4.));
#2349 = VECTOR('',#2350,1.);
#2350 = DIRECTION('',(-1.,0.));
#2351 = ( GEOMETRIC_REPRESENTATION_CONTEXT(2) 
PARAMETRIC_REPRESENTATION_CONTEXT() REPRESENTATION_CONTEXT('2D SPACE',''
  ) );
#2352 = PCURVE('',#2298,#2353);
#2353 = DEFINITIONAL_REPRESENTATION('',(#2354),#2358);
#2354 = CIRCLE('',#2355,26.24);
#2355 = AXIS2_PLACEMENT_2D('',#2356,#2357);
#2356 = CARTESIAN_POINT('',(0.,0.));
#2357 = DIRECTION('',(1.,0.));
#2358 = ( GEOMETRIC_REPRESENTATION_CONTEXT(2) 
PARAMETRIC_REPRESENTATION_CONTEXT() REPRESENTATION_CONTEXT('2D SPACE',''
  ) );
#2359 = ORIENTED_EDGE('',*,*,#2315,.F.);
#2360 = ADVANCED_FACE('',(#2361,#2364),#2298,.F.);
#2361 = FACE_BOUND('',#2362,.F.);
#2362 = EDGE_LOOP('',(#2363));
#2363 = ORIENTED_EDGE('',*,*,#2283,.T.);
#2364 = FACE_BOUND('',#2365,.F.);
#2365 = EDGE_LOOP('',(#2366));
#2366 = ORIENTED_EDGE('',*,*,#2338,.F.);
#2367 = ( GEOMETRIC_REPRESENTATION_CONTEXT(3) 
GLOBAL_UNCERTAINTY_ASSIGNED_CONTEXT((#2371)) 
GLOBAL_UNIT_ASSIGNED_CONTEXT((#2368,#2369,#2370)) REPRESENTATION_CONTEXT
('Context #1','3D Context with UNIT and UNCERTAINTY') );
#2368 = ( LENGTH_UNIT() NAMED_UNIT(*) SI_UNIT(.MILLI.,.METRE.) );
#2369 = ( NAMED_UNIT(*) PLANE_ANGLE_UNIT() SI_UNIT($,.RADIAN.) );
#2370 = ( NAMED_UNIT(*) SI_UNIT($,.STERADIAN.) SOLID_ANGLE_UNIT() );
#2371 = UNCERTAINTY_MEASURE_WITH_UNIT(LENGTH_MEASURE(1.E-07),#2368,
  'distance_accuracy_value','confusion accuracy');
#2372 = CONTEXT_DEPENDENT_SHAPE_REPRESENTATION(#2373,#2375);
#2373 = ( REPRESENTATION_RELATIONSHIP('','',#1522,#10) 
REPRESENTATION_RELATIONSHIP_WITH_TRANSFORMATION(#2374) 
SHAPE_REPRESENTATION_RELATIONSHIP() );
#2374 = ITEM_DEFINED_TRANSFORMATION('','',#11,#31);
#2375 = PRODUCT_DEFINITION_SHAPE('Placement','Placement of an item',
  #2376);
#2376 = NEXT_ASSEMBLY_USAGE_OCCURRENCE('27','','',#5,#1517,$);
#2377 = PRODUCT_RELATED_PRODUCT_CATEGORY('part',$,(#1519));
ENDSEC;
END-ISO-10303-21;
