ISO-10303-21;
HEADER;
FILE_DESCRIPTION(('Open CASCADE Model'),'2;1');
FILE_NAME('Open CASCADE Shape Model','2026-01-27T21:58:04',('Author'),(
    'Open CASCADE'),'Open CASCADE STEP processor 7.8','Open CASCADE 7.8'
  ,'Unknown');
FILE_SCHEMA(('AUTOMOTIVE_DESIGN { 1 0 10303 214 1 1 1 1 }'));
ENDSEC;
DATA;
#1 = APPLICATION_PROTOCOL_DEFINITION('international standard',
  'automotive_design',2000,#2);
#2 = APPLICATION_CONTEXT(
  'core data for automotive mechanical design processes');
#3 = SHAPE_DEFINITION_REPRESENTATION(#4,#10);
#4 = PRODUCT_DEFINITION_SHAPE('','',#5);
#5 = PRODUCT_DEFINITION('design','',#6,#9);
#6 = PRODUCT_DEFINITION_FORMATION('','',#7);
#7 = PRODUCT('Open CASCADE STEP translator 7.8 16',
  'Open CASCADE STEP translator 7.8 16','',(#8));
#8 = PRODUCT_CONTEXT('',#2,'mechanical');
#9 = PRODUCT_DEFINITION_CONTEXT('part definition',#2,'design');
#10 = SHAPE_REPRESENTATION('',(#11,#15,#19,#23,#27,#31),#35);
#11 = AXIS2_PLACEMENT_3D('',#12,#13,#14);
#12 = CARTESIAN_POINT('',(0.,0.,0.));
#13 = DIRECTION('',(0.,0.,1.));
#14 = DIRECTION('',(1.,0.,-0.));
#15 = AXIS2_PLACEMENT_3D('',#16,#17,#18);
#16 = CARTESIAN_POINT('',(0.,0.,0.));
#17 = DIRECTION('',(0.,0.,1.));
#18 = DIRECTION('',(1.,0.,-0.));
#19 = AXIS2_PLACEMENT_3D('',#20,#21,#22);
#20 = CARTESIAN_POINT('',(0.,0.,0.));
#21 = DIRECTION('',(0.,0.,1.));
#22 = DIRECTION('',(1.,0.,-0.));
#23 = AXIS2_PLACEMENT_3D('',#24,#25,#26);
#24 = CARTESIAN_POINT('',(0.,0.,0.));
#25 = DIRECTION('',(0.,0.,1.));
#26 = DIRECTION('',(1.,0.,-0.));
#27 = AXIS2_PLACEMENT_3D('',#28,#29,#30);
#28 = CARTESIAN_POINT('',(0.,0.,0.));
#29 = DIRECTION('',(0.,0.,1.));
#30 = DIRECTION('',(1.,0.,-0.));
#31 = AXIS2_PLACEMENT_3D('',#32,#33,#34);
#32 = CARTESIAN_POINT('',(0.,0.,0.));
#33 = DIRECTION('',(0.,0.,1.));
#34 = DIRECTION('',(1.,0.,-0.));
#35 = ( GEOMETRIC_REPRESENTATION_CONTEXT(3) 
GLOBAL_UNCERTAINTY_ASSIGNED_CONTEXT((#39)) GLOBAL_UNIT_ASSIGNED_CONTEXT(
(#36,#37,#38)) REPRESENTATION_CONTEXT('Context #1',
  '3D Context with UNIT and UNCERTAINTY') );
#36 = ( LENGTH_UNIT() NAMED_UNIT(*) SI_UNIT(.MILLI.,.METRE.) );
#37 = ( NAMED_UNIT(*) PLANE_ANGLE_UNIT() SI_UNIT($,.RADIAN.) );
#38 = ( NAMED_UNIT(*) SI_UNIT($,.STERADIAN.) SOLID_ANGLE_UNIT() );
#39 = UNCERTAINTY_MEASURE_WITH_UNIT(LENGTH_MEASURE(1.E-07),#36,
  'distance_accuracy_value','confusion accuracy');
#40 = PRODUCT_RELATED_PRODUCT_CATEGORY('part',$,(#7));
#41 = SHAPE_DEFINITION_REPRESENTATION(#42,#48);
#42 = PRODUCT_DEFINITION_SHAPE('','',#43);
#43 = PRODUCT_DEFINITION('design','',#44,#47);
#44 = PRODUCT_DEFINITION_FORMATION('','',#45);
#45 = PRODUCT('Open CASCADE STEP translator 7.8 16.1',
  'Open CASCADE STEP translator 7.8 16.1','',(#46));
#46 = PRODUCT_CONTEXT('',#2,'mechanical');
#47 = PRODUCT_DEFINITION_CONTEXT('part definition',#2,'design');
#48 = ADVANCED_BREP_SHAPE_REPRESENTATION('',(#11,#49),#1261);
#49 = MANIFOLD_SOLID_BREP('',#50);
#50 = CLOSED_SHELL('',(#51,#139,#454,#729,#756,#783,#810,#837,#864,#919,
    #946,#973,#1000,#1055,#1110,#1149,#1204,#1254));
#51 = ADVANCED_FACE('',(#52),#66,.T.);
#52 = FACE_BOUND('',#53,.F.);
#53 = EDGE_LOOP('',(#54,#84,#111,#112));
#54 = ORIENTED_EDGE('',*,*,#55,.T.);
#55 = EDGE_CURVE('',#56,#58,#60,.T.);
#56 = VERTEX_POINT('',#57);
#57 = CARTESIAN_POINT('',(114.3,0.,25.4));
#58 = VERTEX_POINT('',#59);
#59 = CARTESIAN_POINT('',(114.3,-2.914659381971E-15,1.6));
#60 = SEAM_CURVE('',#61,(#65,#77),.PCURVE_S1.);
#61 = LINE('',#62,#63);
#62 = CARTESIAN_POINT('',(114.3,0.,25.4));
#63 = VECTOR('',#64,1.);
#64 = DIRECTION('',(0.,-1.224646799147E-16,-1.));
#65 = PCURVE('',#66,#71);
#66 = CYLINDRICAL_SURFACE('',#67,114.3);
#67 = AXIS2_PLACEMENT_3D('',#68,#69,#70);
#68 = CARTESIAN_POINT('',(0.,0.,25.4));
#69 = DIRECTION('',(-0.,1.224646799147E-16,1.));
#70 = DIRECTION('',(1.,0.,0.));
#71 = DEFINITIONAL_REPRESENTATION('',(#72),#76);
#72 = LINE('',#73,#74);
#73 = CARTESIAN_POINT('',(-0.,0.));
#74 = VECTOR('',#75,1.);
#75 = DIRECTION('',(-0.,-1.));
#76 = ( GEOMETRIC_REPRESENTATION_CONTEXT(2) 
PARAMETRIC_REPRESENTATION_CONTEXT() REPRESENTATION_CONTEXT('2D SPACE',''
  ) );
#77 = PCURVE('',#66,#78);
#78 = DEFINITIONAL_REPRESENTATION('',(#79),#83);
#79 = LINE('',#80,#81);
#80 = CARTESIAN_POINT('',(-6.28318530718,0.));
#81 = VECTOR('',#82,1.);
#82 = DIRECTION('',(-0.,-1.));
#83 = ( GEOMETRIC_REPRESENTATION_CONTEXT(2) 
PARAMETRIC_REPRESENTATION_CONTEXT() REPRESENTATION_CONTEXT('2D SPACE',''
  ) );
#84 = ORIENTED_EDGE('',*,*,#85,.T.);
#85 = EDGE_CURVE('',#58,#58,#86,.T.);
#86 = SURFACE_CURVE('',#87,(#92,#99),.PCURVE_S1.);
#87 = CIRCLE('',#88,114.3);
#88 = AXIS2_PLACEMENT_3D('',#89,#90,#91);
#89 = CARTESIAN_POINT('',(0.,-2.914659381971E-15,1.6));
#90 = DIRECTION('',(0.,-1.224646799147E-16,-1.));
#91 = DIRECTION('',(1.,0.,0.));
#92 = PCURVE('',#66,#93);
#93 = DEFINITIONAL_REPRESENTATION('',(#94),#98);
#94 = LINE('',#95,#96);
#95 = CARTESIAN_POINT('',(-0.,-23.8));
#96 = VECTOR('',#97,1.);
#97 = DIRECTION('',(-1.,0.));
#98 = ( GEOMETRIC_REPRESENTATION_CONTEXT(2) 
PARAMETRIC_REPRESENTATION_CONTEXT() REPRESENTATION_CONTEXT('2D SPACE',''
  ) );
#99 = PCURVE('',#100,#105);
#100 = PLANE('',#101);
#101 = AXIS2_PLACEMENT_3D('',#102,#103,#104);
#102 = CARTESIAN_POINT('',(-3.062683061506E-15,-4.374121200231E-15,1.6)
  );
#103 = DIRECTION('',(0.,-1.224646799147E-16,-1.));
#104 = DIRECTION('',(1.,0.,0.));
#105 = DEFINITIONAL_REPRESENTATION('',(#106),#110);
#106 = CIRCLE('',#107,114.3);
#107 = AXIS2_PLACEMENT_2D('',#108,#109);
#108 = CARTESIAN_POINT('',(3.062683061506E-15,-1.45946181826E-15));
#109 = DIRECTION('',(1.,0.));
#110 = ( GEOMETRIC_REPRESENTATION_CONTEXT(2) 
PARAMETRIC_REPRESENTATION_CONTEXT() REPRESENTATION_CONTEXT('2D SPACE',''
  ) );
#111 = ORIENTED_EDGE('',*,*,#55,.F.);
#112 = ORIENTED_EDGE('',*,*,#113,.F.);
#113 = EDGE_CURVE('',#56,#56,#114,.T.);
#114 = SURFACE_CURVE('',#115,(#120,#127),.PCURVE_S1.);
#115 = CIRCLE('',#116,114.3);
#116 = AXIS2_PLACEMENT_3D('',#117,#118,#119);
#117 = CARTESIAN_POINT('',(0.,0.,25.4));
#118 = DIRECTION('',(0.,-1.224646799147E-16,-1.));
#119 = DIRECTION('',(1.,0.,0.));
#120 = PCURVE('',#66,#121);
#121 = DEFINITIONAL_REPRESENTATION('',(#122),#126);
#122 = LINE('',#123,#124);
#123 = CARTESIAN_POINT('',(-0.,0.));
#124 = VECTOR('',#125,1.);
#125 = DIRECTION('',(-1.,0.));
#126 = ( GEOMETRIC_REPRESENTATION_CONTEXT(2) 
PARAMETRIC_REPRESENTATION_CONTEXT() REPRESENTATION_CONTEXT('2D SPACE',''
  ) );
#127 = PCURVE('',#128,#133);
#128 = PLANE('',#129);
#129 = AXIS2_PLACEMENT_3D('',#130,#131,#132);
#130 = CARTESIAN_POINT('',(-3.062683061506E-15,-1.45946181826E-15,25.4)
  );
#131 = DIRECTION('',(0.,-1.224646799147E-16,-1.));
#132 = DIRECTION('',(1.,0.,0.));
#133 = DEFINITIONAL_REPRESENTATION('',(#134),#138);
#134 = CIRCLE('',#135,114.3);
#135 = AXIS2_PLACEMENT_2D('',#136,#137);
#136 = CARTESIAN_POINT('',(3.062683061506E-15,-1.45946181826E-15));
#137 = DIRECTION('',(1.,0.));
#138 = ( GEOMETRIC_REPRESENTATION_CONTEXT(2) 
PARAMETRIC_REPRESENTATION_CONTEXT() REPRESENTATION_CONTEXT('2D SPACE',''
  ) );
#139 = ADVANCED_FACE('',(#140,#143,#178,#213,#248,#283,#318,#349,#384,
    #419),#128,.F.);
#140 = FACE_BOUND('',#141,.F.);
#141 = EDGE_LOOP('',(#142));
#142 = ORIENTED_EDGE('',*,*,#113,.T.);
#143 = FACE_BOUND('',#144,.F.);
#144 = EDGE_LOOP('',(#145));
#145 = ORIENTED_EDGE('',*,*,#146,.T.);
#146 = EDGE_CURVE('',#147,#147,#149,.T.);
#147 = VERTEX_POINT('',#148);
#148 = CARTESIAN_POINT('',(-74.10479066835,74.10479066835,25.4));
#149 = SURFACE_CURVE('',#150,(#155,#166),.PCURVE_S1.);
#150 = CIRCLE('',#151,9.55);
#151 = AXIS2_PLACEMENT_3D('',#152,#153,#154);
#152 = CARTESIAN_POINT('',(-67.35192090801,67.351920908019,25.4));
#153 = DIRECTION('',(1.232595164408E-32,1.224646799147E-16,1.));
#154 = DIRECTION('',(-0.707106781187,0.707106781187,-8.659560562355E-17)
  );
#155 = PCURVE('',#128,#156);
#156 = DEFINITIONAL_REPRESENTATION('',(#157),#165);
#157 = ( BOUNDED_CURVE() B_SPLINE_CURVE(2,(#158,#159,#160,#161,#162,#163
,#164),.UNSPECIFIED.,.T.,.F.) B_SPLINE_CURVE_WITH_KNOTS((1,2,2,2,2,1),(
    -2.094395102393,0.,2.094395102393,4.188790204786,6.28318530718,
8.377580409573),.UNSPECIFIED.) CURVE() GEOMETRIC_REPRESENTATION_ITEM() 
RATIONAL_B_SPLINE_CURVE((1.,0.5,1.,0.5,1.,0.5,1.)) REPRESENTATION_ITEM(
  '') );
#158 = CARTESIAN_POINT('',(-74.10479066835,-74.10479066835));
#159 = CARTESIAN_POINT('',(-85.80110419014,-62.40847714656));
#160 = CARTESIAN_POINT('',(-69.82364278874,-58.12732926695));
#161 = CARTESIAN_POINT('',(-53.84618138735,-53.84618138735));
#162 = CARTESIAN_POINT('',(-58.12732926695,-69.82364278874));
#163 = CARTESIAN_POINT('',(-62.40847714656,-85.80110419014));
#164 = CARTESIAN_POINT('',(-74.10479066835,-74.10479066835));
#165 = ( GEOMETRIC_REPRESENTATION_CONTEXT(2) 
PARAMETRIC_REPRESENTATION_CONTEXT() REPRESENTATION_CONTEXT('2D SPACE',''
  ) );
#166 = PCURVE('',#167,#172);
#167 = CYLINDRICAL_SURFACE('',#168,9.55);
#168 = AXIS2_PLACEMENT_3D('',#169,#170,#171);
#169 = CARTESIAN_POINT('',(-67.35192090801,67.351920908019,26.4));
#170 = DIRECTION('',(-0.,1.224646799147E-16,1.));
#171 = DIRECTION('',(-0.707106781187,0.707106781187,-8.659560562355E-17)
  );
#172 = DEFINITIONAL_REPRESENTATION('',(#173),#177);
#173 = LINE('',#174,#175);
#174 = CARTESIAN_POINT('',(-6.28318530718,-1.));
#175 = VECTOR('',#176,1.);
#176 = DIRECTION('',(1.,-0.));
#177 = ( GEOMETRIC_REPRESENTATION_CONTEXT(2) 
PARAMETRIC_REPRESENTATION_CONTEXT() REPRESENTATION_CONTEXT('2D SPACE',''
  ) );
#178 = FACE_BOUND('',#179,.F.);
#179 = EDGE_LOOP('',(#180));
#180 = ORIENTED_EDGE('',*,*,#181,.T.);
#181 = EDGE_CURVE('',#182,#182,#184,.T.);
#182 = VERTEX_POINT('',#183);
#183 = CARTESIAN_POINT('',(-1.961766711985E-14,104.8,25.4));
#184 = SURFACE_CURVE('',#185,(#190,#201),.PCURVE_S1.);
#185 = CIRCLE('',#186,9.55);
#186 = AXIS2_PLACEMENT_3D('',#187,#188,#189);
#187 = CARTESIAN_POINT('',(-1.749714114282E-14,95.25,25.4));
#188 = DIRECTION('',(0.,1.224646799147E-16,1.));
#189 = DIRECTION('',(-2.22044604925E-16,1.,-1.224646799147E-16));
#190 = PCURVE('',#128,#191);
#191 = DEFINITIONAL_REPRESENTATION('',(#192),#200);
#192 = ( BOUNDED_CURVE() B_SPLINE_CURVE(2,(#193,#194,#195,#196,#197,#198
,#199),.UNSPECIFIED.,.T.,.F.) B_SPLINE_CURVE_WITH_KNOTS((1,2,2,2,2,1),(
    -2.094395102393,0.,2.094395102393,4.188790204786,6.28318530718,
8.377580409573),.UNSPECIFIED.) CURVE() GEOMETRIC_REPRESENTATION_ITEM() 
RATIONAL_B_SPLINE_CURVE((1.,0.5,1.,0.5,1.,0.5,1.)) REPRESENTATION_ITEM(
  '') );
#193 = CARTESIAN_POINT('',(-1.655498405835E-14,-104.8));
#194 = CARTESIAN_POINT('',(-16.54108521228,-104.8));
#195 = CARTESIAN_POINT('',(-8.270542606141,-90.475));
#196 = CARTESIAN_POINT('',(-1.253248151362E-14,-76.15));
#197 = CARTESIAN_POINT('',(8.270542606141,-90.475));
#198 = CARTESIAN_POINT('',(16.541085212283,-104.8));
#199 = CARTESIAN_POINT('',(-1.655498405835E-14,-104.8));
#200 = ( GEOMETRIC_REPRESENTATION_CONTEXT(2) 
PARAMETRIC_REPRESENTATION_CONTEXT() REPRESENTATION_CONTEXT('2D SPACE',''
  ) );
#201 = PCURVE('',#202,#207);
#202 = CYLINDRICAL_SURFACE('',#203,9.55);
#203 = AXIS2_PLACEMENT_3D('',#204,#205,#206);
#204 = CARTESIAN_POINT('',(-1.749714114282E-14,95.25,26.4));
#205 = DIRECTION('',(-0.,1.224646799147E-16,1.));
#206 = DIRECTION('',(-2.22044604925E-16,1.,-1.224646799147E-16));
#207 = DEFINITIONAL_REPRESENTATION('',(#208),#212);
#208 = LINE('',#209,#210);
#209 = CARTESIAN_POINT('',(-6.28318530718,-1.));
#210 = VECTOR('',#211,1.);
#211 = DIRECTION('',(1.,-0.));
#212 = ( GEOMETRIC_REPRESENTATION_CONTEXT(2) 
PARAMETRIC_REPRESENTATION_CONTEXT() REPRESENTATION_CONTEXT('2D SPACE',''
  ) );
#213 = FACE_BOUND('',#214,.F.);
#214 = EDGE_LOOP('',(#215));
#215 = ORIENTED_EDGE('',*,*,#216,.T.);
#216 = EDGE_CURVE('',#217,#217,#219,.T.);
#217 = VERTEX_POINT('',#218);
#218 = CARTESIAN_POINT('',(74.10479066835,74.10479066835,25.4));
#219 = SURFACE_CURVE('',#220,(#225,#236),.PCURVE_S1.);
#220 = CIRCLE('',#221,9.55);
#221 = AXIS2_PLACEMENT_3D('',#222,#223,#224);
#222 = CARTESIAN_POINT('',(67.351920908019,67.351920908019,25.4));
#223 = DIRECTION('',(0.,1.224646799147E-16,1.));
#224 = DIRECTION('',(0.707106781187,0.707106781187,-8.659560562355E-17)
  );
#225 = PCURVE('',#128,#226);
#226 = DEFINITIONAL_REPRESENTATION('',(#227),#235);
#227 = ( BOUNDED_CURVE() B_SPLINE_CURVE(2,(#228,#229,#230,#231,#232,#233
,#234),.UNSPECIFIED.,.T.,.F.) B_SPLINE_CURVE_WITH_KNOTS((1,2,2,2,2,1),(
    -2.094395102393,0.,2.094395102393,4.188790204786,6.28318530718,
8.377580409573),.UNSPECIFIED.) CURVE() GEOMETRIC_REPRESENTATION_ITEM() 
RATIONAL_B_SPLINE_CURVE((1.,0.5,1.,0.5,1.,0.5,1.)) REPRESENTATION_ITEM(
  '') );
#228 = CARTESIAN_POINT('',(74.10479066835,-74.10479066835));
#229 = CARTESIAN_POINT('',(62.40847714656,-85.80110419014));
#230 = CARTESIAN_POINT('',(58.127329266958,-69.82364278874));
#231 = CARTESIAN_POINT('',(53.846181387356,-53.84618138735));
#232 = CARTESIAN_POINT('',(69.823642788748,-58.12732926695));
#233 = CARTESIAN_POINT('',(85.80110419014,-62.40847714656));
#234 = CARTESIAN_POINT('',(74.10479066835,-74.10479066835));
#235 = ( GEOMETRIC_REPRESENTATION_CONTEXT(2) 
PARAMETRIC_REPRESENTATION_CONTEXT() REPRESENTATION_CONTEXT('2D SPACE',''
  ) );
#236 = PCURVE('',#237,#242);
#237 = CYLINDRICAL_SURFACE('',#238,9.55);
#238 = AXIS2_PLACEMENT_3D('',#239,#240,#241);
#239 = CARTESIAN_POINT('',(67.351920908019,67.351920908019,26.4));
#240 = DIRECTION('',(0.,1.224646799147E-16,1.));
#241 = DIRECTION('',(0.707106781187,0.707106781187,-8.659560562355E-17)
  );
#242 = DEFINITIONAL_REPRESENTATION('',(#243),#247);
#243 = LINE('',#244,#245);
#244 = CARTESIAN_POINT('',(-6.28318530718,-1.));
#245 = VECTOR('',#246,1.);
#246 = DIRECTION('',(1.,-0.));
#247 = ( GEOMETRIC_REPRESENTATION_CONTEXT(2) 
PARAMETRIC_REPRESENTATION_CONTEXT() REPRESENTATION_CONTEXT('2D SPACE',''
  ) );
#248 = FACE_BOUND('',#249,.F.);
#249 = EDGE_LOOP('',(#250));
#250 = ORIENTED_EDGE('',*,*,#251,.T.);
#251 = EDGE_CURVE('',#252,#252,#254,.T.);
#252 = VERTEX_POINT('',#253);
#253 = CARTESIAN_POINT('',(-104.8,-1.283429845506E-14,25.4));
#254 = SURFACE_CURVE('',#255,(#260,#271),.PCURVE_S1.);
#255 = CIRCLE('',#256,9.55);
#256 = AXIS2_PLACEMENT_3D('',#257,#258,#259);
#257 = CARTESIAN_POINT('',(-95.25,-1.166476076188E-14,25.4));
#258 = DIRECTION('',(0.,1.224646799147E-16,1.));
#259 = DIRECTION('',(-1.,-1.224646799147E-16,1.499759782662E-32));
#260 = PCURVE('',#128,#261);
#261 = DEFINITIONAL_REPRESENTATION('',(#262),#270);
#262 = ( BOUNDED_CURVE() B_SPLINE_CURVE(2,(#263,#264,#265,#266,#267,#268
,#269),.UNSPECIFIED.,.T.,.F.) B_SPLINE_CURVE_WITH_KNOTS((1,2,2,2,2,1),(
    -2.094395102393,0.,2.094395102393,4.188790204786,6.28318530718,
8.377580409573),.UNSPECIFIED.) CURVE() GEOMETRIC_REPRESENTATION_ITEM() 
RATIONAL_B_SPLINE_CURVE((1.,0.5,1.,0.5,1.,0.5,1.)) REPRESENTATION_ITEM(
  '') );
#263 = CARTESIAN_POINT('',(-104.8,1.13748366368E-14));
#264 = CARTESIAN_POINT('',(-104.8,16.541085212283));
#265 = CARTESIAN_POINT('',(-90.475,8.270542606141));
#266 = CARTESIAN_POINT('',(-76.15,1.020529894362E-14));
#267 = CARTESIAN_POINT('',(-90.475,-8.270542606141));
#268 = CARTESIAN_POINT('',(-104.8,-16.54108521228));
#269 = CARTESIAN_POINT('',(-104.8,1.13748366368E-14));
#270 = ( GEOMETRIC_REPRESENTATION_CONTEXT(2) 
PARAMETRIC_REPRESENTATION_CONTEXT() REPRESENTATION_CONTEXT('2D SPACE',''
  ) );
#271 = PCURVE('',#272,#277);
#272 = CYLINDRICAL_SURFACE('',#273,9.55);
#273 = AXIS2_PLACEMENT_3D('',#274,#275,#276);
#274 = CARTESIAN_POINT('',(-95.25,-1.154229608196E-14,26.4));
#275 = DIRECTION('',(-0.,1.224646799147E-16,1.));
#276 = DIRECTION('',(-1.,-1.224646799147E-16,1.499759782662E-32));
#277 = DEFINITIONAL_REPRESENTATION('',(#278),#282);
#278 = LINE('',#279,#280);
#279 = CARTESIAN_POINT('',(-6.28318530718,-1.));
#280 = VECTOR('',#281,1.);
#281 = DIRECTION('',(1.,-0.));
#282 = ( GEOMETRIC_REPRESENTATION_CONTEXT(2) 
PARAMETRIC_REPRESENTATION_CONTEXT() REPRESENTATION_CONTEXT('2D SPACE',''
  ) );
#283 = FACE_BOUND('',#284,.F.);
#284 = EDGE_LOOP('',(#285));
#285 = ORIENTED_EDGE('',*,*,#286,.T.);
#286 = EDGE_CURVE('',#287,#287,#289,.T.);
#287 = VERTEX_POINT('',#288);
#288 = CARTESIAN_POINT('',(-74.10479066835,-74.10479066835,25.4));
#289 = SURFACE_CURVE('',#290,(#295,#306),.PCURVE_S1.);
#290 = CIRCLE('',#291,9.55);
#291 = AXIS2_PLACEMENT_3D('',#292,#293,#294);
#292 = CARTESIAN_POINT('',(-67.35192090801,-67.35192090801,25.4));
#293 = DIRECTION('',(0.,1.224646799147E-16,1.));
#294 = DIRECTION('',(-0.707106781187,-0.707106781187,8.659560562355E-17)
  );
#295 = PCURVE('',#128,#296);
#296 = DEFINITIONAL_REPRESENTATION('',(#297),#305);
#297 = ( BOUNDED_CURVE() B_SPLINE_CURVE(2,(#298,#299,#300,#301,#302,#303
,#304),.UNSPECIFIED.,.T.,.F.) B_SPLINE_CURVE_WITH_KNOTS((1,2,2,2,2,1),(
    -2.094395102393,0.,2.094395102393,4.188790204786,6.28318530718,
8.377580409573),.UNSPECIFIED.) CURVE() GEOMETRIC_REPRESENTATION_ITEM() 
RATIONAL_B_SPLINE_CURVE((1.,0.5,1.,0.5,1.,0.5,1.)) REPRESENTATION_ITEM(
  '') );
#298 = CARTESIAN_POINT('',(-74.10479066835,74.10479066835));
#299 = CARTESIAN_POINT('',(-62.40847714656,85.80110419014));
#300 = CARTESIAN_POINT('',(-58.12732926695,69.823642788748));
#301 = CARTESIAN_POINT('',(-53.84618138735,53.846181387356));
#302 = CARTESIAN_POINT('',(-69.82364278874,58.127329266958));
#303 = CARTESIAN_POINT('',(-85.80110419014,62.40847714656));
#304 = CARTESIAN_POINT('',(-74.10479066835,74.10479066835));
#305 = ( GEOMETRIC_REPRESENTATION_CONTEXT(2) 
PARAMETRIC_REPRESENTATION_CONTEXT() REPRESENTATION_CONTEXT('2D SPACE',''
  ) );
#306 = PCURVE('',#307,#312);
#307 = CYLINDRICAL_SURFACE('',#308,9.55);
#308 = AXIS2_PLACEMENT_3D('',#309,#310,#311);
#309 = CARTESIAN_POINT('',(-67.35192090801,-67.35192090801,26.4));
#310 = DIRECTION('',(-0.,1.224646799147E-16,1.));
#311 = DIRECTION('',(-0.707106781187,-0.707106781187,8.659560562355E-17)
  );
#312 = DEFINITIONAL_REPRESENTATION('',(#313),#317);
#313 = LINE('',#314,#315);
#314 = CARTESIAN_POINT('',(-6.28318530718,-1.));
#315 = VECTOR('',#316,1.);
#316 = DIRECTION('',(1.,-0.));
#317 = ( GEOMETRIC_REPRESENTATION_CONTEXT(2) 
PARAMETRIC_REPRESENTATION_CONTEXT() REPRESENTATION_CONTEXT('2D SPACE',''
  ) );
#318 = FACE_BOUND('',#319,.F.);
#319 = EDGE_LOOP('',(#320));
#320 = ORIENTED_EDGE('',*,*,#321,.F.);
#321 = EDGE_CURVE('',#322,#322,#324,.T.);
#322 = VERTEX_POINT('',#323);
#323 = CARTESIAN_POINT('',(71.45,0.,25.4));
#324 = SURFACE_CURVE('',#325,(#330,#337),.PCURVE_S1.);
#325 = CIRCLE('',#326,71.45);
#326 = AXIS2_PLACEMENT_3D('',#327,#328,#329);
#327 = CARTESIAN_POINT('',(0.,0.,25.4));
#328 = DIRECTION('',(0.,-1.224646799147E-16,-1.));
#329 = DIRECTION('',(1.,0.,0.));
#330 = PCURVE('',#128,#331);
#331 = DEFINITIONAL_REPRESENTATION('',(#332),#336);
#332 = CIRCLE('',#333,71.45);
#333 = AXIS2_PLACEMENT_2D('',#334,#335);
#334 = CARTESIAN_POINT('',(3.062683061506E-15,-1.45946181826E-15));
#335 = DIRECTION('',(1.,0.));
#336 = ( GEOMETRIC_REPRESENTATION_CONTEXT(2) 
PARAMETRIC_REPRESENTATION_CONTEXT() REPRESENTATION_CONTEXT('2D SPACE',''
  ) );
#337 = PCURVE('',#338,#343);
#338 = CYLINDRICAL_SURFACE('',#339,71.45);
#339 = AXIS2_PLACEMENT_3D('',#340,#341,#342);
#340 = CARTESIAN_POINT('',(0.,0.,25.4));
#341 = DIRECTION('',(-0.,1.224646799147E-16,1.));
#342 = DIRECTION('',(1.,0.,0.));
#343 = DEFINITIONAL_REPRESENTATION('',(#344),#348);
#344 = LINE('',#345,#346);
#345 = CARTESIAN_POINT('',(-0.,0.));
#346 = VECTOR('',#347,1.);
#347 = DIRECTION('',(-1.,0.));
#348 = ( GEOMETRIC_REPRESENTATION_CONTEXT(2) 
PARAMETRIC_REPRESENTATION_CONTEXT() REPRESENTATION_CONTEXT('2D SPACE',''
  ) );
#349 = FACE_BOUND('',#350,.F.);
#350 = EDGE_LOOP('',(#351));
#351 = ORIENTED_EDGE('',*,*,#352,.T.);
#352 = EDGE_CURVE('',#353,#353,#355,.T.);
#353 = VERTEX_POINT('',#354);
#354 = CARTESIAN_POINT('',(104.8,0.,25.4));
#355 = SURFACE_CURVE('',#356,(#361,#372),.PCURVE_S1.);
#356 = CIRCLE('',#357,9.55);
#357 = AXIS2_PLACEMENT_3D('',#358,#359,#360);
#358 = CARTESIAN_POINT('',(95.25,0.,25.4));
#359 = DIRECTION('',(-0.,1.224646799147E-16,1.));
#360 = DIRECTION('',(1.,0.,0.));
#361 = PCURVE('',#128,#362);
#362 = DEFINITIONAL_REPRESENTATION('',(#363),#371);
#363 = ( BOUNDED_CURVE() B_SPLINE_CURVE(2,(#364,#365,#366,#367,#368,#369
,#370),.UNSPECIFIED.,.T.,.F.) B_SPLINE_CURVE_WITH_KNOTS((1,2,2,2,2,1),(
    -2.094395102393,0.,2.094395102393,4.188790204786,6.28318530718,
8.377580409573),.UNSPECIFIED.) CURVE() GEOMETRIC_REPRESENTATION_ITEM() 
RATIONAL_B_SPLINE_CURVE((1.,0.5,1.,0.5,1.,0.5,1.)) REPRESENTATION_ITEM(
  '') );
#364 = CARTESIAN_POINT('',(104.8,-1.45946181826E-15));
#365 = CARTESIAN_POINT('',(104.8,-16.54108521228));
#366 = CARTESIAN_POINT('',(90.475,-8.270542606141));
#367 = CARTESIAN_POINT('',(76.15,-3.798537204631E-15));
#368 = CARTESIAN_POINT('',(90.475,8.270542606141));
#369 = CARTESIAN_POINT('',(104.8,16.541085212283));
#370 = CARTESIAN_POINT('',(104.8,-1.45946181826E-15));
#371 = ( GEOMETRIC_REPRESENTATION_CONTEXT(2) 
PARAMETRIC_REPRESENTATION_CONTEXT() REPRESENTATION_CONTEXT('2D SPACE',''
  ) );
#372 = PCURVE('',#373,#378);
#373 = CYLINDRICAL_SURFACE('',#374,9.55);
#374 = AXIS2_PLACEMENT_3D('',#375,#376,#377);
#375 = CARTESIAN_POINT('',(95.25,1.224646799147E-16,26.4));
#376 = DIRECTION('',(-0.,1.224646799147E-16,1.));
#377 = DIRECTION('',(1.,0.,0.));
#378 = DEFINITIONAL_REPRESENTATION('',(#379),#383);
#379 = LINE('',#380,#381);
#380 = CARTESIAN_POINT('',(-6.28318530718,-1.));
#381 = VECTOR('',#382,1.);
#382 = DIRECTION('',(1.,-0.));
#383 = ( GEOMETRIC_REPRESENTATION_CONTEXT(2) 
PARAMETRIC_REPRESENTATION_CONTEXT() REPRESENTATION_CONTEXT('2D SPACE',''
  ) );
#384 = FACE_BOUND('',#385,.F.);
#385 = EDGE_LOOP('',(#386));
#386 = ORIENTED_EDGE('',*,*,#387,.T.);
#387 = EDGE_CURVE('',#388,#388,#390,.T.);
#388 = VERTEX_POINT('',#389);
#389 = CARTESIAN_POINT('',(6.892643369456E-15,-104.8,25.4));
#390 = SURFACE_CURVE('',#391,(#396,#407),.PCURVE_S1.);
#391 = CIRCLE('',#392,9.55);
#392 = AXIS2_PLACEMENT_3D('',#393,#394,#395);
#393 = CARTESIAN_POINT('',(5.832380380939E-15,-95.25,25.4));
#394 = DIRECTION('',(0.,1.224646799147E-16,1.));
#395 = DIRECTION('',(1.110223024625E-16,-1.,1.224646799147E-16));
#396 = PCURVE('',#128,#397);
#397 = DEFINITIONAL_REPRESENTATION('',(#398),#406);
#398 = ( BOUNDED_CURVE() B_SPLINE_CURVE(2,(#399,#400,#401,#402,#403,#404
,#405),.UNSPECIFIED.,.T.,.F.) B_SPLINE_CURVE_WITH_KNOTS((1,2,2,2,2,1),(
    -2.094395102393,0.,2.094395102393,4.188790204786,6.28318530718,
8.377580409573),.UNSPECIFIED.) CURVE() GEOMETRIC_REPRESENTATION_ITEM() 
RATIONAL_B_SPLINE_CURVE((1.,0.5,1.,0.5,1.,0.5,1.)) REPRESENTATION_ITEM(
  '') );
#399 = CARTESIAN_POINT('',(9.955326430962E-15,104.8));
#400 = CARTESIAN_POINT('',(16.541085212283,104.8));
#401 = CARTESIAN_POINT('',(8.270542606141,90.475));
#402 = CARTESIAN_POINT('',(9.113612851782E-15,76.15));
#403 = CARTESIAN_POINT('',(-8.270542606141,90.475));
#404 = CARTESIAN_POINT('',(-16.54108521228,104.8));
#405 = CARTESIAN_POINT('',(9.955326430962E-15,104.8));
#406 = ( GEOMETRIC_REPRESENTATION_CONTEXT(2) 
PARAMETRIC_REPRESENTATION_CONTEXT() REPRESENTATION_CONTEXT('2D SPACE',''
  ) );
#407 = PCURVE('',#408,#413);
#408 = CYLINDRICAL_SURFACE('',#409,9.55);
#409 = AXIS2_PLACEMENT_3D('',#410,#411,#412);
#410 = CARTESIAN_POINT('',(5.832380380939E-15,-95.25,26.4));
#411 = DIRECTION('',(0.,1.224646799147E-16,1.));
#412 = DIRECTION('',(1.110223024625E-16,-1.,1.224646799147E-16));
#413 = DEFINITIONAL_REPRESENTATION('',(#414),#418);
#414 = LINE('',#415,#416);
#415 = CARTESIAN_POINT('',(-6.28318530718,-1.));
#416 = VECTOR('',#417,1.);
#417 = DIRECTION('',(1.,-0.));
#418 = ( GEOMETRIC_REPRESENTATION_CONTEXT(2) 
PARAMETRIC_REPRESENTATION_CONTEXT() REPRESENTATION_CONTEXT('2D SPACE',''
  ) );
#419 = FACE_BOUND('',#420,.F.);
#420 = EDGE_LOOP('',(#421));
#421 = ORIENTED_EDGE('',*,*,#422,.T.);
#422 = EDGE_CURVE('',#423,#423,#425,.T.);
#423 = VERTEX_POINT('',#424);
#424 = CARTESIAN_POINT('',(74.10479066835,-74.10479066835,25.4));
#425 = SURFACE_CURVE('',#426,(#431,#442),.PCURVE_S1.);
#426 = CIRCLE('',#427,9.55);
#427 = AXIS2_PLACEMENT_3D('',#428,#429,#430);
#428 = CARTESIAN_POINT('',(67.351920908019,-67.35192090801,25.4));
#429 = DIRECTION('',(0.,1.224646799147E-16,1.));
#430 = DIRECTION('',(0.707106781187,-0.707106781187,8.659560562355E-17)
  );
#431 = PCURVE('',#128,#432);
#432 = DEFINITIONAL_REPRESENTATION('',(#433),#441);
#433 = ( BOUNDED_CURVE() B_SPLINE_CURVE(2,(#434,#435,#436,#437,#438,#439
,#440),.UNSPECIFIED.,.T.,.F.) B_SPLINE_CURVE_WITH_KNOTS((1,2,2,2,2,1),(
    -2.094395102393,0.,2.094395102393,4.188790204786,6.28318530718,
8.377580409573),.UNSPECIFIED.) CURVE() GEOMETRIC_REPRESENTATION_ITEM() 
RATIONAL_B_SPLINE_CURVE((1.,0.5,1.,0.5,1.,0.5,1.)) REPRESENTATION_ITEM(
  '') );
#434 = CARTESIAN_POINT('',(74.10479066835,74.10479066835));
#435 = CARTESIAN_POINT('',(85.80110419014,62.40847714656));
#436 = CARTESIAN_POINT('',(69.823642788748,58.127329266958));
#437 = CARTESIAN_POINT('',(53.846181387356,53.846181387356));
#438 = CARTESIAN_POINT('',(58.127329266958,69.823642788748));
#439 = CARTESIAN_POINT('',(62.40847714656,85.80110419014));
#440 = CARTESIAN_POINT('',(74.10479066835,74.10479066835));
#441 = ( GEOMETRIC_REPRESENTATION_CONTEXT(2) 
PARAMETRIC_REPRESENTATION_CONTEXT() REPRESENTATION_CONTEXT('2D SPACE',''
  ) );
#442 = PCURVE('',#443,#448);
#443 = CYLINDRICAL_SURFACE('',#444,9.55);
#444 = AXIS2_PLACEMENT_3D('',#445,#446,#447);
#445 = CARTESIAN_POINT('',(67.351920908019,-67.35192090801,26.4));
#446 = DIRECTION('',(0.,1.224646799147E-16,1.));
#447 = DIRECTION('',(0.707106781187,-0.707106781187,8.659560562355E-17)
  );
#448 = DEFINITIONAL_REPRESENTATION('',(#449),#453);
#449 = LINE('',#450,#451);
#450 = CARTESIAN_POINT('',(-6.28318530718,-1.));
#451 = VECTOR('',#452,1.);
#452 = DIRECTION('',(1.,-0.));
#453 = ( GEOMETRIC_REPRESENTATION_CONTEXT(2) 
PARAMETRIC_REPRESENTATION_CONTEXT() REPRESENTATION_CONTEXT('2D SPACE',''
  ) );
#454 = ADVANCED_FACE('',(#455,#458,#488,#518,#548,#578,#608,#639,#669,
    #699),#100,.T.);
#455 = FACE_BOUND('',#456,.T.);
#456 = EDGE_LOOP('',(#457));
#457 = ORIENTED_EDGE('',*,*,#85,.T.);
#458 = FACE_BOUND('',#459,.T.);
#459 = EDGE_LOOP('',(#460));
#460 = ORIENTED_EDGE('',*,*,#461,.T.);
#461 = EDGE_CURVE('',#462,#462,#464,.T.);
#462 = VERTEX_POINT('',#463);
#463 = CARTESIAN_POINT('',(-74.10479066835,74.10479066835,1.6));
#464 = SURFACE_CURVE('',#465,(#470,#481),.PCURVE_S1.);
#465 = CIRCLE('',#466,9.55);
#466 = AXIS2_PLACEMENT_3D('',#467,#468,#469);
#467 = CARTESIAN_POINT('',(-67.35192090801,67.351920908019,1.6));
#468 = DIRECTION('',(1.232595164408E-32,1.224646799147E-16,1.));
#469 = DIRECTION('',(-0.707106781187,0.707106781187,-8.659560562355E-17)
  );
#470 = PCURVE('',#100,#471);
#471 = DEFINITIONAL_REPRESENTATION('',(#472),#480);
#472 = ( BOUNDED_CURVE() B_SPLINE_CURVE(2,(#473,#474,#475,#476,#477,#478
,#479),.UNSPECIFIED.,.T.,.F.) B_SPLINE_CURVE_WITH_KNOTS((1,2,2,2,2,1),(
    -2.094395102393,0.,2.094395102393,4.188790204786,6.28318530718,
8.377580409573),.UNSPECIFIED.) CURVE() GEOMETRIC_REPRESENTATION_ITEM() 
RATIONAL_B_SPLINE_CURVE((1.,0.5,1.,0.5,1.,0.5,1.)) REPRESENTATION_ITEM(
  '') );
#473 = CARTESIAN_POINT('',(-74.10479066835,-74.10479066835));
#474 = CARTESIAN_POINT('',(-85.80110419014,-62.40847714656));
#475 = CARTESIAN_POINT('',(-69.82364278874,-58.12732926695));
#476 = CARTESIAN_POINT('',(-53.84618138735,-53.84618138735));
#477 = CARTESIAN_POINT('',(-58.12732926695,-69.82364278874));
#478 = CARTESIAN_POINT('',(-62.40847714656,-85.80110419014));
#479 = CARTESIAN_POINT('',(-74.10479066835,-74.10479066835));
#480 = ( GEOMETRIC_REPRESENTATION_CONTEXT(2) 
PARAMETRIC_REPRESENTATION_CONTEXT() REPRESENTATION_CONTEXT('2D SPACE',''
  ) );
#481 = PCURVE('',#167,#482);
#482 = DEFINITIONAL_REPRESENTATION('',(#483),#487);
#483 = LINE('',#484,#485);
#484 = CARTESIAN_POINT('',(-6.28318530718,-24.8));
#485 = VECTOR('',#486,1.);
#486 = DIRECTION('',(1.,-0.));
#487 = ( GEOMETRIC_REPRESENTATION_CONTEXT(2) 
PARAMETRIC_REPRESENTATION_CONTEXT() REPRESENTATION_CONTEXT('2D SPACE',''
  ) );
#488 = FACE_BOUND('',#489,.T.);
#489 = EDGE_LOOP('',(#490));
#490 = ORIENTED_EDGE('',*,*,#491,.T.);
#491 = EDGE_CURVE('',#492,#492,#494,.T.);
#492 = VERTEX_POINT('',#493);
#493 = CARTESIAN_POINT('',(-1.961766711985E-14,104.8,1.6));
#494 = SURFACE_CURVE('',#495,(#500,#511),.PCURVE_S1.);
#495 = CIRCLE('',#496,9.55);
#496 = AXIS2_PLACEMENT_3D('',#497,#498,#499);
#497 = CARTESIAN_POINT('',(-1.749714114282E-14,95.25,1.6));
#498 = DIRECTION('',(0.,1.224646799147E-16,1.));
#499 = DIRECTION('',(-2.22044604925E-16,1.,-1.224646799147E-16));
#500 = PCURVE('',#100,#501);
#501 = DEFINITIONAL_REPRESENTATION('',(#502),#510);
#502 = ( BOUNDED_CURVE() B_SPLINE_CURVE(2,(#503,#504,#505,#506,#507,#508
,#509),.UNSPECIFIED.,.T.,.F.) B_SPLINE_CURVE_WITH_KNOTS((1,2,2,2,2,1),(
    -2.094395102393,0.,2.094395102393,4.188790204786,6.28318530718,
8.377580409573),.UNSPECIFIED.) CURVE() GEOMETRIC_REPRESENTATION_ITEM() 
RATIONAL_B_SPLINE_CURVE((1.,0.5,1.,0.5,1.,0.5,1.)) REPRESENTATION_ITEM(
  '') );
#503 = CARTESIAN_POINT('',(-1.655498405835E-14,-104.8));
#504 = CARTESIAN_POINT('',(-16.54108521228,-104.8));
#505 = CARTESIAN_POINT('',(-8.270542606141,-90.475));
#506 = CARTESIAN_POINT('',(-1.253248151362E-14,-76.15));
#507 = CARTESIAN_POINT('',(8.270542606141,-90.475));
#508 = CARTESIAN_POINT('',(16.541085212283,-104.8));
#509 = CARTESIAN_POINT('',(-1.655498405835E-14,-104.8));
#510 = ( GEOMETRIC_REPRESENTATION_CONTEXT(2) 
PARAMETRIC_REPRESENTATION_CONTEXT() REPRESENTATION_CONTEXT('2D SPACE',''
  ) );
#511 = PCURVE('',#202,#512);
#512 = DEFINITIONAL_REPRESENTATION('',(#513),#517);
#513 = LINE('',#514,#515);
#514 = CARTESIAN_POINT('',(-6.28318530718,-24.8));
#515 = VECTOR('',#516,1.);
#516 = DIRECTION('',(1.,-0.));
#517 = ( GEOMETRIC_REPRESENTATION_CONTEXT(2) 
PARAMETRIC_REPRESENTATION_CONTEXT() REPRESENTATION_CONTEXT('2D SPACE',''
  ) );
#518 = FACE_BOUND('',#519,.T.);
#519 = EDGE_LOOP('',(#520));
#520 = ORIENTED_EDGE('',*,*,#521,.T.);
#521 = EDGE_CURVE('',#522,#522,#524,.T.);
#522 = VERTEX_POINT('',#523);
#523 = CARTESIAN_POINT('',(74.10479066835,74.10479066835,1.6));
#524 = SURFACE_CURVE('',#525,(#530,#541),.PCURVE_S1.);
#525 = CIRCLE('',#526,9.55);
#526 = AXIS2_PLACEMENT_3D('',#527,#528,#529);
#527 = CARTESIAN_POINT('',(67.351920908019,67.351920908019,1.6));
#528 = DIRECTION('',(0.,1.224646799147E-16,1.));
#529 = DIRECTION('',(0.707106781187,0.707106781187,-8.659560562355E-17)
  );
#530 = PCURVE('',#100,#531);
#531 = DEFINITIONAL_REPRESENTATION('',(#532),#540);
#532 = ( BOUNDED_CURVE() B_SPLINE_CURVE(2,(#533,#534,#535,#536,#537,#538
,#539),.UNSPECIFIED.,.T.,.F.) B_SPLINE_CURVE_WITH_KNOTS((1,2,2,2,2,1),(
    -2.094395102393,0.,2.094395102393,4.188790204786,6.28318530718,
8.377580409573),.UNSPECIFIED.) CURVE() GEOMETRIC_REPRESENTATION_ITEM() 
RATIONAL_B_SPLINE_CURVE((1.,0.5,1.,0.5,1.,0.5,1.)) REPRESENTATION_ITEM(
  '') );
#533 = CARTESIAN_POINT('',(74.10479066835,-74.10479066835));
#534 = CARTESIAN_POINT('',(62.40847714656,-85.80110419014));
#535 = CARTESIAN_POINT('',(58.127329266958,-69.82364278874));
#536 = CARTESIAN_POINT('',(53.846181387356,-53.84618138735));
#537 = CARTESIAN_POINT('',(69.823642788748,-58.12732926695));
#538 = CARTESIAN_POINT('',(85.80110419014,-62.40847714656));
#539 = CARTESIAN_POINT('',(74.10479066835,-74.10479066835));
#540 = ( GEOMETRIC_REPRESENTATION_CONTEXT(2) 
PARAMETRIC_REPRESENTATION_CONTEXT() REPRESENTATION_CONTEXT('2D SPACE',''
  ) );
#541 = PCURVE('',#237,#542);
#542 = DEFINITIONAL_REPRESENTATION('',(#543),#547);
#543 = LINE('',#544,#545);
#544 = CARTESIAN_POINT('',(-6.28318530718,-24.8));
#545 = VECTOR('',#546,1.);
#546 = DIRECTION('',(1.,-0.));
#547 = ( GEOMETRIC_REPRESENTATION_CONTEXT(2) 
PARAMETRIC_REPRESENTATION_CONTEXT() REPRESENTATION_CONTEXT('2D SPACE',''
  ) );
#548 = FACE_BOUND('',#549,.T.);
#549 = EDGE_LOOP('',(#550));
#550 = ORIENTED_EDGE('',*,*,#551,.T.);
#551 = EDGE_CURVE('',#552,#552,#554,.T.);
#552 = VERTEX_POINT('',#553);
#553 = CARTESIAN_POINT('',(-104.8,-1.574895783703E-14,1.6));
#554 = SURFACE_CURVE('',#555,(#560,#571),.PCURVE_S1.);
#555 = CIRCLE('',#556,9.55);
#556 = AXIS2_PLACEMENT_3D('',#557,#558,#559);
#557 = CARTESIAN_POINT('',(-95.25,-1.457942014385E-14,1.6));
#558 = DIRECTION('',(0.,1.224646799147E-16,1.));
#559 = DIRECTION('',(-1.,-1.224646799147E-16,1.499759782662E-32));
#560 = PCURVE('',#100,#561);
#561 = DEFINITIONAL_REPRESENTATION('',(#562),#570);
#562 = ( BOUNDED_CURVE() B_SPLINE_CURVE(2,(#563,#564,#565,#566,#567,#568
,#569),.UNSPECIFIED.,.T.,.F.) B_SPLINE_CURVE_WITH_KNOTS((1,2,2,2,2,1),(
    -2.094395102393,0.,2.094395102393,4.188790204786,6.28318530718,
8.377580409573),.UNSPECIFIED.) CURVE() GEOMETRIC_REPRESENTATION_ITEM() 
RATIONAL_B_SPLINE_CURVE((1.,0.5,1.,0.5,1.,0.5,1.)) REPRESENTATION_ITEM(
  '') );
#563 = CARTESIAN_POINT('',(-104.8,1.13748366368E-14));
#564 = CARTESIAN_POINT('',(-104.8,16.541085212283));
#565 = CARTESIAN_POINT('',(-90.475,8.270542606141));
#566 = CARTESIAN_POINT('',(-76.15,1.020529894362E-14));
#567 = CARTESIAN_POINT('',(-90.475,-8.270542606141));
#568 = CARTESIAN_POINT('',(-104.8,-16.54108521228));
#569 = CARTESIAN_POINT('',(-104.8,1.13748366368E-14));
#570 = ( GEOMETRIC_REPRESENTATION_CONTEXT(2) 
PARAMETRIC_REPRESENTATION_CONTEXT() REPRESENTATION_CONTEXT('2D SPACE',''
  ) );
#571 = PCURVE('',#272,#572);
#572 = DEFINITIONAL_REPRESENTATION('',(#573),#577);
#573 = LINE('',#574,#575);
#574 = CARTESIAN_POINT('',(-6.28318530718,-24.8));
#575 = VECTOR('',#576,1.);
#576 = DIRECTION('',(1.,-0.));
#577 = ( GEOMETRIC_REPRESENTATION_CONTEXT(2) 
PARAMETRIC_REPRESENTATION_CONTEXT() REPRESENTATION_CONTEXT('2D SPACE',''
  ) );
#578 = FACE_BOUND('',#579,.T.);
#579 = EDGE_LOOP('',(#580));
#580 = ORIENTED_EDGE('',*,*,#581,.T.);
#581 = EDGE_CURVE('',#582,#582,#584,.T.);
#582 = VERTEX_POINT('',#583);
#583 = CARTESIAN_POINT('',(-74.10479066835,-74.10479066835,1.6));
#584 = SURFACE_CURVE('',#585,(#590,#601),.PCURVE_S1.);
#585 = CIRCLE('',#586,9.55);
#586 = AXIS2_PLACEMENT_3D('',#587,#588,#589);
#587 = CARTESIAN_POINT('',(-67.35192090801,-67.35192090801,1.6));
#588 = DIRECTION('',(0.,1.224646799147E-16,1.));
#589 = DIRECTION('',(-0.707106781187,-0.707106781187,8.659560562355E-17)
  );
#590 = PCURVE('',#100,#591);
#591 = DEFINITIONAL_REPRESENTATION('',(#592),#600);
#592 = ( BOUNDED_CURVE() B_SPLINE_CURVE(2,(#593,#594,#595,#596,#597,#598
,#599),.UNSPECIFIED.,.T.,.F.) B_SPLINE_CURVE_WITH_KNOTS((1,2,2,2,2,1),(
    -2.094395102393,0.,2.094395102393,4.188790204786,6.28318530718,
8.377580409573),.UNSPECIFIED.) CURVE() GEOMETRIC_REPRESENTATION_ITEM() 
RATIONAL_B_SPLINE_CURVE((1.,0.5,1.,0.5,1.,0.5,1.)) REPRESENTATION_ITEM(
  '') );
#593 = CARTESIAN_POINT('',(-74.10479066835,74.10479066835));
#594 = CARTESIAN_POINT('',(-62.40847714656,85.80110419014));
#595 = CARTESIAN_POINT('',(-58.12732926695,69.823642788748));
#596 = CARTESIAN_POINT('',(-53.84618138735,53.846181387356));
#597 = CARTESIAN_POINT('',(-69.82364278874,58.127329266958));
#598 = CARTESIAN_POINT('',(-85.80110419014,62.40847714656));
#599 = CARTESIAN_POINT('',(-74.10479066835,74.10479066835));
#600 = ( GEOMETRIC_REPRESENTATION_CONTEXT(2) 
PARAMETRIC_REPRESENTATION_CONTEXT() REPRESENTATION_CONTEXT('2D SPACE',''
  ) );
#601 = PCURVE('',#307,#602);
#602 = DEFINITIONAL_REPRESENTATION('',(#603),#607);
#603 = LINE('',#604,#605);
#604 = CARTESIAN_POINT('',(-6.28318530718,-24.8));
#605 = VECTOR('',#606,1.);
#606 = DIRECTION('',(1.,-0.));
#607 = ( GEOMETRIC_REPRESENTATION_CONTEXT(2) 
PARAMETRIC_REPRESENTATION_CONTEXT() REPRESENTATION_CONTEXT('2D SPACE',''
  ) );
#608 = FACE_BOUND('',#609,.T.);
#609 = EDGE_LOOP('',(#610));
#610 = ORIENTED_EDGE('',*,*,#611,.F.);
#611 = EDGE_CURVE('',#612,#612,#614,.T.);
#612 = VERTEX_POINT('',#613);
#613 = CARTESIAN_POINT('',(78.6,-2.914659381971E-15,1.6));
#614 = SURFACE_CURVE('',#615,(#620,#627),.PCURVE_S1.);
#615 = CIRCLE('',#616,78.6);
#616 = AXIS2_PLACEMENT_3D('',#617,#618,#619);
#617 = CARTESIAN_POINT('',(0.,-2.914659381971E-15,1.6));
#618 = DIRECTION('',(0.,-1.224646799147E-16,-1.));
#619 = DIRECTION('',(1.,0.,0.));
#620 = PCURVE('',#100,#621);
#621 = DEFINITIONAL_REPRESENTATION('',(#622),#626);
#622 = CIRCLE('',#623,78.6);
#623 = AXIS2_PLACEMENT_2D('',#624,#625);
#624 = CARTESIAN_POINT('',(3.062683061506E-15,-1.45946181826E-15));
#625 = DIRECTION('',(1.,0.));
#626 = ( GEOMETRIC_REPRESENTATION_CONTEXT(2) 
PARAMETRIC_REPRESENTATION_CONTEXT() REPRESENTATION_CONTEXT('2D SPACE',''
  ) );
#627 = PCURVE('',#628,#633);
#628 = CYLINDRICAL_SURFACE('',#629,78.6);
#629 = AXIS2_PLACEMENT_3D('',#630,#631,#632);
#630 = CARTESIAN_POINT('',(0.,-2.914659381971E-15,1.6));
#631 = DIRECTION('',(-0.,1.224646799147E-16,1.));
#632 = DIRECTION('',(1.,0.,0.));
#633 = DEFINITIONAL_REPRESENTATION('',(#634),#638);
#634 = LINE('',#635,#636);
#635 = CARTESIAN_POINT('',(-0.,0.));
#636 = VECTOR('',#637,1.);
#637 = DIRECTION('',(-1.,0.));
#638 = ( GEOMETRIC_REPRESENTATION_CONTEXT(2) 
PARAMETRIC_REPRESENTATION_CONTEXT() REPRESENTATION_CONTEXT('2D SPACE',''
  ) );
#639 = FACE_BOUND('',#640,.T.);
#640 = EDGE_LOOP('',(#641));
#641 = ORIENTED_EDGE('',*,*,#642,.T.);
#642 = EDGE_CURVE('',#643,#643,#645,.T.);
#643 = VERTEX_POINT('',#644);
#644 = CARTESIAN_POINT('',(104.8,-2.914659381971E-15,1.6));
#645 = SURFACE_CURVE('',#646,(#651,#662),.PCURVE_S1.);
#646 = CIRCLE('',#647,9.55);
#647 = AXIS2_PLACEMENT_3D('',#648,#649,#650);
#648 = CARTESIAN_POINT('',(95.25,-2.914659381971E-15,1.6));
#649 = DIRECTION('',(-0.,1.224646799147E-16,1.));
#650 = DIRECTION('',(1.,0.,0.));
#651 = PCURVE('',#100,#652);
#652 = DEFINITIONAL_REPRESENTATION('',(#653),#661);
#653 = ( BOUNDED_CURVE() B_SPLINE_CURVE(2,(#654,#655,#656,#657,#658,#659
,#660),.UNSPECIFIED.,.T.,.F.) B_SPLINE_CURVE_WITH_KNOTS((1,2,2,2,2,1),(
    -2.094395102393,0.,2.094395102393,4.188790204786,6.28318530718,
8.377580409573),.UNSPECIFIED.) CURVE() GEOMETRIC_REPRESENTATION_ITEM() 
RATIONAL_B_SPLINE_CURVE((1.,0.5,1.,0.5,1.,0.5,1.)) REPRESENTATION_ITEM(
  '') );
#654 = CARTESIAN_POINT('',(104.8,-1.45946181826E-15));
#655 = CARTESIAN_POINT('',(104.8,-16.54108521228));
#656 = CARTESIAN_POINT('',(90.475,-8.270542606141));
#657 = CARTESIAN_POINT('',(76.15,-3.798537204631E-15));
#658 = CARTESIAN_POINT('',(90.475,8.270542606141));
#659 = CARTESIAN_POINT('',(104.8,16.541085212283));
#660 = CARTESIAN_POINT('',(104.8,-1.45946181826E-15));
#661 = ( GEOMETRIC_REPRESENTATION_CONTEXT(2) 
PARAMETRIC_REPRESENTATION_CONTEXT() REPRESENTATION_CONTEXT('2D SPACE',''
  ) );
#662 = PCURVE('',#373,#663);
#663 = DEFINITIONAL_REPRESENTATION('',(#664),#668);
#664 = LINE('',#665,#666);
#665 = CARTESIAN_POINT('',(-6.28318530718,-24.8));
#666 = VECTOR('',#667,1.);
#667 = DIRECTION('',(1.,-0.));
#668 = ( GEOMETRIC_REPRESENTATION_CONTEXT(2) 
PARAMETRIC_REPRESENTATION_CONTEXT() REPRESENTATION_CONTEXT('2D SPACE',''
  ) );
#669 = FACE_BOUND('',#670,.T.);
#670 = EDGE_LOOP('',(#671));
#671 = ORIENTED_EDGE('',*,*,#672,.T.);
#672 = EDGE_CURVE('',#673,#673,#675,.T.);
#673 = VERTEX_POINT('',#674);
#674 = CARTESIAN_POINT('',(6.892643369456E-15,-104.8,1.6));
#675 = SURFACE_CURVE('',#676,(#681,#692),.PCURVE_S1.);
#676 = CIRCLE('',#677,9.55);
#677 = AXIS2_PLACEMENT_3D('',#678,#679,#680);
#678 = CARTESIAN_POINT('',(5.832380380939E-15,-95.25,1.6));
#679 = DIRECTION('',(0.,1.224646799147E-16,1.));
#680 = DIRECTION('',(1.110223024625E-16,-1.,1.224646799147E-16));
#681 = PCURVE('',#100,#682);
#682 = DEFINITIONAL_REPRESENTATION('',(#683),#691);
#683 = ( BOUNDED_CURVE() B_SPLINE_CURVE(2,(#684,#685,#686,#687,#688,#689
,#690),.UNSPECIFIED.,.T.,.F.) B_SPLINE_CURVE_WITH_KNOTS((1,2,2,2,2,1),(
    -2.094395102393,0.,2.094395102393,4.188790204786,6.28318530718,
8.377580409573),.UNSPECIFIED.) CURVE() GEOMETRIC_REPRESENTATION_ITEM() 
RATIONAL_B_SPLINE_CURVE((1.,0.5,1.,0.5,1.,0.5,1.)) REPRESENTATION_ITEM(
  '') );
#684 = CARTESIAN_POINT('',(9.955326430962E-15,104.8));
#685 = CARTESIAN_POINT('',(16.541085212283,104.8));
#686 = CARTESIAN_POINT('',(8.270542606141,90.475));
#687 = CARTESIAN_POINT('',(9.113612851782E-15,76.15));
#688 = CARTESIAN_POINT('',(-8.270542606141,90.475));
#689 = CARTESIAN_POINT('',(-16.54108521228,104.8));
#690 = CARTESIAN_POINT('',(9.955326430962E-15,104.8));
#691 = ( GEOMETRIC_REPRESENTATION_CONTEXT(2) 
PARAMETRIC_REPRESENTATION_CONTEXT() REPRESENTATION_CONTEXT('2D SPACE',''
  ) );
#692 = PCURVE('',#408,#693);
#693 = DEFINITIONAL_REPRESENTATION('',(#694),#698);
#694 = LINE('',#695,#696);
#695 = CARTESIAN_POINT('',(-6.28318530718,-24.8));
#696 = VECTOR('',#697,1.);
#697 = DIRECTION('',(1.,-0.));
#698 = ( GEOMETRIC_REPRESENTATION_CONTEXT(2) 
PARAMETRIC_REPRESENTATION_CONTEXT() REPRESENTATION_CONTEXT('2D SPACE',''
  ) );
#699 = FACE_BOUND('',#700,.T.);
#700 = EDGE_LOOP('',(#701));
#701 = ORIENTED_EDGE('',*,*,#702,.T.);
#702 = EDGE_CURVE('',#703,#703,#705,.T.);
#703 = VERTEX_POINT('',#704);
#704 = CARTESIAN_POINT('',(74.10479066835,-74.10479066835,1.6));
#705 = SURFACE_CURVE('',#706,(#711,#722),.PCURVE_S1.);
#706 = CIRCLE('',#707,9.55);
#707 = AXIS2_PLACEMENT_3D('',#708,#709,#710);
#708 = CARTESIAN_POINT('',(67.351920908019,-67.35192090801,1.6));
#709 = DIRECTION('',(0.,1.224646799147E-16,1.));
#710 = DIRECTION('',(0.707106781187,-0.707106781187,8.659560562355E-17)
  );
#711 = PCURVE('',#100,#712);
#712 = DEFINITIONAL_REPRESENTATION('',(#713),#721);
#713 = ( BOUNDED_CURVE() B_SPLINE_CURVE(2,(#714,#715,#716,#717,#718,#719
,#720),.UNSPECIFIED.,.T.,.F.) B_SPLINE_CURVE_WITH_KNOTS((1,2,2,2,2,1),(
    -2.094395102393,0.,2.094395102393,4.188790204786,6.28318530718,
8.377580409573),.UNSPECIFIED.) CURVE() GEOMETRIC_REPRESENTATION_ITEM() 
RATIONAL_B_SPLINE_CURVE((1.,0.5,1.,0.5,1.,0.5,1.)) REPRESENTATION_ITEM(
  '') );
#714 = CARTESIAN_POINT('',(74.10479066835,74.10479066835));
#715 = CARTESIAN_POINT('',(85.80110419014,62.40847714656));
#716 = CARTESIAN_POINT('',(69.823642788748,58.127329266958));
#717 = CARTESIAN_POINT('',(53.846181387356,53.846181387356));
#718 = CARTESIAN_POINT('',(58.127329266958,69.823642788748));
#719 = CARTESIAN_POINT('',(62.40847714656,85.80110419014));
#720 = CARTESIAN_POINT('',(74.10479066835,74.10479066835));
#721 = ( GEOMETRIC_REPRESENTATION_CONTEXT(2) 
PARAMETRIC_REPRESENTATION_CONTEXT() REPRESENTATION_CONTEXT('2D SPACE',''
  ) );
#722 = PCURVE('',#443,#723);
#723 = DEFINITIONAL_REPRESENTATION('',(#724),#728);
#724 = LINE('',#725,#726);
#725 = CARTESIAN_POINT('',(-6.28318530718,-24.8));
#726 = VECTOR('',#727,1.);
#727 = DIRECTION('',(1.,-0.));
#728 = ( GEOMETRIC_REPRESENTATION_CONTEXT(2) 
PARAMETRIC_REPRESENTATION_CONTEXT() REPRESENTATION_CONTEXT('2D SPACE',''
  ) );
#729 = ADVANCED_FACE('',(#730),#167,.F.);
#730 = FACE_BOUND('',#731,.T.);
#731 = EDGE_LOOP('',(#732,#733,#754,#755));
#732 = ORIENTED_EDGE('',*,*,#146,.T.);
#733 = ORIENTED_EDGE('',*,*,#734,.T.);
#734 = EDGE_CURVE('',#147,#462,#735,.T.);
#735 = SEAM_CURVE('',#736,(#740,#747),.PCURVE_S1.);
#736 = LINE('',#737,#738);
#737 = CARTESIAN_POINT('',(-74.10479066835,74.10479066835,26.4));
#738 = VECTOR('',#739,1.);
#739 = DIRECTION('',(0.,-1.224646799147E-16,-1.));
#740 = PCURVE('',#167,#741);
#741 = DEFINITIONAL_REPRESENTATION('',(#742),#746);
#742 = LINE('',#743,#744);
#743 = CARTESIAN_POINT('',(-6.28318530718,0.));
#744 = VECTOR('',#745,1.);
#745 = DIRECTION('',(-0.,-1.));
#746 = ( GEOMETRIC_REPRESENTATION_CONTEXT(2) 
PARAMETRIC_REPRESENTATION_CONTEXT() REPRESENTATION_CONTEXT('2D SPACE',''
  ) );
#747 = PCURVE('',#167,#748);
#748 = DEFINITIONAL_REPRESENTATION('',(#749),#753);
#749 = LINE('',#750,#751);
#750 = CARTESIAN_POINT('',(-0.,0.));
#751 = VECTOR('',#752,1.);
#752 = DIRECTION('',(-0.,-1.));
#753 = ( GEOMETRIC_REPRESENTATION_CONTEXT(2) 
PARAMETRIC_REPRESENTATION_CONTEXT() REPRESENTATION_CONTEXT('2D SPACE',''
  ) );
#754 = ORIENTED_EDGE('',*,*,#461,.F.);
#755 = ORIENTED_EDGE('',*,*,#734,.F.);
#756 = ADVANCED_FACE('',(#757),#202,.F.);
#757 = FACE_BOUND('',#758,.T.);
#758 = EDGE_LOOP('',(#759,#760,#781,#782));
#759 = ORIENTED_EDGE('',*,*,#181,.T.);
#760 = ORIENTED_EDGE('',*,*,#761,.T.);
#761 = EDGE_CURVE('',#182,#492,#762,.T.);
#762 = SEAM_CURVE('',#763,(#767,#774),.PCURVE_S1.);
#763 = LINE('',#764,#765);
#764 = CARTESIAN_POINT('',(-1.961766711985E-14,104.8,26.4));
#765 = VECTOR('',#766,1.);
#766 = DIRECTION('',(0.,-1.224646799147E-16,-1.));
#767 = PCURVE('',#202,#768);
#768 = DEFINITIONAL_REPRESENTATION('',(#769),#773);
#769 = LINE('',#770,#771);
#770 = CARTESIAN_POINT('',(-6.28318530718,0.));
#771 = VECTOR('',#772,1.);
#772 = DIRECTION('',(-0.,-1.));
#773 = ( GEOMETRIC_REPRESENTATION_CONTEXT(2) 
PARAMETRIC_REPRESENTATION_CONTEXT() REPRESENTATION_CONTEXT('2D SPACE',''
  ) );
#774 = PCURVE('',#202,#775);
#775 = DEFINITIONAL_REPRESENTATION('',(#776),#780);
#776 = LINE('',#777,#778);
#777 = CARTESIAN_POINT('',(-0.,0.));
#778 = VECTOR('',#779,1.);
#779 = DIRECTION('',(-0.,-1.));
#780 = ( GEOMETRIC_REPRESENTATION_CONTEXT(2) 
PARAMETRIC_REPRESENTATION_CONTEXT() REPRESENTATION_CONTEXT('2D SPACE',''
  ) );
#781 = ORIENTED_EDGE('',*,*,#491,.F.);
#782 = ORIENTED_EDGE('',*,*,#761,.F.);
#783 = ADVANCED_FACE('',(#784),#237,.F.);
#784 = FACE_BOUND('',#785,.T.);
#785 = EDGE_LOOP('',(#786,#787,#808,#809));
#786 = ORIENTED_EDGE('',*,*,#216,.T.);
#787 = ORIENTED_EDGE('',*,*,#788,.T.);
#788 = EDGE_CURVE('',#217,#522,#789,.T.);
#789 = SEAM_CURVE('',#790,(#794,#801),.PCURVE_S1.);
#790 = LINE('',#791,#792);
#791 = CARTESIAN_POINT('',(74.10479066835,74.10479066835,26.4));
#792 = VECTOR('',#793,1.);
#793 = DIRECTION('',(0.,-1.224646799147E-16,-1.));
#794 = PCURVE('',#237,#795);
#795 = DEFINITIONAL_REPRESENTATION('',(#796),#800);
#796 = LINE('',#797,#798);
#797 = CARTESIAN_POINT('',(-6.28318530718,0.));
#798 = VECTOR('',#799,1.);
#799 = DIRECTION('',(-0.,-1.));
#800 = ( GEOMETRIC_REPRESENTATION_CONTEXT(2) 
PARAMETRIC_REPRESENTATION_CONTEXT() REPRESENTATION_CONTEXT('2D SPACE',''
  ) );
#801 = PCURVE('',#237,#802);
#802 = DEFINITIONAL_REPRESENTATION('',(#803),#807);
#803 = LINE('',#804,#805);
#804 = CARTESIAN_POINT('',(-0.,0.));
#805 = VECTOR('',#806,1.);
#806 = DIRECTION('',(-0.,-1.));
#807 = ( GEOMETRIC_REPRESENTATION_CONTEXT(2) 
PARAMETRIC_REPRESENTATION_CONTEXT() REPRESENTATION_CONTEXT('2D SPACE',''
  ) );
#808 = ORIENTED_EDGE('',*,*,#521,.F.);
#809 = ORIENTED_EDGE('',*,*,#788,.F.);
#810 = ADVANCED_FACE('',(#811),#272,.F.);
#811 = FACE_BOUND('',#812,.T.);
#812 = EDGE_LOOP('',(#813,#814,#835,#836));
#813 = ORIENTED_EDGE('',*,*,#251,.T.);
#814 = ORIENTED_EDGE('',*,*,#815,.T.);
#815 = EDGE_CURVE('',#252,#552,#816,.T.);
#816 = SEAM_CURVE('',#817,(#821,#828),.PCURVE_S1.);
#817 = LINE('',#818,#819);
#818 = CARTESIAN_POINT('',(-104.8,-1.271183377515E-14,26.4));
#819 = VECTOR('',#820,1.);
#820 = DIRECTION('',(0.,-1.224646799147E-16,-1.));
#821 = PCURVE('',#272,#822);
#822 = DEFINITIONAL_REPRESENTATION('',(#823),#827);
#823 = LINE('',#824,#825);
#824 = CARTESIAN_POINT('',(-6.28318530718,0.));
#825 = VECTOR('',#826,1.);
#826 = DIRECTION('',(-0.,-1.));
#827 = ( GEOMETRIC_REPRESENTATION_CONTEXT(2) 
PARAMETRIC_REPRESENTATION_CONTEXT() REPRESENTATION_CONTEXT('2D SPACE',''
  ) );
#828 = PCURVE('',#272,#829);
#829 = DEFINITIONAL_REPRESENTATION('',(#830),#834);
#830 = LINE('',#831,#832);
#831 = CARTESIAN_POINT('',(-0.,0.));
#832 = VECTOR('',#833,1.);
#833 = DIRECTION('',(-0.,-1.));
#834 = ( GEOMETRIC_REPRESENTATION_CONTEXT(2) 
PARAMETRIC_REPRESENTATION_CONTEXT() REPRESENTATION_CONTEXT('2D SPACE',''
  ) );
#835 = ORIENTED_EDGE('',*,*,#551,.F.);
#836 = ORIENTED_EDGE('',*,*,#815,.F.);
#837 = ADVANCED_FACE('',(#838),#307,.F.);
#838 = FACE_BOUND('',#839,.T.);
#839 = EDGE_LOOP('',(#840,#841,#862,#863));
#840 = ORIENTED_EDGE('',*,*,#286,.T.);
#841 = ORIENTED_EDGE('',*,*,#842,.T.);
#842 = EDGE_CURVE('',#287,#582,#843,.T.);
#843 = SEAM_CURVE('',#844,(#848,#855),.PCURVE_S1.);
#844 = LINE('',#845,#846);
#845 = CARTESIAN_POINT('',(-74.10479066835,-74.10479066835,26.4));
#846 = VECTOR('',#847,1.);
#847 = DIRECTION('',(0.,-1.224646799147E-16,-1.));
#848 = PCURVE('',#307,#849);
#849 = DEFINITIONAL_REPRESENTATION('',(#850),#854);
#850 = LINE('',#851,#852);
#851 = CARTESIAN_POINT('',(-6.28318530718,0.));
#852 = VECTOR('',#853,1.);
#853 = DIRECTION('',(-0.,-1.));
#854 = ( GEOMETRIC_REPRESENTATION_CONTEXT(2) 
PARAMETRIC_REPRESENTATION_CONTEXT() REPRESENTATION_CONTEXT('2D SPACE',''
  ) );
#855 = PCURVE('',#307,#856);
#856 = DEFINITIONAL_REPRESENTATION('',(#857),#861);
#857 = LINE('',#858,#859);
#858 = CARTESIAN_POINT('',(-0.,0.));
#859 = VECTOR('',#860,1.);
#860 = DIRECTION('',(-0.,-1.));
#861 = ( GEOMETRIC_REPRESENTATION_CONTEXT(2) 
PARAMETRIC_REPRESENTATION_CONTEXT() REPRESENTATION_CONTEXT('2D SPACE',''
  ) );
#862 = ORIENTED_EDGE('',*,*,#581,.F.);
#863 = ORIENTED_EDGE('',*,*,#842,.F.);
#864 = ADVANCED_FACE('',(#865),#338,.T.);
#865 = FACE_BOUND('',#866,.F.);
#866 = EDGE_LOOP('',(#867,#868,#891,#918));
#867 = ORIENTED_EDGE('',*,*,#321,.T.);
#868 = ORIENTED_EDGE('',*,*,#869,.T.);
#869 = EDGE_CURVE('',#322,#870,#872,.T.);
#870 = VERTEX_POINT('',#871);
#871 = CARTESIAN_POINT('',(71.45,6.123233995737E-16,30.4));
#872 = SEAM_CURVE('',#873,(#877,#884),.PCURVE_S1.);
#873 = LINE('',#874,#875);
#874 = CARTESIAN_POINT('',(71.45,0.,25.4));
#875 = VECTOR('',#876,1.);
#876 = DIRECTION('',(0.,1.224646799147E-16,1.));
#877 = PCURVE('',#338,#878);
#878 = DEFINITIONAL_REPRESENTATION('',(#879),#883);
#879 = LINE('',#880,#881);
#880 = CARTESIAN_POINT('',(-0.,0.));
#881 = VECTOR('',#882,1.);
#882 = DIRECTION('',(-0.,1.));
#883 = ( GEOMETRIC_REPRESENTATION_CONTEXT(2) 
PARAMETRIC_REPRESENTATION_CONTEXT() REPRESENTATION_CONTEXT('2D SPACE',''
  ) );
#884 = PCURVE('',#338,#885);
#885 = DEFINITIONAL_REPRESENTATION('',(#886),#890);
#886 = LINE('',#887,#888);
#887 = CARTESIAN_POINT('',(-6.28318530718,0.));
#888 = VECTOR('',#889,1.);
#889 = DIRECTION('',(-0.,1.));
#890 = ( GEOMETRIC_REPRESENTATION_CONTEXT(2) 
PARAMETRIC_REPRESENTATION_CONTEXT() REPRESENTATION_CONTEXT('2D SPACE',''
  ) );
#891 = ORIENTED_EDGE('',*,*,#892,.F.);
#892 = EDGE_CURVE('',#870,#870,#893,.T.);
#893 = SURFACE_CURVE('',#894,(#899,#906),.PCURVE_S1.);
#894 = CIRCLE('',#895,71.45);
#895 = AXIS2_PLACEMENT_3D('',#896,#897,#898);
#896 = CARTESIAN_POINT('',(0.,6.123233995737E-16,30.4));
#897 = DIRECTION('',(0.,-1.224646799147E-16,-1.));
#898 = DIRECTION('',(1.,0.,0.));
#899 = PCURVE('',#338,#900);
#900 = DEFINITIONAL_REPRESENTATION('',(#901),#905);
#901 = LINE('',#902,#903);
#902 = CARTESIAN_POINT('',(-0.,5.));
#903 = VECTOR('',#904,1.);
#904 = DIRECTION('',(-1.,0.));
#905 = ( GEOMETRIC_REPRESENTATION_CONTEXT(2) 
PARAMETRIC_REPRESENTATION_CONTEXT() REPRESENTATION_CONTEXT('2D SPACE',''
  ) );
#906 = PCURVE('',#907,#912);
#907 = CONICAL_SURFACE('',#908,71.45,0.229541834615);
#908 = AXIS2_PLACEMENT_3D('',#909,#910,#911);
#909 = CARTESIAN_POINT('',(0.,6.123233995737E-16,30.4));
#910 = DIRECTION('',(0.,-1.224646799147E-16,-1.));
#911 = DIRECTION('',(1.,0.,0.));
#912 = DEFINITIONAL_REPRESENTATION('',(#913),#917);
#913 = LINE('',#914,#915);
#914 = CARTESIAN_POINT('',(0.,-0.));
#915 = VECTOR('',#916,1.);
#916 = DIRECTION('',(1.,-0.));
#917 = ( GEOMETRIC_REPRESENTATION_CONTEXT(2) 
PARAMETRIC_REPRESENTATION_CONTEXT() REPRESENTATION_CONTEXT('2D SPACE',''
  ) );
#918 = ORIENTED_EDGE('',*,*,#869,.F.);
#919 = ADVANCED_FACE('',(#920),#373,.F.);
#920 = FACE_BOUND('',#921,.T.);
#921 = EDGE_LOOP('',(#922,#923,#944,#945));
#922 = ORIENTED_EDGE('',*,*,#352,.T.);
#923 = ORIENTED_EDGE('',*,*,#924,.T.);
#924 = EDGE_CURVE('',#353,#643,#925,.T.);
#925 = SEAM_CURVE('',#926,(#930,#937),.PCURVE_S1.);
#926 = LINE('',#927,#928);
#927 = CARTESIAN_POINT('',(104.8,1.224646799147E-16,26.4));
#928 = VECTOR('',#929,1.);
#929 = DIRECTION('',(0.,-1.224646799147E-16,-1.));
#930 = PCURVE('',#373,#931);
#931 = DEFINITIONAL_REPRESENTATION('',(#932),#936);
#932 = LINE('',#933,#934);
#933 = CARTESIAN_POINT('',(-6.28318530718,0.));
#934 = VECTOR('',#935,1.);
#935 = DIRECTION('',(-0.,-1.));
#936 = ( GEOMETRIC_REPRESENTATION_CONTEXT(2) 
PARAMETRIC_REPRESENTATION_CONTEXT() REPRESENTATION_CONTEXT('2D SPACE',''
  ) );
#937 = PCURVE('',#373,#938);
#938 = DEFINITIONAL_REPRESENTATION('',(#939),#943);
#939 = LINE('',#940,#941);
#940 = CARTESIAN_POINT('',(-0.,0.));
#941 = VECTOR('',#942,1.);
#942 = DIRECTION('',(-0.,-1.));
#943 = ( GEOMETRIC_REPRESENTATION_CONTEXT(2) 
PARAMETRIC_REPRESENTATION_CONTEXT() REPRESENTATION_CONTEXT('2D SPACE',''
  ) );
#944 = ORIENTED_EDGE('',*,*,#642,.F.);
#945 = ORIENTED_EDGE('',*,*,#924,.F.);
#946 = ADVANCED_FACE('',(#947),#408,.F.);
#947 = FACE_BOUND('',#948,.T.);
#948 = EDGE_LOOP('',(#949,#950,#971,#972));
#949 = ORIENTED_EDGE('',*,*,#387,.T.);
#950 = ORIENTED_EDGE('',*,*,#951,.T.);
#951 = EDGE_CURVE('',#388,#673,#952,.T.);
#952 = SEAM_CURVE('',#953,(#957,#964),.PCURVE_S1.);
#953 = LINE('',#954,#955);
#954 = CARTESIAN_POINT('',(6.892643369456E-15,-104.8,26.4));
#955 = VECTOR('',#956,1.);
#956 = DIRECTION('',(0.,-1.224646799147E-16,-1.));
#957 = PCURVE('',#408,#958);
#958 = DEFINITIONAL_REPRESENTATION('',(#959),#963);
#959 = LINE('',#960,#961);
#960 = CARTESIAN_POINT('',(-6.28318530718,0.));
#961 = VECTOR('',#962,1.);
#962 = DIRECTION('',(-0.,-1.));
#963 = ( GEOMETRIC_REPRESENTATION_CONTEXT(2) 
PARAMETRIC_REPRESENTATION_CONTEXT() REPRESENTATION_CONTEXT('2D SPACE',''
  ) );
#964 = PCURVE('',#408,#965);
#965 = DEFINITIONAL_REPRESENTATION('',(#966),#970);
#966 = LINE('',#967,#968);
#967 = CARTESIAN_POINT('',(-0.,0.));
#968 = VECTOR('',#969,1.);
#969 = DIRECTION('',(-0.,-1.));
#970 = ( GEOMETRIC_REPRESENTATION_CONTEXT(2) 
PARAMETRIC_REPRESENTATION_CONTEXT() REPRESENTATION_CONTEXT('2D SPACE',''
  ) );
#971 = ORIENTED_EDGE('',*,*,#672,.F.);
#972 = ORIENTED_EDGE('',*,*,#951,.F.);
#973 = ADVANCED_FACE('',(#974),#443,.F.);
#974 = FACE_BOUND('',#975,.T.);
#975 = EDGE_LOOP('',(#976,#977,#998,#999));
#976 = ORIENTED_EDGE('',*,*,#422,.T.);
#977 = ORIENTED_EDGE('',*,*,#978,.T.);
#978 = EDGE_CURVE('',#423,#703,#979,.T.);
#979 = SEAM_CURVE('',#980,(#984,#991),.PCURVE_S1.);
#980 = LINE('',#981,#982);
#981 = CARTESIAN_POINT('',(74.10479066835,-74.10479066835,26.4));
#982 = VECTOR('',#983,1.);
#983 = DIRECTION('',(0.,-1.224646799147E-16,-1.));
#984 = PCURVE('',#443,#985);
#985 = DEFINITIONAL_REPRESENTATION('',(#986),#990);
#986 = LINE('',#987,#988);
#987 = CARTESIAN_POINT('',(-6.28318530718,0.));
#988 = VECTOR('',#989,1.);
#989 = DIRECTION('',(-0.,-1.));
#990 = ( GEOMETRIC_REPRESENTATION_CONTEXT(2) 
PARAMETRIC_REPRESENTATION_CONTEXT() REPRESENTATION_CONTEXT('2D SPACE',''
  ) );
#991 = PCURVE('',#443,#992);
#992 = DEFINITIONAL_REPRESENTATION('',(#993),#997);
#993 = LINE('',#994,#995);
#994 = CARTESIAN_POINT('',(-0.,0.));
#995 = VECTOR('',#996,1.);
#996 = DIRECTION('',(-0.,-1.));
#997 = ( GEOMETRIC_REPRESENTATION_CONTEXT(2) 
PARAMETRIC_REPRESENTATION_CONTEXT() REPRESENTATION_CONTEXT('2D SPACE',''
  ) );
#998 = ORIENTED_EDGE('',*,*,#702,.F.);
#999 = ORIENTED_EDGE('',*,*,#978,.F.);
#1000 = ADVANCED_FACE('',(#1001),#628,.T.);
#1001 = FACE_BOUND('',#1002,.F.);
#1002 = EDGE_LOOP('',(#1003,#1026,#1053,#1054));
#1003 = ORIENTED_EDGE('',*,*,#1004,.T.);
#1004 = EDGE_CURVE('',#612,#1005,#1007,.T.);
#1005 = VERTEX_POINT('',#1006);
#1006 = CARTESIAN_POINT('',(78.6,-3.110602869834E-15,0.));
#1007 = SEAM_CURVE('',#1008,(#1012,#1019),.PCURVE_S1.);
#1008 = LINE('',#1009,#1010);
#1009 = CARTESIAN_POINT('',(78.6,-2.914659381971E-15,1.6));
#1010 = VECTOR('',#1011,1.);
#1011 = DIRECTION('',(0.,-1.224646799147E-16,-1.));
#1012 = PCURVE('',#628,#1013);
#1013 = DEFINITIONAL_REPRESENTATION('',(#1014),#1018);
#1014 = LINE('',#1015,#1016);
#1015 = CARTESIAN_POINT('',(-0.,0.));
#1016 = VECTOR('',#1017,1.);
#1017 = DIRECTION('',(-0.,-1.));
#1018 = ( GEOMETRIC_REPRESENTATION_CONTEXT(2) 
PARAMETRIC_REPRESENTATION_CONTEXT() REPRESENTATION_CONTEXT('2D SPACE',''
  ) );
#1019 = PCURVE('',#628,#1020);
#1020 = DEFINITIONAL_REPRESENTATION('',(#1021),#1025);
#1021 = LINE('',#1022,#1023);
#1022 = CARTESIAN_POINT('',(-6.28318530718,0.));
#1023 = VECTOR('',#1024,1.);
#1024 = DIRECTION('',(-0.,-1.));
#1025 = ( GEOMETRIC_REPRESENTATION_CONTEXT(2) 
PARAMETRIC_REPRESENTATION_CONTEXT() REPRESENTATION_CONTEXT('2D SPACE',''
  ) );
#1026 = ORIENTED_EDGE('',*,*,#1027,.T.);
#1027 = EDGE_CURVE('',#1005,#1005,#1028,.T.);
#1028 = SURFACE_CURVE('',#1029,(#1034,#1041),.PCURVE_S1.);
#1029 = CIRCLE('',#1030,78.6);
#1030 = AXIS2_PLACEMENT_3D('',#1031,#1032,#1033);
#1031 = CARTESIAN_POINT('',(0.,-3.110602869834E-15,0.));
#1032 = DIRECTION('',(0.,-1.224646799147E-16,-1.));
#1033 = DIRECTION('',(1.,0.,0.));
#1034 = PCURVE('',#628,#1035);
#1035 = DEFINITIONAL_REPRESENTATION('',(#1036),#1040);
#1036 = LINE('',#1037,#1038);
#1037 = CARTESIAN_POINT('',(-0.,-1.6));
#1038 = VECTOR('',#1039,1.);
#1039 = DIRECTION('',(-1.,0.));
#1040 = ( GEOMETRIC_REPRESENTATION_CONTEXT(2) 
PARAMETRIC_REPRESENTATION_CONTEXT() REPRESENTATION_CONTEXT('2D SPACE',''
  ) );
#1041 = PCURVE('',#1042,#1047);
#1042 = PLANE('',#1043);
#1043 = AXIS2_PLACEMENT_3D('',#1044,#1045,#1046);
#1044 = CARTESIAN_POINT('',(-4.453749032189E-15,-8.809526320447E-15,
    -3.552713678801E-15));
#1045 = DIRECTION('',(0.,-1.224646799147E-16,-1.));
#1046 = DIRECTION('',(1.,0.,0.));
#1047 = DEFINITIONAL_REPRESENTATION('',(#1048),#1052);
#1048 = CIRCLE('',#1049,78.6);
#1049 = AXIS2_PLACEMENT_2D('',#1050,#1051);
#1050 = CARTESIAN_POINT('',(4.453749032189E-15,-5.698923450613E-15));
#1051 = DIRECTION('',(1.,0.));
#1052 = ( GEOMETRIC_REPRESENTATION_CONTEXT(2) 
PARAMETRIC_REPRESENTATION_CONTEXT() REPRESENTATION_CONTEXT('2D SPACE',''
  ) );
#1053 = ORIENTED_EDGE('',*,*,#1004,.F.);
#1054 = ORIENTED_EDGE('',*,*,#611,.F.);
#1055 = ADVANCED_FACE('',(#1056),#907,.T.);
#1056 = FACE_BOUND('',#1057,.F.);
#1057 = EDGE_LOOP('',(#1058,#1059,#1082,#1109));
#1058 = ORIENTED_EDGE('',*,*,#892,.T.);
#1059 = ORIENTED_EDGE('',*,*,#1060,.T.);
#1060 = EDGE_CURVE('',#870,#1061,#1063,.T.);
#1061 = VERTEX_POINT('',#1062);
#1062 = CARTESIAN_POINT('',(57.15,8.107161810355E-15,91.6));
#1063 = SEAM_CURVE('',#1064,(#1068,#1075),.PCURVE_S1.);
#1064 = LINE('',#1065,#1066);
#1065 = CARTESIAN_POINT('',(71.45,6.123233995737E-16,30.4));
#1066 = VECTOR('',#1067,1.);
#1067 = DIRECTION('',(-0.227531399384,1.19252522501E-16,0.973770744218)
  );
#1068 = PCURVE('',#907,#1069);
#1069 = DEFINITIONAL_REPRESENTATION('',(#1070),#1074);
#1070 = LINE('',#1071,#1072);
#1071 = CARTESIAN_POINT('',(0.,-0.));
#1072 = VECTOR('',#1073,1.);
#1073 = DIRECTION('',(0.,-1.));
#1074 = ( GEOMETRIC_REPRESENTATION_CONTEXT(2) 
PARAMETRIC_REPRESENTATION_CONTEXT() REPRESENTATION_CONTEXT('2D SPACE',''
  ) );
#1075 = PCURVE('',#907,#1076);
#1076 = DEFINITIONAL_REPRESENTATION('',(#1077),#1081);
#1077 = LINE('',#1078,#1079);
#1078 = CARTESIAN_POINT('',(6.28318530718,-0.));
#1079 = VECTOR('',#1080,1.);
#1080 = DIRECTION('',(0.,-1.));
#1081 = ( GEOMETRIC_REPRESENTATION_CONTEXT(2) 
PARAMETRIC_REPRESENTATION_CONTEXT() REPRESENTATION_CONTEXT('2D SPACE',''
  ) );
#1082 = ORIENTED_EDGE('',*,*,#1083,.F.);
#1083 = EDGE_CURVE('',#1061,#1061,#1084,.T.);
#1084 = SURFACE_CURVE('',#1085,(#1090,#1097),.PCURVE_S1.);
#1085 = CIRCLE('',#1086,57.15);
#1086 = AXIS2_PLACEMENT_3D('',#1087,#1088,#1089);
#1087 = CARTESIAN_POINT('',(0.,8.107161810355E-15,91.6));
#1088 = DIRECTION('',(0.,-1.224646799147E-16,-1.));
#1089 = DIRECTION('',(1.,0.,0.));
#1090 = PCURVE('',#907,#1091);
#1091 = DEFINITIONAL_REPRESENTATION('',(#1092),#1096);
#1092 = LINE('',#1093,#1094);
#1093 = CARTESIAN_POINT('',(0.,-61.2));
#1094 = VECTOR('',#1095,1.);
#1095 = DIRECTION('',(1.,-0.));
#1096 = ( GEOMETRIC_REPRESENTATION_CONTEXT(2) 
PARAMETRIC_REPRESENTATION_CONTEXT() REPRESENTATION_CONTEXT('2D SPACE',''
  ) );
#1097 = PCURVE('',#1098,#1103);
#1098 = CYLINDRICAL_SURFACE('',#1099,57.15);
#1099 = AXIS2_PLACEMENT_3D('',#1100,#1101,#1102);
#1100 = CARTESIAN_POINT('',(0.,8.107161810355E-15,91.6));
#1101 = DIRECTION('',(-0.,1.224646799147E-16,1.));
#1102 = DIRECTION('',(1.,0.,0.));
#1103 = DEFINITIONAL_REPRESENTATION('',(#1104),#1108);
#1104 = LINE('',#1105,#1106);
#1105 = CARTESIAN_POINT('',(-0.,0.));
#1106 = VECTOR('',#1107,1.);
#1107 = DIRECTION('',(-1.,0.));
#1108 = ( GEOMETRIC_REPRESENTATION_CONTEXT(2) 
PARAMETRIC_REPRESENTATION_CONTEXT() REPRESENTATION_CONTEXT('2D SPACE',''
  ) );
#1109 = ORIENTED_EDGE('',*,*,#1060,.F.);
#1110 = ADVANCED_FACE('',(#1111,#1114),#1042,.T.);
#1111 = FACE_BOUND('',#1112,.T.);
#1112 = EDGE_LOOP('',(#1113));
#1113 = ORIENTED_EDGE('',*,*,#1027,.T.);
#1114 = FACE_BOUND('',#1115,.T.);
#1115 = EDGE_LOOP('',(#1116));
#1116 = ORIENTED_EDGE('',*,*,#1117,.T.);
#1117 = EDGE_CURVE('',#1118,#1118,#1120,.T.);
#1118 = VERTEX_POINT('',#1119);
#1119 = CARTESIAN_POINT('',(51.13,-3.110602869834E-15,
    -3.552713678801E-15));
#1120 = SURFACE_CURVE('',#1121,(#1126,#1137),.PCURVE_S1.);
#1121 = CIRCLE('',#1122,51.13);
#1122 = AXIS2_PLACEMENT_3D('',#1123,#1124,#1125);
#1123 = CARTESIAN_POINT('',(0.,-3.110602869834E-15,-3.552713678801E-15)
  );
#1124 = DIRECTION('',(-0.,1.224646799147E-16,1.));
#1125 = DIRECTION('',(1.,0.,0.));
#1126 = PCURVE('',#1042,#1127);
#1127 = DEFINITIONAL_REPRESENTATION('',(#1128),#1136);
#1128 = ( BOUNDED_CURVE() B_SPLINE_CURVE(2,(#1129,#1130,#1131,#1132,
#1133,#1134,#1135),.UNSPECIFIED.,.T.,.F.) B_SPLINE_CURVE_WITH_KNOTS((1,2
    ,2,2,2,1),(-2.094395102393,0.,2.094395102393,4.188790204786,
6.28318530718,8.377580409573),.UNSPECIFIED.) CURVE() 
GEOMETRIC_REPRESENTATION_ITEM() RATIONAL_B_SPLINE_CURVE((1.,0.5,1.,0.5,
1.,0.5,1.)) REPRESENTATION_ITEM('') );
#1129 = CARTESIAN_POINT('',(51.13,-5.698923450613E-15));
#1130 = CARTESIAN_POINT('',(51.13,-88.55975779099));
#1131 = CARTESIAN_POINT('',(-25.565,-44.27987889549));
#1132 = CARTESIAN_POINT('',(-102.26,-1.822216161869E-14));
#1133 = CARTESIAN_POINT('',(-25.565,44.279878895498));
#1134 = CARTESIAN_POINT('',(51.13,88.559757790997));
#1135 = CARTESIAN_POINT('',(51.13,-5.698923450613E-15));
#1136 = ( GEOMETRIC_REPRESENTATION_CONTEXT(2) 
PARAMETRIC_REPRESENTATION_CONTEXT() REPRESENTATION_CONTEXT('2D SPACE',''
  ) );
#1137 = PCURVE('',#1138,#1143);
#1138 = CYLINDRICAL_SURFACE('',#1139,51.13);
#1139 = AXIS2_PLACEMENT_3D('',#1140,#1141,#1142);
#1140 = CARTESIAN_POINT('',(0.,9.454273289418E-15,102.6));
#1141 = DIRECTION('',(-0.,1.224646799147E-16,1.));
#1142 = DIRECTION('',(1.,0.,0.));
#1143 = DEFINITIONAL_REPRESENTATION('',(#1144),#1148);
#1144 = LINE('',#1145,#1146);
#1145 = CARTESIAN_POINT('',(-6.28318530718,-102.6));
#1146 = VECTOR('',#1147,1.);
#1147 = DIRECTION('',(1.,-0.));
#1148 = ( GEOMETRIC_REPRESENTATION_CONTEXT(2) 
PARAMETRIC_REPRESENTATION_CONTEXT() REPRESENTATION_CONTEXT('2D SPACE',''
  ) );
#1149 = ADVANCED_FACE('',(#1150),#1098,.T.);
#1150 = FACE_BOUND('',#1151,.F.);
#1151 = EDGE_LOOP('',(#1152,#1153,#1176,#1203));
#1152 = ORIENTED_EDGE('',*,*,#1083,.T.);
#1153 = ORIENTED_EDGE('',*,*,#1154,.T.);
#1154 = EDGE_CURVE('',#1061,#1155,#1157,.T.);
#1155 = VERTEX_POINT('',#1156);
#1156 = CARTESIAN_POINT('',(57.15,8.964414569759E-15,98.6));
#1157 = SEAM_CURVE('',#1158,(#1162,#1169),.PCURVE_S1.);
#1158 = LINE('',#1159,#1160);
#1159 = CARTESIAN_POINT('',(57.15,8.107161810355E-15,91.6));
#1160 = VECTOR('',#1161,1.);
#1161 = DIRECTION('',(0.,1.224646799147E-16,1.));
#1162 = PCURVE('',#1098,#1163);
#1163 = DEFINITIONAL_REPRESENTATION('',(#1164),#1168);
#1164 = LINE('',#1165,#1166);
#1165 = CARTESIAN_POINT('',(-0.,0.));
#1166 = VECTOR('',#1167,1.);
#1167 = DIRECTION('',(-0.,1.));
#1168 = ( GEOMETRIC_REPRESENTATION_CONTEXT(2) 
PARAMETRIC_REPRESENTATION_CONTEXT() REPRESENTATION_CONTEXT('2D SPACE',''
  ) );
#1169 = PCURVE('',#1098,#1170);
#1170 = DEFINITIONAL_REPRESENTATION('',(#1171),#1175);
#1171 = LINE('',#1172,#1173);
#1172 = CARTESIAN_POINT('',(-6.28318530718,0.));
#1173 = VECTOR('',#1174,1.);
#1174 = DIRECTION('',(-0.,1.));
#1175 = ( GEOMETRIC_REPRESENTATION_CONTEXT(2) 
PARAMETRIC_REPRESENTATION_CONTEXT() REPRESENTATION_CONTEXT('2D SPACE',''
  ) );
#1176 = ORIENTED_EDGE('',*,*,#1177,.F.);
#1177 = EDGE_CURVE('',#1155,#1155,#1178,.T.);
#1178 = SURFACE_CURVE('',#1179,(#1184,#1191),.PCURVE_S1.);
#1179 = CIRCLE('',#1180,57.15);
#1180 = AXIS2_PLACEMENT_3D('',#1181,#1182,#1183);
#1181 = CARTESIAN_POINT('',(0.,8.964414569759E-15,98.6));
#1182 = DIRECTION('',(0.,-1.224646799147E-16,-1.));
#1183 = DIRECTION('',(1.,0.,0.));
#1184 = PCURVE('',#1098,#1185);
#1185 = DEFINITIONAL_REPRESENTATION('',(#1186),#1190);
#1186 = LINE('',#1187,#1188);
#1187 = CARTESIAN_POINT('',(-0.,7.));
#1188 = VECTOR('',#1189,1.);
#1189 = DIRECTION('',(-1.,0.));
#1190 = ( GEOMETRIC_REPRESENTATION_CONTEXT(2) 
PARAMETRIC_REPRESENTATION_CONTEXT() REPRESENTATION_CONTEXT('2D SPACE',''
  ) );
#1191 = PCURVE('',#1192,#1197);
#1192 = PLANE('',#1193);
#1193 = AXIS2_PLACEMENT_3D('',#1194,#1195,#1196);
#1194 = CARTESIAN_POINT('',(0.,8.964414569759E-15,98.6));
#1195 = DIRECTION('',(0.,-1.224646799147E-16,-1.));
#1196 = DIRECTION('',(1.,0.,0.));
#1197 = DEFINITIONAL_REPRESENTATION('',(#1198),#1202);
#1198 = CIRCLE('',#1199,57.15);
#1199 = AXIS2_PLACEMENT_2D('',#1200,#1201);
#1200 = CARTESIAN_POINT('',(0.,0.));
#1201 = DIRECTION('',(1.,0.));
#1202 = ( GEOMETRIC_REPRESENTATION_CONTEXT(2) 
PARAMETRIC_REPRESENTATION_CONTEXT() REPRESENTATION_CONTEXT('2D SPACE',''
  ) );
#1203 = ORIENTED_EDGE('',*,*,#1154,.F.);
#1204 = ADVANCED_FACE('',(#1205),#1138,.F.);
#1205 = FACE_BOUND('',#1206,.T.);
#1206 = EDGE_LOOP('',(#1207,#1208,#1231,#1253));
#1207 = ORIENTED_EDGE('',*,*,#1117,.F.);
#1208 = ORIENTED_EDGE('',*,*,#1209,.T.);
#1209 = EDGE_CURVE('',#1118,#1210,#1212,.T.);
#1210 = VERTEX_POINT('',#1211);
#1211 = CARTESIAN_POINT('',(51.13,8.964414569759E-15,98.6));
#1212 = SEAM_CURVE('',#1213,(#1217,#1224),.PCURVE_S1.);
#1213 = LINE('',#1214,#1215);
#1214 = CARTESIAN_POINT('',(51.13,-3.110602869834E-15,
    -3.552713678801E-15));
#1215 = VECTOR('',#1216,1.);
#1216 = DIRECTION('',(0.,1.224646799147E-16,1.));
#1217 = PCURVE('',#1138,#1218);
#1218 = DEFINITIONAL_REPRESENTATION('',(#1219),#1223);
#1219 = LINE('',#1220,#1221);
#1220 = CARTESIAN_POINT('',(-6.28318530718,-102.6));
#1221 = VECTOR('',#1222,1.);
#1222 = DIRECTION('',(0.,1.));
#1223 = ( GEOMETRIC_REPRESENTATION_CONTEXT(2) 
PARAMETRIC_REPRESENTATION_CONTEXT() REPRESENTATION_CONTEXT('2D SPACE',''
  ) );
#1224 = PCURVE('',#1138,#1225);
#1225 = DEFINITIONAL_REPRESENTATION('',(#1226),#1230);
#1226 = LINE('',#1227,#1228);
#1227 = CARTESIAN_POINT('',(-0.,-102.6));
#1228 = VECTOR('',#1229,1.);
#1229 = DIRECTION('',(0.,1.));
#1230 = ( GEOMETRIC_REPRESENTATION_CONTEXT(2) 
PARAMETRIC_REPRESENTATION_CONTEXT() REPRESENTATION_CONTEXT('2D SPACE',''
  ) );
#1231 = ORIENTED_EDGE('',*,*,#1232,.F.);
#1232 = EDGE_CURVE('',#1210,#1210,#1233,.T.);
#1233 = SURFACE_CURVE('',#1234,(#1239,#1246),.PCURVE_S1.);
#1234 = CIRCLE('',#1235,51.13);
#1235 = AXIS2_PLACEMENT_3D('',#1236,#1237,#1238);
#1236 = CARTESIAN_POINT('',(0.,8.964414569759E-15,98.6));
#1237 = DIRECTION('',(0.,-1.224646799147E-16,-1.));
#1238 = DIRECTION('',(1.,0.,0.));
#1239 = PCURVE('',#1138,#1240);
#1240 = DEFINITIONAL_REPRESENTATION('',(#1241),#1245);
#1241 = LINE('',#1242,#1243);
#1242 = CARTESIAN_POINT('',(-0.,-4.));
#1243 = VECTOR('',#1244,1.);
#1244 = DIRECTION('',(-1.,0.));
#1245 = ( GEOMETRIC_REPRESENTATION_CONTEXT(2) 
PARAMETRIC_REPRESENTATION_CONTEXT() REPRESENTATION_CONTEXT('2D SPACE',''
  ) );
#1246 = PCURVE('',#1192,#1247);
#1247 = DEFINITIONAL_REPRESENTATION('',(#1248),#1252);
#1248 = CIRCLE('',#1249,51.13);
#1249 = AXIS2_PLACEMENT_2D('',#1250,#1251);
#1250 = CARTESIAN_POINT('',(0.,0.));
#1251 = DIRECTION('',(1.,0.));
#1252 = ( GEOMETRIC_REPRESENTATION_CONTEXT(2) 
PARAMETRIC_REPRESENTATION_CONTEXT() REPRESENTATION_CONTEXT('2D SPACE',''
  ) );
#1253 = ORIENTED_EDGE('',*,*,#1209,.F.);
#1254 = ADVANCED_FACE('',(#1255,#1258),#1192,.F.);
#1255 = FACE_BOUND('',#1256,.F.);
#1256 = EDGE_LOOP('',(#1257));
#1257 = ORIENTED_EDGE('',*,*,#1177,.T.);
#1258 = FACE_BOUND('',#1259,.F.);
#1259 = EDGE_LOOP('',(#1260));
#1260 = ORIENTED_EDGE('',*,*,#1232,.F.);
#1261 = ( GEOMETRIC_REPRESENTATION_CONTEXT(3) 
GLOBAL_UNCERTAINTY_ASSIGNED_CONTEXT((#1265)) 
GLOBAL_UNIT_ASSIGNED_CONTEXT((#1262,#1263,#1264)) REPRESENTATION_CONTEXT
('Context #1','3D Context with UNIT and UNCERTAINTY') );
#1262 = ( LENGTH_UNIT() NAMED_UNIT(*) SI_UNIT(.MILLI.,.METRE.) );
#1263 = ( NAMED_UNIT(*) PLANE_ANGLE_UNIT() SI_UNIT($,.RADIAN.) );
#1264 = ( NAMED_UNIT(*) SI_UNIT($,.STERADIAN.) SOLID_ANGLE_UNIT() );
#1265 = UNCERTAINTY_MEASURE_WITH_UNIT(LENGTH_MEASURE(1.E-07),#1262,
  'distance_accuracy_value','confusion accuracy');
#1266 = CONTEXT_DEPENDENT_SHAPE_REPRESENTATION(#1267,#1269);
#1267 = ( REPRESENTATION_RELATIONSHIP('','',#48,#10) 
REPRESENTATION_RELATIONSHIP_WITH_TRANSFORMATION(#1268) 
SHAPE_REPRESENTATION_RELATIONSHIP() );
#1268 = ITEM_DEFINED_TRANSFORMATION('','',#11,#15);
#1269 = PRODUCT_DEFINITION_SHAPE('Placement','Placement of an item',
  #1270);
#1270 = NEXT_ASSEMBLY_USAGE_OCCURRENCE('18','','',#5,#43,$);
#1271 = PRODUCT_RELATED_PRODUCT_CATEGORY('part',$,(#45));
#1272 = SHAPE_DEFINITION_REPRESENTATION(#1273,#1279);
#1273 = PRODUCT_DEFINITION_SHAPE('','',#1274);
#1274 = PRODUCT_DEFINITION('design','',#1275,#1278);
#1275 = PRODUCT_DEFINITION_FORMATION('','',#1276);
#1276 = PRODUCT('Open CASCADE STEP translator 7.8 16.2',
  'Open CASCADE STEP translator 7.8 16.2','',(#1277));
#1277 = PRODUCT_CONTEXT('',#2,'mechanical');
#1278 = PRODUCT_DEFINITION_CONTEXT('part definition',#2,'design');
#1279 = ADVANCED_BREP_SHAPE_REPRESENTATION('',(#11,#1280),#1462);
#1280 = MANIFOLD_SOLID_BREP('',#1281);
#1281 = CLOSED_SHELL('',(#1282,#1370,#1448,#1455));
#1282 = ADVANCED_FACE('',(#1283),#1297,.T.);
#1283 = FACE_BOUND('',#1284,.F.);
#1284 = EDGE_LOOP('',(#1285,#1315,#1342,#1343));
#1285 = ORIENTED_EDGE('',*,*,#1286,.T.);
#1286 = EDGE_CURVE('',#1287,#1289,#1291,.T.);
#1287 = VERTEX_POINT('',#1288);
#1288 = CARTESIAN_POINT('',(57.15,0.,104.6));
#1289 = VERTEX_POINT('',#1290);
#1290 = CARTESIAN_POINT('',(57.15,0.,354.1));
#1291 = SEAM_CURVE('',#1292,(#1296,#1308),.PCURVE_S1.);
#1292 = LINE('',#1293,#1294);
#1293 = CARTESIAN_POINT('',(57.15,0.,104.6));
#1294 = VECTOR('',#1295,1.);
#1295 = DIRECTION('',(0.,0.,1.));
#1296 = PCURVE('',#1297,#1302);
#1297 = CYLINDRICAL_SURFACE('',#1298,57.15);
#1298 = AXIS2_PLACEMENT_3D('',#1299,#1300,#1301);
#1299 = CARTESIAN_POINT('',(0.,0.,104.6));
#1300 = DIRECTION('',(-0.,-0.,-1.));
#1301 = DIRECTION('',(1.,0.,0.));
#1302 = DEFINITIONAL_REPRESENTATION('',(#1303),#1307);
#1303 = LINE('',#1304,#1305);
#1304 = CARTESIAN_POINT('',(-0.,0.));
#1305 = VECTOR('',#1306,1.);
#1306 = DIRECTION('',(-0.,-1.));
#1307 = ( GEOMETRIC_REPRESENTATION_CONTEXT(2) 
PARAMETRIC_REPRESENTATION_CONTEXT() REPRESENTATION_CONTEXT('2D SPACE',''
  ) );
#1308 = PCURVE('',#1297,#1309);
#1309 = DEFINITIONAL_REPRESENTATION('',(#1310),#1314);
#1310 = LINE('',#1311,#1312);
#1311 = CARTESIAN_POINT('',(-6.28318530718,0.));
#1312 = VECTOR('',#1313,1.);
#1313 = DIRECTION('',(-0.,-1.));
#1314 = ( GEOMETRIC_REPRESENTATION_CONTEXT(2) 
PARAMETRIC_REPRESENTATION_CONTEXT() REPRESENTATION_CONTEXT('2D SPACE',''
  ) );
#1315 = ORIENTED_EDGE('',*,*,#1316,.T.);
#1316 = EDGE_CURVE('',#1289,#1289,#1317,.T.);
#1317 = SURFACE_CURVE('',#1318,(#1323,#1330),.PCURVE_S1.);
#1318 = CIRCLE('',#1319,57.15);
#1319 = AXIS2_PLACEMENT_3D('',#1320,#1321,#1322);
#1320 = CARTESIAN_POINT('',(0.,0.,354.1));
#1321 = DIRECTION('',(0.,0.,1.));
#1322 = DIRECTION('',(1.,0.,0.));
#1323 = PCURVE('',#1297,#1324);
#1324 = DEFINITIONAL_REPRESENTATION('',(#1325),#1329);
#1325 = LINE('',#1326,#1327);
#1326 = CARTESIAN_POINT('',(-0.,-249.5));
#1327 = VECTOR('',#1328,1.);
#1328 = DIRECTION('',(-1.,0.));
#1329 = ( GEOMETRIC_REPRESENTATION_CONTEXT(2) 
PARAMETRIC_REPRESENTATION_CONTEXT() REPRESENTATION_CONTEXT('2D SPACE',''
  ) );
#1330 = PCURVE('',#1331,#1336);
#1331 = PLANE('',#1332);
#1332 = AXIS2_PLACEMENT_3D('',#1333,#1334,#1335);
#1333 = CARTESIAN_POINT('',(-1.531341530753E-15,7.297309091299E-16,354.1
    ));
#1334 = DIRECTION('',(0.,0.,1.));
#1335 = DIRECTION('',(1.,0.,-0.));
#1336 = DEFINITIONAL_REPRESENTATION('',(#1337),#1341);
#1337 = CIRCLE('',#1338,57.15);
#1338 = AXIS2_PLACEMENT_2D('',#1339,#1340);
#1339 = CARTESIAN_POINT('',(1.531341530753E-15,-7.297309091299E-16));
#1340 = DIRECTION('',(1.,0.));
#1341 = ( GEOMETRIC_REPRESENTATION_CONTEXT(2) 
PARAMETRIC_REPRESENTATION_CONTEXT() REPRESENTATION_CONTEXT('2D SPACE',''
  ) );
#1342 = ORIENTED_EDGE('',*,*,#1286,.F.);
#1343 = ORIENTED_EDGE('',*,*,#1344,.F.);
#1344 = EDGE_CURVE('',#1287,#1287,#1345,.T.);
#1345 = SURFACE_CURVE('',#1346,(#1351,#1358),.PCURVE_S1.);
#1346 = CIRCLE('',#1347,57.15);
#1347 = AXIS2_PLACEMENT_3D('',#1348,#1349,#1350);
#1348 = CARTESIAN_POINT('',(0.,0.,104.6));
#1349 = DIRECTION('',(0.,0.,1.));
#1350 = DIRECTION('',(1.,0.,0.));
#1351 = PCURVE('',#1297,#1352);
#1352 = DEFINITIONAL_REPRESENTATION('',(#1353),#1357);
#1353 = LINE('',#1354,#1355);
#1354 = CARTESIAN_POINT('',(-0.,0.));
#1355 = VECTOR('',#1356,1.);
#1356 = DIRECTION('',(-1.,0.));
#1357 = ( GEOMETRIC_REPRESENTATION_CONTEXT(2) 
PARAMETRIC_REPRESENTATION_CONTEXT() REPRESENTATION_CONTEXT('2D SPACE',''
  ) );
#1358 = PCURVE('',#1359,#1364);
#1359 = PLANE('',#1360);
#1360 = AXIS2_PLACEMENT_3D('',#1361,#1362,#1363);
#1361 = CARTESIAN_POINT('',(-1.531341530753E-15,7.297309091299E-16,104.6
    ));
#1362 = DIRECTION('',(0.,0.,1.));
#1363 = DIRECTION('',(1.,0.,-0.));
#1364 = DEFINITIONAL_REPRESENTATION('',(#1365),#1369);
#1365 = CIRCLE('',#1366,57.15);
#1366 = AXIS2_PLACEMENT_2D('',#1367,#1368);
#1367 = CARTESIAN_POINT('',(1.531341530753E-15,-7.297309091299E-16));
#1368 = DIRECTION('',(1.,0.));
#1369 = ( GEOMETRIC_REPRESENTATION_CONTEXT(2) 
PARAMETRIC_REPRESENTATION_CONTEXT() REPRESENTATION_CONTEXT('2D SPACE',''
  ) );
#1370 = ADVANCED_FACE('',(#1371),#1385,.F.);
#1371 = FACE_BOUND('',#1372,.T.);
#1372 = EDGE_LOOP('',(#1373,#1403,#1425,#1426));
#1373 = ORIENTED_EDGE('',*,*,#1374,.T.);
#1374 = EDGE_CURVE('',#1375,#1377,#1379,.T.);
#1375 = VERTEX_POINT('',#1376);
#1376 = CARTESIAN_POINT('',(51.13,6.465130754073E-15,104.6));
#1377 = VERTEX_POINT('',#1378);
#1378 = CARTESIAN_POINT('',(51.13,6.465130754073E-15,354.1));
#1379 = SEAM_CURVE('',#1380,(#1384,#1396),.PCURVE_S1.);
#1380 = LINE('',#1381,#1382);
#1381 = CARTESIAN_POINT('',(51.13,6.465130754073E-15,104.6));
#1382 = VECTOR('',#1383,1.);
#1383 = DIRECTION('',(0.,0.,1.));
#1384 = PCURVE('',#1385,#1390);
#1385 = CYLINDRICAL_SURFACE('',#1386,51.13);
#1386 = AXIS2_PLACEMENT_3D('',#1387,#1388,#1389);
#1387 = CARTESIAN_POINT('',(2.725301271717E-13,6.465130754073E-15,104.6)
  );
#1388 = DIRECTION('',(-0.,-0.,-1.));
#1389 = DIRECTION('',(1.,0.,0.));
#1390 = DEFINITIONAL_REPRESENTATION('',(#1391),#1395);
#1391 = LINE('',#1392,#1393);
#1392 = CARTESIAN_POINT('',(-0.,0.));
#1393 = VECTOR('',#1394,1.);
#1394 = DIRECTION('',(-0.,-1.));
#1395 = ( GEOMETRIC_REPRESENTATION_CONTEXT(2) 
PARAMETRIC_REPRESENTATION_CONTEXT() REPRESENTATION_CONTEXT('2D SPACE',''
  ) );
#1396 = PCURVE('',#1385,#1397);
#1397 = DEFINITIONAL_REPRESENTATION('',(#1398),#1402);
#1398 = LINE('',#1399,#1400);
#1399 = CARTESIAN_POINT('',(-6.28318530718,0.));
#1400 = VECTOR('',#1401,1.);
#1401 = DIRECTION('',(-0.,-1.));
#1402 = ( GEOMETRIC_REPRESENTATION_CONTEXT(2) 
PARAMETRIC_REPRESENTATION_CONTEXT() REPRESENTATION_CONTEXT('2D SPACE',''
  ) );
#1403 = ORIENTED_EDGE('',*,*,#1404,.T.);
#1404 = EDGE_CURVE('',#1377,#1377,#1405,.T.);
#1405 = SURFACE_CURVE('',#1406,(#1411,#1418),.PCURVE_S1.);
#1406 = CIRCLE('',#1407,51.13);
#1407 = AXIS2_PLACEMENT_3D('',#1408,#1409,#1410);
#1408 = CARTESIAN_POINT('',(2.725301271717E-13,6.465130754073E-15,354.1)
  );
#1409 = DIRECTION('',(0.,0.,1.));
#1410 = DIRECTION('',(1.,0.,0.));
#1411 = PCURVE('',#1385,#1412);
#1412 = DEFINITIONAL_REPRESENTATION('',(#1413),#1417);
#1413 = LINE('',#1414,#1415);
#1414 = CARTESIAN_POINT('',(-0.,-249.5));
#1415 = VECTOR('',#1416,1.);
#1416 = DIRECTION('',(-1.,0.));
#1417 = ( GEOMETRIC_REPRESENTATION_CONTEXT(2) 
PARAMETRIC_REPRESENTATION_CONTEXT() REPRESENTATION_CONTEXT('2D SPACE',''
  ) );
#1418 = PCURVE('',#1331,#1419);
#1419 = DEFINITIONAL_REPRESENTATION('',(#1420),#1424);
#1420 = CIRCLE('',#1421,51.13);
#1421 = AXIS2_PLACEMENT_2D('',#1422,#1423);
#1422 = CARTESIAN_POINT('',(2.740614687024E-13,5.735399844943E-15));
#1423 = DIRECTION('',(1.,0.));
#1424 = ( GEOMETRIC_REPRESENTATION_CONTEXT(2) 
PARAMETRIC_REPRESENTATION_CONTEXT() REPRESENTATION_CONTEXT('2D SPACE',''
  ) );
#1425 = ORIENTED_EDGE('',*,*,#1374,.F.);
#1426 = ORIENTED_EDGE('',*,*,#1427,.F.);
#1427 = EDGE_CURVE('',#1375,#1375,#1428,.T.);
#1428 = SURFACE_CURVE('',#1429,(#1434,#1441),.PCURVE_S1.);
#1429 = CIRCLE('',#1430,51.13);
#1430 = AXIS2_PLACEMENT_3D('',#1431,#1432,#1433);
#1431 = CARTESIAN_POINT('',(2.725301271717E-13,6.465130754073E-15,104.6)
  );
#1432 = DIRECTION('',(0.,0.,1.));
#1433 = DIRECTION('',(1.,0.,0.));
#1434 = PCURVE('',#1385,#1435);
#1435 = DEFINITIONAL_REPRESENTATION('',(#1436),#1440);
#1436 = LINE('',#1437,#1438);
#1437 = CARTESIAN_POINT('',(-0.,0.));
#1438 = VECTOR('',#1439,1.);
#1439 = DIRECTION('',(-1.,0.));
#1440 = ( GEOMETRIC_REPRESENTATION_CONTEXT(2) 
PARAMETRIC_REPRESENTATION_CONTEXT() REPRESENTATION_CONTEXT('2D SPACE',''
  ) );
#1441 = PCURVE('',#1359,#1442);
#1442 = DEFINITIONAL_REPRESENTATION('',(#1443),#1447);
#1443 = CIRCLE('',#1444,51.13);
#1444 = AXIS2_PLACEMENT_2D('',#1445,#1446);
#1445 = CARTESIAN_POINT('',(2.740614687024E-13,5.735399844943E-15));
#1446 = DIRECTION('',(1.,0.));
#1447 = ( GEOMETRIC_REPRESENTATION_CONTEXT(2) 
PARAMETRIC_REPRESENTATION_CONTEXT() REPRESENTATION_CONTEXT('2D SPACE',''
  ) );
#1448 = ADVANCED_FACE('',(#1449,#1452),#1359,.F.);
#1449 = FACE_BOUND('',#1450,.F.);
#1450 = EDGE_LOOP('',(#1451));
#1451 = ORIENTED_EDGE('',*,*,#1344,.T.);
#1452 = FACE_BOUND('',#1453,.F.);
#1453 = EDGE_LOOP('',(#1454));
#1454 = ORIENTED_EDGE('',*,*,#1427,.F.);
#1455 = ADVANCED_FACE('',(#1456,#1459),#1331,.T.);
#1456 = FACE_BOUND('',#1457,.T.);
#1457 = EDGE_LOOP('',(#1458));
#1458 = ORIENTED_EDGE('',*,*,#1316,.T.);
#1459 = FACE_BOUND('',#1460,.T.);
#1460 = EDGE_LOOP('',(#1461));
#1461 = ORIENTED_EDGE('',*,*,#1404,.F.);
#1462 = ( GEOMETRIC_REPRESENTATION_CONTEXT(3) 
GLOBAL_UNCERTAINTY_ASSIGNED_CONTEXT((#1466)) 
GLOBAL_UNIT_ASSIGNED_CONTEXT((#1463,#1464,#1465)) REPRESENTATION_CONTEXT
('Context #1','3D Context with UNIT and UNCERTAINTY') );
#1463 = ( LENGTH_UNIT() NAMED_UNIT(*) SI_UNIT(.MILLI.,.METRE.) );
#1464 = ( NAMED_UNIT(*) PLANE_ANGLE_UNIT() SI_UNIT($,.RADIAN.) );
#1465 = ( NAMED_UNIT(*) SI_UNIT($,.STERADIAN.) SOLID_ANGLE_UNIT() );
#1466 = UNCERTAINTY_MEASURE_WITH_UNIT(LENGTH_MEASURE(1.E-07),#1463,
  'distance_accuracy_value','confusion accuracy');
#1467 = CONTEXT_DEPENDENT_SHAPE_REPRESENTATION(#1468,#1470);
#1468 = ( REPRESENTATION_RELATIONSHIP('','',#1279,#10) 
REPRESENTATION_RELATIONSHIP_WITH_TRANSFORMATION(#1469) 
SHAPE_REPRESENTATION_RELATIONSHIP() );
#1469 = ITEM_DEFINED_TRANSFORMATION('','',#11,#19);
#1470 = PRODUCT_DEFINITION_SHAPE('Placement','Placement of an item',
  #1471);
#1471 = NEXT_ASSEMBLY_USAGE_OCCURRENCE('19','','',#5,#1274,$);
#1472 = PRODUCT_RELATED_PRODUCT_CATEGORY('part',$,(#1276));
#1473 = SHAPE_DEFINITION_REPRESENTATION(#1474,#1480);
#1474 = PRODUCT_DEFINITION_SHAPE('','',#1475);
#1475 = PRODUCT_DEFINITION('design','',#1476,#1479);
#1476 = PRODUCT_DEFINITION_FORMATION('','',#1477);
#1477 = PRODUCT('Open CASCADE STEP translator 7.8 16.3',
  'Open CASCADE STEP translator 7.8 16.3','',(#1478));
#1478 = PRODUCT_CONTEXT('',#2,'mechanical');
#1479 = PRODUCT_DEFINITION_CONTEXT('part definition',#2,'design');
#1480 = ADVANCED_BREP_SHAPE_REPRESENTATION('',(#11,#1481),#1668);
#1481 = MANIFOLD_SOLID_BREP('',#1482);
#1482 = CLOSED_SHELL('',(#1483,#1584,#1650,#1654,#1658,#1650,#1654));
#1483 = ADVANCED_FACE('',(#1484),#1497,.F.);
#1484 = FACE_BOUND('',#1485,.F.);
#1485 = EDGE_LOOP('',(#1486,#1524));
#1486 = ORIENTED_EDGE('',*,*,#1487,.F.);
#1487 = EDGE_CURVE('',#1488,#1488,#1490,.T.);
#1488 = VERTEX_POINT('',#1489);
#1489 = CARTESIAN_POINT('',(4.441447210013E-14,0.,-385.85));
#1490 = SURFACE_CURVE('',#1491,(#1496,#1512),.PCURVE_S1.);
#1491 = CIRCLE('',#1492,57.15);
#1492 = AXIS2_PLACEMENT_3D('',#1493,#1494,#1495);
#1493 = CARTESIAN_POINT('',(3.80695475144E-14,0.,-328.7));
#1494 = DIRECTION('',(1.,-0.,1.110223024625E-16));
#1495 = DIRECTION('',(1.110223024625E-16,0.,-1.));
#1496 = PCURVE('',#1497,#1506);
#1497 = SURFACE_OF_REVOLUTION('',#1498,#1503);
#1498 = CIRCLE('',#1499,57.15);
#1499 = AXIS2_PLACEMENT_3D('',#1500,#1501,#1502);
#1500 = CARTESIAN_POINT('',(3.80695475144E-14,0.,-328.7));
#1501 = DIRECTION('',(1.,-0.,1.110223024625E-16));
#1502 = DIRECTION('',(1.110223024625E-16,0.,-1.));
#1503 = AXIS1_PLACEMENT('',#1504,#1505);
#1504 = CARTESIAN_POINT('',(3.80695475144E-14,0.,-328.7));
#1505 = DIRECTION('',(1.,0.,1.110223024625E-16));
#1506 = DEFINITIONAL_REPRESENTATION('',(#1507),#1511);
#1507 = LINE('',#1508,#1509);
#1508 = CARTESIAN_POINT('',(0.,0.));
#1509 = VECTOR('',#1510,1.);
#1510 = DIRECTION('',(0.,1.));
#1511 = ( GEOMETRIC_REPRESENTATION_CONTEXT(2) 
PARAMETRIC_REPRESENTATION_CONTEXT() REPRESENTATION_CONTEXT('2D SPACE',''
  ) );
#1512 = PCURVE('',#1513,#1518);
#1513 = PLANE('',#1514);
#1514 = AXIS2_PLACEMENT_3D('',#1515,#1516,#1517);
#1515 = CARTESIAN_POINT('',(3.80695475144E-14,7.297309091299E-16,-328.7)
  );
#1516 = DIRECTION('',(1.,0.,1.110223024625E-16));
#1517 = DIRECTION('',(1.110223024625E-16,0.,-1.));
#1518 = DEFINITIONAL_REPRESENTATION('',(#1519),#1523);
#1519 = CIRCLE('',#1520,57.15);
#1520 = AXIS2_PLACEMENT_2D('',#1521,#1522);
#1521 = CARTESIAN_POINT('',(0.,-7.297309091299E-16));
#1522 = DIRECTION('',(1.,0.));
#1523 = ( GEOMETRIC_REPRESENTATION_CONTEXT(2) 
PARAMETRIC_REPRESENTATION_CONTEXT() REPRESENTATION_CONTEXT('2D SPACE',''
  ) );
#1524 = ORIENTED_EDGE('',*,*,#1525,.F.);
#1525 = EDGE_CURVE('',#1526,#1488,#1528,.T.);
#1526 = VERTEX_POINT('',#1527);
#1527 = CARTESIAN_POINT('',(3.80695475144E-14,57.15,-328.7));
#1528 = SURFACE_CURVE('',#1529,(#1534,#1568),.PCURVE_S1.);
#1529 = CIRCLE('',#1530,57.15);
#1530 = AXIS2_PLACEMENT_3D('',#1531,#1532,#1533);
#1531 = CARTESIAN_POINT('',(3.80695475144E-14,0.,-328.7));
#1532 = DIRECTION('',(-1.,0.,-1.110223024625E-16));
#1533 = DIRECTION('',(0.,1.,0.));
#1534 = PCURVE('',#1497,#1535);
#1535 = DEFINITIONAL_REPRESENTATION('',(#1536),#1567);
#1536 = B_SPLINE_CURVE_WITH_KNOTS('',3,(#1537,#1538,#1539,#1540,#1541,
    #1542,#1543,#1544,#1545,#1546,#1547,#1548,#1549,#1550,#1551,#1552,
    #1553,#1554,#1555,#1556,#1557,#1558,#1559,#1560,#1561,#1562,#1563,
    #1564,#1565,#1566),.UNSPECIFIED.,.F.,.F.,(4,1,1,1,1,1,1,1,1,1,1,1,1,
    1,1,1,1,1,1,1,1,1,1,1,1,1,1,4),(0.,3.569991651807E-02,
    7.139983303613E-02,9.817477042468E-02,0.142799666072,0.186587844926,
    0.214199499108,0.249899415626,0.285599332145,0.356787262295,
    0.356999165181,0.428398998217,0.499798831253,0.571198664289,
    0.642598497325,0.713998330361,0.785398163397,0.856797996434,
    0.92819782947,0.999597662506,1.070997495542,1.142397328578,
    1.213797161614,1.28519699465,1.356596827687,1.427996660723,
    1.499396493759,1.570796326795),.UNSPECIFIED.);
#1537 = CARTESIAN_POINT('',(6.28318530718,-10.99557428756));
#1538 = CARTESIAN_POINT('',(4.935652886343,-12.33913557378));
#1539 = CARTESIAN_POINT('',(5.840303624316,-11.88233369154));
#1540 = CARTESIAN_POINT('',(10.398331811349,-7.451688089008));
#1541 = CARTESIAN_POINT('',(8.828795811545,-7.964422941116));
#1542 = CARTESIAN_POINT('',(5.477062681775,-3.855630391726));
#1543 = CARTESIAN_POINT('',(6.403808973553,-5.044581190483));
#1544 = CARTESIAN_POINT('',(13.471465806776,-12.10884972111));
#1545 = CARTESIAN_POINT('',(-4.967301426552,6.285662802104));
#1546 = CARTESIAN_POINT('',(80.627537589797,-79.35265382772));
#1547 = CARTESIAN_POINT('',(-331.1938138283,332.43148056234));
#1548 = CARTESIAN_POINT('',(353.89462584055,-352.7045569886));
#1549 = CARTESIAN_POINT('',(-149.0427308048,150.18512767019));
#1550 = CARTESIAN_POINT('',(47.646274946973,-46.5752773273));
#1551 = CARTESIAN_POINT('',(-3.669565526446,4.669163155693));
#1552 = CARTESIAN_POINT('',(10.775083347047,-9.846885508665));
#1553 = CARTESIAN_POINT('',(2.876518000653,-2.019720006607));
#1554 = CARTESIAN_POINT('',(3.393815789018,-2.608417624981));
#1555 = CARTESIAN_POINT('',(-0.716772325188,1.430770655378));
#1556 = CARTESIAN_POINT('',(0.399548156385,0.243050340986));
#1557 = CARTESIAN_POINT('',(-0.777205330141,1.348403994418));
#1558 = CARTESIAN_POINT('',(5.030729337288,-4.530930506032));
#1559 = CARTESIAN_POINT('',(-2.036060481561,2.464459479777));
#1560 = CARTESIAN_POINT('',(4.398709588517,-4.041710423336));
#1561 = CARTESIAN_POINT('',(2.538195017729,-2.252595685585));
#1562 = CARTESIAN_POINT('',(1.507703205358,-1.29350370625));
#1563 = CARTESIAN_POINT('',(-1.234056930507,1.376856596579));
#1564 = CARTESIAN_POINT('',(4.279604196572,-4.208204363536));
#1565 = CARTESIAN_POINT('',(3.140891658433,-3.117091714088));
#1566 = CARTESIAN_POINT('',(0.,0.));
#1567 = ( GEOMETRIC_REPRESENTATION_CONTEXT(2) 
PARAMETRIC_REPRESENTATION_CONTEXT() REPRESENTATION_CONTEXT('2D SPACE',''
  ) );
#1568 = PCURVE('',#1569,#1574);
#1569 = PLANE('',#1570);
#1570 = AXIS2_PLACEMENT_3D('',#1571,#1572,#1573);
#1571 = CARTESIAN_POINT('',(3.80695475144E-14,0.,-328.7));
#1572 = DIRECTION('',(1.,0.,1.110223024625E-16));
#1573 = DIRECTION('',(1.232595164408E-32,1.,-1.110223024625E-16));
#1574 = DEFINITIONAL_REPRESENTATION('',(#1575),#1583);
#1575 = ( BOUNDED_CURVE() B_SPLINE_CURVE(2,(#1576,#1577,#1578,#1579,
#1580,#1581,#1582),.UNSPECIFIED.,.T.,.F.) B_SPLINE_CURVE_WITH_KNOTS((1,2
    ,2,2,2,1),(-2.094395102393,0.,2.094395102393,4.188790204786,
6.28318530718,8.377580409573),.UNSPECIFIED.) CURVE() 
GEOMETRIC_REPRESENTATION_ITEM() RATIONAL_B_SPLINE_CURVE((1.,0.5,1.,0.5,
1.,0.5,1.)) REPRESENTATION_ITEM('') );
#1576 = CARTESIAN_POINT('',(57.15,6.344924585733E-15));
#1577 = CARTESIAN_POINT('',(57.15,-98.98670365256));
#1578 = CARTESIAN_POINT('',(-28.575,-49.49335182628));
#1579 = CARTESIAN_POINT('',(-114.3,-2.668756208572E-14));
#1580 = CARTESIAN_POINT('',(-28.575,49.493351826281));
#1581 = CARTESIAN_POINT('',(57.15,98.986703652561));
#1582 = CARTESIAN_POINT('',(57.15,6.344924585733E-15));
#1583 = ( GEOMETRIC_REPRESENTATION_CONTEXT(2) 
PARAMETRIC_REPRESENTATION_CONTEXT() REPRESENTATION_CONTEXT('2D SPACE',''
  ) );
#1584 = ADVANCED_FACE('',(#1585,#1588,#1619),#1513,.F.);
#1585 = FACE_BOUND('',#1586,.F.);
#1586 = EDGE_LOOP('',(#1587));
#1587 = ORIENTED_EDGE('',*,*,#1487,.T.);
#1588 = FACE_BOUND('',#1589,.F.);
#1589 = EDGE_LOOP('',(#1590));
#1590 = ORIENTED_EDGE('',*,*,#1591,.F.);
#1591 = EDGE_CURVE('',#1592,#1592,#1594,.T.);
#1592 = VERTEX_POINT('',#1593);
#1593 = CARTESIAN_POINT('',(4.374611783931E-14,0.,-379.83));
#1594 = SURFACE_CURVE('',#1595,(#1600,#1607),.PCURVE_S1.);
#1595 = CIRCLE('',#1596,51.13);
#1596 = AXIS2_PLACEMENT_3D('',#1597,#1598,#1599);
#1597 = CARTESIAN_POINT('',(3.80695475144E-14,0.,-328.7));
#1598 = DIRECTION('',(1.,-0.,1.110223024625E-16));
#1599 = DIRECTION('',(1.110223024625E-16,0.,-1.));
#1600 = PCURVE('',#1513,#1601);
#1601 = DEFINITIONAL_REPRESENTATION('',(#1602),#1606);
#1602 = CIRCLE('',#1603,51.13);
#1603 = AXIS2_PLACEMENT_2D('',#1604,#1605);
#1604 = CARTESIAN_POINT('',(0.,-7.297309091299E-16));
#1605 = DIRECTION('',(1.,0.));
#1606 = ( GEOMETRIC_REPRESENTATION_CONTEXT(2) 
PARAMETRIC_REPRESENTATION_CONTEXT() REPRESENTATION_CONTEXT('2D SPACE',''
  ) );
#1607 = PCURVE('',#1608,#1613);
#1608 = PLANE('',#1609);
#1609 = AXIS2_PLACEMENT_3D('',#1610,#1611,#1612);
#1610 = CARTESIAN_POINT('',(3.80695475144E-14,4.759354834235E-15,-328.7)
  );
#1611 = DIRECTION('',(1.,0.,1.110223024625E-16));
#1612 = DIRECTION('',(1.110223024625E-16,0.,-1.));
#1613 = DEFINITIONAL_REPRESENTATION('',(#1614),#1618);
#1614 = CIRCLE('',#1615,51.13);
#1615 = AXIS2_PLACEMENT_2D('',#1616,#1617);
#1616 = CARTESIAN_POINT('',(-5.684341886081E-14,-4.759354834235E-15));
#1617 = DIRECTION('',(1.,0.));
#1618 = ( GEOMETRIC_REPRESENTATION_CONTEXT(2) 
PARAMETRIC_REPRESENTATION_CONTEXT() REPRESENTATION_CONTEXT('2D SPACE',''
  ) );
#1619 = FACE_BOUND('',#1620,.F.);
#1620 = EDGE_LOOP('',(#1621));
#1621 = ORIENTED_EDGE('',*,*,#1622,.F.);
#1622 = EDGE_CURVE('',#1623,#1623,#1625,.T.);
#1623 = VERTEX_POINT('',#1624);
#1624 = CARTESIAN_POINT('',(3.80695475144E-14,51.13,-328.7));
#1625 = SURFACE_CURVE('',#1626,(#1631,#1638),.PCURVE_S1.);
#1626 = CIRCLE('',#1627,51.13);
#1627 = AXIS2_PLACEMENT_3D('',#1628,#1629,#1630);
#1628 = CARTESIAN_POINT('',(3.80695475144E-14,0.,-328.7));
#1629 = DIRECTION('',(1.,0.,1.110223024625E-16));
#1630 = DIRECTION('',(1.232595164408E-32,1.,-1.110223024625E-16));
#1631 = PCURVE('',#1513,#1632);
#1632 = DEFINITIONAL_REPRESENTATION('',(#1633),#1637);
#1633 = CIRCLE('',#1634,51.13);
#1634 = AXIS2_PLACEMENT_2D('',#1635,#1636);
#1635 = CARTESIAN_POINT('',(0.,-7.297309091299E-16));
#1636 = DIRECTION('',(1.110223024625E-16,1.));
#1637 = ( GEOMETRIC_REPRESENTATION_CONTEXT(2) 
PARAMETRIC_REPRESENTATION_CONTEXT() REPRESENTATION_CONTEXT('2D SPACE',''
  ) );
#1638 = PCURVE('',#1639,#1644);
#1639 = PLANE('',#1640);
#1640 = AXIS2_PLACEMENT_3D('',#1641,#1642,#1643);
#1641 = CARTESIAN_POINT('',(3.80695475144E-14,5.684341886081E-14,-328.7)
  );
#1642 = DIRECTION('',(1.,0.,1.110223024625E-16));
#1643 = DIRECTION('',(1.232595164408E-32,1.,-1.110223024625E-16));
#1644 = DEFINITIONAL_REPRESENTATION('',(#1645),#1649);
#1645 = CIRCLE('',#1646,51.13);
#1646 = AXIS2_PLACEMENT_2D('',#1647,#1648);
#1647 = CARTESIAN_POINT('',(-5.684341886081E-14,-6.310887241768E-30));
#1648 = DIRECTION('',(1.,0.));
#1649 = ( GEOMETRIC_REPRESENTATION_CONTEXT(2) 
PARAMETRIC_REPRESENTATION_CONTEXT() REPRESENTATION_CONTEXT('2D SPACE',''
  ) );
#1650 = ADVANCED_FACE('',(#1651),#1639,.F.);
#1651 = FACE_BOUND('',#1652,.F.);
#1652 = EDGE_LOOP('',(#1653));
#1653 = ORIENTED_EDGE('',*,*,#1622,.T.);
#1654 = ADVANCED_FACE('',(#1655),#1608,.F.);
#1655 = FACE_BOUND('',#1656,.F.);
#1656 = EDGE_LOOP('',(#1657));
#1657 = ORIENTED_EDGE('',*,*,#1591,.T.);
#1658 = ADVANCED_FACE('',(#1659,#1662,#1665),#1569,.T.);
#1659 = FACE_BOUND('',#1660,.T.);
#1660 = EDGE_LOOP('',(#1661));
#1661 = ORIENTED_EDGE('',*,*,#1525,.F.);
#1662 = FACE_BOUND('',#1663,.T.);
#1663 = EDGE_LOOP('',(#1664));
#1664 = ORIENTED_EDGE('',*,*,#1591,.F.);
#1665 = FACE_BOUND('',#1666,.T.);
#1666 = EDGE_LOOP('',(#1667));
#1667 = ORIENTED_EDGE('',*,*,#1622,.F.);
#1668 = ( GEOMETRIC_REPRESENTATION_CONTEXT(3) 
GLOBAL_UNCERTAINTY_ASSIGNED_CONTEXT((#1672)) 
GLOBAL_UNIT_ASSIGNED_CONTEXT((#1669,#1670,#1671)) REPRESENTATION_CONTEXT
('Context #1','3D Context with UNIT and UNCERTAINTY') );
#1669 = ( LENGTH_UNIT() NAMED_UNIT(*) SI_UNIT(.MILLI.,.METRE.) );
#1670 = ( NAMED_UNIT(*) PLANE_ANGLE_UNIT() SI_UNIT($,.RADIAN.) );
#1671 = ( NAMED_UNIT(*) SI_UNIT($,.STERADIAN.) SOLID_ANGLE_UNIT() );
#1672 = UNCERTAINTY_MEASURE_WITH_UNIT(LENGTH_MEASURE(1.E-07),#1669,
  'distance_accuracy_value','confusion accuracy');
#1673 = CONTEXT_DEPENDENT_SHAPE_REPRESENTATION(#1674,#1676);
#1674 = ( REPRESENTATION_RELATIONSHIP('','',#1480,#10) 
REPRESENTATION_RELATIONSHIP_WITH_TRANSFORMATION(#1675) 
SHAPE_REPRESENTATION_RELATIONSHIP() );
#1675 = ITEM_DEFINED_TRANSFORMATION('','',#11,#23);
#1676 = PRODUCT_DEFINITION_SHAPE('Placement','Placement of an item',
  #1677);
#1677 = NEXT_ASSEMBLY_USAGE_OCCURRENCE('20','','',#5,#1475,$);
#1678 = PRODUCT_RELATED_PRODUCT_CATEGORY('part',$,(#1477));
#1679 = SHAPE_DEFINITION_REPRESENTATION(#1680,#1686);
#1680 = PRODUCT_DEFINITION_SHAPE('','',#1681);
#1681 = PRODUCT_DEFINITION('design','',#1682,#1685);
#1682 = PRODUCT_DEFINITION_FORMATION('','',#1683);
#1683 = PRODUCT('Open CASCADE STEP translator 7.8 16.4',
  'Open CASCADE STEP translator 7.8 16.4','',(#1684));
#1684 = PRODUCT_CONTEXT('',#2,'mechanical');
#1685 = PRODUCT_DEFINITION_CONTEXT('part definition',#2,'design');
#1686 = ADVANCED_BREP_SHAPE_REPRESENTATION('',(#11,#1687),#1869);
#1687 = MANIFOLD_SOLID_BREP('',#1688);
#1688 = CLOSED_SHELL('',(#1689,#1777,#1855,#1862));
#1689 = ADVANCED_FACE('',(#1690),#1704,.T.);
#1690 = FACE_BOUND('',#1691,.F.);
#1691 = EDGE_LOOP('',(#1692,#1722,#1749,#1750));
#1692 = ORIENTED_EDGE('',*,*,#1693,.T.);
#1693 = EDGE_CURVE('',#1694,#1696,#1698,.T.);
#1694 = VERTEX_POINT('',#1695);
#1695 = CARTESIAN_POINT('',(345.9,0.,299.95));
#1696 = VERTEX_POINT('',#1697);
#1697 = CARTESIAN_POINT('',(695.4,0.,299.95));
#1698 = SEAM_CURVE('',#1699,(#1703,#1715),.PCURVE_S1.);
#1699 = LINE('',#1700,#1701);
#1700 = CARTESIAN_POINT('',(345.9,0.,299.95));
#1701 = VECTOR('',#1702,1.);
#1702 = DIRECTION('',(1.,0.,1.110223024625E-16));
#1703 = PCURVE('',#1704,#1709);
#1704 = CYLINDRICAL_SURFACE('',#1705,57.15);
#1705 = AXIS2_PLACEMENT_3D('',#1706,#1707,#1708);
#1706 = CARTESIAN_POINT('',(345.9,0.,357.1));
#1707 = DIRECTION('',(-1.,-0.,-1.110223024625E-16));
#1708 = DIRECTION('',(1.110223024625E-16,0.,-1.));
#1709 = DEFINITIONAL_REPRESENTATION('',(#1710),#1714);
#1710 = LINE('',#1711,#1712);
#1711 = CARTESIAN_POINT('',(-0.,0.));
#1712 = VECTOR('',#1713,1.);
#1713 = DIRECTION('',(-0.,-1.));
#1714 = ( GEOMETRIC_REPRESENTATION_CONTEXT(2) 
PARAMETRIC_REPRESENTATION_CONTEXT() REPRESENTATION_CONTEXT('2D SPACE',''
  ) );
#1715 = PCURVE('',#1704,#1716);
#1716 = DEFINITIONAL_REPRESENTATION('',(#1717),#1721);
#1717 = LINE('',#1718,#1719);
#1718 = CARTESIAN_POINT('',(-6.28318530718,0.));
#1719 = VECTOR('',#1720,1.);
#1720 = DIRECTION('',(-0.,-1.));
#1721 = ( GEOMETRIC_REPRESENTATION_CONTEXT(2) 
PARAMETRIC_REPRESENTATION_CONTEXT() REPRESENTATION_CONTEXT('2D SPACE',''
  ) );
#1722 = ORIENTED_EDGE('',*,*,#1723,.T.);
#1723 = EDGE_CURVE('',#1696,#1696,#1724,.T.);
#1724 = SURFACE_CURVE('',#1725,(#1730,#1737),.PCURVE_S1.);
#1725 = CIRCLE('',#1726,57.15);
#1726 = AXIS2_PLACEMENT_3D('',#1727,#1728,#1729);
#1727 = CARTESIAN_POINT('',(695.4,0.,357.1));
#1728 = DIRECTION('',(1.,-0.,1.110223024625E-16));
#1729 = DIRECTION('',(1.110223024625E-16,0.,-1.));
#1730 = PCURVE('',#1704,#1731);
#1731 = DEFINITIONAL_REPRESENTATION('',(#1732),#1736);
#1732 = LINE('',#1733,#1734);
#1733 = CARTESIAN_POINT('',(-0.,-349.5));
#1734 = VECTOR('',#1735,1.);
#1735 = DIRECTION('',(-1.,0.));
#1736 = ( GEOMETRIC_REPRESENTATION_CONTEXT(2) 
PARAMETRIC_REPRESENTATION_CONTEXT() REPRESENTATION_CONTEXT('2D SPACE',''
  ) );
#1737 = PCURVE('',#1738,#1743);
#1738 = PLANE('',#1739);
#1739 = AXIS2_PLACEMENT_3D('',#1740,#1741,#1742);
#1740 = CARTESIAN_POINT('',(695.4,7.297309091299E-16,357.1));
#1741 = DIRECTION('',(1.,0.,1.110223024625E-16));
#1742 = DIRECTION('',(1.110223024625E-16,0.,-1.));
#1743 = DEFINITIONAL_REPRESENTATION('',(#1744),#1748);
#1744 = CIRCLE('',#1745,57.15);
#1745 = AXIS2_PLACEMENT_2D('',#1746,#1747);
#1746 = CARTESIAN_POINT('',(0.,-7.297309091299E-16));
#1747 = DIRECTION('',(1.,0.));
#1748 = ( GEOMETRIC_REPRESENTATION_CONTEXT(2) 
PARAMETRIC_REPRESENTATION_CONTEXT() REPRESENTATION_CONTEXT('2D SPACE',''
  ) );
#1749 = ORIENTED_EDGE('',*,*,#1693,.F.);
#1750 = ORIENTED_EDGE('',*,*,#1751,.F.);
#1751 = EDGE_CURVE('',#1694,#1694,#1752,.T.);
#1752 = SURFACE_CURVE('',#1753,(#1758,#1765),.PCURVE_S1.);
#1753 = CIRCLE('',#1754,57.15);
#1754 = AXIS2_PLACEMENT_3D('',#1755,#1756,#1757);
#1755 = CARTESIAN_POINT('',(345.9,0.,357.1));
#1756 = DIRECTION('',(1.,-0.,1.110223024625E-16));
#1757 = DIRECTION('',(1.110223024625E-16,0.,-1.));
#1758 = PCURVE('',#1704,#1759);
#1759 = DEFINITIONAL_REPRESENTATION('',(#1760),#1764);
#1760 = LINE('',#1761,#1762);
#1761 = CARTESIAN_POINT('',(-0.,0.));
#1762 = VECTOR('',#1763,1.);
#1763 = DIRECTION('',(-1.,0.));
#1764 = ( GEOMETRIC_REPRESENTATION_CONTEXT(2) 
PARAMETRIC_REPRESENTATION_CONTEXT() REPRESENTATION_CONTEXT('2D SPACE',''
  ) );
#1765 = PCURVE('',#1766,#1771);
#1766 = PLANE('',#1767);
#1767 = AXIS2_PLACEMENT_3D('',#1768,#1769,#1770);
#1768 = CARTESIAN_POINT('',(345.9,7.297309091299E-16,357.1));
#1769 = DIRECTION('',(1.,0.,1.110223024625E-16));
#1770 = DIRECTION('',(1.110223024625E-16,0.,-1.));
#1771 = DEFINITIONAL_REPRESENTATION('',(#1772),#1776);
#1772 = CIRCLE('',#1773,57.15);
#1773 = AXIS2_PLACEMENT_2D('',#1774,#1775);
#1774 = CARTESIAN_POINT('',(0.,-7.297309091299E-16));
#1775 = DIRECTION('',(1.,0.));
#1776 = ( GEOMETRIC_REPRESENTATION_CONTEXT(2) 
PARAMETRIC_REPRESENTATION_CONTEXT() REPRESENTATION_CONTEXT('2D SPACE',''
  ) );
#1777 = ADVANCED_FACE('',(#1778),#1792,.F.);
#1778 = FACE_BOUND('',#1779,.T.);
#1779 = EDGE_LOOP('',(#1780,#1810,#1832,#1833));
#1780 = ORIENTED_EDGE('',*,*,#1781,.T.);
#1781 = EDGE_CURVE('',#1782,#1784,#1786,.T.);
#1782 = VERTEX_POINT('',#1783);
#1783 = CARTESIAN_POINT('',(345.9,6.465130754073E-15,305.97));
#1784 = VERTEX_POINT('',#1785);
#1785 = CARTESIAN_POINT('',(695.4,6.465130754073E-15,305.97));
#1786 = SEAM_CURVE('',#1787,(#1791,#1803),.PCURVE_S1.);
#1787 = LINE('',#1788,#1789);
#1788 = CARTESIAN_POINT('',(345.9,6.465130754073E-15,305.97));
#1789 = VECTOR('',#1790,1.);
#1790 = DIRECTION('',(1.,0.,1.110223024625E-16));
#1791 = PCURVE('',#1792,#1797);
#1792 = CYLINDRICAL_SURFACE('',#1793,51.13);
#1793 = AXIS2_PLACEMENT_3D('',#1794,#1795,#1796);
#1794 = CARTESIAN_POINT('',(345.9,6.465130754073E-15,357.1));
#1795 = DIRECTION('',(-1.,-0.,-1.110223024625E-16));
#1796 = DIRECTION('',(1.110223024625E-16,0.,-1.));
#1797 = DEFINITIONAL_REPRESENTATION('',(#1798),#1802);
#1798 = LINE('',#1799,#1800);
#1799 = CARTESIAN_POINT('',(-0.,0.));
#1800 = VECTOR('',#1801,1.);
#1801 = DIRECTION('',(-0.,-1.));
#1802 = ( GEOMETRIC_REPRESENTATION_CONTEXT(2) 
PARAMETRIC_REPRESENTATION_CONTEXT() REPRESENTATION_CONTEXT('2D SPACE',''
  ) );
#1803 = PCURVE('',#1792,#1804);
#1804 = DEFINITIONAL_REPRESENTATION('',(#1805),#1809);
#1805 = LINE('',#1806,#1807);
#1806 = CARTESIAN_POINT('',(-6.28318530718,0.));
#1807 = VECTOR('',#1808,1.);
#1808 = DIRECTION('',(-0.,-1.));
#1809 = ( GEOMETRIC_REPRESENTATION_CONTEXT(2) 
PARAMETRIC_REPRESENTATION_CONTEXT() REPRESENTATION_CONTEXT('2D SPACE',''
  ) );
#1810 = ORIENTED_EDGE('',*,*,#1811,.T.);
#1811 = EDGE_CURVE('',#1784,#1784,#1812,.T.);
#1812 = SURFACE_CURVE('',#1813,(#1818,#1825),.PCURVE_S1.);
#1813 = CIRCLE('',#1814,51.13);
#1814 = AXIS2_PLACEMENT_3D('',#1815,#1816,#1817);
#1815 = CARTESIAN_POINT('',(695.4,6.465130754073E-15,357.1));
#1816 = DIRECTION('',(1.,-0.,1.110223024625E-16));
#1817 = DIRECTION('',(1.110223024625E-16,0.,-1.));
#1818 = PCURVE('',#1792,#1819);
#1819 = DEFINITIONAL_REPRESENTATION('',(#1820),#1824);
#1820 = LINE('',#1821,#1822);
#1821 = CARTESIAN_POINT('',(-0.,-349.5));
#1822 = VECTOR('',#1823,1.);
#1823 = DIRECTION('',(-1.,0.));
#1824 = ( GEOMETRIC_REPRESENTATION_CONTEXT(2) 
PARAMETRIC_REPRESENTATION_CONTEXT() REPRESENTATION_CONTEXT('2D SPACE',''
  ) );
#1825 = PCURVE('',#1738,#1826);
#1826 = DEFINITIONAL_REPRESENTATION('',(#1827),#1831);
#1827 = CIRCLE('',#1828,51.13);
#1828 = AXIS2_PLACEMENT_2D('',#1829,#1830);
#1829 = CARTESIAN_POINT('',(2.84217094304E-13,5.735399844943E-15));
#1830 = DIRECTION('',(1.,0.));
#1831 = ( GEOMETRIC_REPRESENTATION_CONTEXT(2) 
PARAMETRIC_REPRESENTATION_CONTEXT() REPRESENTATION_CONTEXT('2D SPACE',''
  ) );
#1832 = ORIENTED_EDGE('',*,*,#1781,.F.);
#1833 = ORIENTED_EDGE('',*,*,#1834,.F.);
#1834 = EDGE_CURVE('',#1782,#1782,#1835,.T.);
#1835 = SURFACE_CURVE('',#1836,(#1841,#1848),.PCURVE_S1.);
#1836 = CIRCLE('',#1837,51.13);
#1837 = AXIS2_PLACEMENT_3D('',#1838,#1839,#1840);
#1838 = CARTESIAN_POINT('',(345.9,6.465130754073E-15,357.1));
#1839 = DIRECTION('',(1.,-0.,1.110223024625E-16));
#1840 = DIRECTION('',(1.110223024625E-16,0.,-1.));
#1841 = PCURVE('',#1792,#1842);
#1842 = DEFINITIONAL_REPRESENTATION('',(#1843),#1847);
#1843 = LINE('',#1844,#1845);
#1844 = CARTESIAN_POINT('',(-0.,0.));
#1845 = VECTOR('',#1846,1.);
#1846 = DIRECTION('',(-1.,0.));
#1847 = ( GEOMETRIC_REPRESENTATION_CONTEXT(2) 
PARAMETRIC_REPRESENTATION_CONTEXT() REPRESENTATION_CONTEXT('2D SPACE',''
  ) );
#1848 = PCURVE('',#1766,#1849);
#1849 = DEFINITIONAL_REPRESENTATION('',(#1850),#1854);
#1850 = CIRCLE('',#1851,51.13);
#1851 = AXIS2_PLACEMENT_2D('',#1852,#1853);
#1852 = CARTESIAN_POINT('',(2.84217094304E-13,5.735399844943E-15));
#1853 = DIRECTION('',(1.,0.));
#1854 = ( GEOMETRIC_REPRESENTATION_CONTEXT(2) 
PARAMETRIC_REPRESENTATION_CONTEXT() REPRESENTATION_CONTEXT('2D SPACE',''
  ) );
#1855 = ADVANCED_FACE('',(#1856,#1859),#1766,.F.);
#1856 = FACE_BOUND('',#1857,.F.);
#1857 = EDGE_LOOP('',(#1858));
#1858 = ORIENTED_EDGE('',*,*,#1751,.T.);
#1859 = FACE_BOUND('',#1860,.F.);
#1860 = EDGE_LOOP('',(#1861));
#1861 = ORIENTED_EDGE('',*,*,#1834,.F.);
#1862 = ADVANCED_FACE('',(#1863,#1866),#1738,.T.);
#1863 = FACE_BOUND('',#1864,.T.);
#1864 = EDGE_LOOP('',(#1865));
#1865 = ORIENTED_EDGE('',*,*,#1723,.T.);
#1866 = FACE_BOUND('',#1867,.T.);
#1867 = EDGE_LOOP('',(#1868));
#1868 = ORIENTED_EDGE('',*,*,#1811,.F.);
#1869 = ( GEOMETRIC_REPRESENTATION_CONTEXT(3) 
GLOBAL_UNCERTAINTY_ASSIGNED_CONTEXT((#1873)) 
GLOBAL_UNIT_ASSIGNED_CONTEXT((#1870,#1871,#1872)) REPRESENTATION_CONTEXT
('Context #1','3D Context with UNIT and UNCERTAINTY') );
#1870 = ( LENGTH_UNIT() NAMED_UNIT(*) SI_UNIT(.MILLI.,.METRE.) );
#1871 = ( NAMED_UNIT(*) PLANE_ANGLE_UNIT() SI_UNIT($,.RADIAN.) );
#1872 = ( NAMED_UNIT(*) SI_UNIT($,.STERADIAN.) SOLID_ANGLE_UNIT() );
#1873 = UNCERTAINTY_MEASURE_WITH_UNIT(LENGTH_MEASURE(1.E-07),#1870,
  'distance_accuracy_value','confusion accuracy');
#1874 = CONTEXT_DEPENDENT_SHAPE_REPRESENTATION(#1875,#1877);
#1875 = ( REPRESENTATION_RELATIONSHIP('','',#1686,#10) 
REPRESENTATION_RELATIONSHIP_WITH_TRANSFORMATION(#1876) 
SHAPE_REPRESENTATION_RELATIONSHIP() );
#1876 = ITEM_DEFINED_TRANSFORMATION('','',#11,#27);
#1877 = PRODUCT_DEFINITION_SHAPE('Placement','Placement of an item',
  #1878);
#1878 = NEXT_ASSEMBLY_USAGE_OCCURRENCE('21','','',#5,#1681,$);
#1879 = PRODUCT_RELATED_PRODUCT_CATEGORY('part',$,(#1683));
#1880 = SHAPE_DEFINITION_REPRESENTATION(#1881,#1887);
#1881 = PRODUCT_DEFINITION_SHAPE('','',#1882);
#1882 = PRODUCT_DEFINITION('design','',#1883,#1886);
#1883 = PRODUCT_DEFINITION_FORMATION('','',#1884);
#1884 = PRODUCT('Open CASCADE STEP translator 7.8 16.5',
  'Open CASCADE STEP translator 7.8 16.5','',(#1885));
#1885 = PRODUCT_CONTEXT('',#2,'mechanical');
#1886 = PRODUCT_DEFINITION_CONTEXT('part definition',#2,'design');
#1887 = ADVANCED_BREP_SHAPE_REPRESENTATION('',(#11,#1888),#3100);
#1888 = MANIFOLD_SOLID_BREP('',#1889);
#1889 = CLOSED_SHELL('',(#1890,#1978,#2293,#2568,#2595,#2622,#2649,#2676
    ,#2703,#2758,#2785,#2812,#2839,#2894,#2949,#2988,#3043,#3093));
#1890 = ADVANCED_FACE('',(#1891),#1905,.T.);
#1891 = FACE_BOUND('',#1892,.F.);
#1892 = EDGE_LOOP('',(#1893,#1923,#1950,#1951));
#1893 = ORIENTED_EDGE('',*,*,#1894,.T.);
#1894 = EDGE_CURVE('',#1895,#1897,#1899,.T.);
#1895 = VERTEX_POINT('',#1896);
#1896 = CARTESIAN_POINT('',(698.4,0.,242.8));
#1897 = VERTEX_POINT('',#1898);
#1898 = CARTESIAN_POINT('',(722.2,0.,242.8));
#1899 = SEAM_CURVE('',#1900,(#1904,#1916),.PCURVE_S1.);
#1900 = LINE('',#1901,#1902);
#1901 = CARTESIAN_POINT('',(698.4,0.,242.8));
#1902 = VECTOR('',#1903,1.);
#1903 = DIRECTION('',(1.,0.,1.110223024625E-16));
#1904 = PCURVE('',#1905,#1910);
#1905 = CYLINDRICAL_SURFACE('',#1906,114.3);
#1906 = AXIS2_PLACEMENT_3D('',#1907,#1908,#1909);
#1907 = CARTESIAN_POINT('',(698.4,0.,357.1));
#1908 = DIRECTION('',(-1.,-0.,-1.110223024625E-16));
#1909 = DIRECTION('',(1.110223024625E-16,0.,-1.));
#1910 = DEFINITIONAL_REPRESENTATION('',(#1911),#1915);
#1911 = LINE('',#1912,#1913);
#1912 = CARTESIAN_POINT('',(-0.,0.));
#1913 = VECTOR('',#1914,1.);
#1914 = DIRECTION('',(-0.,-1.));
#1915 = ( GEOMETRIC_REPRESENTATION_CONTEXT(2) 
PARAMETRIC_REPRESENTATION_CONTEXT() REPRESENTATION_CONTEXT('2D SPACE',''
  ) );
#1916 = PCURVE('',#1905,#1917);
#1917 = DEFINITIONAL_REPRESENTATION('',(#1918),#1922);
#1918 = LINE('',#1919,#1920);
#1919 = CARTESIAN_POINT('',(-6.28318530718,0.));
#1920 = VECTOR('',#1921,1.);
#1921 = DIRECTION('',(-0.,-1.));
#1922 = ( GEOMETRIC_REPRESENTATION_CONTEXT(2) 
PARAMETRIC_REPRESENTATION_CONTEXT() REPRESENTATION_CONTEXT('2D SPACE',''
  ) );
#1923 = ORIENTED_EDGE('',*,*,#1924,.T.);
#1924 = EDGE_CURVE('',#1897,#1897,#1925,.T.);
#1925 = SURFACE_CURVE('',#1926,(#1931,#1938),.PCURVE_S1.);
#1926 = CIRCLE('',#1927,114.3);
#1927 = AXIS2_PLACEMENT_3D('',#1928,#1929,#1930);
#1928 = CARTESIAN_POINT('',(722.2,0.,357.1));
#1929 = DIRECTION('',(1.,-0.,1.110223024625E-16));
#1930 = DIRECTION('',(1.110223024625E-16,0.,-1.));
#1931 = PCURVE('',#1905,#1932);
#1932 = DEFINITIONAL_REPRESENTATION('',(#1933),#1937);
#1933 = LINE('',#1934,#1935);
#1934 = CARTESIAN_POINT('',(-0.,-23.8));
#1935 = VECTOR('',#1936,1.);
#1936 = DIRECTION('',(-1.,0.));
#1937 = ( GEOMETRIC_REPRESENTATION_CONTEXT(2) 
PARAMETRIC_REPRESENTATION_CONTEXT() REPRESENTATION_CONTEXT('2D SPACE',''
  ) );
#1938 = PCURVE('',#1939,#1944);
#1939 = PLANE('',#1940);
#1940 = AXIS2_PLACEMENT_3D('',#1941,#1942,#1943);
#1941 = CARTESIAN_POINT('',(722.2,1.45946181826E-15,357.1));
#1942 = DIRECTION('',(1.,0.,1.110223024625E-16));
#1943 = DIRECTION('',(1.110223024625E-16,0.,-1.));
#1944 = DEFINITIONAL_REPRESENTATION('',(#1945),#1949);
#1945 = CIRCLE('',#1946,114.3);
#1946 = AXIS2_PLACEMENT_2D('',#1947,#1948);
#1947 = CARTESIAN_POINT('',(0.,-1.45946181826E-15));
#1948 = DIRECTION('',(1.,0.));
#1949 = ( GEOMETRIC_REPRESENTATION_CONTEXT(2) 
PARAMETRIC_REPRESENTATION_CONTEXT() REPRESENTATION_CONTEXT('2D SPACE',''
  ) );
#1950 = ORIENTED_EDGE('',*,*,#1894,.F.);
#1951 = ORIENTED_EDGE('',*,*,#1952,.F.);
#1952 = EDGE_CURVE('',#1895,#1895,#1953,.T.);
#1953 = SURFACE_CURVE('',#1954,(#1959,#1966),.PCURVE_S1.);
#1954 = CIRCLE('',#1955,114.3);
#1955 = AXIS2_PLACEMENT_3D('',#1956,#1957,#1958);
#1956 = CARTESIAN_POINT('',(698.4,0.,357.1));
#1957 = DIRECTION('',(1.,-0.,1.110223024625E-16));
#1958 = DIRECTION('',(1.110223024625E-16,0.,-1.));
#1959 = PCURVE('',#1905,#1960);
#1960 = DEFINITIONAL_REPRESENTATION('',(#1961),#1965);
#1961 = LINE('',#1962,#1963);
#1962 = CARTESIAN_POINT('',(-0.,0.));
#1963 = VECTOR('',#1964,1.);
#1964 = DIRECTION('',(-1.,0.));
#1965 = ( GEOMETRIC_REPRESENTATION_CONTEXT(2) 
PARAMETRIC_REPRESENTATION_CONTEXT() REPRESENTATION_CONTEXT('2D SPACE',''
  ) );
#1966 = PCURVE('',#1967,#1972);
#1967 = PLANE('',#1968);
#1968 = AXIS2_PLACEMENT_3D('',#1969,#1970,#1971);
#1969 = CARTESIAN_POINT('',(698.4,1.45946181826E-15,357.1));
#1970 = DIRECTION('',(1.,0.,1.110223024625E-16));
#1971 = DIRECTION('',(1.110223024625E-16,0.,-1.));
#1972 = DEFINITIONAL_REPRESENTATION('',(#1973),#1977);
#1973 = CIRCLE('',#1974,114.3);
#1974 = AXIS2_PLACEMENT_2D('',#1975,#1976);
#1975 = CARTESIAN_POINT('',(0.,-1.45946181826E-15));
#1976 = DIRECTION('',(1.,0.));
#1977 = ( GEOMETRIC_REPRESENTATION_CONTEXT(2) 
PARAMETRIC_REPRESENTATION_CONTEXT() REPRESENTATION_CONTEXT('2D SPACE',''
  ) );
#1978 = ADVANCED_FACE('',(#1979,#1982,#2017,#2052,#2087,#2122,#2157,
    #2188,#2223,#2258),#1967,.F.);
#1979 = FACE_BOUND('',#1980,.F.);
#1980 = EDGE_LOOP('',(#1981));
#1981 = ORIENTED_EDGE('',*,*,#1952,.T.);
#1982 = FACE_BOUND('',#1983,.F.);
#1983 = EDGE_LOOP('',(#1984));
#1984 = ORIENTED_EDGE('',*,*,#1985,.T.);
#1985 = EDGE_CURVE('',#1986,#1986,#1988,.T.);
#1986 = VERTEX_POINT('',#1987);
#1987 = CARTESIAN_POINT('',(698.4,-74.10479066835,431.20479066835));
#1988 = SURFACE_CURVE('',#1989,(#1994,#2005),.PCURVE_S1.);
#1989 = CIRCLE('',#1990,9.55);
#1990 = AXIS2_PLACEMENT_3D('',#1991,#1992,#1993);
#1991 = CARTESIAN_POINT('',(698.4,-67.35192090801,424.45192090801));
#1992 = DIRECTION('',(-1.,0.,-1.110223024625E-16));
#1993 = DIRECTION('',(-7.850462293419E-17,-0.707106781187,0.707106781187
    ));
#1994 = PCURVE('',#1967,#1995);
#1995 = DEFINITIONAL_REPRESENTATION('',(#1996),#2004);
#1996 = ( BOUNDED_CURVE() B_SPLINE_CURVE(2,(#1997,#1998,#1999,#2000,
#2001,#2002,#2003),.UNSPECIFIED.,.T.,.F.) B_SPLINE_CURVE_WITH_KNOTS((1,2
    ,2,2,2,1),(-2.094395102393,0.,2.094395102393,4.188790204786,
6.28318530718,8.377580409573),.UNSPECIFIED.) CURVE() 
GEOMETRIC_REPRESENTATION_ITEM() RATIONAL_B_SPLINE_CURVE((1.,0.5,1.,0.5,
1.,0.5,1.)) REPRESENTATION_ITEM('') );
#1997 = CARTESIAN_POINT('',(-74.10479066835,-74.10479066835));
#1998 = CARTESIAN_POINT('',(-85.80110419014,-62.40847714656));
#1999 = CARTESIAN_POINT('',(-69.82364278874,-58.12732926695));
#2000 = CARTESIAN_POINT('',(-53.84618138735,-53.84618138735));
#2001 = CARTESIAN_POINT('',(-58.12732926695,-69.82364278874));
#2002 = CARTESIAN_POINT('',(-62.40847714656,-85.80110419014));
#2003 = CARTESIAN_POINT('',(-74.10479066835,-74.10479066835));
#2004 = ( GEOMETRIC_REPRESENTATION_CONTEXT(2) 
PARAMETRIC_REPRESENTATION_CONTEXT() REPRESENTATION_CONTEXT('2D SPACE',''
  ) );
#2005 = PCURVE('',#2006,#2011);
#2006 = CYLINDRICAL_SURFACE('',#2007,9.55);
#2007 = AXIS2_PLACEMENT_3D('',#2008,#2009,#2010);
#2008 = CARTESIAN_POINT('',(697.4,-67.35192090801,424.45192090801));
#2009 = DIRECTION('',(-1.,-0.,-1.110223024625E-16));
#2010 = DIRECTION('',(-7.850462293419E-17,-0.707106781187,0.707106781187
    ));
#2011 = DEFINITIONAL_REPRESENTATION('',(#2012),#2016);
#2012 = LINE('',#2013,#2014);
#2013 = CARTESIAN_POINT('',(-6.28318530718,-1.));
#2014 = VECTOR('',#2015,1.);
#2015 = DIRECTION('',(1.,-0.));
#2016 = ( GEOMETRIC_REPRESENTATION_CONTEXT(2) 
PARAMETRIC_REPRESENTATION_CONTEXT() REPRESENTATION_CONTEXT('2D SPACE',''
  ) );
#2017 = FACE_BOUND('',#2018,.F.);
#2018 = EDGE_LOOP('',(#2019));
#2019 = ORIENTED_EDGE('',*,*,#2020,.T.);
#2020 = EDGE_CURVE('',#2021,#2021,#2023,.T.);
#2021 = VERTEX_POINT('',#2022);
#2022 = CARTESIAN_POINT('',(698.4,-104.8,357.1));
#2023 = SURFACE_CURVE('',#2024,(#2029,#2040),.PCURVE_S1.);
#2024 = CIRCLE('',#2025,9.55);
#2025 = AXIS2_PLACEMENT_3D('',#2026,#2027,#2028);
#2026 = CARTESIAN_POINT('',(698.4,-95.25,357.1));
#2027 = DIRECTION('',(-1.,0.,-1.110223024625E-16));
#2028 = DIRECTION('',(-2.465190328816E-32,-1.,2.22044604925E-16));
#2029 = PCURVE('',#1967,#2030);
#2030 = DEFINITIONAL_REPRESENTATION('',(#2031),#2039);
#2031 = ( BOUNDED_CURVE() B_SPLINE_CURVE(2,(#2032,#2033,#2034,#2035,
#2036,#2037,#2038),.UNSPECIFIED.,.T.,.F.) B_SPLINE_CURVE_WITH_KNOTS((1,2
    ,2,2,2,1),(-2.094395102393,0.,2.094395102393,4.188790204786,
6.28318530718,8.377580409573),.UNSPECIFIED.) CURVE() 
GEOMETRIC_REPRESENTATION_ITEM() RATIONAL_B_SPLINE_CURVE((1.,0.5,1.,0.5,
1.,0.5,1.)) REPRESENTATION_ITEM('') );
#2032 = CARTESIAN_POINT('',(-2.120525977034E-15,-104.8));
#2033 = CARTESIAN_POINT('',(-16.54108521228,-104.8));
#2034 = CARTESIAN_POINT('',(-8.270542606141,-90.475));
#2035 = CARTESIAN_POINT('',(1.901976567697E-15,-76.15));
#2036 = CARTESIAN_POINT('',(8.270542606141,-90.475));
#2037 = CARTESIAN_POINT('',(16.541085212283,-104.8));
#2038 = CARTESIAN_POINT('',(-2.120525977034E-15,-104.8));
#2039 = ( GEOMETRIC_REPRESENTATION_CONTEXT(2) 
PARAMETRIC_REPRESENTATION_CONTEXT() REPRESENTATION_CONTEXT('2D SPACE',''
  ) );
#2040 = PCURVE('',#2041,#2046);
#2041 = CYLINDRICAL_SURFACE('',#2042,9.55);
#2042 = AXIS2_PLACEMENT_3D('',#2043,#2044,#2045);
#2043 = CARTESIAN_POINT('',(697.4,-95.25,357.1));
#2044 = DIRECTION('',(-1.,-0.,-1.110223024625E-16));
#2045 = DIRECTION('',(-2.465190328816E-32,-1.,2.22044604925E-16));
#2046 = DEFINITIONAL_REPRESENTATION('',(#2047),#2051);
#2047 = LINE('',#2048,#2049);
#2048 = CARTESIAN_POINT('',(-6.28318530718,-1.));
#2049 = VECTOR('',#2050,1.);
#2050 = DIRECTION('',(1.,-0.));
#2051 = ( GEOMETRIC_REPRESENTATION_CONTEXT(2) 
PARAMETRIC_REPRESENTATION_CONTEXT() REPRESENTATION_CONTEXT('2D SPACE',''
  ) );
#2052 = FACE_BOUND('',#2053,.F.);
#2053 = EDGE_LOOP('',(#2054));
#2054 = ORIENTED_EDGE('',*,*,#2055,.T.);
#2055 = EDGE_CURVE('',#2056,#2056,#2058,.T.);
#2056 = VERTEX_POINT('',#2057);
#2057 = CARTESIAN_POINT('',(698.4,-74.10479066835,282.99520933165));
#2058 = SURFACE_CURVE('',#2059,(#2064,#2075),.PCURVE_S1.);
#2059 = CIRCLE('',#2060,9.55);
#2060 = AXIS2_PLACEMENT_3D('',#2061,#2062,#2063);
#2061 = CARTESIAN_POINT('',(698.4,-67.35192090801,289.74807909198));
#2062 = DIRECTION('',(-1.,0.,-1.110223024625E-16));
#2063 = DIRECTION('',(7.850462293419E-17,-0.707106781187,-0.707106781187
    ));
#2064 = PCURVE('',#1967,#2065);
#2065 = DEFINITIONAL_REPRESENTATION('',(#2066),#2074);
#2066 = ( BOUNDED_CURVE() B_SPLINE_CURVE(2,(#2067,#2068,#2069,#2070,
#2071,#2072,#2073),.UNSPECIFIED.,.T.,.F.) B_SPLINE_CURVE_WITH_KNOTS((1,2
    ,2,2,2,1),(-2.094395102393,0.,2.094395102393,4.188790204786,
6.28318530718,8.377580409573),.UNSPECIFIED.) CURVE() 
GEOMETRIC_REPRESENTATION_ITEM() RATIONAL_B_SPLINE_CURVE((1.,0.5,1.,0.5,
1.,0.5,1.)) REPRESENTATION_ITEM('') );
#2067 = CARTESIAN_POINT('',(74.10479066835,-74.10479066835));
#2068 = CARTESIAN_POINT('',(62.408477146561,-85.80110419014));
#2069 = CARTESIAN_POINT('',(58.127329266958,-69.82364278874));
#2070 = CARTESIAN_POINT('',(53.846181387356,-53.84618138735));
#2071 = CARTESIAN_POINT('',(69.823642788748,-58.12732926695));
#2072 = CARTESIAN_POINT('',(85.80110419014,-62.40847714656));
#2073 = CARTESIAN_POINT('',(74.10479066835,-74.10479066835));
#2074 = ( GEOMETRIC_REPRESENTATION_CONTEXT(2) 
PARAMETRIC_REPRESENTATION_CONTEXT() REPRESENTATION_CONTEXT('2D SPACE',''
  ) );
#2075 = PCURVE('',#2076,#2081);
#2076 = CYLINDRICAL_SURFACE('',#2077,9.55);
#2077 = AXIS2_PLACEMENT_3D('',#2078,#2079,#2080);
#2078 = CARTESIAN_POINT('',(697.4,-67.35192090801,289.74807909198));
#2079 = DIRECTION('',(-1.,0.,-1.110223024625E-16));
#2080 = DIRECTION('',(7.850462293419E-17,-0.707106781187,-0.707106781187
    ));
#2081 = DEFINITIONAL_REPRESENTATION('',(#2082),#2086);
#2082 = LINE('',#2083,#2084);
#2083 = CARTESIAN_POINT('',(-6.28318530718,-1.));
#2084 = VECTOR('',#2085,1.);
#2085 = DIRECTION('',(1.,-0.));
#2086 = ( GEOMETRIC_REPRESENTATION_CONTEXT(2) 
PARAMETRIC_REPRESENTATION_CONTEXT() REPRESENTATION_CONTEXT('2D SPACE',''
  ) );
#2087 = FACE_BOUND('',#2088,.F.);
#2088 = EDGE_LOOP('',(#2089));
#2089 = ORIENTED_EDGE('',*,*,#2090,.T.);
#2090 = EDGE_CURVE('',#2091,#2091,#2093,.T.);
#2091 = VERTEX_POINT('',#2092);
#2092 = CARTESIAN_POINT('',(698.4,1.283429845506E-14,461.9));
#2093 = SURFACE_CURVE('',#2094,(#2099,#2110),.PCURVE_S1.);
#2094 = CIRCLE('',#2095,9.55);
#2095 = AXIS2_PLACEMENT_3D('',#2096,#2097,#2098);
#2096 = CARTESIAN_POINT('',(698.4,1.166476076188E-14,452.35));
#2097 = DIRECTION('',(-1.,0.,-1.110223024625E-16));
#2098 = DIRECTION('',(-1.110223024625E-16,1.224646799147E-16,1.));
#2099 = PCURVE('',#1967,#2100);
#2100 = DEFINITIONAL_REPRESENTATION('',(#2101),#2109);
#2101 = ( BOUNDED_CURVE() B_SPLINE_CURVE(2,(#2102,#2103,#2104,#2105,
#2106,#2107,#2108),.UNSPECIFIED.,.T.,.F.) B_SPLINE_CURVE_WITH_KNOTS((1,2
    ,2,2,2,1),(-2.094395102393,0.,2.094395102393,4.188790204786,
6.28318530718,8.377580409573),.UNSPECIFIED.) CURVE() 
GEOMETRIC_REPRESENTATION_ITEM() RATIONAL_B_SPLINE_CURVE((1.,0.5,1.,0.5,
1.,0.5,1.)) REPRESENTATION_ITEM('') );
#2102 = CARTESIAN_POINT('',(-104.8,1.13748366368E-14));
#2103 = CARTESIAN_POINT('',(-104.8,16.541085212283));
#2104 = CARTESIAN_POINT('',(-90.475,8.270542606141));
#2105 = CARTESIAN_POINT('',(-76.15,1.020529894362E-14));
#2106 = CARTESIAN_POINT('',(-90.475,-8.270542606141));
#2107 = CARTESIAN_POINT('',(-104.8,-16.54108521228));
#2108 = CARTESIAN_POINT('',(-104.8,1.13748366368E-14));
#2109 = ( GEOMETRIC_REPRESENTATION_CONTEXT(2) 
PARAMETRIC_REPRESENTATION_CONTEXT() REPRESENTATION_CONTEXT('2D SPACE',''
  ) );
#2110 = PCURVE('',#2111,#2116);
#2111 = CYLINDRICAL_SURFACE('',#2112,9.55);
#2112 = AXIS2_PLACEMENT_3D('',#2113,#2114,#2115);
#2113 = CARTESIAN_POINT('',(697.4,1.166476076188E-14,452.35));
#2114 = DIRECTION('',(-1.,-0.,-1.110223024625E-16));
#2115 = DIRECTION('',(-1.110223024625E-16,1.224646799147E-16,1.));
#2116 = DEFINITIONAL_REPRESENTATION('',(#2117),#2121);
#2117 = LINE('',#2118,#2119);
#2118 = CARTESIAN_POINT('',(-6.28318530718,-1.));
#2119 = VECTOR('',#2120,1.);
#2120 = DIRECTION('',(1.,-0.));
#2121 = ( GEOMETRIC_REPRESENTATION_CONTEXT(2) 
PARAMETRIC_REPRESENTATION_CONTEXT() REPRESENTATION_CONTEXT('2D SPACE',''
  ) );
#2122 = FACE_BOUND('',#2123,.F.);
#2123 = EDGE_LOOP('',(#2124));
#2124 = ORIENTED_EDGE('',*,*,#2125,.T.);
#2125 = EDGE_CURVE('',#2126,#2126,#2128,.T.);
#2126 = VERTEX_POINT('',#2127);
#2127 = CARTESIAN_POINT('',(698.4,74.10479066835,431.20479066835));
#2128 = SURFACE_CURVE('',#2129,(#2134,#2145),.PCURVE_S1.);
#2129 = CIRCLE('',#2130,9.55);
#2130 = AXIS2_PLACEMENT_3D('',#2131,#2132,#2133);
#2131 = CARTESIAN_POINT('',(698.4,67.351920908019,424.45192090801));
#2132 = DIRECTION('',(-1.,0.,-1.110223024625E-16));
#2133 = DIRECTION('',(-7.850462293419E-17,0.707106781187,0.707106781187)
  );
#2134 = PCURVE('',#1967,#2135);
#2135 = DEFINITIONAL_REPRESENTATION('',(#2136),#2144);
#2136 = ( BOUNDED_CURVE() B_SPLINE_CURVE(2,(#2137,#2138,#2139,#2140,
#2141,#2142,#2143),.UNSPECIFIED.,.T.,.F.) B_SPLINE_CURVE_WITH_KNOTS((1,2
    ,2,2,2,1),(-2.094395102393,0.,2.094395102393,4.188790204786,
6.28318530718,8.377580409573),.UNSPECIFIED.) CURVE() 
GEOMETRIC_REPRESENTATION_ITEM() RATIONAL_B_SPLINE_CURVE((1.,0.5,1.,0.5,
1.,0.5,1.)) REPRESENTATION_ITEM('') );
#2137 = CARTESIAN_POINT('',(-74.10479066835,74.10479066835));
#2138 = CARTESIAN_POINT('',(-62.40847714656,85.80110419014));
#2139 = CARTESIAN_POINT('',(-58.12732926695,69.823642788748));
#2140 = CARTESIAN_POINT('',(-53.84618138735,53.846181387356));
#2141 = CARTESIAN_POINT('',(-69.82364278874,58.127329266958));
#2142 = CARTESIAN_POINT('',(-85.80110419014,62.408477146561));
#2143 = CARTESIAN_POINT('',(-74.10479066835,74.10479066835));
#2144 = ( GEOMETRIC_REPRESENTATION_CONTEXT(2) 
PARAMETRIC_REPRESENTATION_CONTEXT() REPRESENTATION_CONTEXT('2D SPACE',''
  ) );
#2145 = PCURVE('',#2146,#2151);
#2146 = CYLINDRICAL_SURFACE('',#2147,9.55);
#2147 = AXIS2_PLACEMENT_3D('',#2148,#2149,#2150);
#2148 = CARTESIAN_POINT('',(697.4,67.351920908019,424.45192090801));
#2149 = DIRECTION('',(-1.,-0.,-1.110223024625E-16));
#2150 = DIRECTION('',(-7.850462293419E-17,0.707106781187,0.707106781187)
  );
#2151 = DEFINITIONAL_REPRESENTATION('',(#2152),#2156);
#2152 = LINE('',#2153,#2154);
#2153 = CARTESIAN_POINT('',(-6.28318530718,-1.));
#2154 = VECTOR('',#2155,1.);
#2155 = DIRECTION('',(1.,-0.));
#2156 = ( GEOMETRIC_REPRESENTATION_CONTEXT(2) 
PARAMETRIC_REPRESENTATION_CONTEXT() REPRESENTATION_CONTEXT('2D SPACE',''
  ) );
#2157 = FACE_BOUND('',#2158,.F.);
#2158 = EDGE_LOOP('',(#2159));
#2159 = ORIENTED_EDGE('',*,*,#2160,.F.);
#2160 = EDGE_CURVE('',#2161,#2161,#2163,.T.);
#2161 = VERTEX_POINT('',#2162);
#2162 = CARTESIAN_POINT('',(698.4,0.,285.65));
#2163 = SURFACE_CURVE('',#2164,(#2169,#2176),.PCURVE_S1.);
#2164 = CIRCLE('',#2165,71.45);
#2165 = AXIS2_PLACEMENT_3D('',#2166,#2167,#2168);
#2166 = CARTESIAN_POINT('',(698.4,0.,357.1));
#2167 = DIRECTION('',(1.,-0.,1.110223024625E-16));
#2168 = DIRECTION('',(1.110223024625E-16,0.,-1.));
#2169 = PCURVE('',#1967,#2170);
#2170 = DEFINITIONAL_REPRESENTATION('',(#2171),#2175);
#2171 = CIRCLE('',#2172,71.45);
#2172 = AXIS2_PLACEMENT_2D('',#2173,#2174);
#2173 = CARTESIAN_POINT('',(0.,-1.45946181826E-15));
#2174 = DIRECTION('',(1.,0.));
#2175 = ( GEOMETRIC_REPRESENTATION_CONTEXT(2) 
PARAMETRIC_REPRESENTATION_CONTEXT() REPRESENTATION_CONTEXT('2D SPACE',''
  ) );
#2176 = PCURVE('',#2177,#2182);
#2177 = CYLINDRICAL_SURFACE('',#2178,71.45);
#2178 = AXIS2_PLACEMENT_3D('',#2179,#2180,#2181);
#2179 = CARTESIAN_POINT('',(698.4,0.,357.1));
#2180 = DIRECTION('',(-1.,-0.,-1.110223024625E-16));
#2181 = DIRECTION('',(1.110223024625E-16,0.,-1.));
#2182 = DEFINITIONAL_REPRESENTATION('',(#2183),#2187);
#2183 = LINE('',#2184,#2185);
#2184 = CARTESIAN_POINT('',(-0.,0.));
#2185 = VECTOR('',#2186,1.);
#2186 = DIRECTION('',(-1.,0.));
#2187 = ( GEOMETRIC_REPRESENTATION_CONTEXT(2) 
PARAMETRIC_REPRESENTATION_CONTEXT() REPRESENTATION_CONTEXT('2D SPACE',''
  ) );
#2188 = FACE_BOUND('',#2189,.F.);
#2189 = EDGE_LOOP('',(#2190));
#2190 = ORIENTED_EDGE('',*,*,#2191,.T.);
#2191 = EDGE_CURVE('',#2192,#2192,#2194,.T.);
#2192 = VERTEX_POINT('',#2193);
#2193 = CARTESIAN_POINT('',(698.4,0.,252.3));
#2194 = SURFACE_CURVE('',#2195,(#2200,#2211),.PCURVE_S1.);
#2195 = CIRCLE('',#2196,9.55);
#2196 = AXIS2_PLACEMENT_3D('',#2197,#2198,#2199);
#2197 = CARTESIAN_POINT('',(698.4,0.,261.85));
#2198 = DIRECTION('',(-1.,-0.,-1.110223024625E-16));
#2199 = DIRECTION('',(1.110223024625E-16,0.,-1.));
#2200 = PCURVE('',#1967,#2201);
#2201 = DEFINITIONAL_REPRESENTATION('',(#2202),#2210);
#2202 = ( BOUNDED_CURVE() B_SPLINE_CURVE(2,(#2203,#2204,#2205,#2206,
#2207,#2208,#2209),.UNSPECIFIED.,.T.,.F.) B_SPLINE_CURVE_WITH_KNOTS((1,2
    ,2,2,2,1),(-2.094395102393,0.,2.094395102393,4.188790204786,
6.28318530718,8.377580409573),.UNSPECIFIED.) CURVE() 
GEOMETRIC_REPRESENTATION_ITEM() RATIONAL_B_SPLINE_CURVE((1.,0.5,1.,0.5,
1.,0.5,1.)) REPRESENTATION_ITEM('') );
#2203 = CARTESIAN_POINT('',(104.8,-1.45946181826E-15));
#2204 = CARTESIAN_POINT('',(104.8,-16.54108521228));
#2205 = CARTESIAN_POINT('',(90.475,-8.270542606141));
#2206 = CARTESIAN_POINT('',(76.15,-3.798537204631E-15));
#2207 = CARTESIAN_POINT('',(90.475,8.270542606141));
#2208 = CARTESIAN_POINT('',(104.8,16.541085212283));
#2209 = CARTESIAN_POINT('',(104.8,-1.45946181826E-15));
#2210 = ( GEOMETRIC_REPRESENTATION_CONTEXT(2) 
PARAMETRIC_REPRESENTATION_CONTEXT() REPRESENTATION_CONTEXT('2D SPACE',''
  ) );
#2211 = PCURVE('',#2212,#2217);
#2212 = CYLINDRICAL_SURFACE('',#2213,9.55);
#2213 = AXIS2_PLACEMENT_3D('',#2214,#2215,#2216);
#2214 = CARTESIAN_POINT('',(697.4,0.,261.85));
#2215 = DIRECTION('',(-1.,-0.,-1.110223024625E-16));
#2216 = DIRECTION('',(1.110223024625E-16,0.,-1.));
#2217 = DEFINITIONAL_REPRESENTATION('',(#2218),#2222);
#2218 = LINE('',#2219,#2220);
#2219 = CARTESIAN_POINT('',(-6.28318530718,-1.));
#2220 = VECTOR('',#2221,1.);
#2221 = DIRECTION('',(1.,-0.));
#2222 = ( GEOMETRIC_REPRESENTATION_CONTEXT(2) 
PARAMETRIC_REPRESENTATION_CONTEXT() REPRESENTATION_CONTEXT('2D SPACE',''
  ) );
#2223 = FACE_BOUND('',#2224,.F.);
#2224 = EDGE_LOOP('',(#2225));
#2225 = ORIENTED_EDGE('',*,*,#2226,.T.);
#2226 = EDGE_CURVE('',#2227,#2227,#2229,.T.);
#2227 = VERTEX_POINT('',#2228);
#2228 = CARTESIAN_POINT('',(698.4,104.8,357.1));
#2229 = SURFACE_CURVE('',#2230,(#2235,#2246),.PCURVE_S1.);
#2230 = CIRCLE('',#2231,9.55);
#2231 = AXIS2_PLACEMENT_3D('',#2232,#2233,#2234);
#2232 = CARTESIAN_POINT('',(698.4,95.25,357.1));
#2233 = DIRECTION('',(-1.,0.,-1.110223024625E-16));
#2234 = DIRECTION('',(1.232595164408E-32,1.,-1.110223024625E-16));
#2235 = PCURVE('',#1967,#2236);
#2236 = DEFINITIONAL_REPRESENTATION('',(#2237),#2245);
#2237 = ( BOUNDED_CURVE() B_SPLINE_CURVE(2,(#2238,#2239,#2240,#2241,
#2242,#2243,#2244),.UNSPECIFIED.,.T.,.F.) B_SPLINE_CURVE_WITH_KNOTS((1,2
    ,2,2,2,1),(-2.094395102393,0.,2.094395102393,4.188790204786,
6.28318530718,8.377580409573),.UNSPECIFIED.) CURVE() 
GEOMETRIC_REPRESENTATION_ITEM() RATIONAL_B_SPLINE_CURVE((1.,0.5,1.,0.5,
1.,0.5,1.)) REPRESENTATION_ITEM('') );
#2238 = CARTESIAN_POINT('',(1.060262988517E-15,104.8));
#2239 = CARTESIAN_POINT('',(16.541085212283,104.8));
#2240 = CARTESIAN_POINT('',(8.270542606141,90.475));
#2241 = CARTESIAN_POINT('',(2.185494093374E-16,76.15));
#2242 = CARTESIAN_POINT('',(-8.270542606141,90.475));
#2243 = CARTESIAN_POINT('',(-16.54108521228,104.8));
#2244 = CARTESIAN_POINT('',(1.060262988517E-15,104.8));
#2245 = ( GEOMETRIC_REPRESENTATION_CONTEXT(2) 
PARAMETRIC_REPRESENTATION_CONTEXT() REPRESENTATION_CONTEXT('2D SPACE',''
  ) );
#2246 = PCURVE('',#2247,#2252);
#2247 = CYLINDRICAL_SURFACE('',#2248,9.55);
#2248 = AXIS2_PLACEMENT_3D('',#2249,#2250,#2251);
#2249 = CARTESIAN_POINT('',(697.4,95.25,357.1));
#2250 = DIRECTION('',(-1.,0.,-1.110223024625E-16));
#2251 = DIRECTION('',(1.232595164408E-32,1.,-1.110223024625E-16));
#2252 = DEFINITIONAL_REPRESENTATION('',(#2253),#2257);
#2253 = LINE('',#2254,#2255);
#2254 = CARTESIAN_POINT('',(-6.28318530718,-1.));
#2255 = VECTOR('',#2256,1.);
#2256 = DIRECTION('',(1.,-0.));
#2257 = ( GEOMETRIC_REPRESENTATION_CONTEXT(2) 
PARAMETRIC_REPRESENTATION_CONTEXT() REPRESENTATION_CONTEXT('2D SPACE',''
  ) );
#2258 = FACE_BOUND('',#2259,.F.);
#2259 = EDGE_LOOP('',(#2260));
#2260 = ORIENTED_EDGE('',*,*,#2261,.T.);
#2261 = EDGE_CURVE('',#2262,#2262,#2264,.T.);
#2262 = VERTEX_POINT('',#2263);
#2263 = CARTESIAN_POINT('',(698.4,74.10479066835,282.99520933165));
#2264 = SURFACE_CURVE('',#2265,(#2270,#2281),.PCURVE_S1.);
#2265 = CIRCLE('',#2266,9.55);
#2266 = AXIS2_PLACEMENT_3D('',#2267,#2268,#2269);
#2267 = CARTESIAN_POINT('',(698.4,67.351920908019,289.74807909198));
#2268 = DIRECTION('',(-1.,0.,-1.110223024625E-16));
#2269 = DIRECTION('',(7.850462293419E-17,0.707106781187,-0.707106781187)
  );
#2270 = PCURVE('',#1967,#2271);
#2271 = DEFINITIONAL_REPRESENTATION('',(#2272),#2280);
#2272 = ( BOUNDED_CURVE() B_SPLINE_CURVE(2,(#2273,#2274,#2275,#2276,
#2277,#2278,#2279),.UNSPECIFIED.,.T.,.F.) B_SPLINE_CURVE_WITH_KNOTS((1,2
    ,2,2,2,1),(-2.094395102393,0.,2.094395102393,4.188790204786,
6.28318530718,8.377580409573),.UNSPECIFIED.) CURVE() 
GEOMETRIC_REPRESENTATION_ITEM() RATIONAL_B_SPLINE_CURVE((1.,0.5,1.,0.5,
1.,0.5,1.)) REPRESENTATION_ITEM('') );
#2273 = CARTESIAN_POINT('',(74.10479066835,74.10479066835));
#2274 = CARTESIAN_POINT('',(85.80110419014,62.408477146561));
#2275 = CARTESIAN_POINT('',(69.823642788748,58.127329266958));
#2276 = CARTESIAN_POINT('',(53.846181387356,53.846181387356));
#2277 = CARTESIAN_POINT('',(58.127329266958,69.823642788748));
#2278 = CARTESIAN_POINT('',(62.408477146561,85.80110419014));
#2279 = CARTESIAN_POINT('',(74.10479066835,74.10479066835));
#2280 = ( GEOMETRIC_REPRESENTATION_CONTEXT(2) 
PARAMETRIC_REPRESENTATION_CONTEXT() REPRESENTATION_CONTEXT('2D SPACE',''
  ) );
#2281 = PCURVE('',#2282,#2287);
#2282 = CYLINDRICAL_SURFACE('',#2283,9.55);
#2283 = AXIS2_PLACEMENT_3D('',#2284,#2285,#2286);
#2284 = CARTESIAN_POINT('',(697.4,67.351920908019,289.74807909198));
#2285 = DIRECTION('',(-1.,0.,-1.110223024625E-16));
#2286 = DIRECTION('',(7.850462293419E-17,0.707106781187,-0.707106781187)
  );
#2287 = DEFINITIONAL_REPRESENTATION('',(#2288),#2292);
#2288 = LINE('',#2289,#2290);
#2289 = CARTESIAN_POINT('',(-6.28318530718,-1.));
#2290 = VECTOR('',#2291,1.);
#2291 = DIRECTION('',(1.,-0.));
#2292 = ( GEOMETRIC_REPRESENTATION_CONTEXT(2) 
PARAMETRIC_REPRESENTATION_CONTEXT() REPRESENTATION_CONTEXT('2D SPACE',''
  ) );
#2293 = ADVANCED_FACE('',(#2294,#2297,#2327,#2357,#2387,#2417,#2447,
    #2478,#2508,#2538),#1939,.T.);
#2294 = FACE_BOUND('',#2295,.T.);
#2295 = EDGE_LOOP('',(#2296));
#2296 = ORIENTED_EDGE('',*,*,#1924,.T.);
#2297 = FACE_BOUND('',#2298,.T.);
#2298 = EDGE_LOOP('',(#2299));
#2299 = ORIENTED_EDGE('',*,*,#2300,.T.);
#2300 = EDGE_CURVE('',#2301,#2301,#2303,.T.);
#2301 = VERTEX_POINT('',#2302);
#2302 = CARTESIAN_POINT('',(722.2,-74.10479066835,431.20479066835));
#2303 = SURFACE_CURVE('',#2304,(#2309,#2320),.PCURVE_S1.);
#2304 = CIRCLE('',#2305,9.55);
#2305 = AXIS2_PLACEMENT_3D('',#2306,#2307,#2308);
#2306 = CARTESIAN_POINT('',(722.2,-67.35192090801,424.45192090801));
#2307 = DIRECTION('',(-1.,0.,-1.110223024625E-16));
#2308 = DIRECTION('',(-7.850462293419E-17,-0.707106781187,0.707106781187
    ));
#2309 = PCURVE('',#1939,#2310);
#2310 = DEFINITIONAL_REPRESENTATION('',(#2311),#2319);
#2311 = ( BOUNDED_CURVE() B_SPLINE_CURVE(2,(#2312,#2313,#2314,#2315,
#2316,#2317,#2318),.UNSPECIFIED.,.T.,.F.) B_SPLINE_CURVE_WITH_KNOTS((1,2
    ,2,2,2,1),(-2.094395102393,0.,2.094395102393,4.188790204786,
6.28318530718,8.377580409573),.UNSPECIFIED.) CURVE() 
GEOMETRIC_REPRESENTATION_ITEM() RATIONAL_B_SPLINE_CURVE((1.,0.5,1.,0.5,
1.,0.5,1.)) REPRESENTATION_ITEM('') );
#2312 = CARTESIAN_POINT('',(-74.10479066835,-74.10479066835));
#2313 = CARTESIAN_POINT('',(-85.80110419014,-62.40847714656));
#2314 = CARTESIAN_POINT('',(-69.82364278874,-58.12732926695));
#2315 = CARTESIAN_POINT('',(-53.84618138735,-53.84618138735));
#2316 = CARTESIAN_POINT('',(-58.12732926695,-69.82364278874));
#2317 = CARTESIAN_POINT('',(-62.40847714656,-85.80110419014));
#2318 = CARTESIAN_POINT('',(-74.10479066835,-74.10479066835));
#2319 = ( GEOMETRIC_REPRESENTATION_CONTEXT(2) 
PARAMETRIC_REPRESENTATION_CONTEXT() REPRESENTATION_CONTEXT('2D SPACE',''
  ) );
#2320 = PCURVE('',#2006,#2321);
#2321 = DEFINITIONAL_REPRESENTATION('',(#2322),#2326);
#2322 = LINE('',#2323,#2324);
#2323 = CARTESIAN_POINT('',(-6.28318530718,-24.8));
#2324 = VECTOR('',#2325,1.);
#2325 = DIRECTION('',(1.,-0.));
#2326 = ( GEOMETRIC_REPRESENTATION_CONTEXT(2) 
PARAMETRIC_REPRESENTATION_CONTEXT() REPRESENTATION_CONTEXT('2D SPACE',''
  ) );
#2327 = FACE_BOUND('',#2328,.T.);
#2328 = EDGE_LOOP('',(#2329));
#2329 = ORIENTED_EDGE('',*,*,#2330,.T.);
#2330 = EDGE_CURVE('',#2331,#2331,#2333,.T.);
#2331 = VERTEX_POINT('',#2332);
#2332 = CARTESIAN_POINT('',(722.2,-104.8,357.1));
#2333 = SURFACE_CURVE('',#2334,(#2339,#2350),.PCURVE_S1.);
#2334 = CIRCLE('',#2335,9.55);
#2335 = AXIS2_PLACEMENT_3D('',#2336,#2337,#2338);
#2336 = CARTESIAN_POINT('',(722.2,-95.25,357.1));
#2337 = DIRECTION('',(-1.,0.,-1.110223024625E-16));
#2338 = DIRECTION('',(-2.465190328816E-32,-1.,2.22044604925E-16));
#2339 = PCURVE('',#1939,#2340);
#2340 = DEFINITIONAL_REPRESENTATION('',(#2341),#2349);
#2341 = ( BOUNDED_CURVE() B_SPLINE_CURVE(2,(#2342,#2343,#2344,#2345,
#2346,#2347,#2348),.UNSPECIFIED.,.T.,.F.) B_SPLINE_CURVE_WITH_KNOTS((1,2
    ,2,2,2,1),(-2.094395102393,0.,2.094395102393,4.188790204786,
6.28318530718,8.377580409573),.UNSPECIFIED.) CURVE() 
GEOMETRIC_REPRESENTATION_ITEM() RATIONAL_B_SPLINE_CURVE((1.,0.5,1.,0.5,
1.,0.5,1.)) REPRESENTATION_ITEM('') );
#2342 = CARTESIAN_POINT('',(-2.120525977034E-15,-104.8));
#2343 = CARTESIAN_POINT('',(-16.54108521228,-104.8));
#2344 = CARTESIAN_POINT('',(-8.270542606141,-90.475));
#2345 = CARTESIAN_POINT('',(1.901976567697E-15,-76.15));
#2346 = CARTESIAN_POINT('',(8.270542606141,-90.475));
#2347 = CARTESIAN_POINT('',(16.541085212283,-104.8));
#2348 = CARTESIAN_POINT('',(-2.120525977034E-15,-104.8));
#2349 = ( GEOMETRIC_REPRESENTATION_CONTEXT(2) 
PARAMETRIC_REPRESENTATION_CONTEXT() REPRESENTATION_CONTEXT('2D SPACE',''
  ) );
#2350 = PCURVE('',#2041,#2351);
#2351 = DEFINITIONAL_REPRESENTATION('',(#2352),#2356);
#2352 = LINE('',#2353,#2354);
#2353 = CARTESIAN_POINT('',(-6.28318530718,-24.8));
#2354 = VECTOR('',#2355,1.);
#2355 = DIRECTION('',(1.,-0.));
#2356 = ( GEOMETRIC_REPRESENTATION_CONTEXT(2) 
PARAMETRIC_REPRESENTATION_CONTEXT() REPRESENTATION_CONTEXT('2D SPACE',''
  ) );
#2357 = FACE_BOUND('',#2358,.T.);
#2358 = EDGE_LOOP('',(#2359));
#2359 = ORIENTED_EDGE('',*,*,#2360,.T.);
#2360 = EDGE_CURVE('',#2361,#2361,#2363,.T.);
#2361 = VERTEX_POINT('',#2362);
#2362 = CARTESIAN_POINT('',(722.2,-74.10479066835,282.99520933165));
#2363 = SURFACE_CURVE('',#2364,(#2369,#2380),.PCURVE_S1.);
#2364 = CIRCLE('',#2365,9.55);
#2365 = AXIS2_PLACEMENT_3D('',#2366,#2367,#2368);
#2366 = CARTESIAN_POINT('',(722.2,-67.35192090801,289.74807909198));
#2367 = DIRECTION('',(-1.,0.,-1.110223024625E-16));
#2368 = DIRECTION('',(7.850462293419E-17,-0.707106781187,-0.707106781187
    ));
#2369 = PCURVE('',#1939,#2370);
#2370 = DEFINITIONAL_REPRESENTATION('',(#2371),#2379);
#2371 = ( BOUNDED_CURVE() B_SPLINE_CURVE(2,(#2372,#2373,#2374,#2375,
#2376,#2377,#2378),.UNSPECIFIED.,.T.,.F.) B_SPLINE_CURVE_WITH_KNOTS((1,2
    ,2,2,2,1),(-2.094395102393,0.,2.094395102393,4.188790204786,
6.28318530718,8.377580409573),.UNSPECIFIED.) CURVE() 
GEOMETRIC_REPRESENTATION_ITEM() RATIONAL_B_SPLINE_CURVE((1.,0.5,1.,0.5,
1.,0.5,1.)) REPRESENTATION_ITEM('') );
#2372 = CARTESIAN_POINT('',(74.10479066835,-74.10479066835));
#2373 = CARTESIAN_POINT('',(62.408477146561,-85.80110419014));
#2374 = CARTESIAN_POINT('',(58.127329266958,-69.82364278874));
#2375 = CARTESIAN_POINT('',(53.846181387356,-53.84618138735));
#2376 = CARTESIAN_POINT('',(69.823642788748,-58.12732926695));
#2377 = CARTESIAN_POINT('',(85.80110419014,-62.40847714656));
#2378 = CARTESIAN_POINT('',(74.10479066835,-74.10479066835));
#2379 = ( GEOMETRIC_REPRESENTATION_CONTEXT(2) 
PARAMETRIC_REPRESENTATION_CONTEXT() REPRESENTATION_CONTEXT('2D SPACE',''
  ) );
#2380 = PCURVE('',#2076,#2381);
#2381 = DEFINITIONAL_REPRESENTATION('',(#2382),#2386);
#2382 = LINE('',#2383,#2384);
#2383 = CARTESIAN_POINT('',(-6.28318530718,-24.8));
#2384 = VECTOR('',#2385,1.);
#2385 = DIRECTION('',(1.,-0.));
#2386 = ( GEOMETRIC_REPRESENTATION_CONTEXT(2) 
PARAMETRIC_REPRESENTATION_CONTEXT() REPRESENTATION_CONTEXT('2D SPACE',''
  ) );
#2387 = FACE_BOUND('',#2388,.T.);
#2388 = EDGE_LOOP('',(#2389));
#2389 = ORIENTED_EDGE('',*,*,#2390,.T.);
#2390 = EDGE_CURVE('',#2391,#2391,#2393,.T.);
#2391 = VERTEX_POINT('',#2392);
#2392 = CARTESIAN_POINT('',(722.2,1.283429845506E-14,461.9));
#2393 = SURFACE_CURVE('',#2394,(#2399,#2410),.PCURVE_S1.);
#2394 = CIRCLE('',#2395,9.55);
#2395 = AXIS2_PLACEMENT_3D('',#2396,#2397,#2398);
#2396 = CARTESIAN_POINT('',(722.2,1.166476076188E-14,452.35));
#2397 = DIRECTION('',(-1.,0.,-1.110223024625E-16));
#2398 = DIRECTION('',(-1.110223024625E-16,1.224646799147E-16,1.));
#2399 = PCURVE('',#1939,#2400);
#2400 = DEFINITIONAL_REPRESENTATION('',(#2401),#2409);
#2401 = ( BOUNDED_CURVE() B_SPLINE_CURVE(2,(#2402,#2403,#2404,#2405,
#2406,#2407,#2408),.UNSPECIFIED.,.T.,.F.) B_SPLINE_CURVE_WITH_KNOTS((1,2
    ,2,2,2,1),(-2.094395102393,0.,2.094395102393,4.188790204786,
6.28318530718,8.377580409573),.UNSPECIFIED.) CURVE() 
GEOMETRIC_REPRESENTATION_ITEM() RATIONAL_B_SPLINE_CURVE((1.,0.5,1.,0.5,
1.,0.5,1.)) REPRESENTATION_ITEM('') );
#2402 = CARTESIAN_POINT('',(-104.8,1.13748366368E-14));
#2403 = CARTESIAN_POINT('',(-104.8,16.541085212283));
#2404 = CARTESIAN_POINT('',(-90.475,8.270542606141));
#2405 = CARTESIAN_POINT('',(-76.15,1.020529894362E-14));
#2406 = CARTESIAN_POINT('',(-90.475,-8.270542606141));
#2407 = CARTESIAN_POINT('',(-104.8,-16.54108521228));
#2408 = CARTESIAN_POINT('',(-104.8,1.13748366368E-14));
#2409 = ( GEOMETRIC_REPRESENTATION_CONTEXT(2) 
PARAMETRIC_REPRESENTATION_CONTEXT() REPRESENTATION_CONTEXT('2D SPACE',''
  ) );
#2410 = PCURVE('',#2111,#2411);
#2411 = DEFINITIONAL_REPRESENTATION('',(#2412),#2416);
#2412 = LINE('',#2413,#2414);
#2413 = CARTESIAN_POINT('',(-6.28318530718,-24.8));
#2414 = VECTOR('',#2415,1.);
#2415 = DIRECTION('',(1.,-0.));
#2416 = ( GEOMETRIC_REPRESENTATION_CONTEXT(2) 
PARAMETRIC_REPRESENTATION_CONTEXT() REPRESENTATION_CONTEXT('2D SPACE',''
  ) );
#2417 = FACE_BOUND('',#2418,.T.);
#2418 = EDGE_LOOP('',(#2419));
#2419 = ORIENTED_EDGE('',*,*,#2420,.T.);
#2420 = EDGE_CURVE('',#2421,#2421,#2423,.T.);
#2421 = VERTEX_POINT('',#2422);
#2422 = CARTESIAN_POINT('',(722.2,74.10479066835,431.20479066835));
#2423 = SURFACE_CURVE('',#2424,(#2429,#2440),.PCURVE_S1.);
#2424 = CIRCLE('',#2425,9.55);
#2425 = AXIS2_PLACEMENT_3D('',#2426,#2427,#2428);
#2426 = CARTESIAN_POINT('',(722.2,67.351920908019,424.45192090801));
#2427 = DIRECTION('',(-1.,0.,-1.110223024625E-16));
#2428 = DIRECTION('',(-7.850462293419E-17,0.707106781187,0.707106781187)
  );
#2429 = PCURVE('',#1939,#2430);
#2430 = DEFINITIONAL_REPRESENTATION('',(#2431),#2439);
#2431 = ( BOUNDED_CURVE() B_SPLINE_CURVE(2,(#2432,#2433,#2434,#2435,
#2436,#2437,#2438),.UNSPECIFIED.,.T.,.F.) B_SPLINE_CURVE_WITH_KNOTS((1,2
    ,2,2,2,1),(-2.094395102393,0.,2.094395102393,4.188790204786,
6.28318530718,8.377580409573),.UNSPECIFIED.) CURVE() 
GEOMETRIC_REPRESENTATION_ITEM() RATIONAL_B_SPLINE_CURVE((1.,0.5,1.,0.5,
1.,0.5,1.)) REPRESENTATION_ITEM('') );
#2432 = CARTESIAN_POINT('',(-74.10479066835,74.10479066835));
#2433 = CARTESIAN_POINT('',(-62.40847714656,85.80110419014));
#2434 = CARTESIAN_POINT('',(-58.12732926695,69.823642788748));
#2435 = CARTESIAN_POINT('',(-53.84618138735,53.846181387356));
#2436 = CARTESIAN_POINT('',(-69.82364278874,58.127329266958));
#2437 = CARTESIAN_POINT('',(-85.80110419014,62.408477146561));
#2438 = CARTESIAN_POINT('',(-74.10479066835,74.10479066835));
#2439 = ( GEOMETRIC_REPRESENTATION_CONTEXT(2) 
PARAMETRIC_REPRESENTATION_CONTEXT() REPRESENTATION_CONTEXT('2D SPACE',''
  ) );
#2440 = PCURVE('',#2146,#2441);
#2441 = DEFINITIONAL_REPRESENTATION('',(#2442),#2446);
#2442 = LINE('',#2443,#2444);
#2443 = CARTESIAN_POINT('',(-6.28318530718,-24.8));
#2444 = VECTOR('',#2445,1.);
#2445 = DIRECTION('',(1.,-0.));
#2446 = ( GEOMETRIC_REPRESENTATION_CONTEXT(2) 
PARAMETRIC_REPRESENTATION_CONTEXT() REPRESENTATION_CONTEXT('2D SPACE',''
  ) );
#2447 = FACE_BOUND('',#2448,.T.);
#2448 = EDGE_LOOP('',(#2449));
#2449 = ORIENTED_EDGE('',*,*,#2450,.F.);
#2450 = EDGE_CURVE('',#2451,#2451,#2453,.T.);
#2451 = VERTEX_POINT('',#2452);
#2452 = CARTESIAN_POINT('',(722.2,0.,278.5));
#2453 = SURFACE_CURVE('',#2454,(#2459,#2466),.PCURVE_S1.);
#2454 = CIRCLE('',#2455,78.6);
#2455 = AXIS2_PLACEMENT_3D('',#2456,#2457,#2458);
#2456 = CARTESIAN_POINT('',(722.2,0.,357.1));
#2457 = DIRECTION('',(1.,-0.,1.110223024625E-16));
#2458 = DIRECTION('',(1.110223024625E-16,0.,-1.));
#2459 = PCURVE('',#1939,#2460);
#2460 = DEFINITIONAL_REPRESENTATION('',(#2461),#2465);
#2461 = CIRCLE('',#2462,78.6);
#2462 = AXIS2_PLACEMENT_2D('',#2463,#2464);
#2463 = CARTESIAN_POINT('',(0.,-1.45946181826E-15));
#2464 = DIRECTION('',(1.,0.));
#2465 = ( GEOMETRIC_REPRESENTATION_CONTEXT(2) 
PARAMETRIC_REPRESENTATION_CONTEXT() REPRESENTATION_CONTEXT('2D SPACE',''
  ) );
#2466 = PCURVE('',#2467,#2472);
#2467 = CYLINDRICAL_SURFACE('',#2468,78.6);
#2468 = AXIS2_PLACEMENT_3D('',#2469,#2470,#2471);
#2469 = CARTESIAN_POINT('',(722.2,0.,357.1));
#2470 = DIRECTION('',(-1.,-0.,-1.110223024625E-16));
#2471 = DIRECTION('',(1.110223024625E-16,0.,-1.));
#2472 = DEFINITIONAL_REPRESENTATION('',(#2473),#2477);
#2473 = LINE('',#2474,#2475);
#2474 = CARTESIAN_POINT('',(-0.,0.));
#2475 = VECTOR('',#2476,1.);
#2476 = DIRECTION('',(-1.,0.));
#2477 = ( GEOMETRIC_REPRESENTATION_CONTEXT(2) 
PARAMETRIC_REPRESENTATION_CONTEXT() REPRESENTATION_CONTEXT('2D SPACE',''
  ) );
#2478 = FACE_BOUND('',#2479,.T.);
#2479 = EDGE_LOOP('',(#2480));
#2480 = ORIENTED_EDGE('',*,*,#2481,.T.);
#2481 = EDGE_CURVE('',#2482,#2482,#2484,.T.);
#2482 = VERTEX_POINT('',#2483);
#2483 = CARTESIAN_POINT('',(722.2,0.,252.3));
#2484 = SURFACE_CURVE('',#2485,(#2490,#2501),.PCURVE_S1.);
#2485 = CIRCLE('',#2486,9.55);
#2486 = AXIS2_PLACEMENT_3D('',#2487,#2488,#2489);
#2487 = CARTESIAN_POINT('',(722.2,0.,261.85));
#2488 = DIRECTION('',(-1.,-0.,-1.110223024625E-16));
#2489 = DIRECTION('',(1.110223024625E-16,0.,-1.));
#2490 = PCURVE('',#1939,#2491);
#2491 = DEFINITIONAL_REPRESENTATION('',(#2492),#2500);
#2492 = ( BOUNDED_CURVE() B_SPLINE_CURVE(2,(#2493,#2494,#2495,#2496,
#2497,#2498,#2499),.UNSPECIFIED.,.T.,.F.) B_SPLINE_CURVE_WITH_KNOTS((1,2
    ,2,2,2,1),(-2.094395102393,0.,2.094395102393,4.188790204786,
6.28318530718,8.377580409573),.UNSPECIFIED.) CURVE() 
GEOMETRIC_REPRESENTATION_ITEM() RATIONAL_B_SPLINE_CURVE((1.,0.5,1.,0.5,
1.,0.5,1.)) REPRESENTATION_ITEM('') );
#2493 = CARTESIAN_POINT('',(104.8,-1.45946181826E-15));
#2494 = CARTESIAN_POINT('',(104.8,-16.54108521228));
#2495 = CARTESIAN_POINT('',(90.475,-8.270542606141));
#2496 = CARTESIAN_POINT('',(76.15,-3.798537204631E-15));
#2497 = CARTESIAN_POINT('',(90.475,8.270542606141));
#2498 = CARTESIAN_POINT('',(104.8,16.541085212283));
#2499 = CARTESIAN_POINT('',(104.8,-1.45946181826E-15));
#2500 = ( GEOMETRIC_REPRESENTATION_CONTEXT(2) 
PARAMETRIC_REPRESENTATION_CONTEXT() REPRESENTATION_CONTEXT('2D SPACE',''
  ) );
#2501 = PCURVE('',#2212,#2502);
#2502 = DEFINITIONAL_REPRESENTATION('',(#2503),#2507);
#2503 = LINE('',#2504,#2505);
#2504 = CARTESIAN_POINT('',(-6.28318530718,-24.8));
#2505 = VECTOR('',#2506,1.);
#2506 = DIRECTION('',(1.,-0.));
#2507 = ( GEOMETRIC_REPRESENTATION_CONTEXT(2) 
PARAMETRIC_REPRESENTATION_CONTEXT() REPRESENTATION_CONTEXT('2D SPACE',''
  ) );
#2508 = FACE_BOUND('',#2509,.T.);
#2509 = EDGE_LOOP('',(#2510));
#2510 = ORIENTED_EDGE('',*,*,#2511,.T.);
#2511 = EDGE_CURVE('',#2512,#2512,#2514,.T.);
#2512 = VERTEX_POINT('',#2513);
#2513 = CARTESIAN_POINT('',(722.2,104.8,357.1));
#2514 = SURFACE_CURVE('',#2515,(#2520,#2531),.PCURVE_S1.);
#2515 = CIRCLE('',#2516,9.55);
#2516 = AXIS2_PLACEMENT_3D('',#2517,#2518,#2519);
#2517 = CARTESIAN_POINT('',(722.2,95.25,357.1));
#2518 = DIRECTION('',(-1.,0.,-1.110223024625E-16));
#2519 = DIRECTION('',(1.232595164408E-32,1.,-1.110223024625E-16));
#2520 = PCURVE('',#1939,#2521);
#2521 = DEFINITIONAL_REPRESENTATION('',(#2522),#2530);
#2522 = ( BOUNDED_CURVE() B_SPLINE_CURVE(2,(#2523,#2524,#2525,#2526,
#2527,#2528,#2529),.UNSPECIFIED.,.T.,.F.) B_SPLINE_CURVE_WITH_KNOTS((1,2
    ,2,2,2,1),(-2.094395102393,0.,2.094395102393,4.188790204786,
6.28318530718,8.377580409573),.UNSPECIFIED.) CURVE() 
GEOMETRIC_REPRESENTATION_ITEM() RATIONAL_B_SPLINE_CURVE((1.,0.5,1.,0.5,
1.,0.5,1.)) REPRESENTATION_ITEM('') );
#2523 = CARTESIAN_POINT('',(1.060262988517E-15,104.8));
#2524 = CARTESIAN_POINT('',(16.541085212283,104.8));
#2525 = CARTESIAN_POINT('',(8.270542606141,90.475));
#2526 = CARTESIAN_POINT('',(2.185494093374E-16,76.15));
#2527 = CARTESIAN_POINT('',(-8.270542606141,90.475));
#2528 = CARTESIAN_POINT('',(-16.54108521228,104.8));
#2529 = CARTESIAN_POINT('',(1.060262988517E-15,104.8));
#2530 = ( GEOMETRIC_REPRESENTATION_CONTEXT(2) 
PARAMETRIC_REPRESENTATION_CONTEXT() REPRESENTATION_CONTEXT('2D SPACE',''
  ) );
#2531 = PCURVE('',#2247,#2532);
#2532 = DEFINITIONAL_REPRESENTATION('',(#2533),#2537);
#2533 = LINE('',#2534,#2535);
#2534 = CARTESIAN_POINT('',(-6.28318530718,-24.8));
#2535 = VECTOR('',#2536,1.);
#2536 = DIRECTION('',(1.,-0.));
#2537 = ( GEOMETRIC_REPRESENTATION_CONTEXT(2) 
PARAMETRIC_REPRESENTATION_CONTEXT() REPRESENTATION_CONTEXT('2D SPACE',''
  ) );
#2538 = FACE_BOUND('',#2539,.T.);
#2539 = EDGE_LOOP('',(#2540));
#2540 = ORIENTED_EDGE('',*,*,#2541,.T.);
#2541 = EDGE_CURVE('',#2542,#2542,#2544,.T.);
#2542 = VERTEX_POINT('',#2543);
#2543 = CARTESIAN_POINT('',(722.2,74.10479066835,282.99520933165));
#2544 = SURFACE_CURVE('',#2545,(#2550,#2561),.PCURVE_S1.);
#2545 = CIRCLE('',#2546,9.55);
#2546 = AXIS2_PLACEMENT_3D('',#2547,#2548,#2549);
#2547 = CARTESIAN_POINT('',(722.2,67.351920908019,289.74807909198));
#2548 = DIRECTION('',(-1.,0.,-1.110223024625E-16));
#2549 = DIRECTION('',(7.850462293419E-17,0.707106781187,-0.707106781187)
  );
#2550 = PCURVE('',#1939,#2551);
#2551 = DEFINITIONAL_REPRESENTATION('',(#2552),#2560);
#2552 = ( BOUNDED_CURVE() B_SPLINE_CURVE(2,(#2553,#2554,#2555,#2556,
#2557,#2558,#2559),.UNSPECIFIED.,.T.,.F.) B_SPLINE_CURVE_WITH_KNOTS((1,2
    ,2,2,2,1),(-2.094395102393,0.,2.094395102393,4.188790204786,
6.28318530718,8.377580409573),.UNSPECIFIED.) CURVE() 
GEOMETRIC_REPRESENTATION_ITEM() RATIONAL_B_SPLINE_CURVE((1.,0.5,1.,0.5,
1.,0.5,1.)) REPRESENTATION_ITEM('') );
#2553 = CARTESIAN_POINT('',(74.10479066835,74.10479066835));
#2554 = CARTESIAN_POINT('',(85.80110419014,62.408477146561));
#2555 = CARTESIAN_POINT('',(69.823642788748,58.127329266958));
#2556 = CARTESIAN_POINT('',(53.846181387356,53.846181387356));
#2557 = CARTESIAN_POINT('',(58.127329266958,69.823642788748));
#2558 = CARTESIAN_POINT('',(62.408477146561,85.80110419014));
#2559 = CARTESIAN_POINT('',(74.10479066835,74.10479066835));
#2560 = ( GEOMETRIC_REPRESENTATION_CONTEXT(2) 
PARAMETRIC_REPRESENTATION_CONTEXT() REPRESENTATION_CONTEXT('2D SPACE',''
  ) );
#2561 = PCURVE('',#2282,#2562);
#2562 = DEFINITIONAL_REPRESENTATION('',(#2563),#2567);
#2563 = LINE('',#2564,#2565);
#2564 = CARTESIAN_POINT('',(-6.28318530718,-24.8));
#2565 = VECTOR('',#2566,1.);
#2566 = DIRECTION('',(1.,-0.));
#2567 = ( GEOMETRIC_REPRESENTATION_CONTEXT(2) 
PARAMETRIC_REPRESENTATION_CONTEXT() REPRESENTATION_CONTEXT('2D SPACE',''
  ) );
#2568 = ADVANCED_FACE('',(#2569),#2006,.F.);
#2569 = FACE_BOUND('',#2570,.T.);
#2570 = EDGE_LOOP('',(#2571,#2572,#2593,#2594));
#2571 = ORIENTED_EDGE('',*,*,#1985,.T.);
#2572 = ORIENTED_EDGE('',*,*,#2573,.T.);
#2573 = EDGE_CURVE('',#1986,#2301,#2574,.T.);
#2574 = SEAM_CURVE('',#2575,(#2579,#2586),.PCURVE_S1.);
#2575 = LINE('',#2576,#2577);
#2576 = CARTESIAN_POINT('',(697.4,-74.10479066835,431.20479066835));
#2577 = VECTOR('',#2578,1.);
#2578 = DIRECTION('',(1.,0.,1.110223024625E-16));
#2579 = PCURVE('',#2006,#2580);
#2580 = DEFINITIONAL_REPRESENTATION('',(#2581),#2585);
#2581 = LINE('',#2582,#2583);
#2582 = CARTESIAN_POINT('',(-6.28318530718,0.));
#2583 = VECTOR('',#2584,1.);
#2584 = DIRECTION('',(-0.,-1.));
#2585 = ( GEOMETRIC_REPRESENTATION_CONTEXT(2) 
PARAMETRIC_REPRESENTATION_CONTEXT() REPRESENTATION_CONTEXT('2D SPACE',''
  ) );
#2586 = PCURVE('',#2006,#2587);
#2587 = DEFINITIONAL_REPRESENTATION('',(#2588),#2592);
#2588 = LINE('',#2589,#2590);
#2589 = CARTESIAN_POINT('',(-0.,0.));
#2590 = VECTOR('',#2591,1.);
#2591 = DIRECTION('',(-0.,-1.));
#2592 = ( GEOMETRIC_REPRESENTATION_CONTEXT(2) 
PARAMETRIC_REPRESENTATION_CONTEXT() REPRESENTATION_CONTEXT('2D SPACE',''
  ) );
#2593 = ORIENTED_EDGE('',*,*,#2300,.F.);
#2594 = ORIENTED_EDGE('',*,*,#2573,.F.);
#2595 = ADVANCED_FACE('',(#2596),#2041,.F.);
#2596 = FACE_BOUND('',#2597,.T.);
#2597 = EDGE_LOOP('',(#2598,#2599,#2620,#2621));
#2598 = ORIENTED_EDGE('',*,*,#2020,.T.);
#2599 = ORIENTED_EDGE('',*,*,#2600,.T.);
#2600 = EDGE_CURVE('',#2021,#2331,#2601,.T.);
#2601 = SEAM_CURVE('',#2602,(#2606,#2613),.PCURVE_S1.);
#2602 = LINE('',#2603,#2604);
#2603 = CARTESIAN_POINT('',(697.4,-104.8,357.1));
#2604 = VECTOR('',#2605,1.);
#2605 = DIRECTION('',(1.,0.,1.110223024625E-16));
#2606 = PCURVE('',#2041,#2607);
#2607 = DEFINITIONAL_REPRESENTATION('',(#2608),#2612);
#2608 = LINE('',#2609,#2610);
#2609 = CARTESIAN_POINT('',(-6.28318530718,0.));
#2610 = VECTOR('',#2611,1.);
#2611 = DIRECTION('',(-0.,-1.));
#2612 = ( GEOMETRIC_REPRESENTATION_CONTEXT(2) 
PARAMETRIC_REPRESENTATION_CONTEXT() REPRESENTATION_CONTEXT('2D SPACE',''
  ) );
#2613 = PCURVE('',#2041,#2614);
#2614 = DEFINITIONAL_REPRESENTATION('',(#2615),#2619);
#2615 = LINE('',#2616,#2617);
#2616 = CARTESIAN_POINT('',(-0.,0.));
#2617 = VECTOR('',#2618,1.);
#2618 = DIRECTION('',(-0.,-1.));
#2619 = ( GEOMETRIC_REPRESENTATION_CONTEXT(2) 
PARAMETRIC_REPRESENTATION_CONTEXT() REPRESENTATION_CONTEXT('2D SPACE',''
  ) );
#2620 = ORIENTED_EDGE('',*,*,#2330,.F.);
#2621 = ORIENTED_EDGE('',*,*,#2600,.F.);
#2622 = ADVANCED_FACE('',(#2623),#2076,.F.);
#2623 = FACE_BOUND('',#2624,.T.);
#2624 = EDGE_LOOP('',(#2625,#2626,#2647,#2648));
#2625 = ORIENTED_EDGE('',*,*,#2055,.T.);
#2626 = ORIENTED_EDGE('',*,*,#2627,.T.);
#2627 = EDGE_CURVE('',#2056,#2361,#2628,.T.);
#2628 = SEAM_CURVE('',#2629,(#2633,#2640),.PCURVE_S1.);
#2629 = LINE('',#2630,#2631);
#2630 = CARTESIAN_POINT('',(697.4,-74.10479066835,282.99520933165));
#2631 = VECTOR('',#2632,1.);
#2632 = DIRECTION('',(1.,0.,1.110223024625E-16));
#2633 = PCURVE('',#2076,#2634);
#2634 = DEFINITIONAL_REPRESENTATION('',(#2635),#2639);
#2635 = LINE('',#2636,#2637);
#2636 = CARTESIAN_POINT('',(-6.28318530718,0.));
#2637 = VECTOR('',#2638,1.);
#2638 = DIRECTION('',(-0.,-1.));
#2639 = ( GEOMETRIC_REPRESENTATION_CONTEXT(2) 
PARAMETRIC_REPRESENTATION_CONTEXT() REPRESENTATION_CONTEXT('2D SPACE',''
  ) );
#2640 = PCURVE('',#2076,#2641);
#2641 = DEFINITIONAL_REPRESENTATION('',(#2642),#2646);
#2642 = LINE('',#2643,#2644);
#2643 = CARTESIAN_POINT('',(-0.,0.));
#2644 = VECTOR('',#2645,1.);
#2645 = DIRECTION('',(-0.,-1.));
#2646 = ( GEOMETRIC_REPRESENTATION_CONTEXT(2) 
PARAMETRIC_REPRESENTATION_CONTEXT() REPRESENTATION_CONTEXT('2D SPACE',''
  ) );
#2647 = ORIENTED_EDGE('',*,*,#2360,.F.);
#2648 = ORIENTED_EDGE('',*,*,#2627,.F.);
#2649 = ADVANCED_FACE('',(#2650),#2111,.F.);
#2650 = FACE_BOUND('',#2651,.T.);
#2651 = EDGE_LOOP('',(#2652,#2653,#2674,#2675));
#2652 = ORIENTED_EDGE('',*,*,#2090,.T.);
#2653 = ORIENTED_EDGE('',*,*,#2654,.T.);
#2654 = EDGE_CURVE('',#2091,#2391,#2655,.T.);
#2655 = SEAM_CURVE('',#2656,(#2660,#2667),.PCURVE_S1.);
#2656 = LINE('',#2657,#2658);
#2657 = CARTESIAN_POINT('',(697.4,1.283429845506E-14,461.9));
#2658 = VECTOR('',#2659,1.);
#2659 = DIRECTION('',(1.,0.,1.110223024625E-16));
#2660 = PCURVE('',#2111,#2661);
#2661 = DEFINITIONAL_REPRESENTATION('',(#2662),#2666);
#2662 = LINE('',#2663,#2664);
#2663 = CARTESIAN_POINT('',(-6.28318530718,0.));
#2664 = VECTOR('',#2665,1.);
#2665 = DIRECTION('',(-0.,-1.));
#2666 = ( GEOMETRIC_REPRESENTATION_CONTEXT(2) 
PARAMETRIC_REPRESENTATION_CONTEXT() REPRESENTATION_CONTEXT('2D SPACE',''
  ) );
#2667 = PCURVE('',#2111,#2668);
#2668 = DEFINITIONAL_REPRESENTATION('',(#2669),#2673);
#2669 = LINE('',#2670,#2671);
#2670 = CARTESIAN_POINT('',(-0.,0.));
#2671 = VECTOR('',#2672,1.);
#2672 = DIRECTION('',(-0.,-1.));
#2673 = ( GEOMETRIC_REPRESENTATION_CONTEXT(2) 
PARAMETRIC_REPRESENTATION_CONTEXT() REPRESENTATION_CONTEXT('2D SPACE',''
  ) );
#2674 = ORIENTED_EDGE('',*,*,#2390,.F.);
#2675 = ORIENTED_EDGE('',*,*,#2654,.F.);
#2676 = ADVANCED_FACE('',(#2677),#2146,.F.);
#2677 = FACE_BOUND('',#2678,.T.);
#2678 = EDGE_LOOP('',(#2679,#2680,#2701,#2702));
#2679 = ORIENTED_EDGE('',*,*,#2125,.T.);
#2680 = ORIENTED_EDGE('',*,*,#2681,.T.);
#2681 = EDGE_CURVE('',#2126,#2421,#2682,.T.);
#2682 = SEAM_CURVE('',#2683,(#2687,#2694),.PCURVE_S1.);
#2683 = LINE('',#2684,#2685);
#2684 = CARTESIAN_POINT('',(697.4,74.10479066835,431.20479066835));
#2685 = VECTOR('',#2686,1.);
#2686 = DIRECTION('',(1.,0.,1.110223024625E-16));
#2687 = PCURVE('',#2146,#2688);
#2688 = DEFINITIONAL_REPRESENTATION('',(#2689),#2693);
#2689 = LINE('',#2690,#2691);
#2690 = CARTESIAN_POINT('',(-6.28318530718,0.));
#2691 = VECTOR('',#2692,1.);
#2692 = DIRECTION('',(-0.,-1.));
#2693 = ( GEOMETRIC_REPRESENTATION_CONTEXT(2) 
PARAMETRIC_REPRESENTATION_CONTEXT() REPRESENTATION_CONTEXT('2D SPACE',''
  ) );
#2694 = PCURVE('',#2146,#2695);
#2695 = DEFINITIONAL_REPRESENTATION('',(#2696),#2700);
#2696 = LINE('',#2697,#2698);
#2697 = CARTESIAN_POINT('',(-0.,0.));
#2698 = VECTOR('',#2699,1.);
#2699 = DIRECTION('',(-0.,-1.));
#2700 = ( GEOMETRIC_REPRESENTATION_CONTEXT(2) 
PARAMETRIC_REPRESENTATION_CONTEXT() REPRESENTATION_CONTEXT('2D SPACE',''
  ) );
#2701 = ORIENTED_EDGE('',*,*,#2420,.F.);
#2702 = ORIENTED_EDGE('',*,*,#2681,.F.);
#2703 = ADVANCED_FACE('',(#2704),#2177,.T.);
#2704 = FACE_BOUND('',#2705,.F.);
#2705 = EDGE_LOOP('',(#2706,#2707,#2730,#2757));
#2706 = ORIENTED_EDGE('',*,*,#2160,.T.);
#2707 = ORIENTED_EDGE('',*,*,#2708,.T.);
#2708 = EDGE_CURVE('',#2161,#2709,#2711,.T.);
#2709 = VERTEX_POINT('',#2710);
#2710 = CARTESIAN_POINT('',(693.4,0.,285.65));
#2711 = SEAM_CURVE('',#2712,(#2716,#2723),.PCURVE_S1.);
#2712 = LINE('',#2713,#2714);
#2713 = CARTESIAN_POINT('',(698.4,0.,285.65));
#2714 = VECTOR('',#2715,1.);
#2715 = DIRECTION('',(-1.,0.,-1.110223024625E-16));
#2716 = PCURVE('',#2177,#2717);
#2717 = DEFINITIONAL_REPRESENTATION('',(#2718),#2722);
#2718 = LINE('',#2719,#2720);
#2719 = CARTESIAN_POINT('',(-0.,0.));
#2720 = VECTOR('',#2721,1.);
#2721 = DIRECTION('',(-0.,1.));
#2722 = ( GEOMETRIC_REPRESENTATION_CONTEXT(2) 
PARAMETRIC_REPRESENTATION_CONTEXT() REPRESENTATION_CONTEXT('2D SPACE',''
  ) );
#2723 = PCURVE('',#2177,#2724);
#2724 = DEFINITIONAL_REPRESENTATION('',(#2725),#2729);
#2725 = LINE('',#2726,#2727);
#2726 = CARTESIAN_POINT('',(-6.28318530718,0.));
#2727 = VECTOR('',#2728,1.);
#2728 = DIRECTION('',(-0.,1.));
#2729 = ( GEOMETRIC_REPRESENTATION_CONTEXT(2) 
PARAMETRIC_REPRESENTATION_CONTEXT() REPRESENTATION_CONTEXT('2D SPACE',''
  ) );
#2730 = ORIENTED_EDGE('',*,*,#2731,.F.);
#2731 = EDGE_CURVE('',#2709,#2709,#2732,.T.);
#2732 = SURFACE_CURVE('',#2733,(#2738,#2745),.PCURVE_S1.);
#2733 = CIRCLE('',#2734,71.45);
#2734 = AXIS2_PLACEMENT_3D('',#2735,#2736,#2737);
#2735 = CARTESIAN_POINT('',(693.4,0.,357.1));
#2736 = DIRECTION('',(1.,-0.,1.110223024625E-16));
#2737 = DIRECTION('',(1.110223024625E-16,0.,-1.));
#2738 = PCURVE('',#2177,#2739);
#2739 = DEFINITIONAL_REPRESENTATION('',(#2740),#2744);
#2740 = LINE('',#2741,#2742);
#2741 = CARTESIAN_POINT('',(-0.,5.));
#2742 = VECTOR('',#2743,1.);
#2743 = DIRECTION('',(-1.,0.));
#2744 = ( GEOMETRIC_REPRESENTATION_CONTEXT(2) 
PARAMETRIC_REPRESENTATION_CONTEXT() REPRESENTATION_CONTEXT('2D SPACE',''
  ) );
#2745 = PCURVE('',#2746,#2751);
#2746 = CONICAL_SURFACE('',#2747,71.45,0.229541834615);
#2747 = AXIS2_PLACEMENT_3D('',#2748,#2749,#2750);
#2748 = CARTESIAN_POINT('',(693.4,0.,357.1));
#2749 = DIRECTION('',(1.,0.,1.110223024625E-16));
#2750 = DIRECTION('',(1.110223024625E-16,0.,-1.));
#2751 = DEFINITIONAL_REPRESENTATION('',(#2752),#2756);
#2752 = LINE('',#2753,#2754);
#2753 = CARTESIAN_POINT('',(0.,-0.));
#2754 = VECTOR('',#2755,1.);
#2755 = DIRECTION('',(1.,-0.));
#2756 = ( GEOMETRIC_REPRESENTATION_CONTEXT(2) 
PARAMETRIC_REPRESENTATION_CONTEXT() REPRESENTATION_CONTEXT('2D SPACE',''
  ) );
#2757 = ORIENTED_EDGE('',*,*,#2708,.F.);
#2758 = ADVANCED_FACE('',(#2759),#2212,.F.);
#2759 = FACE_BOUND('',#2760,.T.);
#2760 = EDGE_LOOP('',(#2761,#2762,#2783,#2784));
#2761 = ORIENTED_EDGE('',*,*,#2191,.T.);
#2762 = ORIENTED_EDGE('',*,*,#2763,.T.);
#2763 = EDGE_CURVE('',#2192,#2482,#2764,.T.);
#2764 = SEAM_CURVE('',#2765,(#2769,#2776),.PCURVE_S1.);
#2765 = LINE('',#2766,#2767);
#2766 = CARTESIAN_POINT('',(697.4,0.,252.3));
#2767 = VECTOR('',#2768,1.);
#2768 = DIRECTION('',(1.,0.,1.110223024625E-16));
#2769 = PCURVE('',#2212,#2770);
#2770 = DEFINITIONAL_REPRESENTATION('',(#2771),#2775);
#2771 = LINE('',#2772,#2773);
#2772 = CARTESIAN_POINT('',(-6.28318530718,0.));
#2773 = VECTOR('',#2774,1.);
#2774 = DIRECTION('',(-0.,-1.));
#2775 = ( GEOMETRIC_REPRESENTATION_CONTEXT(2) 
PARAMETRIC_REPRESENTATION_CONTEXT() REPRESENTATION_CONTEXT('2D SPACE',''
  ) );
#2776 = PCURVE('',#2212,#2777);
#2777 = DEFINITIONAL_REPRESENTATION('',(#2778),#2782);
#2778 = LINE('',#2779,#2780);
#2779 = CARTESIAN_POINT('',(-0.,0.));
#2780 = VECTOR('',#2781,1.);
#2781 = DIRECTION('',(-0.,-1.));
#2782 = ( GEOMETRIC_REPRESENTATION_CONTEXT(2) 
PARAMETRIC_REPRESENTATION_CONTEXT() REPRESENTATION_CONTEXT('2D SPACE',''
  ) );
#2783 = ORIENTED_EDGE('',*,*,#2481,.F.);
#2784 = ORIENTED_EDGE('',*,*,#2763,.F.);
#2785 = ADVANCED_FACE('',(#2786),#2247,.F.);
#2786 = FACE_BOUND('',#2787,.T.);
#2787 = EDGE_LOOP('',(#2788,#2789,#2810,#2811));
#2788 = ORIENTED_EDGE('',*,*,#2226,.T.);
#2789 = ORIENTED_EDGE('',*,*,#2790,.T.);
#2790 = EDGE_CURVE('',#2227,#2512,#2791,.T.);
#2791 = SEAM_CURVE('',#2792,(#2796,#2803),.PCURVE_S1.);
#2792 = LINE('',#2793,#2794);
#2793 = CARTESIAN_POINT('',(697.4,104.8,357.1));
#2794 = VECTOR('',#2795,1.);
#2795 = DIRECTION('',(1.,0.,1.110223024625E-16));
#2796 = PCURVE('',#2247,#2797);
#2797 = DEFINITIONAL_REPRESENTATION('',(#2798),#2802);
#2798 = LINE('',#2799,#2800);
#2799 = CARTESIAN_POINT('',(-6.28318530718,0.));
#2800 = VECTOR('',#2801,1.);
#2801 = DIRECTION('',(-0.,-1.));
#2802 = ( GEOMETRIC_REPRESENTATION_CONTEXT(2) 
PARAMETRIC_REPRESENTATION_CONTEXT() REPRESENTATION_CONTEXT('2D SPACE',''
  ) );
#2803 = PCURVE('',#2247,#2804);
#2804 = DEFINITIONAL_REPRESENTATION('',(#2805),#2809);
#2805 = LINE('',#2806,#2807);
#2806 = CARTESIAN_POINT('',(-0.,0.));
#2807 = VECTOR('',#2808,1.);
#2808 = DIRECTION('',(-0.,-1.));
#2809 = ( GEOMETRIC_REPRESENTATION_CONTEXT(2) 
PARAMETRIC_REPRESENTATION_CONTEXT() REPRESENTATION_CONTEXT('2D SPACE',''
  ) );
#2810 = ORIENTED_EDGE('',*,*,#2511,.F.);
#2811 = ORIENTED_EDGE('',*,*,#2790,.F.);
#2812 = ADVANCED_FACE('',(#2813),#2282,.F.);
#2813 = FACE_BOUND('',#2814,.T.);
#2814 = EDGE_LOOP('',(#2815,#2816,#2837,#2838));
#2815 = ORIENTED_EDGE('',*,*,#2261,.T.);
#2816 = ORIENTED_EDGE('',*,*,#2817,.T.);
#2817 = EDGE_CURVE('',#2262,#2542,#2818,.T.);
#2818 = SEAM_CURVE('',#2819,(#2823,#2830),.PCURVE_S1.);
#2819 = LINE('',#2820,#2821);
#2820 = CARTESIAN_POINT('',(697.4,74.10479066835,282.99520933165));
#2821 = VECTOR('',#2822,1.);
#2822 = DIRECTION('',(1.,0.,1.110223024625E-16));
#2823 = PCURVE('',#2282,#2824);
#2824 = DEFINITIONAL_REPRESENTATION('',(#2825),#2829);
#2825 = LINE('',#2826,#2827);
#2826 = CARTESIAN_POINT('',(-6.28318530718,0.));
#2827 = VECTOR('',#2828,1.);
#2828 = DIRECTION('',(-0.,-1.));
#2829 = ( GEOMETRIC_REPRESENTATION_CONTEXT(2) 
PARAMETRIC_REPRESENTATION_CONTEXT() REPRESENTATION_CONTEXT('2D SPACE',''
  ) );
#2830 = PCURVE('',#2282,#2831);
#2831 = DEFINITIONAL_REPRESENTATION('',(#2832),#2836);
#2832 = LINE('',#2833,#2834);
#2833 = CARTESIAN_POINT('',(-0.,0.));
#2834 = VECTOR('',#2835,1.);
#2835 = DIRECTION('',(-0.,-1.));
#2836 = ( GEOMETRIC_REPRESENTATION_CONTEXT(2) 
PARAMETRIC_REPRESENTATION_CONTEXT() REPRESENTATION_CONTEXT('2D SPACE',''
  ) );
#2837 = ORIENTED_EDGE('',*,*,#2541,.F.);
#2838 = ORIENTED_EDGE('',*,*,#2817,.F.);
#2839 = ADVANCED_FACE('',(#2840),#2467,.T.);
#2840 = FACE_BOUND('',#2841,.F.);
#2841 = EDGE_LOOP('',(#2842,#2865,#2892,#2893));
#2842 = ORIENTED_EDGE('',*,*,#2843,.T.);
#2843 = EDGE_CURVE('',#2451,#2844,#2846,.T.);
#2844 = VERTEX_POINT('',#2845);
#2845 = CARTESIAN_POINT('',(723.8,0.,278.5));
#2846 = SEAM_CURVE('',#2847,(#2851,#2858),.PCURVE_S1.);
#2847 = LINE('',#2848,#2849);
#2848 = CARTESIAN_POINT('',(722.2,0.,278.5));
#2849 = VECTOR('',#2850,1.);
#2850 = DIRECTION('',(1.,0.,1.110223024625E-16));
#2851 = PCURVE('',#2467,#2852);
#2852 = DEFINITIONAL_REPRESENTATION('',(#2853),#2857);
#2853 = LINE('',#2854,#2855);
#2854 = CARTESIAN_POINT('',(-0.,0.));
#2855 = VECTOR('',#2856,1.);
#2856 = DIRECTION('',(-0.,-1.));
#2857 = ( GEOMETRIC_REPRESENTATION_CONTEXT(2) 
PARAMETRIC_REPRESENTATION_CONTEXT() REPRESENTATION_CONTEXT('2D SPACE',''
  ) );
#2858 = PCURVE('',#2467,#2859);
#2859 = DEFINITIONAL_REPRESENTATION('',(#2860),#2864);
#2860 = LINE('',#2861,#2862);
#2861 = CARTESIAN_POINT('',(-6.28318530718,0.));
#2862 = VECTOR('',#2863,1.);
#2863 = DIRECTION('',(-0.,-1.));
#2864 = ( GEOMETRIC_REPRESENTATION_CONTEXT(2) 
PARAMETRIC_REPRESENTATION_CONTEXT() REPRESENTATION_CONTEXT('2D SPACE',''
  ) );
#2865 = ORIENTED_EDGE('',*,*,#2866,.T.);
#2866 = EDGE_CURVE('',#2844,#2844,#2867,.T.);
#2867 = SURFACE_CURVE('',#2868,(#2873,#2880),.PCURVE_S1.);
#2868 = CIRCLE('',#2869,78.6);
#2869 = AXIS2_PLACEMENT_3D('',#2870,#2871,#2872);
#2870 = CARTESIAN_POINT('',(723.8,0.,357.1));
#2871 = DIRECTION('',(1.,-0.,1.110223024625E-16));
#2872 = DIRECTION('',(1.110223024625E-16,0.,-1.));
#2873 = PCURVE('',#2467,#2874);
#2874 = DEFINITIONAL_REPRESENTATION('',(#2875),#2879);
#2875 = LINE('',#2876,#2877);
#2876 = CARTESIAN_POINT('',(-0.,-1.6));
#2877 = VECTOR('',#2878,1.);
#2878 = DIRECTION('',(-1.,0.));
#2879 = ( GEOMETRIC_REPRESENTATION_CONTEXT(2) 
PARAMETRIC_REPRESENTATION_CONTEXT() REPRESENTATION_CONTEXT('2D SPACE',''
  ) );
#2880 = PCURVE('',#2881,#2886);
#2881 = PLANE('',#2882);
#2882 = AXIS2_PLACEMENT_3D('',#2883,#2884,#2885);
#2883 = CARTESIAN_POINT('',(723.8,5.698923450613E-15,357.1));
#2884 = DIRECTION('',(1.,0.,1.110223024625E-16));
#2885 = DIRECTION('',(1.110223024625E-16,0.,-1.));
#2886 = DEFINITIONAL_REPRESENTATION('',(#2887),#2891);
#2887 = CIRCLE('',#2888,78.6);
#2888 = AXIS2_PLACEMENT_2D('',#2889,#2890);
#2889 = CARTESIAN_POINT('',(0.,-5.698923450613E-15));
#2890 = DIRECTION('',(1.,0.));
#2891 = ( GEOMETRIC_REPRESENTATION_CONTEXT(2) 
PARAMETRIC_REPRESENTATION_CONTEXT() REPRESENTATION_CONTEXT('2D SPACE',''
  ) );
#2892 = ORIENTED_EDGE('',*,*,#2843,.F.);
#2893 = ORIENTED_EDGE('',*,*,#2450,.F.);
#2894 = ADVANCED_FACE('',(#2895),#2746,.T.);
#2895 = FACE_BOUND('',#2896,.F.);
#2896 = EDGE_LOOP('',(#2897,#2898,#2921,#2948));
#2897 = ORIENTED_EDGE('',*,*,#2731,.T.);
#2898 = ORIENTED_EDGE('',*,*,#2899,.T.);
#2899 = EDGE_CURVE('',#2709,#2900,#2902,.T.);
#2900 = VERTEX_POINT('',#2901);
#2901 = CARTESIAN_POINT('',(632.2,0.,299.95));
#2902 = SEAM_CURVE('',#2903,(#2907,#2914),.PCURVE_S1.);
#2903 = LINE('',#2904,#2905);
#2904 = CARTESIAN_POINT('',(693.4,0.,285.65));
#2905 = VECTOR('',#2906,1.);
#2906 = DIRECTION('',(-0.973770744218,0.,0.227531399384));
#2907 = PCURVE('',#2746,#2908);
#2908 = DEFINITIONAL_REPRESENTATION('',(#2909),#2913);
#2909 = LINE('',#2910,#2911);
#2910 = CARTESIAN_POINT('',(0.,-0.));
#2911 = VECTOR('',#2912,1.);
#2912 = DIRECTION('',(0.,-1.));
#2913 = ( GEOMETRIC_REPRESENTATION_CONTEXT(2) 
PARAMETRIC_REPRESENTATION_CONTEXT() REPRESENTATION_CONTEXT('2D SPACE',''
  ) );
#2914 = PCURVE('',#2746,#2915);
#2915 = DEFINITIONAL_REPRESENTATION('',(#2916),#2920);
#2916 = LINE('',#2917,#2918);
#2917 = CARTESIAN_POINT('',(6.28318530718,-0.));
#2918 = VECTOR('',#2919,1.);
#2919 = DIRECTION('',(0.,-1.));
#2920 = ( GEOMETRIC_REPRESENTATION_CONTEXT(2) 
PARAMETRIC_REPRESENTATION_CONTEXT() REPRESENTATION_CONTEXT('2D SPACE',''
  ) );
#2921 = ORIENTED_EDGE('',*,*,#2922,.F.);
#2922 = EDGE_CURVE('',#2900,#2900,#2923,.T.);
#2923 = SURFACE_CURVE('',#2924,(#2929,#2936),.PCURVE_S1.);
#2924 = CIRCLE('',#2925,57.15);
#2925 = AXIS2_PLACEMENT_3D('',#2926,#2927,#2928);
#2926 = CARTESIAN_POINT('',(632.2,0.,357.1));
#2927 = DIRECTION('',(1.,-0.,1.110223024625E-16));
#2928 = DIRECTION('',(1.110223024625E-16,0.,-1.));
#2929 = PCURVE('',#2746,#2930);
#2930 = DEFINITIONAL_REPRESENTATION('',(#2931),#2935);
#2931 = LINE('',#2932,#2933);
#2932 = CARTESIAN_POINT('',(0.,-61.2));
#2933 = VECTOR('',#2934,1.);
#2934 = DIRECTION('',(1.,-0.));
#2935 = ( GEOMETRIC_REPRESENTATION_CONTEXT(2) 
PARAMETRIC_REPRESENTATION_CONTEXT() REPRESENTATION_CONTEXT('2D SPACE',''
  ) );
#2936 = PCURVE('',#2937,#2942);
#2937 = CYLINDRICAL_SURFACE('',#2938,57.15);
#2938 = AXIS2_PLACEMENT_3D('',#2939,#2940,#2941);
#2939 = CARTESIAN_POINT('',(632.2,0.,357.1));
#2940 = DIRECTION('',(-1.,-0.,-1.110223024625E-16));
#2941 = DIRECTION('',(1.110223024625E-16,0.,-1.));
#2942 = DEFINITIONAL_REPRESENTATION('',(#2943),#2947);
#2943 = LINE('',#2944,#2945);
#2944 = CARTESIAN_POINT('',(-0.,0.));
#2945 = VECTOR('',#2946,1.);
#2946 = DIRECTION('',(-1.,0.));
#2947 = ( GEOMETRIC_REPRESENTATION_CONTEXT(2) 
PARAMETRIC_REPRESENTATION_CONTEXT() REPRESENTATION_CONTEXT('2D SPACE',''
  ) );
#2948 = ORIENTED_EDGE('',*,*,#2899,.F.);
#2949 = ADVANCED_FACE('',(#2950,#2953),#2881,.T.);
#2950 = FACE_BOUND('',#2951,.T.);
#2951 = EDGE_LOOP('',(#2952));
#2952 = ORIENTED_EDGE('',*,*,#2866,.T.);
#2953 = FACE_BOUND('',#2954,.T.);
#2954 = EDGE_LOOP('',(#2955));
#2955 = ORIENTED_EDGE('',*,*,#2956,.T.);
#2956 = EDGE_CURVE('',#2957,#2957,#2959,.T.);
#2957 = VERTEX_POINT('',#2958);
#2958 = CARTESIAN_POINT('',(723.8,0.,305.97));
#2959 = SURFACE_CURVE('',#2960,(#2965,#2976),.PCURVE_S1.);
#2960 = CIRCLE('',#2961,51.13);
#2961 = AXIS2_PLACEMENT_3D('',#2962,#2963,#2964);
#2962 = CARTESIAN_POINT('',(723.8,0.,357.1));
#2963 = DIRECTION('',(-1.,-0.,-1.110223024625E-16));
#2964 = DIRECTION('',(1.110223024625E-16,0.,-1.));
#2965 = PCURVE('',#2881,#2966);
#2966 = DEFINITIONAL_REPRESENTATION('',(#2967),#2975);
#2967 = ( BOUNDED_CURVE() B_SPLINE_CURVE(2,(#2968,#2969,#2970,#2971,
#2972,#2973,#2974),.UNSPECIFIED.,.T.,.F.) B_SPLINE_CURVE_WITH_KNOTS((1,2
    ,2,2,2,1),(-2.094395102393,0.,2.094395102393,4.188790204786,
6.28318530718,8.377580409573),.UNSPECIFIED.) CURVE() 
GEOMETRIC_REPRESENTATION_ITEM() RATIONAL_B_SPLINE_CURVE((1.,0.5,1.,0.5,
1.,0.5,1.)) REPRESENTATION_ITEM('') );
#2968 = CARTESIAN_POINT('',(51.13,-5.698923450613E-15));
#2969 = CARTESIAN_POINT('',(51.13,-88.55975779099));
#2970 = CARTESIAN_POINT('',(-25.565,-44.27987889549));
#2971 = CARTESIAN_POINT('',(-102.26,-1.822216161869E-14));
#2972 = CARTESIAN_POINT('',(-25.565,44.279878895498));
#2973 = CARTESIAN_POINT('',(51.13,88.559757790997));
#2974 = CARTESIAN_POINT('',(51.13,-5.698923450613E-15));
#2975 = ( GEOMETRIC_REPRESENTATION_CONTEXT(2) 
PARAMETRIC_REPRESENTATION_CONTEXT() REPRESENTATION_CONTEXT('2D SPACE',''
  ) );
#2976 = PCURVE('',#2977,#2982);
#2977 = CYLINDRICAL_SURFACE('',#2978,51.13);
#2978 = AXIS2_PLACEMENT_3D('',#2979,#2980,#2981);
#2979 = CARTESIAN_POINT('',(621.2,0.,357.1));
#2980 = DIRECTION('',(-1.,-0.,-1.110223024625E-16));
#2981 = DIRECTION('',(1.110223024625E-16,0.,-1.));
#2982 = DEFINITIONAL_REPRESENTATION('',(#2983),#2987);
#2983 = LINE('',#2984,#2985);
#2984 = CARTESIAN_POINT('',(-6.28318530718,-102.6));
#2985 = VECTOR('',#2986,1.);
#2986 = DIRECTION('',(1.,-0.));
#2987 = ( GEOMETRIC_REPRESENTATION_CONTEXT(2) 
PARAMETRIC_REPRESENTATION_CONTEXT() REPRESENTATION_CONTEXT('2D SPACE',''
  ) );
#2988 = ADVANCED_FACE('',(#2989),#2937,.T.);
#2989 = FACE_BOUND('',#2990,.F.);
#2990 = EDGE_LOOP('',(#2991,#2992,#3015,#3042));
#2991 = ORIENTED_EDGE('',*,*,#2922,.T.);
#2992 = ORIENTED_EDGE('',*,*,#2993,.T.);
#2993 = EDGE_CURVE('',#2900,#2994,#2996,.T.);
#2994 = VERTEX_POINT('',#2995);
#2995 = CARTESIAN_POINT('',(625.2,0.,299.95));
#2996 = SEAM_CURVE('',#2997,(#3001,#3008),.PCURVE_S1.);
#2997 = LINE('',#2998,#2999);
#2998 = CARTESIAN_POINT('',(632.2,0.,299.95));
#2999 = VECTOR('',#3000,1.);
#3000 = DIRECTION('',(-1.,0.,-1.110223024625E-16));
#3001 = PCURVE('',#2937,#3002);
#3002 = DEFINITIONAL_REPRESENTATION('',(#3003),#3007);
#3003 = LINE('',#3004,#3005);
#3004 = CARTESIAN_POINT('',(-0.,0.));
#3005 = VECTOR('',#3006,1.);
#3006 = DIRECTION('',(-0.,1.));
#3007 = ( GEOMETRIC_REPRESENTATION_CONTEXT(2) 
PARAMETRIC_REPRESENTATION_CONTEXT() REPRESENTATION_CONTEXT('2D SPACE',''
  ) );
#3008 = PCURVE('',#2937,#3009);
#3009 = DEFINITIONAL_REPRESENTATION('',(#3010),#3014);
#3010 = LINE('',#3011,#3012);
#3011 = CARTESIAN_POINT('',(-6.28318530718,0.));
#3012 = VECTOR('',#3013,1.);
#3013 = DIRECTION('',(-0.,1.));
#3014 = ( GEOMETRIC_REPRESENTATION_CONTEXT(2) 
PARAMETRIC_REPRESENTATION_CONTEXT() REPRESENTATION_CONTEXT('2D SPACE',''
  ) );
#3015 = ORIENTED_EDGE('',*,*,#3016,.F.);
#3016 = EDGE_CURVE('',#2994,#2994,#3017,.T.);
#3017 = SURFACE_CURVE('',#3018,(#3023,#3030),.PCURVE_S1.);
#3018 = CIRCLE('',#3019,57.15);
#3019 = AXIS2_PLACEMENT_3D('',#3020,#3021,#3022);
#3020 = CARTESIAN_POINT('',(625.2,0.,357.1));
#3021 = DIRECTION('',(1.,-0.,1.110223024625E-16));
#3022 = DIRECTION('',(1.110223024625E-16,0.,-1.));
#3023 = PCURVE('',#2937,#3024);
#3024 = DEFINITIONAL_REPRESENTATION('',(#3025),#3029);
#3025 = LINE('',#3026,#3027);
#3026 = CARTESIAN_POINT('',(-0.,7.));
#3027 = VECTOR('',#3028,1.);
#3028 = DIRECTION('',(-1.,0.));
#3029 = ( GEOMETRIC_REPRESENTATION_CONTEXT(2) 
PARAMETRIC_REPRESENTATION_CONTEXT() REPRESENTATION_CONTEXT('2D SPACE',''
  ) );
#3030 = PCURVE('',#3031,#3036);
#3031 = PLANE('',#3032);
#3032 = AXIS2_PLACEMENT_3D('',#3033,#3034,#3035);
#3033 = CARTESIAN_POINT('',(625.2,0.,357.1));
#3034 = DIRECTION('',(1.,0.,1.110223024625E-16));
#3035 = DIRECTION('',(1.110223024625E-16,0.,-1.));
#3036 = DEFINITIONAL_REPRESENTATION('',(#3037),#3041);
#3037 = CIRCLE('',#3038,57.15);
#3038 = AXIS2_PLACEMENT_2D('',#3039,#3040);
#3039 = CARTESIAN_POINT('',(0.,0.));
#3040 = DIRECTION('',(1.,0.));
#3041 = ( GEOMETRIC_REPRESENTATION_CONTEXT(2) 
PARAMETRIC_REPRESENTATION_CONTEXT() REPRESENTATION_CONTEXT('2D SPACE',''
  ) );
#3042 = ORIENTED_EDGE('',*,*,#2993,.F.);
#3043 = ADVANCED_FACE('',(#3044),#2977,.F.);
#3044 = FACE_BOUND('',#3045,.T.);
#3045 = EDGE_LOOP('',(#3046,#3047,#3070,#3092));
#3046 = ORIENTED_EDGE('',*,*,#2956,.F.);
#3047 = ORIENTED_EDGE('',*,*,#3048,.T.);
#3048 = EDGE_CURVE('',#2957,#3049,#3051,.T.);
#3049 = VERTEX_POINT('',#3050);
#3050 = CARTESIAN_POINT('',(625.2,0.,305.97));
#3051 = SEAM_CURVE('',#3052,(#3056,#3063),.PCURVE_S1.);
#3052 = LINE('',#3053,#3054);
#3053 = CARTESIAN_POINT('',(723.8,0.,305.97));
#3054 = VECTOR('',#3055,1.);
#3055 = DIRECTION('',(-1.,0.,-1.110223024625E-16));
#3056 = PCURVE('',#2977,#3057);
#3057 = DEFINITIONAL_REPRESENTATION('',(#3058),#3062);
#3058 = LINE('',#3059,#3060);
#3059 = CARTESIAN_POINT('',(-6.28318530718,-102.6));
#3060 = VECTOR('',#3061,1.);
#3061 = DIRECTION('',(0.,1.));
#3062 = ( GEOMETRIC_REPRESENTATION_CONTEXT(2) 
PARAMETRIC_REPRESENTATION_CONTEXT() REPRESENTATION_CONTEXT('2D SPACE',''
  ) );
#3063 = PCURVE('',#2977,#3064);
#3064 = DEFINITIONAL_REPRESENTATION('',(#3065),#3069);
#3065 = LINE('',#3066,#3067);
#3066 = CARTESIAN_POINT('',(-0.,-102.6));
#3067 = VECTOR('',#3068,1.);
#3068 = DIRECTION('',(0.,1.));
#3069 = ( GEOMETRIC_REPRESENTATION_CONTEXT(2) 
PARAMETRIC_REPRESENTATION_CONTEXT() REPRESENTATION_CONTEXT('2D SPACE',''
  ) );
#3070 = ORIENTED_EDGE('',*,*,#3071,.F.);
#3071 = EDGE_CURVE('',#3049,#3049,#3072,.T.);
#3072 = SURFACE_CURVE('',#3073,(#3078,#3085),.PCURVE_S1.);
#3073 = CIRCLE('',#3074,51.13);
#3074 = AXIS2_PLACEMENT_3D('',#3075,#3076,#3077);
#3075 = CARTESIAN_POINT('',(625.2,0.,357.1));
#3076 = DIRECTION('',(1.,-0.,1.110223024625E-16));
#3077 = DIRECTION('',(1.110223024625E-16,0.,-1.));
#3078 = PCURVE('',#2977,#3079);
#3079 = DEFINITIONAL_REPRESENTATION('',(#3080),#3084);
#3080 = LINE('',#3081,#3082);
#3081 = CARTESIAN_POINT('',(-0.,-4.));
#3082 = VECTOR('',#3083,1.);
#3083 = DIRECTION('',(-1.,0.));
#3084 = ( GEOMETRIC_REPRESENTATION_CONTEXT(2) 
PARAMETRIC_REPRESENTATION_CONTEXT() REPRESENTATION_CONTEXT('2D SPACE',''
  ) );
#3085 = PCURVE('',#3031,#3086);
#3086 = DEFINITIONAL_REPRESENTATION('',(#3087),#3091);
#3087 = CIRCLE('',#3088,51.13);
#3088 = AXIS2_PLACEMENT_2D('',#3089,#3090);
#3089 = CARTESIAN_POINT('',(0.,0.));
#3090 = DIRECTION('',(1.,0.));
#3091 = ( GEOMETRIC_REPRESENTATION_CONTEXT(2) 
PARAMETRIC_REPRESENTATION_CONTEXT() REPRESENTATION_CONTEXT('2D SPACE',''
  ) );
#3092 = ORIENTED_EDGE('',*,*,#3048,.F.);
#3093 = ADVANCED_FACE('',(#3094,#3097),#3031,.F.);
#3094 = FACE_BOUND('',#3095,.F.);
#3095 = EDGE_LOOP('',(#3096));
#3096 = ORIENTED_EDGE('',*,*,#3016,.T.);
#3097 = FACE_BOUND('',#3098,.F.);
#3098 = EDGE_LOOP('',(#3099));
#3099 = ORIENTED_EDGE('',*,*,#3071,.F.);
#3100 = ( GEOMETRIC_REPRESENTATION_CONTEXT(3) 
GLOBAL_UNCERTAINTY_ASSIGNED_CONTEXT((#3104)) 
GLOBAL_UNIT_ASSIGNED_CONTEXT((#3101,#3102,#3103)) REPRESENTATION_CONTEXT
('Context #1','3D Context with UNIT and UNCERTAINTY') );
#3101 = ( LENGTH_UNIT() NAMED_UNIT(*) SI_UNIT(.MILLI.,.METRE.) );
#3102 = ( NAMED_UNIT(*) PLANE_ANGLE_UNIT() SI_UNIT($,.RADIAN.) );
#3103 = ( NAMED_UNIT(*) SI_UNIT($,.STERADIAN.) SOLID_ANGLE_UNIT() );
#3104 = UNCERTAINTY_MEASURE_WITH_UNIT(LENGTH_MEASURE(1.E-07),#3101,
  'distance_accuracy_value','confusion accuracy');
#3105 = CONTEXT_DEPENDENT_SHAPE_REPRESENTATION(#3106,#3108);
#3106 = ( REPRESENTATION_RELATIONSHIP('','',#1887,#10) 
REPRESENTATION_RELATIONSHIP_WITH_TRANSFORMATION(#3107) 
SHAPE_REPRESENTATION_RELATIONSHIP() );
#3107 = ITEM_DEFINED_TRANSFORMATION('','',#11,#31);
#3108 = PRODUCT_DEFINITION_SHAPE('Placement','Placement of an item',
  #3109);
#3109 = NEXT_ASSEMBLY_USAGE_OCCURRENCE('22','','',#5,#1882,$);
#3110 = PRODUCT_RELATED_PRODUCT_CATEGORY('part',$,(#1884));
ENDSEC;
END-ISO-10303-21;
