ISO-10303-21;
HEADER;
FILE_DESCRIPTION(('Open CASCADE Model'),'2;1');
FILE_NAME('Open CASCADE Shape Model','2026-01-27T17:18:10',('Author'),(
    'Open CASCADE'),'Open CASCADE STEP processor 7.8','Open CASCADE 7.8'
  ,'Unknown');
FILE_SCHEMA(('AUTOMOTIVE_DESIGN { 1 0 10303 214 1 1 1 1 }'));
ENDSEC;
DATA;
#1 = APPLICATION_PROTOCOL_DEFINITION('international standard',
  'automotive_design',2000,#2);
#2 = APPLICATION_CONTEXT(
  'core data for automotive mechanical design processes');
#3 = SHAPE_DEFINITION_REPRESENTATION(#4,#10);
#4 = PRODUCT_DEFINITION_SHAPE('','',#5);
#5 = PRODUCT_DEFINITION('design','',#6,#9);
#6 = PRODUCT_DEFINITION_FORMATION('','',#7);
#7 = PRODUCT('Open CASCADE STEP translator 7.8 14',
  'Open CASCADE STEP translator 7.8 14','',(#8));
#8 = PRODUCT_CONTEXT('',#2,'mechanical');
#9 = PRODUCT_DEFINITION_CONTEXT('part definition',#2,'design');
#10 = SHAPE_REPRESENTATION('',(#11,#15,#19),#23);
#11 = AXIS2_PLACEMENT_3D('',#12,#13,#14);
#12 = CARTESIAN_POINT('',(0.,0.,0.));
#13 = DIRECTION('',(0.,0.,1.));
#14 = DIRECTION('',(1.,0.,-0.));
#15 = AXIS2_PLACEMENT_3D('',#16,#17,#18);
#16 = CARTESIAN_POINT('',(0.,0.,0.));
#17 = DIRECTION('',(0.,0.,1.));
#18 = DIRECTION('',(1.,0.,-0.));
#19 = AXIS2_PLACEMENT_3D('',#20,#21,#22);
#20 = CARTESIAN_POINT('',(0.,0.,0.));
#21 = DIRECTION('',(0.,0.,1.));
#22 = DIRECTION('',(1.,0.,-0.));
#23 = ( GEOMETRIC_REPRESENTATION_CONTEXT(3) 
GLOBAL_UNCERTAINTY_ASSIGNED_CONTEXT((#27)) GLOBAL_UNIT_ASSIGNED_CONTEXT(
(#24,#25,#26)) REPRESENTATION_CONTEXT('Context #1',
  '3D Context with UNIT and UNCERTAINTY') );
#24 = ( LENGTH_UNIT() NAMED_UNIT(*) SI_UNIT(.MILLI.,.METRE.) );
#25 = ( NAMED_UNIT(*) PLANE_ANGLE_UNIT() SI_UNIT($,.RADIAN.) );
#26 = ( NAMED_UNIT(*) SI_UNIT($,.STERADIAN.) SOLID_ANGLE_UNIT() );
#27 = UNCERTAINTY_MEASURE_WITH_UNIT(LENGTH_MEASURE(1.E-07),#24,
  'distance_accuracy_value','confusion accuracy');
#28 = PRODUCT_RELATED_PRODUCT_CATEGORY('part',$,(#7));
#29 = SHAPE_DEFINITION_REPRESENTATION(#30,#36);
#30 = PRODUCT_DEFINITION_SHAPE('','',#31);
#31 = PRODUCT_DEFINITION('design','',#32,#35);
#32 = PRODUCT_DEFINITION_FORMATION('','',#33);
#33 = PRODUCT('Open CASCADE STEP translator 7.8 14.1',
  'Open CASCADE STEP translator 7.8 14.1','',(#34));
#34 = PRODUCT_CONTEXT('',#2,'mechanical');
#35 = PRODUCT_DEFINITION_CONTEXT('part definition',#2,'design');
#36 = ADVANCED_BREP_SHAPE_REPRESENTATION('',(#11,#37),#1339);
#37 = MANIFOLD_SOLID_BREP('',#38);
#38 = CLOSED_SHELL('',(#39,#127,#162,#217,#272,#327,#642,#677,#732,#786,
    #840,#894,#948,#1002,#1056,#1110,#1164,#1223,#1282,#1312));
#39 = ADVANCED_FACE('',(#40),#53,.T.);
#40 = FACE_BOUND('',#41,.F.);
#41 = EDGE_LOOP('',(#42,#76,#99,#126));
#42 = ORIENTED_EDGE('',*,*,#43,.F.);
#43 = EDGE_CURVE('',#44,#44,#46,.T.);
#44 = VERTEX_POINT('',#45);
#45 = CARTESIAN_POINT('',(84.15,0.,117.3));
#46 = SURFACE_CURVE('',#47,(#52,#64),.PCURVE_S1.);
#47 = CIRCLE('',#48,84.15);
#48 = AXIS2_PLACEMENT_3D('',#49,#50,#51);
#49 = CARTESIAN_POINT('',(0.,0.,117.3));
#50 = DIRECTION('',(0.,0.,1.));
#51 = DIRECTION('',(1.,0.,0.));
#52 = PCURVE('',#53,#58);
#53 = CYLINDRICAL_SURFACE('',#54,84.15);
#54 = AXIS2_PLACEMENT_3D('',#55,#56,#57);
#55 = CARTESIAN_POINT('',(0.,0.,117.3));
#56 = DIRECTION('',(-0.,-0.,-1.));
#57 = DIRECTION('',(1.,0.,0.));
#58 = DEFINITIONAL_REPRESENTATION('',(#59),#63);
#59 = LINE('',#60,#61);
#60 = CARTESIAN_POINT('',(-0.,0.));
#61 = VECTOR('',#62,1.);
#62 = DIRECTION('',(-1.,0.));
#63 = ( GEOMETRIC_REPRESENTATION_CONTEXT(2) 
PARAMETRIC_REPRESENTATION_CONTEXT() REPRESENTATION_CONTEXT('2D SPACE',''
  ) );
#64 = PCURVE('',#65,#70);
#65 = PLANE('',#66);
#66 = AXIS2_PLACEMENT_3D('',#67,#68,#69);
#67 = CARTESIAN_POINT('',(-6.240012013014E-15,4.884881745744E-15,117.3)
  );
#68 = DIRECTION('',(0.,0.,1.));
#69 = DIRECTION('',(1.,0.,-0.));
#70 = DEFINITIONAL_REPRESENTATION('',(#71),#75);
#71 = CIRCLE('',#72,84.15);
#72 = AXIS2_PLACEMENT_2D('',#73,#74);
#73 = CARTESIAN_POINT('',(6.240012013014E-15,-4.884881745744E-15));
#74 = DIRECTION('',(1.,0.));
#75 = ( GEOMETRIC_REPRESENTATION_CONTEXT(2) 
PARAMETRIC_REPRESENTATION_CONTEXT() REPRESENTATION_CONTEXT('2D SPACE',''
  ) );
#76 = ORIENTED_EDGE('',*,*,#77,.F.);
#77 = EDGE_CURVE('',#78,#44,#80,.T.);
#78 = VERTEX_POINT('',#79);
#79 = CARTESIAN_POINT('',(84.15,0.,1.0941E+03));
#80 = SEAM_CURVE('',#81,(#85,#92),.PCURVE_S1.);
#81 = LINE('',#82,#83);
#82 = CARTESIAN_POINT('',(84.15,0.,1.0941E+03));
#83 = VECTOR('',#84,1.);
#84 = DIRECTION('',(0.,0.,-1.));
#85 = PCURVE('',#53,#86);
#86 = DEFINITIONAL_REPRESENTATION('',(#87),#91);
#87 = LINE('',#88,#89);
#88 = CARTESIAN_POINT('',(-0.,-976.8));
#89 = VECTOR('',#90,1.);
#90 = DIRECTION('',(0.,1.));
#91 = ( GEOMETRIC_REPRESENTATION_CONTEXT(2) 
PARAMETRIC_REPRESENTATION_CONTEXT() REPRESENTATION_CONTEXT('2D SPACE',''
  ) );
#92 = PCURVE('',#53,#93);
#93 = DEFINITIONAL_REPRESENTATION('',(#94),#98);
#94 = LINE('',#95,#96);
#95 = CARTESIAN_POINT('',(-6.28318530718,-976.8));
#96 = VECTOR('',#97,1.);
#97 = DIRECTION('',(0.,1.));
#98 = ( GEOMETRIC_REPRESENTATION_CONTEXT(2) 
PARAMETRIC_REPRESENTATION_CONTEXT() REPRESENTATION_CONTEXT('2D SPACE',''
  ) );
#99 = ORIENTED_EDGE('',*,*,#100,.T.);
#100 = EDGE_CURVE('',#78,#78,#101,.T.);
#101 = SURFACE_CURVE('',#102,(#107,#114),.PCURVE_S1.);
#102 = CIRCLE('',#103,84.15);
#103 = AXIS2_PLACEMENT_3D('',#104,#105,#106);
#104 = CARTESIAN_POINT('',(0.,0.,1.0941E+03));
#105 = DIRECTION('',(0.,0.,1.));
#106 = DIRECTION('',(1.,0.,-0.));
#107 = PCURVE('',#53,#108);
#108 = DEFINITIONAL_REPRESENTATION('',(#109),#113);
#109 = LINE('',#110,#111);
#110 = CARTESIAN_POINT('',(-0.,-976.8));
#111 = VECTOR('',#112,1.);
#112 = DIRECTION('',(-1.,0.));
#113 = ( GEOMETRIC_REPRESENTATION_CONTEXT(2) 
PARAMETRIC_REPRESENTATION_CONTEXT() REPRESENTATION_CONTEXT('2D SPACE',''
  ) );
#114 = PCURVE('',#115,#120);
#115 = CONICAL_SURFACE('',#116,88.9,6.4187750576E-02);
#116 = AXIS2_PLACEMENT_3D('',#117,#118,#119);
#117 = CARTESIAN_POINT('',(0.,0.,1.168E+03));
#118 = DIRECTION('',(0.,0.,1.));
#119 = DIRECTION('',(1.,0.,0.));
#120 = DEFINITIONAL_REPRESENTATION('',(#121),#125);
#121 = LINE('',#122,#123);
#122 = CARTESIAN_POINT('',(0.,-73.9));
#123 = VECTOR('',#124,1.);
#124 = DIRECTION('',(1.,-0.));
#125 = ( GEOMETRIC_REPRESENTATION_CONTEXT(2) 
PARAMETRIC_REPRESENTATION_CONTEXT() REPRESENTATION_CONTEXT('2D SPACE',''
  ) );
#126 = ORIENTED_EDGE('',*,*,#77,.T.);
#127 = ADVANCED_FACE('',(#128,#131),#65,.F.);
#128 = FACE_BOUND('',#129,.F.);
#129 = EDGE_LOOP('',(#130));
#130 = ORIENTED_EDGE('',*,*,#43,.T.);
#131 = FACE_BOUND('',#132,.F.);
#132 = EDGE_LOOP('',(#133));
#133 = ORIENTED_EDGE('',*,*,#134,.F.);
#134 = EDGE_CURVE('',#135,#135,#137,.T.);
#135 = VERTEX_POINT('',#136);
#136 = CARTESIAN_POINT('',(77.04,6.079510038589E-15,117.3));
#137 = SURFACE_CURVE('',#138,(#143,#150),.PCURVE_S1.);
#138 = CIRCLE('',#139,77.04);
#139 = AXIS2_PLACEMENT_3D('',#140,#141,#142);
#140 = CARTESIAN_POINT('',(3.985456580853E-13,6.079510038589E-15,117.3)
  );
#141 = DIRECTION('',(0.,0.,1.));
#142 = DIRECTION('',(1.,0.,0.));
#143 = PCURVE('',#65,#144);
#144 = DEFINITIONAL_REPRESENTATION('',(#145),#149);
#145 = CIRCLE('',#146,77.04);
#146 = AXIS2_PLACEMENT_2D('',#147,#148);
#147 = CARTESIAN_POINT('',(4.047856700983E-13,1.194628292845E-15));
#148 = DIRECTION('',(1.,0.));
#149 = ( GEOMETRIC_REPRESENTATION_CONTEXT(2) 
PARAMETRIC_REPRESENTATION_CONTEXT() REPRESENTATION_CONTEXT('2D SPACE',''
  ) );
#150 = PCURVE('',#151,#156);
#151 = CYLINDRICAL_SURFACE('',#152,77.04);
#152 = AXIS2_PLACEMENT_3D('',#153,#154,#155);
#153 = CARTESIAN_POINT('',(3.985456580853E-13,6.079510038589E-15,117.3)
  );
#154 = DIRECTION('',(-0.,-0.,-1.));
#155 = DIRECTION('',(1.,0.,0.));
#156 = DEFINITIONAL_REPRESENTATION('',(#157),#161);
#157 = LINE('',#158,#159);
#158 = CARTESIAN_POINT('',(-0.,0.));
#159 = VECTOR('',#160,1.);
#160 = DIRECTION('',(-1.,0.));
#161 = ( GEOMETRIC_REPRESENTATION_CONTEXT(2) 
PARAMETRIC_REPRESENTATION_CONTEXT() REPRESENTATION_CONTEXT('2D SPACE',''
  ) );
#162 = ADVANCED_FACE('',(#163),#151,.F.);
#163 = FACE_BOUND('',#164,.T.);
#164 = EDGE_LOOP('',(#165,#166,#189,#216));
#165 = ORIENTED_EDGE('',*,*,#134,.F.);
#166 = ORIENTED_EDGE('',*,*,#167,.T.);
#167 = EDGE_CURVE('',#135,#168,#170,.T.);
#168 = VERTEX_POINT('',#169);
#169 = CARTESIAN_POINT('',(77.04,6.079510038589E-15,1.3081E+03));
#170 = SEAM_CURVE('',#171,(#175,#182),.PCURVE_S1.);
#171 = LINE('',#172,#173);
#172 = CARTESIAN_POINT('',(77.04,6.079510038589E-15,117.3));
#173 = VECTOR('',#174,1.);
#174 = DIRECTION('',(0.,0.,1.));
#175 = PCURVE('',#151,#176);
#176 = DEFINITIONAL_REPRESENTATION('',(#177),#181);
#177 = LINE('',#178,#179);
#178 = CARTESIAN_POINT('',(-0.,0.));
#179 = VECTOR('',#180,1.);
#180 = DIRECTION('',(-0.,-1.));
#181 = ( GEOMETRIC_REPRESENTATION_CONTEXT(2) 
PARAMETRIC_REPRESENTATION_CONTEXT() REPRESENTATION_CONTEXT('2D SPACE',''
  ) );
#182 = PCURVE('',#151,#183);
#183 = DEFINITIONAL_REPRESENTATION('',(#184),#188);
#184 = LINE('',#185,#186);
#185 = CARTESIAN_POINT('',(-6.28318530718,0.));
#186 = VECTOR('',#187,1.);
#187 = DIRECTION('',(-0.,-1.));
#188 = ( GEOMETRIC_REPRESENTATION_CONTEXT(2) 
PARAMETRIC_REPRESENTATION_CONTEXT() REPRESENTATION_CONTEXT('2D SPACE',''
  ) );
#189 = ORIENTED_EDGE('',*,*,#190,.T.);
#190 = EDGE_CURVE('',#168,#168,#191,.T.);
#191 = SURFACE_CURVE('',#192,(#197,#204),.PCURVE_S1.);
#192 = CIRCLE('',#193,77.04);
#193 = AXIS2_PLACEMENT_3D('',#194,#195,#196);
#194 = CARTESIAN_POINT('',(3.985456580853E-13,6.079510038589E-15,
    1.3081E+03));
#195 = DIRECTION('',(0.,0.,1.));
#196 = DIRECTION('',(1.,0.,0.));
#197 = PCURVE('',#151,#198);
#198 = DEFINITIONAL_REPRESENTATION('',(#199),#203);
#199 = LINE('',#200,#201);
#200 = CARTESIAN_POINT('',(-0.,-1.1908E+03));
#201 = VECTOR('',#202,1.);
#202 = DIRECTION('',(-1.,0.));
#203 = ( GEOMETRIC_REPRESENTATION_CONTEXT(2) 
PARAMETRIC_REPRESENTATION_CONTEXT() REPRESENTATION_CONTEXT('2D SPACE',''
  ) );
#204 = PCURVE('',#205,#210);
#205 = PLANE('',#206);
#206 = AXIS2_PLACEMENT_3D('',#207,#208,#209);
#207 = CARTESIAN_POINT('',(-6.240012013014E-15,4.884881745744E-15,
    1.3081E+03));
#208 = DIRECTION('',(0.,0.,1.));
#209 = DIRECTION('',(1.,0.,-0.));
#210 = DEFINITIONAL_REPRESENTATION('',(#211),#215);
#211 = CIRCLE('',#212,77.04);
#212 = AXIS2_PLACEMENT_2D('',#213,#214);
#213 = CARTESIAN_POINT('',(4.047856700983E-13,1.194628292845E-15));
#214 = DIRECTION('',(1.,0.));
#215 = ( GEOMETRIC_REPRESENTATION_CONTEXT(2) 
PARAMETRIC_REPRESENTATION_CONTEXT() REPRESENTATION_CONTEXT('2D SPACE',''
  ) );
#216 = ORIENTED_EDGE('',*,*,#167,.F.);
#217 = ADVANCED_FACE('',(#218),#115,.T.);
#218 = FACE_BOUND('',#219,.F.);
#219 = EDGE_LOOP('',(#220,#249,#270,#271));
#220 = ORIENTED_EDGE('',*,*,#221,.T.);
#221 = EDGE_CURVE('',#222,#222,#224,.T.);
#222 = VERTEX_POINT('',#223);
#223 = CARTESIAN_POINT('',(88.9,0.,1.168E+03));
#224 = SURFACE_CURVE('',#225,(#230,#237),.PCURVE_S1.);
#225 = CIRCLE('',#226,88.9);
#226 = AXIS2_PLACEMENT_3D('',#227,#228,#229);
#227 = CARTESIAN_POINT('',(0.,0.,1.168E+03));
#228 = DIRECTION('',(0.,0.,1.));
#229 = DIRECTION('',(1.,0.,-0.));
#230 = PCURVE('',#115,#231);
#231 = DEFINITIONAL_REPRESENTATION('',(#232),#236);
#232 = LINE('',#233,#234);
#233 = CARTESIAN_POINT('',(0.,-0.));
#234 = VECTOR('',#235,1.);
#235 = DIRECTION('',(1.,-0.));
#236 = ( GEOMETRIC_REPRESENTATION_CONTEXT(2) 
PARAMETRIC_REPRESENTATION_CONTEXT() REPRESENTATION_CONTEXT('2D SPACE',''
  ) );
#237 = PCURVE('',#238,#243);
#238 = CYLINDRICAL_SURFACE('',#239,88.9);
#239 = AXIS2_PLACEMENT_3D('',#240,#241,#242);
#240 = CARTESIAN_POINT('',(0.,0.,1.173E+03));
#241 = DIRECTION('',(-0.,-0.,-1.));
#242 = DIRECTION('',(1.,0.,0.));
#243 = DEFINITIONAL_REPRESENTATION('',(#244),#248);
#244 = LINE('',#245,#246);
#245 = CARTESIAN_POINT('',(-0.,5.));
#246 = VECTOR('',#247,1.);
#247 = DIRECTION('',(-1.,0.));
#248 = ( GEOMETRIC_REPRESENTATION_CONTEXT(2) 
PARAMETRIC_REPRESENTATION_CONTEXT() REPRESENTATION_CONTEXT('2D SPACE',''
  ) );
#249 = ORIENTED_EDGE('',*,*,#250,.T.);
#250 = EDGE_CURVE('',#222,#78,#251,.T.);
#251 = SEAM_CURVE('',#252,(#256,#263),.PCURVE_S1.);
#252 = LINE('',#253,#254);
#253 = CARTESIAN_POINT('',(88.9,0.,1.168E+03));
#254 = VECTOR('',#255,1.);
#255 = DIRECTION('',(-6.414368334602E-02,0.,-0.997940673531));
#256 = PCURVE('',#115,#257);
#257 = DEFINITIONAL_REPRESENTATION('',(#258),#262);
#258 = LINE('',#259,#260);
#259 = CARTESIAN_POINT('',(0.,-0.));
#260 = VECTOR('',#261,1.);
#261 = DIRECTION('',(0.,-1.));
#262 = ( GEOMETRIC_REPRESENTATION_CONTEXT(2) 
PARAMETRIC_REPRESENTATION_CONTEXT() REPRESENTATION_CONTEXT('2D SPACE',''
  ) );
#263 = PCURVE('',#115,#264);
#264 = DEFINITIONAL_REPRESENTATION('',(#265),#269);
#265 = LINE('',#266,#267);
#266 = CARTESIAN_POINT('',(6.28318530718,-0.));
#267 = VECTOR('',#268,1.);
#268 = DIRECTION('',(0.,-1.));
#269 = ( GEOMETRIC_REPRESENTATION_CONTEXT(2) 
PARAMETRIC_REPRESENTATION_CONTEXT() REPRESENTATION_CONTEXT('2D SPACE',''
  ) );
#270 = ORIENTED_EDGE('',*,*,#100,.F.);
#271 = ORIENTED_EDGE('',*,*,#250,.F.);
#272 = ADVANCED_FACE('',(#273),#238,.T.);
#273 = FACE_BOUND('',#274,.F.);
#274 = EDGE_LOOP('',(#275,#304,#325,#326));
#275 = ORIENTED_EDGE('',*,*,#276,.T.);
#276 = EDGE_CURVE('',#277,#277,#279,.T.);
#277 = VERTEX_POINT('',#278);
#278 = CARTESIAN_POINT('',(88.9,0.,1.173E+03));
#279 = SURFACE_CURVE('',#280,(#285,#292),.PCURVE_S1.);
#280 = CIRCLE('',#281,88.9);
#281 = AXIS2_PLACEMENT_3D('',#282,#283,#284);
#282 = CARTESIAN_POINT('',(0.,0.,1.173E+03));
#283 = DIRECTION('',(0.,0.,1.));
#284 = DIRECTION('',(1.,0.,-0.));
#285 = PCURVE('',#238,#286);
#286 = DEFINITIONAL_REPRESENTATION('',(#287),#291);
#287 = LINE('',#288,#289);
#288 = CARTESIAN_POINT('',(-0.,0.));
#289 = VECTOR('',#290,1.);
#290 = DIRECTION('',(-1.,0.));
#291 = ( GEOMETRIC_REPRESENTATION_CONTEXT(2) 
PARAMETRIC_REPRESENTATION_CONTEXT() REPRESENTATION_CONTEXT('2D SPACE',''
  ) );
#292 = PCURVE('',#293,#298);
#293 = PLANE('',#294);
#294 = AXIS2_PLACEMENT_3D('',#295,#296,#297);
#295 = CARTESIAN_POINT('',(-1.503498957466E-14,9.332217646634E-15,
    1.173E+03));
#296 = DIRECTION('',(0.,0.,1.));
#297 = DIRECTION('',(1.,0.,-0.));
#298 = DEFINITIONAL_REPRESENTATION('',(#299),#303);
#299 = CIRCLE('',#300,88.9);
#300 = AXIS2_PLACEMENT_2D('',#301,#302);
#301 = CARTESIAN_POINT('',(1.503498957466E-14,-9.332217646634E-15));
#302 = DIRECTION('',(1.,0.));
#303 = ( GEOMETRIC_REPRESENTATION_CONTEXT(2) 
PARAMETRIC_REPRESENTATION_CONTEXT() REPRESENTATION_CONTEXT('2D SPACE',''
  ) );
#304 = ORIENTED_EDGE('',*,*,#305,.T.);
#305 = EDGE_CURVE('',#277,#222,#306,.T.);
#306 = SEAM_CURVE('',#307,(#311,#318),.PCURVE_S1.);
#307 = LINE('',#308,#309);
#308 = CARTESIAN_POINT('',(88.9,0.,1.173E+03));
#309 = VECTOR('',#310,1.);
#310 = DIRECTION('',(0.,0.,-1.));
#311 = PCURVE('',#238,#312);
#312 = DEFINITIONAL_REPRESENTATION('',(#313),#317);
#313 = LINE('',#314,#315);
#314 = CARTESIAN_POINT('',(-0.,0.));
#315 = VECTOR('',#316,1.);
#316 = DIRECTION('',(-0.,1.));
#317 = ( GEOMETRIC_REPRESENTATION_CONTEXT(2) 
PARAMETRIC_REPRESENTATION_CONTEXT() REPRESENTATION_CONTEXT('2D SPACE',''
  ) );
#318 = PCURVE('',#238,#319);
#319 = DEFINITIONAL_REPRESENTATION('',(#320),#324);
#320 = LINE('',#321,#322);
#321 = CARTESIAN_POINT('',(-6.28318530718,0.));
#322 = VECTOR('',#323,1.);
#323 = DIRECTION('',(-0.,1.));
#324 = ( GEOMETRIC_REPRESENTATION_CONTEXT(2) 
PARAMETRIC_REPRESENTATION_CONTEXT() REPRESENTATION_CONTEXT('2D SPACE',''
  ) );
#325 = ORIENTED_EDGE('',*,*,#221,.F.);
#326 = ORIENTED_EDGE('',*,*,#305,.F.);
#327 = ADVANCED_FACE('',(#328,#359,#394,#429,#464,#499,#534,#537,#572,
    #607),#293,.F.);
#328 = FACE_BOUND('',#329,.F.);
#329 = EDGE_LOOP('',(#330));
#330 = ORIENTED_EDGE('',*,*,#331,.T.);
#331 = EDGE_CURVE('',#332,#332,#334,.T.);
#332 = VERTEX_POINT('',#333);
#333 = CARTESIAN_POINT('',(139.7,0.,1.173E+03));
#334 = SURFACE_CURVE('',#335,(#340,#347),.PCURVE_S1.);
#335 = CIRCLE('',#336,139.7);
#336 = AXIS2_PLACEMENT_3D('',#337,#338,#339);
#337 = CARTESIAN_POINT('',(0.,0.,1.173E+03));
#338 = DIRECTION('',(0.,0.,1.));
#339 = DIRECTION('',(1.,0.,0.));
#340 = PCURVE('',#293,#341);
#341 = DEFINITIONAL_REPRESENTATION('',(#342),#346);
#342 = CIRCLE('',#343,139.7);
#343 = AXIS2_PLACEMENT_2D('',#344,#345);
#344 = CARTESIAN_POINT('',(1.503498957466E-14,-9.332217646634E-15));
#345 = DIRECTION('',(1.,0.));
#346 = ( GEOMETRIC_REPRESENTATION_CONTEXT(2) 
PARAMETRIC_REPRESENTATION_CONTEXT() REPRESENTATION_CONTEXT('2D SPACE',''
  ) );
#347 = PCURVE('',#348,#353);
#348 = CYLINDRICAL_SURFACE('',#349,139.7);
#349 = AXIS2_PLACEMENT_3D('',#350,#351,#352);
#350 = CARTESIAN_POINT('',(0.,0.,1.173E+03));
#351 = DIRECTION('',(-0.,-0.,-1.));
#352 = DIRECTION('',(1.,0.,0.));
#353 = DEFINITIONAL_REPRESENTATION('',(#354),#358);
#354 = LINE('',#355,#356);
#355 = CARTESIAN_POINT('',(-0.,0.));
#356 = VECTOR('',#357,1.);
#357 = DIRECTION('',(-1.,0.));
#358 = ( GEOMETRIC_REPRESENTATION_CONTEXT(2) 
PARAMETRIC_REPRESENTATION_CONTEXT() REPRESENTATION_CONTEXT('2D SPACE',''
  ) );
#359 = FACE_BOUND('',#360,.F.);
#360 = EDGE_LOOP('',(#361));
#361 = ORIENTED_EDGE('',*,*,#362,.T.);
#362 = EDGE_CURVE('',#363,#363,#365,.T.);
#363 = VERTEX_POINT('',#364);
#364 = CARTESIAN_POINT('',(-93.16131842132,-93.16131842132,1.173E+03));
#365 = SURFACE_CURVE('',#366,(#371,#382),.PCURVE_S1.);
#366 = CIRCLE('',#367,11.1);
#367 = AXIS2_PLACEMENT_3D('',#368,#369,#370);
#368 = CARTESIAN_POINT('',(-85.31243315015,-85.31243315015,1.173E+03));
#369 = DIRECTION('',(-0.,0.,-1.));
#370 = DIRECTION('',(-0.707106781187,-0.707106781187,0.));
#371 = PCURVE('',#293,#372);
#372 = DEFINITIONAL_REPRESENTATION('',(#373),#381);
#373 = ( BOUNDED_CURVE() B_SPLINE_CURVE(2,(#374,#375,#376,#377,#378,#379
,#380),.UNSPECIFIED.,.T.,.F.) B_SPLINE_CURVE_WITH_KNOTS((1,2,2,2,2,1),(
    -2.094395102393,0.,2.094395102393,4.188790204786,6.28318530718,
8.377580409573),.UNSPECIFIED.) CURVE() GEOMETRIC_REPRESENTATION_ITEM() 
RATIONAL_B_SPLINE_CURVE((1.,0.5,1.,0.5,1.,0.5,1.)) REPRESENTATION_ITEM(
  '') );
#374 = CARTESIAN_POINT('',(-93.16131842132,-93.16131842132));
#375 = CARTESIAN_POINT('',(-106.7559864937,-79.56665034888));
#376 = CARTESIAN_POINT('',(-88.18532455079,-74.59065647834));
#377 = CARTESIAN_POINT('',(-69.61466260781,-69.61466260781));
#378 = CARTESIAN_POINT('',(-74.59065647834,-88.18532455079));
#379 = CARTESIAN_POINT('',(-79.56665034888,-106.7559864937));
#380 = CARTESIAN_POINT('',(-93.16131842132,-93.16131842132));
#381 = ( GEOMETRIC_REPRESENTATION_CONTEXT(2) 
PARAMETRIC_REPRESENTATION_CONTEXT() REPRESENTATION_CONTEXT('2D SPACE',''
  ) );
#382 = PCURVE('',#383,#388);
#383 = CYLINDRICAL_SURFACE('',#384,11.1);
#384 = AXIS2_PLACEMENT_3D('',#385,#386,#387);
#385 = CARTESIAN_POINT('',(-85.31243315015,-85.31243315015,1.172E+03));
#386 = DIRECTION('',(-0.,-0.,-1.));
#387 = DIRECTION('',(-0.707106781187,-0.707106781187,0.));
#388 = DEFINITIONAL_REPRESENTATION('',(#389),#393);
#389 = LINE('',#390,#391);
#390 = CARTESIAN_POINT('',(-6.28318530718,-1.));
#391 = VECTOR('',#392,1.);
#392 = DIRECTION('',(1.,-0.));
#393 = ( GEOMETRIC_REPRESENTATION_CONTEXT(2) 
PARAMETRIC_REPRESENTATION_CONTEXT() REPRESENTATION_CONTEXT('2D SPACE',''
  ) );
#394 = FACE_BOUND('',#395,.F.);
#395 = EDGE_LOOP('',(#396));
#396 = ORIENTED_EDGE('',*,*,#397,.T.);
#397 = EDGE_CURVE('',#398,#398,#400,.T.);
#398 = VERTEX_POINT('',#399);
#399 = CARTESIAN_POINT('',(-2.462774056224E-14,-131.75,1.173E+03));
#400 = SURFACE_CURVE('',#401,(#406,#417),.PCURVE_S1.);
#401 = CIRCLE('',#402,11.1);
#402 = AXIS2_PLACEMENT_3D('',#403,#404,#405);
#403 = CARTESIAN_POINT('',(-2.216304544757E-14,-120.65,1.173E+03));
#404 = DIRECTION('',(-0.,0.,-1.));
#405 = DIRECTION('',(-2.22044604925E-16,-1.,0.));
#406 = PCURVE('',#293,#407);
#407 = DEFINITIONAL_REPRESENTATION('',(#408),#416);
#408 = ( BOUNDED_CURVE() B_SPLINE_CURVE(2,(#409,#410,#411,#412,#413,#414
,#415),.UNSPECIFIED.,.T.,.F.) B_SPLINE_CURVE_WITH_KNOTS((1,2,2,2,2,1),(
    -2.094395102393,0.,2.094395102393,4.188790204786,6.28318530718,
8.377580409573),.UNSPECIFIED.) CURVE() GEOMETRIC_REPRESENTATION_ITEM() 
RATIONAL_B_SPLINE_CURVE((1.,0.5,1.,0.5,1.,0.5,1.)) REPRESENTATION_ITEM(
  '') );
#409 = CARTESIAN_POINT('',(-9.592750987573E-15,-131.75));
#410 = CARTESIAN_POINT('',(-19.22576396401,-131.75));
#411 = CARTESIAN_POINT('',(-9.612881982007,-115.1));
#412 = CARTESIAN_POINT('',(-4.917381537677E-15,-98.45));
#413 = CARTESIAN_POINT('',(9.612881982007,-115.1));
#414 = CARTESIAN_POINT('',(19.225763964015,-131.75));
#415 = CARTESIAN_POINT('',(-9.592750987573E-15,-131.75));
#416 = ( GEOMETRIC_REPRESENTATION_CONTEXT(2) 
PARAMETRIC_REPRESENTATION_CONTEXT() REPRESENTATION_CONTEXT('2D SPACE',''
  ) );
#417 = PCURVE('',#418,#423);
#418 = CYLINDRICAL_SURFACE('',#419,11.1);
#419 = AXIS2_PLACEMENT_3D('',#420,#421,#422);
#420 = CARTESIAN_POINT('',(-2.216304544757E-14,-120.65,1.172E+03));
#421 = DIRECTION('',(-0.,-0.,-1.));
#422 = DIRECTION('',(-2.22044604925E-16,-1.,0.));
#423 = DEFINITIONAL_REPRESENTATION('',(#424),#428);
#424 = LINE('',#425,#426);
#425 = CARTESIAN_POINT('',(-6.28318530718,-1.));
#426 = VECTOR('',#427,1.);
#427 = DIRECTION('',(1.,-0.));
#428 = ( GEOMETRIC_REPRESENTATION_CONTEXT(2) 
PARAMETRIC_REPRESENTATION_CONTEXT() REPRESENTATION_CONTEXT('2D SPACE',''
  ) );
#429 = FACE_BOUND('',#430,.F.);
#430 = EDGE_LOOP('',(#431));
#431 = ORIENTED_EDGE('',*,*,#432,.T.);
#432 = EDGE_CURVE('',#433,#433,#435,.T.);
#433 = VERTEX_POINT('',#434);
#434 = CARTESIAN_POINT('',(93.161318421328,-93.16131842132,1.173E+03));
#435 = SURFACE_CURVE('',#436,(#441,#452),.PCURVE_S1.);
#436 = CIRCLE('',#437,11.1);
#437 = AXIS2_PLACEMENT_3D('',#438,#439,#440);
#438 = CARTESIAN_POINT('',(85.312433150157,-85.31243315015,1.173E+03));
#439 = DIRECTION('',(0.,-0.,-1.));
#440 = DIRECTION('',(0.707106781187,-0.707106781187,0.));
#441 = PCURVE('',#293,#442);
#442 = DEFINITIONAL_REPRESENTATION('',(#443),#451);
#443 = ( BOUNDED_CURVE() B_SPLINE_CURVE(2,(#444,#445,#446,#447,#448,#449
,#450),.UNSPECIFIED.,.T.,.F.) B_SPLINE_CURVE_WITH_KNOTS((1,2,2,2,2,1),(
    -2.094395102393,0.,2.094395102393,4.188790204786,6.28318530718,
8.377580409573),.UNSPECIFIED.) CURVE() GEOMETRIC_REPRESENTATION_ITEM() 
RATIONAL_B_SPLINE_CURVE((1.,0.5,1.,0.5,1.,0.5,1.)) REPRESENTATION_ITEM(
  '') );
#444 = CARTESIAN_POINT('',(93.161318421328,-93.16131842132));
#445 = CARTESIAN_POINT('',(79.566650348881,-106.7559864937));
#446 = CARTESIAN_POINT('',(74.590656478348,-88.18532455079));
#447 = CARTESIAN_POINT('',(69.614662607816,-69.61466260781));
#448 = CARTESIAN_POINT('',(88.185324550795,-74.59065647834));
#449 = CARTESIAN_POINT('',(106.75598649377,-79.56665034888));
#450 = CARTESIAN_POINT('',(93.161318421328,-93.16131842132));
#451 = ( GEOMETRIC_REPRESENTATION_CONTEXT(2) 
PARAMETRIC_REPRESENTATION_CONTEXT() REPRESENTATION_CONTEXT('2D SPACE',''
  ) );
#452 = PCURVE('',#453,#458);
#453 = CYLINDRICAL_SURFACE('',#454,11.1);
#454 = AXIS2_PLACEMENT_3D('',#455,#456,#457);
#455 = CARTESIAN_POINT('',(85.312433150157,-85.31243315015,1.172E+03));
#456 = DIRECTION('',(0.,-0.,-1.));
#457 = DIRECTION('',(0.707106781187,-0.707106781187,0.));
#458 = DEFINITIONAL_REPRESENTATION('',(#459),#463);
#459 = LINE('',#460,#461);
#460 = CARTESIAN_POINT('',(-6.28318530718,-1.));
#461 = VECTOR('',#462,1.);
#462 = DIRECTION('',(1.,-0.));
#463 = ( GEOMETRIC_REPRESENTATION_CONTEXT(2) 
PARAMETRIC_REPRESENTATION_CONTEXT() REPRESENTATION_CONTEXT('2D SPACE',''
  ) );
#464 = FACE_BOUND('',#465,.F.);
#465 = EDGE_LOOP('',(#466));
#466 = ORIENTED_EDGE('',*,*,#467,.T.);
#467 = EDGE_CURVE('',#468,#468,#470,.T.);
#468 = VERTEX_POINT('',#469);
#469 = CARTESIAN_POINT('',(-131.75,1.613472157877E-14,1.173E+03));
#470 = SURFACE_CURVE('',#471,(#476,#487),.PCURVE_S1.);
#471 = CIRCLE('',#472,11.1);
#472 = AXIS2_PLACEMENT_3D('',#473,#474,#475);
#473 = CARTESIAN_POINT('',(-120.65,1.477536363171E-14,1.173E+03));
#474 = DIRECTION('',(-0.,0.,-1.));
#475 = DIRECTION('',(-1.,1.224646799147E-16,0.));
#476 = PCURVE('',#293,#477);
#477 = DEFINITIONAL_REPRESENTATION('',(#478),#486);
#478 = ( BOUNDED_CURVE() B_SPLINE_CURVE(2,(#479,#480,#481,#482,#483,#484
,#485),.UNSPECIFIED.,.T.,.F.) B_SPLINE_CURVE_WITH_KNOTS((1,2,2,2,2,1),(
    -2.094395102393,0.,2.094395102393,4.188790204786,6.28318530718,
8.377580409573),.UNSPECIFIED.) CURVE() GEOMETRIC_REPRESENTATION_ITEM() 
RATIONAL_B_SPLINE_CURVE((1.,0.5,1.,0.5,1.,0.5,1.)) REPRESENTATION_ITEM(
  '') );
#479 = CARTESIAN_POINT('',(-131.75,6.802503932132E-15));
#480 = CARTESIAN_POINT('',(-131.75,19.225763964015));
#481 = CARTESIAN_POINT('',(-115.1,9.612881982007));
#482 = CARTESIAN_POINT('',(-98.45,5.443145985078E-15));
#483 = CARTESIAN_POINT('',(-115.1,-9.612881982007));
#484 = CARTESIAN_POINT('',(-131.75,-19.22576396401));
#485 = CARTESIAN_POINT('',(-131.75,6.802503932132E-15));
#486 = ( GEOMETRIC_REPRESENTATION_CONTEXT(2) 
PARAMETRIC_REPRESENTATION_CONTEXT() REPRESENTATION_CONTEXT('2D SPACE',''
  ) );
#487 = PCURVE('',#488,#493);
#488 = CYLINDRICAL_SURFACE('',#489,11.1);
#489 = AXIS2_PLACEMENT_3D('',#490,#491,#492);
#490 = CARTESIAN_POINT('',(-120.65,1.477536363171E-14,1.172E+03));
#491 = DIRECTION('',(-0.,-0.,-1.));
#492 = DIRECTION('',(-1.,1.224646799147E-16,0.));
#493 = DEFINITIONAL_REPRESENTATION('',(#494),#498);
#494 = LINE('',#495,#496);
#495 = CARTESIAN_POINT('',(-6.28318530718,-1.));
#496 = VECTOR('',#497,1.);
#497 = DIRECTION('',(1.,-0.));
#498 = ( GEOMETRIC_REPRESENTATION_CONTEXT(2) 
PARAMETRIC_REPRESENTATION_CONTEXT() REPRESENTATION_CONTEXT('2D SPACE',''
  ) );
#499 = FACE_BOUND('',#500,.F.);
#500 = EDGE_LOOP('',(#501));
#501 = ORIENTED_EDGE('',*,*,#502,.T.);
#502 = EDGE_CURVE('',#503,#503,#505,.T.);
#503 = VERTEX_POINT('',#504);
#504 = CARTESIAN_POINT('',(-93.16131842132,93.161318421328,1.173E+03));
#505 = SURFACE_CURVE('',#506,(#511,#522),.PCURVE_S1.);
#506 = CIRCLE('',#507,11.1);
#507 = AXIS2_PLACEMENT_3D('',#508,#509,#510);
#508 = CARTESIAN_POINT('',(-85.31243315015,85.312433150157,1.173E+03));
#509 = DIRECTION('',(-0.,0.,-1.));
#510 = DIRECTION('',(-0.707106781187,0.707106781187,0.));
#511 = PCURVE('',#293,#512);
#512 = DEFINITIONAL_REPRESENTATION('',(#513),#521);
#513 = ( BOUNDED_CURVE() B_SPLINE_CURVE(2,(#514,#515,#516,#517,#518,#519
,#520),.UNSPECIFIED.,.T.,.F.) B_SPLINE_CURVE_WITH_KNOTS((1,2,2,2,2,1),(
    -2.094395102393,0.,2.094395102393,4.188790204786,6.28318530718,
8.377580409573),.UNSPECIFIED.) CURVE() GEOMETRIC_REPRESENTATION_ITEM() 
RATIONAL_B_SPLINE_CURVE((1.,0.5,1.,0.5,1.,0.5,1.)) REPRESENTATION_ITEM(
  '') );
#514 = CARTESIAN_POINT('',(-93.16131842132,93.161318421328));
#515 = CARTESIAN_POINT('',(-79.56665034888,106.75598649377));
#516 = CARTESIAN_POINT('',(-74.59065647834,88.185324550795));
#517 = CARTESIAN_POINT('',(-69.61466260781,69.614662607816));
#518 = CARTESIAN_POINT('',(-88.18532455079,74.590656478348));
#519 = CARTESIAN_POINT('',(-106.7559864937,79.566650348881));
#520 = CARTESIAN_POINT('',(-93.16131842132,93.161318421328));
#521 = ( GEOMETRIC_REPRESENTATION_CONTEXT(2) 
PARAMETRIC_REPRESENTATION_CONTEXT() REPRESENTATION_CONTEXT('2D SPACE',''
  ) );
#522 = PCURVE('',#523,#528);
#523 = CYLINDRICAL_SURFACE('',#524,11.1);
#524 = AXIS2_PLACEMENT_3D('',#525,#526,#527);
#525 = CARTESIAN_POINT('',(-85.31243315015,85.312433150157,1.172E+03));
#526 = DIRECTION('',(-0.,-0.,-1.));
#527 = DIRECTION('',(-0.707106781187,0.707106781187,0.));
#528 = DEFINITIONAL_REPRESENTATION('',(#529),#533);
#529 = LINE('',#530,#531);
#530 = CARTESIAN_POINT('',(-6.28318530718,-1.));
#531 = VECTOR('',#532,1.);
#532 = DIRECTION('',(1.,-0.));
#533 = ( GEOMETRIC_REPRESENTATION_CONTEXT(2) 
PARAMETRIC_REPRESENTATION_CONTEXT() REPRESENTATION_CONTEXT('2D SPACE',''
  ) );
#534 = FACE_BOUND('',#535,.F.);
#535 = EDGE_LOOP('',(#536));
#536 = ORIENTED_EDGE('',*,*,#276,.F.);
#537 = FACE_BOUND('',#538,.F.);
#538 = EDGE_LOOP('',(#539));
#539 = ORIENTED_EDGE('',*,*,#540,.T.);
#540 = EDGE_CURVE('',#541,#541,#543,.T.);
#541 = VERTEX_POINT('',#542);
#542 = CARTESIAN_POINT('',(131.75,0.,1.173E+03));
#543 = SURFACE_CURVE('',#544,(#549,#560),.PCURVE_S1.);
#544 = CIRCLE('',#545,11.1);
#545 = AXIS2_PLACEMENT_3D('',#546,#547,#548);
#546 = CARTESIAN_POINT('',(120.65,0.,1.173E+03));
#547 = DIRECTION('',(0.,0.,-1.));
#548 = DIRECTION('',(1.,0.,0.));
#549 = PCURVE('',#293,#550);
#550 = DEFINITIONAL_REPRESENTATION('',(#551),#559);
#551 = ( BOUNDED_CURVE() B_SPLINE_CURVE(2,(#552,#553,#554,#555,#556,#557
,#558),.UNSPECIFIED.,.T.,.F.) B_SPLINE_CURVE_WITH_KNOTS((1,2,2,2,2,1),(
    -2.094395102393,0.,2.094395102393,4.188790204786,6.28318530718,
8.377580409573),.UNSPECIFIED.) CURVE() GEOMETRIC_REPRESENTATION_ITEM() 
RATIONAL_B_SPLINE_CURVE((1.,0.5,1.,0.5,1.,0.5,1.)) REPRESENTATION_ITEM(
  '') );
#552 = CARTESIAN_POINT('',(131.75,-9.332217646634E-15));
#553 = CARTESIAN_POINT('',(131.75,-19.22576396401));
#554 = CARTESIAN_POINT('',(115.1,-9.612881982007));
#555 = CARTESIAN_POINT('',(98.45,-1.205093354074E-14));
#556 = CARTESIAN_POINT('',(115.1,9.612881982007));
#557 = CARTESIAN_POINT('',(131.75,19.225763964015));
#558 = CARTESIAN_POINT('',(131.75,-9.332217646634E-15));
#559 = ( GEOMETRIC_REPRESENTATION_CONTEXT(2) 
PARAMETRIC_REPRESENTATION_CONTEXT() REPRESENTATION_CONTEXT('2D SPACE',''
  ) );
#560 = PCURVE('',#561,#566);
#561 = CYLINDRICAL_SURFACE('',#562,11.1);
#562 = AXIS2_PLACEMENT_3D('',#563,#564,#565);
#563 = CARTESIAN_POINT('',(120.65,0.,1.172E+03));
#564 = DIRECTION('',(-0.,-0.,-1.));
#565 = DIRECTION('',(1.,0.,0.));
#566 = DEFINITIONAL_REPRESENTATION('',(#567),#571);
#567 = LINE('',#568,#569);
#568 = CARTESIAN_POINT('',(-6.28318530718,-1.));
#569 = VECTOR('',#570,1.);
#570 = DIRECTION('',(1.,-0.));
#571 = ( GEOMETRIC_REPRESENTATION_CONTEXT(2) 
PARAMETRIC_REPRESENTATION_CONTEXT() REPRESENTATION_CONTEXT('2D SPACE',''
  ) );
#572 = FACE_BOUND('',#573,.F.);
#573 = EDGE_LOOP('',(#574));
#574 = ORIENTED_EDGE('',*,*,#575,.T.);
#575 = EDGE_CURVE('',#576,#576,#578,.T.);
#576 = VERTEX_POINT('',#577);
#577 = CARTESIAN_POINT('',(8.62002937319E-15,131.75,1.173E+03));
#578 = SURFACE_CURVE('',#579,(#584,#595),.PCURVE_S1.);
#579 = CIRCLE('',#580,11.1);
#580 = AXIS2_PLACEMENT_3D('',#581,#582,#583);
#581 = CARTESIAN_POINT('',(7.387681815856E-15,120.65,1.173E+03));
#582 = DIRECTION('',(0.,0.,-1.));
#583 = DIRECTION('',(1.110223024625E-16,1.,0.));
#584 = PCURVE('',#293,#585);
#585 = DEFINITIONAL_REPRESENTATION('',(#586),#594);
#586 = ( BOUNDED_CURVE() B_SPLINE_CURVE(2,(#587,#588,#589,#590,#591,#592
,#593),.UNSPECIFIED.,.T.,.F.) B_SPLINE_CURVE_WITH_KNOTS((1,2,2,2,2,1),(
    -2.094395102393,0.,2.094395102393,4.188790204786,6.28318530718,
8.377580409573),.UNSPECIFIED.) CURVE() GEOMETRIC_REPRESENTATION_ITEM() 
RATIONAL_B_SPLINE_CURVE((1.,0.5,1.,0.5,1.,0.5,1.)) REPRESENTATION_ITEM(
  '') );
#587 = CARTESIAN_POINT('',(2.365501894785E-14,131.75));
#588 = CARTESIAN_POINT('',(19.225763964015,131.75));
#589 = CARTESIAN_POINT('',(9.612881982007,115.1));
#590 = CARTESIAN_POINT('',(2.267669216996E-14,98.45));
#591 = CARTESIAN_POINT('',(-9.612881982007,115.1));
#592 = CARTESIAN_POINT('',(-19.22576396401,131.75));
#593 = CARTESIAN_POINT('',(2.365501894785E-14,131.75));
#594 = ( GEOMETRIC_REPRESENTATION_CONTEXT(2) 
PARAMETRIC_REPRESENTATION_CONTEXT() REPRESENTATION_CONTEXT('2D SPACE',''
  ) );
#595 = PCURVE('',#596,#601);
#596 = CYLINDRICAL_SURFACE('',#597,11.1);
#597 = AXIS2_PLACEMENT_3D('',#598,#599,#600);
#598 = CARTESIAN_POINT('',(7.387681815856E-15,120.65,1.172E+03));
#599 = DIRECTION('',(-0.,0.,-1.));
#600 = DIRECTION('',(1.110223024625E-16,1.,0.));
#601 = DEFINITIONAL_REPRESENTATION('',(#602),#606);
#602 = LINE('',#603,#604);
#603 = CARTESIAN_POINT('',(-6.28318530718,-1.));
#604 = VECTOR('',#605,1.);
#605 = DIRECTION('',(1.,-0.));
#606 = ( GEOMETRIC_REPRESENTATION_CONTEXT(2) 
PARAMETRIC_REPRESENTATION_CONTEXT() REPRESENTATION_CONTEXT('2D SPACE',''
  ) );
#607 = FACE_BOUND('',#608,.F.);
#608 = EDGE_LOOP('',(#609));
#609 = ORIENTED_EDGE('',*,*,#610,.T.);
#610 = EDGE_CURVE('',#611,#611,#613,.T.);
#611 = VERTEX_POINT('',#612);
#612 = CARTESIAN_POINT('',(93.161318421328,93.161318421328,1.173E+03));
#613 = SURFACE_CURVE('',#614,(#619,#630),.PCURVE_S1.);
#614 = CIRCLE('',#615,11.1);
#615 = AXIS2_PLACEMENT_3D('',#616,#617,#618);
#616 = CARTESIAN_POINT('',(85.312433150157,85.312433150157,1.173E+03));
#617 = DIRECTION('',(0.,0.,-1.));
#618 = DIRECTION('',(0.707106781187,0.707106781187,0.));
#619 = PCURVE('',#293,#620);
#620 = DEFINITIONAL_REPRESENTATION('',(#621),#629);
#621 = ( BOUNDED_CURVE() B_SPLINE_CURVE(2,(#622,#623,#624,#625,#626,#627
,#628),.UNSPECIFIED.,.T.,.F.) B_SPLINE_CURVE_WITH_KNOTS((1,2,2,2,2,1),(
    -2.094395102393,0.,2.094395102393,4.188790204786,6.28318530718,
8.377580409573),.UNSPECIFIED.) CURVE() GEOMETRIC_REPRESENTATION_ITEM() 
RATIONAL_B_SPLINE_CURVE((1.,0.5,1.,0.5,1.,0.5,1.)) REPRESENTATION_ITEM(
  '') );
#622 = CARTESIAN_POINT('',(93.161318421328,93.161318421328));
#623 = CARTESIAN_POINT('',(106.75598649377,79.566650348881));
#624 = CARTESIAN_POINT('',(88.185324550795,74.590656478348));
#625 = CARTESIAN_POINT('',(69.614662607816,69.614662607816));
#626 = CARTESIAN_POINT('',(74.590656478348,88.185324550795));
#627 = CARTESIAN_POINT('',(79.566650348881,106.75598649377));
#628 = CARTESIAN_POINT('',(93.161318421328,93.161318421328));
#629 = ( GEOMETRIC_REPRESENTATION_CONTEXT(2) 
PARAMETRIC_REPRESENTATION_CONTEXT() REPRESENTATION_CONTEXT('2D SPACE',''
  ) );
#630 = PCURVE('',#631,#636);
#631 = CYLINDRICAL_SURFACE('',#632,11.1);
#632 = AXIS2_PLACEMENT_3D('',#633,#634,#635);
#633 = CARTESIAN_POINT('',(85.312433150157,85.312433150157,1.172E+03));
#634 = DIRECTION('',(-0.,0.,-1.));
#635 = DIRECTION('',(0.707106781187,0.707106781187,0.));
#636 = DEFINITIONAL_REPRESENTATION('',(#637),#641);
#637 = LINE('',#638,#639);
#638 = CARTESIAN_POINT('',(-6.28318530718,-1.));
#639 = VECTOR('',#640,1.);
#640 = DIRECTION('',(1.,-0.));
#641 = ( GEOMETRIC_REPRESENTATION_CONTEXT(2) 
PARAMETRIC_REPRESENTATION_CONTEXT() REPRESENTATION_CONTEXT('2D SPACE',''
  ) );
#642 = ADVANCED_FACE('',(#643,#674),#205,.T.);
#643 = FACE_BOUND('',#644,.T.);
#644 = EDGE_LOOP('',(#645));
#645 = ORIENTED_EDGE('',*,*,#646,.T.);
#646 = EDGE_CURVE('',#647,#647,#649,.T.);
#647 = VERTEX_POINT('',#648);
#648 = CARTESIAN_POINT('',(84.15,0.,1.3081E+03));
#649 = SURFACE_CURVE('',#650,(#655,#662),.PCURVE_S1.);
#650 = CIRCLE('',#651,84.15);
#651 = AXIS2_PLACEMENT_3D('',#652,#653,#654);
#652 = CARTESIAN_POINT('',(0.,0.,1.3081E+03));
#653 = DIRECTION('',(0.,0.,1.));
#654 = DIRECTION('',(1.,0.,0.));
#655 = PCURVE('',#205,#656);
#656 = DEFINITIONAL_REPRESENTATION('',(#657),#661);
#657 = CIRCLE('',#658,84.15);
#658 = AXIS2_PLACEMENT_2D('',#659,#660);
#659 = CARTESIAN_POINT('',(6.240012013014E-15,-4.884881745744E-15));
#660 = DIRECTION('',(1.,0.));
#661 = ( GEOMETRIC_REPRESENTATION_CONTEXT(2) 
PARAMETRIC_REPRESENTATION_CONTEXT() REPRESENTATION_CONTEXT('2D SPACE',''
  ) );
#662 = PCURVE('',#663,#668);
#663 = CYLINDRICAL_SURFACE('',#664,84.15);
#664 = AXIS2_PLACEMENT_3D('',#665,#666,#667);
#665 = CARTESIAN_POINT('',(0.,0.,117.3));
#666 = DIRECTION('',(-0.,-0.,-1.));
#667 = DIRECTION('',(1.,0.,0.));
#668 = DEFINITIONAL_REPRESENTATION('',(#669),#673);
#669 = LINE('',#670,#671);
#670 = CARTESIAN_POINT('',(-0.,-1.1908E+03));
#671 = VECTOR('',#672,1.);
#672 = DIRECTION('',(-1.,0.));
#673 = ( GEOMETRIC_REPRESENTATION_CONTEXT(2) 
PARAMETRIC_REPRESENTATION_CONTEXT() REPRESENTATION_CONTEXT('2D SPACE',''
  ) );
#674 = FACE_BOUND('',#675,.T.);
#675 = EDGE_LOOP('',(#676));
#676 = ORIENTED_EDGE('',*,*,#190,.F.);
#677 = ADVANCED_FACE('',(#678),#348,.T.);
#678 = FACE_BOUND('',#679,.F.);
#679 = EDGE_LOOP('',(#680,#703,#730,#731));
#680 = ORIENTED_EDGE('',*,*,#681,.T.);
#681 = EDGE_CURVE('',#332,#682,#684,.T.);
#682 = VERTEX_POINT('',#683);
#683 = CARTESIAN_POINT('',(139.7,0.,1.1984E+03));
#684 = SEAM_CURVE('',#685,(#689,#696),.PCURVE_S1.);
#685 = LINE('',#686,#687);
#686 = CARTESIAN_POINT('',(139.7,0.,1.173E+03));
#687 = VECTOR('',#688,1.);
#688 = DIRECTION('',(0.,0.,1.));
#689 = PCURVE('',#348,#690);
#690 = DEFINITIONAL_REPRESENTATION('',(#691),#695);
#691 = LINE('',#692,#693);
#692 = CARTESIAN_POINT('',(-0.,0.));
#693 = VECTOR('',#694,1.);
#694 = DIRECTION('',(-0.,-1.));
#695 = ( GEOMETRIC_REPRESENTATION_CONTEXT(2) 
PARAMETRIC_REPRESENTATION_CONTEXT() REPRESENTATION_CONTEXT('2D SPACE',''
  ) );
#696 = PCURVE('',#348,#697);
#697 = DEFINITIONAL_REPRESENTATION('',(#698),#702);
#698 = LINE('',#699,#700);
#699 = CARTESIAN_POINT('',(-6.28318530718,0.));
#700 = VECTOR('',#701,1.);
#701 = DIRECTION('',(-0.,-1.));
#702 = ( GEOMETRIC_REPRESENTATION_CONTEXT(2) 
PARAMETRIC_REPRESENTATION_CONTEXT() REPRESENTATION_CONTEXT('2D SPACE',''
  ) );
#703 = ORIENTED_EDGE('',*,*,#704,.T.);
#704 = EDGE_CURVE('',#682,#682,#705,.T.);
#705 = SURFACE_CURVE('',#706,(#711,#718),.PCURVE_S1.);
#706 = CIRCLE('',#707,139.7);
#707 = AXIS2_PLACEMENT_3D('',#708,#709,#710);
#708 = CARTESIAN_POINT('',(0.,0.,1.1984E+03));
#709 = DIRECTION('',(0.,0.,1.));
#710 = DIRECTION('',(1.,0.,0.));
#711 = PCURVE('',#348,#712);
#712 = DEFINITIONAL_REPRESENTATION('',(#713),#717);
#713 = LINE('',#714,#715);
#714 = CARTESIAN_POINT('',(-0.,-25.4));
#715 = VECTOR('',#716,1.);
#716 = DIRECTION('',(-1.,0.));
#717 = ( GEOMETRIC_REPRESENTATION_CONTEXT(2) 
PARAMETRIC_REPRESENTATION_CONTEXT() REPRESENTATION_CONTEXT('2D SPACE',''
  ) );
#718 = PCURVE('',#719,#724);
#719 = PLANE('',#720);
#720 = AXIS2_PLACEMENT_3D('',#721,#722,#723);
#721 = CARTESIAN_POINT('',(-1.503498957466E-14,9.332217646634E-15,
    1.1984E+03));
#722 = DIRECTION('',(0.,0.,1.));
#723 = DIRECTION('',(1.,0.,-0.));
#724 = DEFINITIONAL_REPRESENTATION('',(#725),#729);
#725 = CIRCLE('',#726,139.7);
#726 = AXIS2_PLACEMENT_2D('',#727,#728);
#727 = CARTESIAN_POINT('',(1.503498957466E-14,-9.332217646634E-15));
#728 = DIRECTION('',(1.,0.));
#729 = ( GEOMETRIC_REPRESENTATION_CONTEXT(2) 
PARAMETRIC_REPRESENTATION_CONTEXT() REPRESENTATION_CONTEXT('2D SPACE',''
  ) );
#730 = ORIENTED_EDGE('',*,*,#681,.F.);
#731 = ORIENTED_EDGE('',*,*,#331,.F.);
#732 = ADVANCED_FACE('',(#733),#383,.F.);
#733 = FACE_BOUND('',#734,.T.);
#734 = EDGE_LOOP('',(#735,#736,#759,#785));
#735 = ORIENTED_EDGE('',*,*,#362,.T.);
#736 = ORIENTED_EDGE('',*,*,#737,.T.);
#737 = EDGE_CURVE('',#363,#738,#740,.T.);
#738 = VERTEX_POINT('',#739);
#739 = CARTESIAN_POINT('',(-93.16131842132,-93.16131842132,1.1984E+03));
#740 = SEAM_CURVE('',#741,(#745,#752),.PCURVE_S1.);
#741 = LINE('',#742,#743);
#742 = CARTESIAN_POINT('',(-93.16131842132,-93.16131842132,1.172E+03));
#743 = VECTOR('',#744,1.);
#744 = DIRECTION('',(0.,0.,1.));
#745 = PCURVE('',#383,#746);
#746 = DEFINITIONAL_REPRESENTATION('',(#747),#751);
#747 = LINE('',#748,#749);
#748 = CARTESIAN_POINT('',(-6.28318530718,0.));
#749 = VECTOR('',#750,1.);
#750 = DIRECTION('',(-0.,-1.));
#751 = ( GEOMETRIC_REPRESENTATION_CONTEXT(2) 
PARAMETRIC_REPRESENTATION_CONTEXT() REPRESENTATION_CONTEXT('2D SPACE',''
  ) );
#752 = PCURVE('',#383,#753);
#753 = DEFINITIONAL_REPRESENTATION('',(#754),#758);
#754 = LINE('',#755,#756);
#755 = CARTESIAN_POINT('',(-0.,0.));
#756 = VECTOR('',#757,1.);
#757 = DIRECTION('',(-0.,-1.));
#758 = ( GEOMETRIC_REPRESENTATION_CONTEXT(2) 
PARAMETRIC_REPRESENTATION_CONTEXT() REPRESENTATION_CONTEXT('2D SPACE',''
  ) );
#759 = ORIENTED_EDGE('',*,*,#760,.F.);
#760 = EDGE_CURVE('',#738,#738,#761,.T.);
#761 = SURFACE_CURVE('',#762,(#767,#774),.PCURVE_S1.);
#762 = CIRCLE('',#763,11.1);
#763 = AXIS2_PLACEMENT_3D('',#764,#765,#766);
#764 = CARTESIAN_POINT('',(-85.31243315015,-85.31243315015,1.1984E+03));
#765 = DIRECTION('',(-0.,0.,-1.));
#766 = DIRECTION('',(-0.707106781187,-0.707106781187,0.));
#767 = PCURVE('',#383,#768);
#768 = DEFINITIONAL_REPRESENTATION('',(#769),#773);
#769 = LINE('',#770,#771);
#770 = CARTESIAN_POINT('',(-6.28318530718,-26.4));
#771 = VECTOR('',#772,1.);
#772 = DIRECTION('',(1.,-0.));
#773 = ( GEOMETRIC_REPRESENTATION_CONTEXT(2) 
PARAMETRIC_REPRESENTATION_CONTEXT() REPRESENTATION_CONTEXT('2D SPACE',''
  ) );
#774 = PCURVE('',#719,#775);
#775 = DEFINITIONAL_REPRESENTATION('',(#776),#784);
#776 = ( BOUNDED_CURVE() B_SPLINE_CURVE(2,(#777,#778,#779,#780,#781,#782
,#783),.UNSPECIFIED.,.T.,.F.) B_SPLINE_CURVE_WITH_KNOTS((1,2,2,2,2,1),(
    -2.094395102393,0.,2.094395102393,4.188790204786,6.28318530718,
8.377580409573),.UNSPECIFIED.) CURVE() GEOMETRIC_REPRESENTATION_ITEM() 
RATIONAL_B_SPLINE_CURVE((1.,0.5,1.,0.5,1.,0.5,1.)) REPRESENTATION_ITEM(
  '') );
#777 = CARTESIAN_POINT('',(-93.16131842132,-93.16131842132));
#778 = CARTESIAN_POINT('',(-106.7559864937,-79.56665034888));
#779 = CARTESIAN_POINT('',(-88.18532455079,-74.59065647834));
#780 = CARTESIAN_POINT('',(-69.61466260781,-69.61466260781));
#781 = CARTESIAN_POINT('',(-74.59065647834,-88.18532455079));
#782 = CARTESIAN_POINT('',(-79.56665034888,-106.7559864937));
#783 = CARTESIAN_POINT('',(-93.16131842132,-93.16131842132));
#784 = ( GEOMETRIC_REPRESENTATION_CONTEXT(2) 
PARAMETRIC_REPRESENTATION_CONTEXT() REPRESENTATION_CONTEXT('2D SPACE',''
  ) );
#785 = ORIENTED_EDGE('',*,*,#737,.F.);
#786 = ADVANCED_FACE('',(#787),#418,.F.);
#787 = FACE_BOUND('',#788,.T.);
#788 = EDGE_LOOP('',(#789,#790,#813,#839));
#789 = ORIENTED_EDGE('',*,*,#397,.T.);
#790 = ORIENTED_EDGE('',*,*,#791,.T.);
#791 = EDGE_CURVE('',#398,#792,#794,.T.);
#792 = VERTEX_POINT('',#793);
#793 = CARTESIAN_POINT('',(-2.462774056224E-14,-131.75,1.1984E+03));
#794 = SEAM_CURVE('',#795,(#799,#806),.PCURVE_S1.);
#795 = LINE('',#796,#797);
#796 = CARTESIAN_POINT('',(-2.462774056224E-14,-131.75,1.172E+03));
#797 = VECTOR('',#798,1.);
#798 = DIRECTION('',(0.,0.,1.));
#799 = PCURVE('',#418,#800);
#800 = DEFINITIONAL_REPRESENTATION('',(#801),#805);
#801 = LINE('',#802,#803);
#802 = CARTESIAN_POINT('',(-6.28318530718,0.));
#803 = VECTOR('',#804,1.);
#804 = DIRECTION('',(-0.,-1.));
#805 = ( GEOMETRIC_REPRESENTATION_CONTEXT(2) 
PARAMETRIC_REPRESENTATION_CONTEXT() REPRESENTATION_CONTEXT('2D SPACE',''
  ) );
#806 = PCURVE('',#418,#807);
#807 = DEFINITIONAL_REPRESENTATION('',(#808),#812);
#808 = LINE('',#809,#810);
#809 = CARTESIAN_POINT('',(-0.,0.));
#810 = VECTOR('',#811,1.);
#811 = DIRECTION('',(-0.,-1.));
#812 = ( GEOMETRIC_REPRESENTATION_CONTEXT(2) 
PARAMETRIC_REPRESENTATION_CONTEXT() REPRESENTATION_CONTEXT('2D SPACE',''
  ) );
#813 = ORIENTED_EDGE('',*,*,#814,.F.);
#814 = EDGE_CURVE('',#792,#792,#815,.T.);
#815 = SURFACE_CURVE('',#816,(#821,#828),.PCURVE_S1.);
#816 = CIRCLE('',#817,11.1);
#817 = AXIS2_PLACEMENT_3D('',#818,#819,#820);
#818 = CARTESIAN_POINT('',(-2.216304544757E-14,-120.65,1.1984E+03));
#819 = DIRECTION('',(-0.,0.,-1.));
#820 = DIRECTION('',(-2.22044604925E-16,-1.,0.));
#821 = PCURVE('',#418,#822);
#822 = DEFINITIONAL_REPRESENTATION('',(#823),#827);
#823 = LINE('',#824,#825);
#824 = CARTESIAN_POINT('',(-6.28318530718,-26.4));
#825 = VECTOR('',#826,1.);
#826 = DIRECTION('',(1.,-0.));
#827 = ( GEOMETRIC_REPRESENTATION_CONTEXT(2) 
PARAMETRIC_REPRESENTATION_CONTEXT() REPRESENTATION_CONTEXT('2D SPACE',''
  ) );
#828 = PCURVE('',#719,#829);
#829 = DEFINITIONAL_REPRESENTATION('',(#830),#838);
#830 = ( BOUNDED_CURVE() B_SPLINE_CURVE(2,(#831,#832,#833,#834,#835,#836
,#837),.UNSPECIFIED.,.T.,.F.) B_SPLINE_CURVE_WITH_KNOTS((1,2,2,2,2,1),(
    -2.094395102393,0.,2.094395102393,4.188790204786,6.28318530718,
8.377580409573),.UNSPECIFIED.) CURVE() GEOMETRIC_REPRESENTATION_ITEM() 
RATIONAL_B_SPLINE_CURVE((1.,0.5,1.,0.5,1.,0.5,1.)) REPRESENTATION_ITEM(
  '') );
#831 = CARTESIAN_POINT('',(-9.592750987573E-15,-131.75));
#832 = CARTESIAN_POINT('',(-19.22576396401,-131.75));
#833 = CARTESIAN_POINT('',(-9.612881982007,-115.1));
#834 = CARTESIAN_POINT('',(-4.917381537677E-15,-98.45));
#835 = CARTESIAN_POINT('',(9.612881982007,-115.1));
#836 = CARTESIAN_POINT('',(19.225763964015,-131.75));
#837 = CARTESIAN_POINT('',(-9.592750987573E-15,-131.75));
#838 = ( GEOMETRIC_REPRESENTATION_CONTEXT(2) 
PARAMETRIC_REPRESENTATION_CONTEXT() REPRESENTATION_CONTEXT('2D SPACE',''
  ) );
#839 = ORIENTED_EDGE('',*,*,#791,.F.);
#840 = ADVANCED_FACE('',(#841),#453,.F.);
#841 = FACE_BOUND('',#842,.T.);
#842 = EDGE_LOOP('',(#843,#844,#867,#893));
#843 = ORIENTED_EDGE('',*,*,#432,.T.);
#844 = ORIENTED_EDGE('',*,*,#845,.T.);
#845 = EDGE_CURVE('',#433,#846,#848,.T.);
#846 = VERTEX_POINT('',#847);
#847 = CARTESIAN_POINT('',(93.161318421328,-93.16131842132,1.1984E+03));
#848 = SEAM_CURVE('',#849,(#853,#860),.PCURVE_S1.);
#849 = LINE('',#850,#851);
#850 = CARTESIAN_POINT('',(93.161318421328,-93.16131842132,1.172E+03));
#851 = VECTOR('',#852,1.);
#852 = DIRECTION('',(0.,0.,1.));
#853 = PCURVE('',#453,#854);
#854 = DEFINITIONAL_REPRESENTATION('',(#855),#859);
#855 = LINE('',#856,#857);
#856 = CARTESIAN_POINT('',(-6.28318530718,0.));
#857 = VECTOR('',#858,1.);
#858 = DIRECTION('',(-0.,-1.));
#859 = ( GEOMETRIC_REPRESENTATION_CONTEXT(2) 
PARAMETRIC_REPRESENTATION_CONTEXT() REPRESENTATION_CONTEXT('2D SPACE',''
  ) );
#860 = PCURVE('',#453,#861);
#861 = DEFINITIONAL_REPRESENTATION('',(#862),#866);
#862 = LINE('',#863,#864);
#863 = CARTESIAN_POINT('',(-0.,0.));
#864 = VECTOR('',#865,1.);
#865 = DIRECTION('',(-0.,-1.));
#866 = ( GEOMETRIC_REPRESENTATION_CONTEXT(2) 
PARAMETRIC_REPRESENTATION_CONTEXT() REPRESENTATION_CONTEXT('2D SPACE',''
  ) );
#867 = ORIENTED_EDGE('',*,*,#868,.F.);
#868 = EDGE_CURVE('',#846,#846,#869,.T.);
#869 = SURFACE_CURVE('',#870,(#875,#882),.PCURVE_S1.);
#870 = CIRCLE('',#871,11.1);
#871 = AXIS2_PLACEMENT_3D('',#872,#873,#874);
#872 = CARTESIAN_POINT('',(85.312433150157,-85.31243315015,1.1984E+03));
#873 = DIRECTION('',(0.,-0.,-1.));
#874 = DIRECTION('',(0.707106781187,-0.707106781187,0.));
#875 = PCURVE('',#453,#876);
#876 = DEFINITIONAL_REPRESENTATION('',(#877),#881);
#877 = LINE('',#878,#879);
#878 = CARTESIAN_POINT('',(-6.28318530718,-26.4));
#879 = VECTOR('',#880,1.);
#880 = DIRECTION('',(1.,-0.));
#881 = ( GEOMETRIC_REPRESENTATION_CONTEXT(2) 
PARAMETRIC_REPRESENTATION_CONTEXT() REPRESENTATION_CONTEXT('2D SPACE',''
  ) );
#882 = PCURVE('',#719,#883);
#883 = DEFINITIONAL_REPRESENTATION('',(#884),#892);
#884 = ( BOUNDED_CURVE() B_SPLINE_CURVE(2,(#885,#886,#887,#888,#889,#890
,#891),.UNSPECIFIED.,.T.,.F.) B_SPLINE_CURVE_WITH_KNOTS((1,2,2,2,2,1),(
    -2.094395102393,0.,2.094395102393,4.188790204786,6.28318530718,
8.377580409573),.UNSPECIFIED.) CURVE() GEOMETRIC_REPRESENTATION_ITEM() 
RATIONAL_B_SPLINE_CURVE((1.,0.5,1.,0.5,1.,0.5,1.)) REPRESENTATION_ITEM(
  '') );
#885 = CARTESIAN_POINT('',(93.161318421328,-93.16131842132));
#886 = CARTESIAN_POINT('',(79.566650348881,-106.7559864937));
#887 = CARTESIAN_POINT('',(74.590656478348,-88.18532455079));
#888 = CARTESIAN_POINT('',(69.614662607816,-69.61466260781));
#889 = CARTESIAN_POINT('',(88.185324550795,-74.59065647834));
#890 = CARTESIAN_POINT('',(106.75598649377,-79.56665034888));
#891 = CARTESIAN_POINT('',(93.161318421328,-93.16131842132));
#892 = ( GEOMETRIC_REPRESENTATION_CONTEXT(2) 
PARAMETRIC_REPRESENTATION_CONTEXT() REPRESENTATION_CONTEXT('2D SPACE',''
  ) );
#893 = ORIENTED_EDGE('',*,*,#845,.F.);
#894 = ADVANCED_FACE('',(#895),#488,.F.);
#895 = FACE_BOUND('',#896,.T.);
#896 = EDGE_LOOP('',(#897,#898,#921,#947));
#897 = ORIENTED_EDGE('',*,*,#467,.T.);
#898 = ORIENTED_EDGE('',*,*,#899,.T.);
#899 = EDGE_CURVE('',#468,#900,#902,.T.);
#900 = VERTEX_POINT('',#901);
#901 = CARTESIAN_POINT('',(-131.75,1.613472157877E-14,1.1984E+03));
#902 = SEAM_CURVE('',#903,(#907,#914),.PCURVE_S1.);
#903 = LINE('',#904,#905);
#904 = CARTESIAN_POINT('',(-131.75,1.613472157877E-14,1.172E+03));
#905 = VECTOR('',#906,1.);
#906 = DIRECTION('',(0.,0.,1.));
#907 = PCURVE('',#488,#908);
#908 = DEFINITIONAL_REPRESENTATION('',(#909),#913);
#909 = LINE('',#910,#911);
#910 = CARTESIAN_POINT('',(-6.28318530718,0.));
#911 = VECTOR('',#912,1.);
#912 = DIRECTION('',(-0.,-1.));
#913 = ( GEOMETRIC_REPRESENTATION_CONTEXT(2) 
PARAMETRIC_REPRESENTATION_CONTEXT() REPRESENTATION_CONTEXT('2D SPACE',''
  ) );
#914 = PCURVE('',#488,#915);
#915 = DEFINITIONAL_REPRESENTATION('',(#916),#920);
#916 = LINE('',#917,#918);
#917 = CARTESIAN_POINT('',(-0.,0.));
#918 = VECTOR('',#919,1.);
#919 = DIRECTION('',(-0.,-1.));
#920 = ( GEOMETRIC_REPRESENTATION_CONTEXT(2) 
PARAMETRIC_REPRESENTATION_CONTEXT() REPRESENTATION_CONTEXT('2D SPACE',''
  ) );
#921 = ORIENTED_EDGE('',*,*,#922,.F.);
#922 = EDGE_CURVE('',#900,#900,#923,.T.);
#923 = SURFACE_CURVE('',#924,(#929,#936),.PCURVE_S1.);
#924 = CIRCLE('',#925,11.1);
#925 = AXIS2_PLACEMENT_3D('',#926,#927,#928);
#926 = CARTESIAN_POINT('',(-120.65,1.477536363171E-14,1.1984E+03));
#927 = DIRECTION('',(-0.,0.,-1.));
#928 = DIRECTION('',(-1.,1.224646799147E-16,0.));
#929 = PCURVE('',#488,#930);
#930 = DEFINITIONAL_REPRESENTATION('',(#931),#935);
#931 = LINE('',#932,#933);
#932 = CARTESIAN_POINT('',(-6.28318530718,-26.4));
#933 = VECTOR('',#934,1.);
#934 = DIRECTION('',(1.,-0.));
#935 = ( GEOMETRIC_REPRESENTATION_CONTEXT(2) 
PARAMETRIC_REPRESENTATION_CONTEXT() REPRESENTATION_CONTEXT('2D SPACE',''
  ) );
#936 = PCURVE('',#719,#937);
#937 = DEFINITIONAL_REPRESENTATION('',(#938),#946);
#938 = ( BOUNDED_CURVE() B_SPLINE_CURVE(2,(#939,#940,#941,#942,#943,#944
,#945),.UNSPECIFIED.,.T.,.F.) B_SPLINE_CURVE_WITH_KNOTS((1,2,2,2,2,1),(
    -2.094395102393,0.,2.094395102393,4.188790204786,6.28318530718,
8.377580409573),.UNSPECIFIED.) CURVE() GEOMETRIC_REPRESENTATION_ITEM() 
RATIONAL_B_SPLINE_CURVE((1.,0.5,1.,0.5,1.,0.5,1.)) REPRESENTATION_ITEM(
  '') );
#939 = CARTESIAN_POINT('',(-131.75,6.802503932132E-15));
#940 = CARTESIAN_POINT('',(-131.75,19.225763964015));
#941 = CARTESIAN_POINT('',(-115.1,9.612881982007));
#942 = CARTESIAN_POINT('',(-98.45,5.443145985078E-15));
#943 = CARTESIAN_POINT('',(-115.1,-9.612881982007));
#944 = CARTESIAN_POINT('',(-131.75,-19.22576396401));
#945 = CARTESIAN_POINT('',(-131.75,6.802503932132E-15));
#946 = ( GEOMETRIC_REPRESENTATION_CONTEXT(2) 
PARAMETRIC_REPRESENTATION_CONTEXT() REPRESENTATION_CONTEXT('2D SPACE',''
  ) );
#947 = ORIENTED_EDGE('',*,*,#899,.F.);
#948 = ADVANCED_FACE('',(#949),#523,.F.);
#949 = FACE_BOUND('',#950,.T.);
#950 = EDGE_LOOP('',(#951,#952,#975,#1001));
#951 = ORIENTED_EDGE('',*,*,#502,.T.);
#952 = ORIENTED_EDGE('',*,*,#953,.T.);
#953 = EDGE_CURVE('',#503,#954,#956,.T.);
#954 = VERTEX_POINT('',#955);
#955 = CARTESIAN_POINT('',(-93.16131842132,93.161318421328,1.1984E+03));
#956 = SEAM_CURVE('',#957,(#961,#968),.PCURVE_S1.);
#957 = LINE('',#958,#959);
#958 = CARTESIAN_POINT('',(-93.16131842132,93.161318421328,1.172E+03));
#959 = VECTOR('',#960,1.);
#960 = DIRECTION('',(0.,0.,1.));
#961 = PCURVE('',#523,#962);
#962 = DEFINITIONAL_REPRESENTATION('',(#963),#967);
#963 = LINE('',#964,#965);
#964 = CARTESIAN_POINT('',(-6.28318530718,0.));
#965 = VECTOR('',#966,1.);
#966 = DIRECTION('',(-0.,-1.));
#967 = ( GEOMETRIC_REPRESENTATION_CONTEXT(2) 
PARAMETRIC_REPRESENTATION_CONTEXT() REPRESENTATION_CONTEXT('2D SPACE',''
  ) );
#968 = PCURVE('',#523,#969);
#969 = DEFINITIONAL_REPRESENTATION('',(#970),#974);
#970 = LINE('',#971,#972);
#971 = CARTESIAN_POINT('',(-0.,0.));
#972 = VECTOR('',#973,1.);
#973 = DIRECTION('',(-0.,-1.));
#974 = ( GEOMETRIC_REPRESENTATION_CONTEXT(2) 
PARAMETRIC_REPRESENTATION_CONTEXT() REPRESENTATION_CONTEXT('2D SPACE',''
  ) );
#975 = ORIENTED_EDGE('',*,*,#976,.F.);
#976 = EDGE_CURVE('',#954,#954,#977,.T.);
#977 = SURFACE_CURVE('',#978,(#983,#990),.PCURVE_S1.);
#978 = CIRCLE('',#979,11.1);
#979 = AXIS2_PLACEMENT_3D('',#980,#981,#982);
#980 = CARTESIAN_POINT('',(-85.31243315015,85.312433150157,1.1984E+03));
#981 = DIRECTION('',(-0.,0.,-1.));
#982 = DIRECTION('',(-0.707106781187,0.707106781187,0.));
#983 = PCURVE('',#523,#984);
#984 = DEFINITIONAL_REPRESENTATION('',(#985),#989);
#985 = LINE('',#986,#987);
#986 = CARTESIAN_POINT('',(-6.28318530718,-26.4));
#987 = VECTOR('',#988,1.);
#988 = DIRECTION('',(1.,-0.));
#989 = ( GEOMETRIC_REPRESENTATION_CONTEXT(2) 
PARAMETRIC_REPRESENTATION_CONTEXT() REPRESENTATION_CONTEXT('2D SPACE',''
  ) );
#990 = PCURVE('',#719,#991);
#991 = DEFINITIONAL_REPRESENTATION('',(#992),#1000);
#992 = ( BOUNDED_CURVE() B_SPLINE_CURVE(2,(#993,#994,#995,#996,#997,#998
,#999),.UNSPECIFIED.,.T.,.F.) B_SPLINE_CURVE_WITH_KNOTS((1,2,2,2,2,1),(
    -2.094395102393,0.,2.094395102393,4.188790204786,6.28318530718,
8.377580409573),.UNSPECIFIED.) CURVE() GEOMETRIC_REPRESENTATION_ITEM() 
RATIONAL_B_SPLINE_CURVE((1.,0.5,1.,0.5,1.,0.5,1.)) REPRESENTATION_ITEM(
  '') );
#993 = CARTESIAN_POINT('',(-93.16131842132,93.161318421328));
#994 = CARTESIAN_POINT('',(-79.56665034888,106.75598649377));
#995 = CARTESIAN_POINT('',(-74.59065647834,88.185324550795));
#996 = CARTESIAN_POINT('',(-69.61466260781,69.614662607816));
#997 = CARTESIAN_POINT('',(-88.18532455079,74.590656478348));
#998 = CARTESIAN_POINT('',(-106.7559864937,79.566650348881));
#999 = CARTESIAN_POINT('',(-93.16131842132,93.161318421328));
#1000 = ( GEOMETRIC_REPRESENTATION_CONTEXT(2) 
PARAMETRIC_REPRESENTATION_CONTEXT() REPRESENTATION_CONTEXT('2D SPACE',''
  ) );
#1001 = ORIENTED_EDGE('',*,*,#953,.F.);
#1002 = ADVANCED_FACE('',(#1003),#561,.F.);
#1003 = FACE_BOUND('',#1004,.T.);
#1004 = EDGE_LOOP('',(#1005,#1006,#1029,#1055));
#1005 = ORIENTED_EDGE('',*,*,#540,.T.);
#1006 = ORIENTED_EDGE('',*,*,#1007,.T.);
#1007 = EDGE_CURVE('',#541,#1008,#1010,.T.);
#1008 = VERTEX_POINT('',#1009);
#1009 = CARTESIAN_POINT('',(131.75,0.,1.1984E+03));
#1010 = SEAM_CURVE('',#1011,(#1015,#1022),.PCURVE_S1.);
#1011 = LINE('',#1012,#1013);
#1012 = CARTESIAN_POINT('',(131.75,0.,1.172E+03));
#1013 = VECTOR('',#1014,1.);
#1014 = DIRECTION('',(0.,0.,1.));
#1015 = PCURVE('',#561,#1016);
#1016 = DEFINITIONAL_REPRESENTATION('',(#1017),#1021);
#1017 = LINE('',#1018,#1019);
#1018 = CARTESIAN_POINT('',(-6.28318530718,0.));
#1019 = VECTOR('',#1020,1.);
#1020 = DIRECTION('',(-0.,-1.));
#1021 = ( GEOMETRIC_REPRESENTATION_CONTEXT(2) 
PARAMETRIC_REPRESENTATION_CONTEXT() REPRESENTATION_CONTEXT('2D SPACE',''
  ) );
#1022 = PCURVE('',#561,#1023);
#1023 = DEFINITIONAL_REPRESENTATION('',(#1024),#1028);
#1024 = LINE('',#1025,#1026);
#1025 = CARTESIAN_POINT('',(-0.,0.));
#1026 = VECTOR('',#1027,1.);
#1027 = DIRECTION('',(-0.,-1.));
#1028 = ( GEOMETRIC_REPRESENTATION_CONTEXT(2) 
PARAMETRIC_REPRESENTATION_CONTEXT() REPRESENTATION_CONTEXT('2D SPACE',''
  ) );
#1029 = ORIENTED_EDGE('',*,*,#1030,.F.);
#1030 = EDGE_CURVE('',#1008,#1008,#1031,.T.);
#1031 = SURFACE_CURVE('',#1032,(#1037,#1044),.PCURVE_S1.);
#1032 = CIRCLE('',#1033,11.1);
#1033 = AXIS2_PLACEMENT_3D('',#1034,#1035,#1036);
#1034 = CARTESIAN_POINT('',(120.65,0.,1.1984E+03));
#1035 = DIRECTION('',(0.,0.,-1.));
#1036 = DIRECTION('',(1.,0.,0.));
#1037 = PCURVE('',#561,#1038);
#1038 = DEFINITIONAL_REPRESENTATION('',(#1039),#1043);
#1039 = LINE('',#1040,#1041);
#1040 = CARTESIAN_POINT('',(-6.28318530718,-26.4));
#1041 = VECTOR('',#1042,1.);
#1042 = DIRECTION('',(1.,-0.));
#1043 = ( GEOMETRIC_REPRESENTATION_CONTEXT(2) 
PARAMETRIC_REPRESENTATION_CONTEXT() REPRESENTATION_CONTEXT('2D SPACE',''
  ) );
#1044 = PCURVE('',#719,#1045);
#1045 = DEFINITIONAL_REPRESENTATION('',(#1046),#1054);
#1046 = ( BOUNDED_CURVE() B_SPLINE_CURVE(2,(#1047,#1048,#1049,#1050,
#1051,#1052,#1053),.UNSPECIFIED.,.T.,.F.) B_SPLINE_CURVE_WITH_KNOTS((1,2
    ,2,2,2,1),(-2.094395102393,0.,2.094395102393,4.188790204786,
6.28318530718,8.377580409573),.UNSPECIFIED.) CURVE() 
GEOMETRIC_REPRESENTATION_ITEM() RATIONAL_B_SPLINE_CURVE((1.,0.5,1.,0.5,
1.,0.5,1.)) REPRESENTATION_ITEM('') );
#1047 = CARTESIAN_POINT('',(131.75,-9.332217646634E-15));
#1048 = CARTESIAN_POINT('',(131.75,-19.22576396401));
#1049 = CARTESIAN_POINT('',(115.1,-9.612881982007));
#1050 = CARTESIAN_POINT('',(98.45,-1.205093354074E-14));
#1051 = CARTESIAN_POINT('',(115.1,9.612881982007));
#1052 = CARTESIAN_POINT('',(131.75,19.225763964015));
#1053 = CARTESIAN_POINT('',(131.75,-9.332217646634E-15));
#1054 = ( GEOMETRIC_REPRESENTATION_CONTEXT(2) 
PARAMETRIC_REPRESENTATION_CONTEXT() REPRESENTATION_CONTEXT('2D SPACE',''
  ) );
#1055 = ORIENTED_EDGE('',*,*,#1007,.F.);
#1056 = ADVANCED_FACE('',(#1057),#596,.F.);
#1057 = FACE_BOUND('',#1058,.T.);
#1058 = EDGE_LOOP('',(#1059,#1060,#1083,#1109));
#1059 = ORIENTED_EDGE('',*,*,#575,.T.);
#1060 = ORIENTED_EDGE('',*,*,#1061,.T.);
#1061 = EDGE_CURVE('',#576,#1062,#1064,.T.);
#1062 = VERTEX_POINT('',#1063);
#1063 = CARTESIAN_POINT('',(8.62002937319E-15,131.75,1.1984E+03));
#1064 = SEAM_CURVE('',#1065,(#1069,#1076),.PCURVE_S1.);
#1065 = LINE('',#1066,#1067);
#1066 = CARTESIAN_POINT('',(8.62002937319E-15,131.75,1.172E+03));
#1067 = VECTOR('',#1068,1.);
#1068 = DIRECTION('',(0.,0.,1.));
#1069 = PCURVE('',#596,#1070);
#1070 = DEFINITIONAL_REPRESENTATION('',(#1071),#1075);
#1071 = LINE('',#1072,#1073);
#1072 = CARTESIAN_POINT('',(-6.28318530718,0.));
#1073 = VECTOR('',#1074,1.);
#1074 = DIRECTION('',(-0.,-1.));
#1075 = ( GEOMETRIC_REPRESENTATION_CONTEXT(2) 
PARAMETRIC_REPRESENTATION_CONTEXT() REPRESENTATION_CONTEXT('2D SPACE',''
  ) );
#1076 = PCURVE('',#596,#1077);
#1077 = DEFINITIONAL_REPRESENTATION('',(#1078),#1082);
#1078 = LINE('',#1079,#1080);
#1079 = CARTESIAN_POINT('',(-0.,0.));
#1080 = VECTOR('',#1081,1.);
#1081 = DIRECTION('',(-0.,-1.));
#1082 = ( GEOMETRIC_REPRESENTATION_CONTEXT(2) 
PARAMETRIC_REPRESENTATION_CONTEXT() REPRESENTATION_CONTEXT('2D SPACE',''
  ) );
#1083 = ORIENTED_EDGE('',*,*,#1084,.F.);
#1084 = EDGE_CURVE('',#1062,#1062,#1085,.T.);
#1085 = SURFACE_CURVE('',#1086,(#1091,#1098),.PCURVE_S1.);
#1086 = CIRCLE('',#1087,11.1);
#1087 = AXIS2_PLACEMENT_3D('',#1088,#1089,#1090);
#1088 = CARTESIAN_POINT('',(7.387681815856E-15,120.65,1.1984E+03));
#1089 = DIRECTION('',(0.,0.,-1.));
#1090 = DIRECTION('',(1.110223024625E-16,1.,0.));
#1091 = PCURVE('',#596,#1092);
#1092 = DEFINITIONAL_REPRESENTATION('',(#1093),#1097);
#1093 = LINE('',#1094,#1095);
#1094 = CARTESIAN_POINT('',(-6.28318530718,-26.4));
#1095 = VECTOR('',#1096,1.);
#1096 = DIRECTION('',(1.,-0.));
#1097 = ( GEOMETRIC_REPRESENTATION_CONTEXT(2) 
PARAMETRIC_REPRESENTATION_CONTEXT() REPRESENTATION_CONTEXT('2D SPACE',''
  ) );
#1098 = PCURVE('',#719,#1099);
#1099 = DEFINITIONAL_REPRESENTATION('',(#1100),#1108);
#1100 = ( BOUNDED_CURVE() B_SPLINE_CURVE(2,(#1101,#1102,#1103,#1104,
#1105,#1106,#1107),.UNSPECIFIED.,.T.,.F.) B_SPLINE_CURVE_WITH_KNOTS((1,2
    ,2,2,2,1),(-2.094395102393,0.,2.094395102393,4.188790204786,
6.28318530718,8.377580409573),.UNSPECIFIED.) CURVE() 
GEOMETRIC_REPRESENTATION_ITEM() RATIONAL_B_SPLINE_CURVE((1.,0.5,1.,0.5,
1.,0.5,1.)) REPRESENTATION_ITEM('') );
#1101 = CARTESIAN_POINT('',(2.365501894785E-14,131.75));
#1102 = CARTESIAN_POINT('',(19.225763964015,131.75));
#1103 = CARTESIAN_POINT('',(9.612881982007,115.1));
#1104 = CARTESIAN_POINT('',(2.267669216996E-14,98.45));
#1105 = CARTESIAN_POINT('',(-9.612881982007,115.1));
#1106 = CARTESIAN_POINT('',(-19.22576396401,131.75));
#1107 = CARTESIAN_POINT('',(2.365501894785E-14,131.75));
#1108 = ( GEOMETRIC_REPRESENTATION_CONTEXT(2) 
PARAMETRIC_REPRESENTATION_CONTEXT() REPRESENTATION_CONTEXT('2D SPACE',''
  ) );
#1109 = ORIENTED_EDGE('',*,*,#1061,.F.);
#1110 = ADVANCED_FACE('',(#1111),#631,.F.);
#1111 = FACE_BOUND('',#1112,.T.);
#1112 = EDGE_LOOP('',(#1113,#1114,#1137,#1163));
#1113 = ORIENTED_EDGE('',*,*,#610,.T.);
#1114 = ORIENTED_EDGE('',*,*,#1115,.T.);
#1115 = EDGE_CURVE('',#611,#1116,#1118,.T.);
#1116 = VERTEX_POINT('',#1117);
#1117 = CARTESIAN_POINT('',(93.161318421328,93.161318421328,1.1984E+03)
  );
#1118 = SEAM_CURVE('',#1119,(#1123,#1130),.PCURVE_S1.);
#1119 = LINE('',#1120,#1121);
#1120 = CARTESIAN_POINT('',(93.161318421328,93.161318421328,1.172E+03));
#1121 = VECTOR('',#1122,1.);
#1122 = DIRECTION('',(0.,0.,1.));
#1123 = PCURVE('',#631,#1124);
#1124 = DEFINITIONAL_REPRESENTATION('',(#1125),#1129);
#1125 = LINE('',#1126,#1127);
#1126 = CARTESIAN_POINT('',(-6.28318530718,0.));
#1127 = VECTOR('',#1128,1.);
#1128 = DIRECTION('',(-0.,-1.));
#1129 = ( GEOMETRIC_REPRESENTATION_CONTEXT(2) 
PARAMETRIC_REPRESENTATION_CONTEXT() REPRESENTATION_CONTEXT('2D SPACE',''
  ) );
#1130 = PCURVE('',#631,#1131);
#1131 = DEFINITIONAL_REPRESENTATION('',(#1132),#1136);
#1132 = LINE('',#1133,#1134);
#1133 = CARTESIAN_POINT('',(-0.,0.));
#1134 = VECTOR('',#1135,1.);
#1135 = DIRECTION('',(-0.,-1.));
#1136 = ( GEOMETRIC_REPRESENTATION_CONTEXT(2) 
PARAMETRIC_REPRESENTATION_CONTEXT() REPRESENTATION_CONTEXT('2D SPACE',''
  ) );
#1137 = ORIENTED_EDGE('',*,*,#1138,.F.);
#1138 = EDGE_CURVE('',#1116,#1116,#1139,.T.);
#1139 = SURFACE_CURVE('',#1140,(#1145,#1152),.PCURVE_S1.);
#1140 = CIRCLE('',#1141,11.1);
#1141 = AXIS2_PLACEMENT_3D('',#1142,#1143,#1144);
#1142 = CARTESIAN_POINT('',(85.312433150157,85.312433150157,1.1984E+03)
  );
#1143 = DIRECTION('',(0.,0.,-1.));
#1144 = DIRECTION('',(0.707106781187,0.707106781187,0.));
#1145 = PCURVE('',#631,#1146);
#1146 = DEFINITIONAL_REPRESENTATION('',(#1147),#1151);
#1147 = LINE('',#1148,#1149);
#1148 = CARTESIAN_POINT('',(-6.28318530718,-26.4));
#1149 = VECTOR('',#1150,1.);
#1150 = DIRECTION('',(1.,-0.));
#1151 = ( GEOMETRIC_REPRESENTATION_CONTEXT(2) 
PARAMETRIC_REPRESENTATION_CONTEXT() REPRESENTATION_CONTEXT('2D SPACE',''
  ) );
#1152 = PCURVE('',#719,#1153);
#1153 = DEFINITIONAL_REPRESENTATION('',(#1154),#1162);
#1154 = ( BOUNDED_CURVE() B_SPLINE_CURVE(2,(#1155,#1156,#1157,#1158,
#1159,#1160,#1161),.UNSPECIFIED.,.T.,.F.) B_SPLINE_CURVE_WITH_KNOTS((1,2
    ,2,2,2,1),(-2.094395102393,0.,2.094395102393,4.188790204786,
6.28318530718,8.377580409573),.UNSPECIFIED.) CURVE() 
GEOMETRIC_REPRESENTATION_ITEM() RATIONAL_B_SPLINE_CURVE((1.,0.5,1.,0.5,
1.,0.5,1.)) REPRESENTATION_ITEM('') );
#1155 = CARTESIAN_POINT('',(93.161318421328,93.161318421328));
#1156 = CARTESIAN_POINT('',(106.75598649377,79.566650348881));
#1157 = CARTESIAN_POINT('',(88.185324550795,74.590656478348));
#1158 = CARTESIAN_POINT('',(69.614662607816,69.614662607816));
#1159 = CARTESIAN_POINT('',(74.590656478348,88.185324550795));
#1160 = CARTESIAN_POINT('',(79.566650348881,106.75598649377));
#1161 = CARTESIAN_POINT('',(93.161318421328,93.161318421328));
#1162 = ( GEOMETRIC_REPRESENTATION_CONTEXT(2) 
PARAMETRIC_REPRESENTATION_CONTEXT() REPRESENTATION_CONTEXT('2D SPACE',''
  ) );
#1163 = ORIENTED_EDGE('',*,*,#1115,.F.);
#1164 = ADVANCED_FACE('',(#1165),#663,.T.);
#1165 = FACE_BOUND('',#1166,.F.);
#1166 = EDGE_LOOP('',(#1167,#1200,#1221,#1222));
#1167 = ORIENTED_EDGE('',*,*,#1168,.T.);
#1168 = EDGE_CURVE('',#1169,#1169,#1171,.T.);
#1169 = VERTEX_POINT('',#1170);
#1170 = CARTESIAN_POINT('',(84.15,0.,1.2E+03));
#1171 = SURFACE_CURVE('',#1172,(#1177,#1184),.PCURVE_S1.);
#1172 = CIRCLE('',#1173,84.15);
#1173 = AXIS2_PLACEMENT_3D('',#1174,#1175,#1176);
#1174 = CARTESIAN_POINT('',(0.,0.,1.2E+03));
#1175 = DIRECTION('',(0.,0.,-1.));
#1176 = DIRECTION('',(1.,0.,0.));
#1177 = PCURVE('',#663,#1178);
#1178 = DEFINITIONAL_REPRESENTATION('',(#1179),#1183);
#1179 = LINE('',#1180,#1181);
#1180 = CARTESIAN_POINT('',(-6.28318530718,-1.0827E+03));
#1181 = VECTOR('',#1182,1.);
#1182 = DIRECTION('',(1.,-0.));
#1183 = ( GEOMETRIC_REPRESENTATION_CONTEXT(2) 
PARAMETRIC_REPRESENTATION_CONTEXT() REPRESENTATION_CONTEXT('2D SPACE',''
  ) );
#1184 = PCURVE('',#1185,#1190);
#1185 = PLANE('',#1186);
#1186 = AXIS2_PLACEMENT_3D('',#1187,#1188,#1189);
#1187 = CARTESIAN_POINT('',(-6.485681777306E-15,2.078994378374E-15,
    1.2E+03));
#1188 = DIRECTION('',(0.,0.,1.));
#1189 = DIRECTION('',(1.,0.,-0.));
#1190 = DEFINITIONAL_REPRESENTATION('',(#1191),#1199);
#1191 = ( BOUNDED_CURVE() B_SPLINE_CURVE(2,(#1192,#1193,#1194,#1195,
#1196,#1197,#1198),.UNSPECIFIED.,.T.,.F.) B_SPLINE_CURVE_WITH_KNOTS((1,2
    ,2,2,2,1),(-2.094395102393,0.,2.094395102393,4.188790204786,
6.28318530718,8.377580409573),.UNSPECIFIED.) CURVE() 
GEOMETRIC_REPRESENTATION_ITEM() RATIONAL_B_SPLINE_CURVE((1.,0.5,1.,0.5,
1.,0.5,1.)) REPRESENTATION_ITEM('') );
#1192 = CARTESIAN_POINT('',(84.15,-2.078994378374E-15));
#1193 = CARTESIAN_POINT('',(84.15,-145.7520754569));
#1194 = CARTESIAN_POINT('',(-42.075,-72.87603772846));
#1195 = CARTESIAN_POINT('',(-168.3,-2.268980000802E-14));
#1196 = CARTESIAN_POINT('',(-42.075,72.87603772846));
#1197 = CARTESIAN_POINT('',(84.15,145.75207545692));
#1198 = CARTESIAN_POINT('',(84.15,-2.078994378374E-15));
#1199 = ( GEOMETRIC_REPRESENTATION_CONTEXT(2) 
PARAMETRIC_REPRESENTATION_CONTEXT() REPRESENTATION_CONTEXT('2D SPACE',''
  ) );
#1200 = ORIENTED_EDGE('',*,*,#1201,.T.);
#1201 = EDGE_CURVE('',#1169,#647,#1202,.T.);
#1202 = SEAM_CURVE('',#1203,(#1207,#1214),.PCURVE_S1.);
#1203 = LINE('',#1204,#1205);
#1204 = CARTESIAN_POINT('',(84.15,0.,117.3));
#1205 = VECTOR('',#1206,1.);
#1206 = DIRECTION('',(0.,0.,1.));
#1207 = PCURVE('',#663,#1208);
#1208 = DEFINITIONAL_REPRESENTATION('',(#1209),#1213);
#1209 = LINE('',#1210,#1211);
#1210 = CARTESIAN_POINT('',(-6.28318530718,0.));
#1211 = VECTOR('',#1212,1.);
#1212 = DIRECTION('',(-0.,-1.));
#1213 = ( GEOMETRIC_REPRESENTATION_CONTEXT(2) 
PARAMETRIC_REPRESENTATION_CONTEXT() REPRESENTATION_CONTEXT('2D SPACE',''
  ) );
#1214 = PCURVE('',#663,#1215);
#1215 = DEFINITIONAL_REPRESENTATION('',(#1216),#1220);
#1216 = LINE('',#1217,#1218);
#1217 = CARTESIAN_POINT('',(-0.,0.));
#1218 = VECTOR('',#1219,1.);
#1219 = DIRECTION('',(-0.,-1.));
#1220 = ( GEOMETRIC_REPRESENTATION_CONTEXT(2) 
PARAMETRIC_REPRESENTATION_CONTEXT() REPRESENTATION_CONTEXT('2D SPACE',''
  ) );
#1221 = ORIENTED_EDGE('',*,*,#646,.T.);
#1222 = ORIENTED_EDGE('',*,*,#1201,.F.);
#1223 = ADVANCED_FACE('',(#1224,#1227,#1230,#1233,#1236,#1239,#1242,
    #1273,#1276,#1279),#719,.T.);
#1224 = FACE_BOUND('',#1225,.T.);
#1225 = EDGE_LOOP('',(#1226));
#1226 = ORIENTED_EDGE('',*,*,#704,.T.);
#1227 = FACE_BOUND('',#1228,.T.);
#1228 = EDGE_LOOP('',(#1229));
#1229 = ORIENTED_EDGE('',*,*,#760,.T.);
#1230 = FACE_BOUND('',#1231,.T.);
#1231 = EDGE_LOOP('',(#1232));
#1232 = ORIENTED_EDGE('',*,*,#814,.T.);
#1233 = FACE_BOUND('',#1234,.T.);
#1234 = EDGE_LOOP('',(#1235));
#1235 = ORIENTED_EDGE('',*,*,#868,.T.);
#1236 = FACE_BOUND('',#1237,.T.);
#1237 = EDGE_LOOP('',(#1238));
#1238 = ORIENTED_EDGE('',*,*,#922,.T.);
#1239 = FACE_BOUND('',#1240,.T.);
#1240 = EDGE_LOOP('',(#1241));
#1241 = ORIENTED_EDGE('',*,*,#976,.T.);
#1242 = FACE_BOUND('',#1243,.T.);
#1243 = EDGE_LOOP('',(#1244));
#1244 = ORIENTED_EDGE('',*,*,#1245,.F.);
#1245 = EDGE_CURVE('',#1246,#1246,#1248,.T.);
#1246 = VERTEX_POINT('',#1247);
#1247 = CARTESIAN_POINT('',(107.95,0.,1.1984E+03));
#1248 = SURFACE_CURVE('',#1249,(#1254,#1261),.PCURVE_S1.);
#1249 = CIRCLE('',#1250,107.95);
#1250 = AXIS2_PLACEMENT_3D('',#1251,#1252,#1253);
#1251 = CARTESIAN_POINT('',(0.,0.,1.1984E+03));
#1252 = DIRECTION('',(0.,0.,1.));
#1253 = DIRECTION('',(1.,0.,0.));
#1254 = PCURVE('',#719,#1255);
#1255 = DEFINITIONAL_REPRESENTATION('',(#1256),#1260);
#1256 = CIRCLE('',#1257,107.95);
#1257 = AXIS2_PLACEMENT_2D('',#1258,#1259);
#1258 = CARTESIAN_POINT('',(1.503498957466E-14,-9.332217646634E-15));
#1259 = DIRECTION('',(1.,0.));
#1260 = ( GEOMETRIC_REPRESENTATION_CONTEXT(2) 
PARAMETRIC_REPRESENTATION_CONTEXT() REPRESENTATION_CONTEXT('2D SPACE',''
  ) );
#1261 = PCURVE('',#1262,#1267);
#1262 = CYLINDRICAL_SURFACE('',#1263,107.95);
#1263 = AXIS2_PLACEMENT_3D('',#1264,#1265,#1266);
#1264 = CARTESIAN_POINT('',(0.,0.,1.1984E+03));
#1265 = DIRECTION('',(-0.,-0.,-1.));
#1266 = DIRECTION('',(1.,0.,0.));
#1267 = DEFINITIONAL_REPRESENTATION('',(#1268),#1272);
#1268 = LINE('',#1269,#1270);
#1269 = CARTESIAN_POINT('',(-0.,0.));
#1270 = VECTOR('',#1271,1.);
#1271 = DIRECTION('',(-1.,0.));
#1272 = ( GEOMETRIC_REPRESENTATION_CONTEXT(2) 
PARAMETRIC_REPRESENTATION_CONTEXT() REPRESENTATION_CONTEXT('2D SPACE',''
  ) );
#1273 = FACE_BOUND('',#1274,.T.);
#1274 = EDGE_LOOP('',(#1275));
#1275 = ORIENTED_EDGE('',*,*,#1030,.T.);
#1276 = FACE_BOUND('',#1277,.T.);
#1277 = EDGE_LOOP('',(#1278));
#1278 = ORIENTED_EDGE('',*,*,#1084,.T.);
#1279 = FACE_BOUND('',#1280,.T.);
#1280 = EDGE_LOOP('',(#1281));
#1281 = ORIENTED_EDGE('',*,*,#1138,.T.);
#1282 = ADVANCED_FACE('',(#1283,#1309),#1185,.T.);
#1283 = FACE_BOUND('',#1284,.T.);
#1284 = EDGE_LOOP('',(#1285));
#1285 = ORIENTED_EDGE('',*,*,#1286,.T.);
#1286 = EDGE_CURVE('',#1287,#1287,#1289,.T.);
#1287 = VERTEX_POINT('',#1288);
#1288 = CARTESIAN_POINT('',(107.95,0.,1.2E+03));
#1289 = SURFACE_CURVE('',#1290,(#1295,#1302),.PCURVE_S1.);
#1290 = CIRCLE('',#1291,107.95);
#1291 = AXIS2_PLACEMENT_3D('',#1292,#1293,#1294);
#1292 = CARTESIAN_POINT('',(0.,0.,1.2E+03));
#1293 = DIRECTION('',(0.,0.,1.));
#1294 = DIRECTION('',(1.,0.,0.));
#1295 = PCURVE('',#1185,#1296);
#1296 = DEFINITIONAL_REPRESENTATION('',(#1297),#1301);
#1297 = CIRCLE('',#1298,107.95);
#1298 = AXIS2_PLACEMENT_2D('',#1299,#1300);
#1299 = CARTESIAN_POINT('',(6.485681777306E-15,-2.078994378374E-15));
#1300 = DIRECTION('',(1.,0.));
#1301 = ( GEOMETRIC_REPRESENTATION_CONTEXT(2) 
PARAMETRIC_REPRESENTATION_CONTEXT() REPRESENTATION_CONTEXT('2D SPACE',''
  ) );
#1302 = PCURVE('',#1262,#1303);
#1303 = DEFINITIONAL_REPRESENTATION('',(#1304),#1308);
#1304 = LINE('',#1305,#1306);
#1305 = CARTESIAN_POINT('',(-0.,-1.6));
#1306 = VECTOR('',#1307,1.);
#1307 = DIRECTION('',(-1.,0.));
#1308 = ( GEOMETRIC_REPRESENTATION_CONTEXT(2) 
PARAMETRIC_REPRESENTATION_CONTEXT() REPRESENTATION_CONTEXT('2D SPACE',''
  ) );
#1309 = FACE_BOUND('',#1310,.T.);
#1310 = EDGE_LOOP('',(#1311));
#1311 = ORIENTED_EDGE('',*,*,#1168,.T.);
#1312 = ADVANCED_FACE('',(#1313),#1262,.T.);
#1313 = FACE_BOUND('',#1314,.F.);
#1314 = EDGE_LOOP('',(#1315,#1336,#1337,#1338));
#1315 = ORIENTED_EDGE('',*,*,#1316,.T.);
#1316 = EDGE_CURVE('',#1246,#1287,#1317,.T.);
#1317 = SEAM_CURVE('',#1318,(#1322,#1329),.PCURVE_S1.);
#1318 = LINE('',#1319,#1320);
#1319 = CARTESIAN_POINT('',(107.95,0.,1.1984E+03));
#1320 = VECTOR('',#1321,1.);
#1321 = DIRECTION('',(0.,0.,1.));
#1322 = PCURVE('',#1262,#1323);
#1323 = DEFINITIONAL_REPRESENTATION('',(#1324),#1328);
#1324 = LINE('',#1325,#1326);
#1325 = CARTESIAN_POINT('',(-0.,0.));
#1326 = VECTOR('',#1327,1.);
#1327 = DIRECTION('',(-0.,-1.));
#1328 = ( GEOMETRIC_REPRESENTATION_CONTEXT(2) 
PARAMETRIC_REPRESENTATION_CONTEXT() REPRESENTATION_CONTEXT('2D SPACE',''
  ) );
#1329 = PCURVE('',#1262,#1330);
#1330 = DEFINITIONAL_REPRESENTATION('',(#1331),#1335);
#1331 = LINE('',#1332,#1333);
#1332 = CARTESIAN_POINT('',(-6.28318530718,0.));
#1333 = VECTOR('',#1334,1.);
#1334 = DIRECTION('',(-0.,-1.));
#1335 = ( GEOMETRIC_REPRESENTATION_CONTEXT(2) 
PARAMETRIC_REPRESENTATION_CONTEXT() REPRESENTATION_CONTEXT('2D SPACE',''
  ) );
#1336 = ORIENTED_EDGE('',*,*,#1286,.T.);
#1337 = ORIENTED_EDGE('',*,*,#1316,.F.);
#1338 = ORIENTED_EDGE('',*,*,#1245,.F.);
#1339 = ( GEOMETRIC_REPRESENTATION_CONTEXT(3) 
GLOBAL_UNCERTAINTY_ASSIGNED_CONTEXT((#1343)) 
GLOBAL_UNIT_ASSIGNED_CONTEXT((#1340,#1341,#1342)) REPRESENTATION_CONTEXT
('Context #1','3D Context with UNIT and UNCERTAINTY') );
#1340 = ( LENGTH_UNIT() NAMED_UNIT(*) SI_UNIT(.MILLI.,.METRE.) );
#1341 = ( NAMED_UNIT(*) PLANE_ANGLE_UNIT() SI_UNIT($,.RADIAN.) );
#1342 = ( NAMED_UNIT(*) SI_UNIT($,.STERADIAN.) SOLID_ANGLE_UNIT() );
#1343 = UNCERTAINTY_MEASURE_WITH_UNIT(LENGTH_MEASURE(1.E-07),#1340,
  'distance_accuracy_value','confusion accuracy');
#1344 = CONTEXT_DEPENDENT_SHAPE_REPRESENTATION(#1345,#1347);
#1345 = ( REPRESENTATION_RELATIONSHIP('','',#36,#10) 
REPRESENTATION_RELATIONSHIP_WITH_TRANSFORMATION(#1346) 
SHAPE_REPRESENTATION_RELATIONSHIP() );
#1346 = ITEM_DEFINED_TRANSFORMATION('','',#11,#15);
#1347 = PRODUCT_DEFINITION_SHAPE('Placement','Placement of an item',
  #1348);
#1348 = NEXT_ASSEMBLY_USAGE_OCCURRENCE('7','','',#5,#31,$);
#1349 = PRODUCT_RELATED_PRODUCT_CATEGORY('part',$,(#33));
#1350 = SHAPE_DEFINITION_REPRESENTATION(#1351,#1357);
#1351 = PRODUCT_DEFINITION_SHAPE('','',#1352);
#1352 = PRODUCT_DEFINITION('design','',#1353,#1356);
#1353 = PRODUCT_DEFINITION_FORMATION('','',#1354);
#1354 = PRODUCT('Open CASCADE STEP translator 7.8 14.2',
  'Open CASCADE STEP translator 7.8 14.2','',(#1355));
#1355 = PRODUCT_CONTEXT('',#2,'mechanical');
#1356 = PRODUCT_DEFINITION_CONTEXT('part definition',#2,'design');
#1357 = ADVANCED_BREP_SHAPE_REPRESENTATION('',(#11,#1358),#2570);
#1358 = MANIFOLD_SOLID_BREP('',#1359);
#1359 = CLOSED_SHELL('',(#1360,#1448,#1763,#2038,#2065,#2092,#2119,#2146
    ,#2173,#2228,#2255,#2282,#2309,#2364,#2419,#2458,#2513,#2563));
#1360 = ADVANCED_FACE('',(#1361),#1375,.T.);
#1361 = FACE_BOUND('',#1362,.F.);
#1362 = EDGE_LOOP('',(#1363,#1393,#1420,#1421));
#1363 = ORIENTED_EDGE('',*,*,#1364,.T.);
#1364 = EDGE_CURVE('',#1365,#1367,#1369,.T.);
#1365 = VERTEX_POINT('',#1366);
#1366 = CARTESIAN_POINT('',(139.7,0.,27.));
#1367 = VERTEX_POINT('',#1368);
#1368 = CARTESIAN_POINT('',(139.7,-3.110602869834E-15,1.6));
#1369 = SEAM_CURVE('',#1370,(#1374,#1386),.PCURVE_S1.);
#1370 = LINE('',#1371,#1372);
#1371 = CARTESIAN_POINT('',(139.7,0.,27.));
#1372 = VECTOR('',#1373,1.);
#1373 = DIRECTION('',(0.,-1.224646799147E-16,-1.));
#1374 = PCURVE('',#1375,#1380);
#1375 = CYLINDRICAL_SURFACE('',#1376,139.7);
#1376 = AXIS2_PLACEMENT_3D('',#1377,#1378,#1379);
#1377 = CARTESIAN_POINT('',(0.,0.,27.));
#1378 = DIRECTION('',(-0.,1.224646799147E-16,1.));
#1379 = DIRECTION('',(1.,0.,0.));
#1380 = DEFINITIONAL_REPRESENTATION('',(#1381),#1385);
#1381 = LINE('',#1382,#1383);
#1382 = CARTESIAN_POINT('',(-0.,0.));
#1383 = VECTOR('',#1384,1.);
#1384 = DIRECTION('',(-0.,-1.));
#1385 = ( GEOMETRIC_REPRESENTATION_CONTEXT(2) 
PARAMETRIC_REPRESENTATION_CONTEXT() REPRESENTATION_CONTEXT('2D SPACE',''
  ) );
#1386 = PCURVE('',#1375,#1387);
#1387 = DEFINITIONAL_REPRESENTATION('',(#1388),#1392);
#1388 = LINE('',#1389,#1390);
#1389 = CARTESIAN_POINT('',(-6.28318530718,0.));
#1390 = VECTOR('',#1391,1.);
#1391 = DIRECTION('',(-0.,-1.));
#1392 = ( GEOMETRIC_REPRESENTATION_CONTEXT(2) 
PARAMETRIC_REPRESENTATION_CONTEXT() REPRESENTATION_CONTEXT('2D SPACE',''
  ) );
#1393 = ORIENTED_EDGE('',*,*,#1394,.T.);
#1394 = EDGE_CURVE('',#1367,#1367,#1395,.T.);
#1395 = SURFACE_CURVE('',#1396,(#1401,#1408),.PCURVE_S1.);
#1396 = CIRCLE('',#1397,139.7);
#1397 = AXIS2_PLACEMENT_3D('',#1398,#1399,#1400);
#1398 = CARTESIAN_POINT('',(0.,-3.110602869834E-15,1.6));
#1399 = DIRECTION('',(0.,-1.224646799147E-16,-1.));
#1400 = DIRECTION('',(1.,0.,0.));
#1401 = PCURVE('',#1375,#1402);
#1402 = DEFINITIONAL_REPRESENTATION('',(#1403),#1407);
#1403 = LINE('',#1404,#1405);
#1404 = CARTESIAN_POINT('',(-0.,-25.4));
#1405 = VECTOR('',#1406,1.);
#1406 = DIRECTION('',(-1.,0.));
#1407 = ( GEOMETRIC_REPRESENTATION_CONTEXT(2) 
PARAMETRIC_REPRESENTATION_CONTEXT() REPRESENTATION_CONTEXT('2D SPACE',''
  ) );
#1408 = PCURVE('',#1409,#1414);
#1409 = PLANE('',#1410);
#1410 = AXIS2_PLACEMENT_3D('',#1411,#1412,#1413);
#1411 = CARTESIAN_POINT('',(-1.503498957466E-14,-1.244282051647E-14,1.6)
  );
#1412 = DIRECTION('',(0.,-1.224646799147E-16,-1.));
#1413 = DIRECTION('',(1.,0.,0.));
#1414 = DEFINITIONAL_REPRESENTATION('',(#1415),#1419);
#1415 = CIRCLE('',#1416,139.7);
#1416 = AXIS2_PLACEMENT_2D('',#1417,#1418);
#1417 = CARTESIAN_POINT('',(1.503498957466E-14,-9.332217646634E-15));
#1418 = DIRECTION('',(1.,0.));
#1419 = ( GEOMETRIC_REPRESENTATION_CONTEXT(2) 
PARAMETRIC_REPRESENTATION_CONTEXT() REPRESENTATION_CONTEXT('2D SPACE',''
  ) );
#1420 = ORIENTED_EDGE('',*,*,#1364,.F.);
#1421 = ORIENTED_EDGE('',*,*,#1422,.F.);
#1422 = EDGE_CURVE('',#1365,#1365,#1423,.T.);
#1423 = SURFACE_CURVE('',#1424,(#1429,#1436),.PCURVE_S1.);
#1424 = CIRCLE('',#1425,139.7);
#1425 = AXIS2_PLACEMENT_3D('',#1426,#1427,#1428);
#1426 = CARTESIAN_POINT('',(0.,0.,27.));
#1427 = DIRECTION('',(0.,-1.224646799147E-16,-1.));
#1428 = DIRECTION('',(1.,0.,0.));
#1429 = PCURVE('',#1375,#1430);
#1430 = DEFINITIONAL_REPRESENTATION('',(#1431),#1435);
#1431 = LINE('',#1432,#1433);
#1432 = CARTESIAN_POINT('',(-0.,0.));
#1433 = VECTOR('',#1434,1.);
#1434 = DIRECTION('',(-1.,0.));
#1435 = ( GEOMETRIC_REPRESENTATION_CONTEXT(2) 
PARAMETRIC_REPRESENTATION_CONTEXT() REPRESENTATION_CONTEXT('2D SPACE',''
  ) );
#1436 = PCURVE('',#1437,#1442);
#1437 = PLANE('',#1438);
#1438 = AXIS2_PLACEMENT_3D('',#1439,#1440,#1441);
#1439 = CARTESIAN_POINT('',(-1.503498957466E-14,-9.332217646634E-15,27.)
  );
#1440 = DIRECTION('',(0.,-1.224646799147E-16,-1.));
#1441 = DIRECTION('',(1.,0.,0.));
#1442 = DEFINITIONAL_REPRESENTATION('',(#1443),#1447);
#1443 = CIRCLE('',#1444,139.7);
#1444 = AXIS2_PLACEMENT_2D('',#1445,#1446);
#1445 = CARTESIAN_POINT('',(1.503498957466E-14,-9.332217646634E-15));
#1446 = DIRECTION('',(1.,0.));
#1447 = ( GEOMETRIC_REPRESENTATION_CONTEXT(2) 
PARAMETRIC_REPRESENTATION_CONTEXT() REPRESENTATION_CONTEXT('2D SPACE',''
  ) );
#1448 = ADVANCED_FACE('',(#1449,#1452,#1487,#1522,#1557,#1592,#1627,
    #1658,#1693,#1728),#1437,.F.);
#1449 = FACE_BOUND('',#1450,.F.);
#1450 = EDGE_LOOP('',(#1451));
#1451 = ORIENTED_EDGE('',*,*,#1422,.T.);
#1452 = FACE_BOUND('',#1453,.F.);
#1453 = EDGE_LOOP('',(#1454));
#1454 = ORIENTED_EDGE('',*,*,#1455,.T.);
#1455 = EDGE_CURVE('',#1456,#1456,#1458,.T.);
#1456 = VERTEX_POINT('',#1457);
#1457 = CARTESIAN_POINT('',(-93.16131842132,93.161318421328,27.));
#1458 = SURFACE_CURVE('',#1459,(#1464,#1475),.PCURVE_S1.);
#1459 = CIRCLE('',#1460,11.1);
#1460 = AXIS2_PLACEMENT_3D('',#1461,#1462,#1463);
#1461 = CARTESIAN_POINT('',(-85.31243315015,85.312433150157,27.));
#1462 = DIRECTION('',(1.232595164408E-32,1.224646799147E-16,1.));
#1463 = DIRECTION('',(-0.707106781187,0.707106781187,-8.659560562355E-17
    ));
#1464 = PCURVE('',#1437,#1465);
#1465 = DEFINITIONAL_REPRESENTATION('',(#1466),#1474);
#1466 = ( BOUNDED_CURVE() B_SPLINE_CURVE(2,(#1467,#1468,#1469,#1470,
#1471,#1472,#1473),.UNSPECIFIED.,.T.,.F.) B_SPLINE_CURVE_WITH_KNOTS((1,2
    ,2,2,2,1),(-2.094395102393,0.,2.094395102393,4.188790204786,
6.28318530718,8.377580409573),.UNSPECIFIED.) CURVE() 
GEOMETRIC_REPRESENTATION_ITEM() RATIONAL_B_SPLINE_CURVE((1.,0.5,1.,0.5,
1.,0.5,1.)) REPRESENTATION_ITEM('') );
#1467 = CARTESIAN_POINT('',(-93.16131842132,-93.16131842132));
#1468 = CARTESIAN_POINT('',(-106.7559864937,-79.56665034888));
#1469 = CARTESIAN_POINT('',(-88.18532455079,-74.59065647834));
#1470 = CARTESIAN_POINT('',(-69.61466260781,-69.61466260781));
#1471 = CARTESIAN_POINT('',(-74.59065647834,-88.18532455079));
#1472 = CARTESIAN_POINT('',(-79.56665034888,-106.7559864937));
#1473 = CARTESIAN_POINT('',(-93.16131842132,-93.16131842132));
#1474 = ( GEOMETRIC_REPRESENTATION_CONTEXT(2) 
PARAMETRIC_REPRESENTATION_CONTEXT() REPRESENTATION_CONTEXT('2D SPACE',''
  ) );
#1475 = PCURVE('',#1476,#1481);
#1476 = CYLINDRICAL_SURFACE('',#1477,11.1);
#1477 = AXIS2_PLACEMENT_3D('',#1478,#1479,#1480);
#1478 = CARTESIAN_POINT('',(-85.31243315015,85.312433150157,28.));
#1479 = DIRECTION('',(-0.,1.224646799147E-16,1.));
#1480 = DIRECTION('',(-0.707106781187,0.707106781187,-8.659560562355E-17
    ));
#1481 = DEFINITIONAL_REPRESENTATION('',(#1482),#1486);
#1482 = LINE('',#1483,#1484);
#1483 = CARTESIAN_POINT('',(-6.28318530718,-1.));
#1484 = VECTOR('',#1485,1.);
#1485 = DIRECTION('',(1.,-0.));
#1486 = ( GEOMETRIC_REPRESENTATION_CONTEXT(2) 
PARAMETRIC_REPRESENTATION_CONTEXT() REPRESENTATION_CONTEXT('2D SPACE',''
  ) );
#1487 = FACE_BOUND('',#1488,.F.);
#1488 = EDGE_LOOP('',(#1489));
#1489 = ORIENTED_EDGE('',*,*,#1490,.T.);
#1490 = EDGE_CURVE('',#1491,#1491,#1493,.T.);
#1491 = VERTEX_POINT('',#1492);
#1492 = CARTESIAN_POINT('',(-2.462774056224E-14,131.75,27.));
#1493 = SURFACE_CURVE('',#1494,(#1499,#1510),.PCURVE_S1.);
#1494 = CIRCLE('',#1495,11.1);
#1495 = AXIS2_PLACEMENT_3D('',#1496,#1497,#1498);
#1496 = CARTESIAN_POINT('',(-2.216304544757E-14,120.65,27.));
#1497 = DIRECTION('',(0.,1.224646799147E-16,1.));
#1498 = DIRECTION('',(-2.22044604925E-16,1.,-1.224646799147E-16));
#1499 = PCURVE('',#1437,#1500);
#1500 = DEFINITIONAL_REPRESENTATION('',(#1501),#1509);
#1501 = ( BOUNDED_CURVE() B_SPLINE_CURVE(2,(#1502,#1503,#1504,#1505,
#1506,#1507,#1508),.UNSPECIFIED.,.T.,.F.) B_SPLINE_CURVE_WITH_KNOTS((1,2
    ,2,2,2,1),(-2.094395102393,0.,2.094395102393,4.188790204786,
6.28318530718,8.377580409573),.UNSPECIFIED.) CURVE() 
GEOMETRIC_REPRESENTATION_ITEM() RATIONAL_B_SPLINE_CURVE((1.,0.5,1.,0.5,
1.,0.5,1.)) REPRESENTATION_ITEM('') );
#1502 = CARTESIAN_POINT('',(-9.592750987573E-15,-131.75));
#1503 = CARTESIAN_POINT('',(-19.22576396401,-131.75));
#1504 = CARTESIAN_POINT('',(-9.612881982007,-115.1));
#1505 = CARTESIAN_POINT('',(-4.917381537677E-15,-98.45));
#1506 = CARTESIAN_POINT('',(9.612881982007,-115.1));
#1507 = CARTESIAN_POINT('',(19.225763964015,-131.75));
#1508 = CARTESIAN_POINT('',(-9.592750987573E-15,-131.75));
#1509 = ( GEOMETRIC_REPRESENTATION_CONTEXT(2) 
PARAMETRIC_REPRESENTATION_CONTEXT() REPRESENTATION_CONTEXT('2D SPACE',''
  ) );
#1510 = PCURVE('',#1511,#1516);
#1511 = CYLINDRICAL_SURFACE('',#1512,11.1);
#1512 = AXIS2_PLACEMENT_3D('',#1513,#1514,#1515);
#1513 = CARTESIAN_POINT('',(-2.216304544757E-14,120.65,28.));
#1514 = DIRECTION('',(-0.,1.224646799147E-16,1.));
#1515 = DIRECTION('',(-2.22044604925E-16,1.,-1.224646799147E-16));
#1516 = DEFINITIONAL_REPRESENTATION('',(#1517),#1521);
#1517 = LINE('',#1518,#1519);
#1518 = CARTESIAN_POINT('',(-6.28318530718,-1.));
#1519 = VECTOR('',#1520,1.);
#1520 = DIRECTION('',(1.,-0.));
#1521 = ( GEOMETRIC_REPRESENTATION_CONTEXT(2) 
PARAMETRIC_REPRESENTATION_CONTEXT() REPRESENTATION_CONTEXT('2D SPACE',''
  ) );
#1522 = FACE_BOUND('',#1523,.F.);
#1523 = EDGE_LOOP('',(#1524));
#1524 = ORIENTED_EDGE('',*,*,#1525,.T.);
#1525 = EDGE_CURVE('',#1526,#1526,#1528,.T.);
#1526 = VERTEX_POINT('',#1527);
#1527 = CARTESIAN_POINT('',(93.161318421328,93.161318421328,27.));
#1528 = SURFACE_CURVE('',#1529,(#1534,#1545),.PCURVE_S1.);
#1529 = CIRCLE('',#1530,11.1);
#1530 = AXIS2_PLACEMENT_3D('',#1531,#1532,#1533);
#1531 = CARTESIAN_POINT('',(85.312433150157,85.312433150157,27.));
#1532 = DIRECTION('',(0.,1.224646799147E-16,1.));
#1533 = DIRECTION('',(0.707106781187,0.707106781187,-8.659560562355E-17)
  );
#1534 = PCURVE('',#1437,#1535);
#1535 = DEFINITIONAL_REPRESENTATION('',(#1536),#1544);
#1536 = ( BOUNDED_CURVE() B_SPLINE_CURVE(2,(#1537,#1538,#1539,#1540,
#1541,#1542,#1543),.UNSPECIFIED.,.T.,.F.) B_SPLINE_CURVE_WITH_KNOTS((1,2
    ,2,2,2,1),(-2.094395102393,0.,2.094395102393,4.188790204786,
6.28318530718,8.377580409573),.UNSPECIFIED.) CURVE() 
GEOMETRIC_REPRESENTATION_ITEM() RATIONAL_B_SPLINE_CURVE((1.,0.5,1.,0.5,
1.,0.5,1.)) REPRESENTATION_ITEM('') );
#1537 = CARTESIAN_POINT('',(93.161318421328,-93.16131842132));
#1538 = CARTESIAN_POINT('',(79.566650348881,-106.7559864937));
#1539 = CARTESIAN_POINT('',(74.590656478348,-88.18532455079));
#1540 = CARTESIAN_POINT('',(69.614662607816,-69.61466260781));
#1541 = CARTESIAN_POINT('',(88.185324550795,-74.59065647834));
#1542 = CARTESIAN_POINT('',(106.75598649377,-79.56665034888));
#1543 = CARTESIAN_POINT('',(93.161318421328,-93.16131842132));
#1544 = ( GEOMETRIC_REPRESENTATION_CONTEXT(2) 
PARAMETRIC_REPRESENTATION_CONTEXT() REPRESENTATION_CONTEXT('2D SPACE',''
  ) );
#1545 = PCURVE('',#1546,#1551);
#1546 = CYLINDRICAL_SURFACE('',#1547,11.1);
#1547 = AXIS2_PLACEMENT_3D('',#1548,#1549,#1550);
#1548 = CARTESIAN_POINT('',(85.312433150157,85.312433150157,28.));
#1549 = DIRECTION('',(0.,1.224646799147E-16,1.));
#1550 = DIRECTION('',(0.707106781187,0.707106781187,-8.659560562355E-17)
  );
#1551 = DEFINITIONAL_REPRESENTATION('',(#1552),#1556);
#1552 = LINE('',#1553,#1554);
#1553 = CARTESIAN_POINT('',(-6.28318530718,-1.));
#1554 = VECTOR('',#1555,1.);
#1555 = DIRECTION('',(1.,-0.));
#1556 = ( GEOMETRIC_REPRESENTATION_CONTEXT(2) 
PARAMETRIC_REPRESENTATION_CONTEXT() REPRESENTATION_CONTEXT('2D SPACE',''
  ) );
#1557 = FACE_BOUND('',#1558,.F.);
#1558 = EDGE_LOOP('',(#1559));
#1559 = ORIENTED_EDGE('',*,*,#1560,.T.);
#1560 = EDGE_CURVE('',#1561,#1561,#1563,.T.);
#1561 = VERTEX_POINT('',#1562);
#1562 = CARTESIAN_POINT('',(-131.75,-1.613472157877E-14,27.));
#1563 = SURFACE_CURVE('',#1564,(#1569,#1580),.PCURVE_S1.);
#1564 = CIRCLE('',#1565,11.1);
#1565 = AXIS2_PLACEMENT_3D('',#1566,#1567,#1568);
#1566 = CARTESIAN_POINT('',(-120.65,-1.477536363171E-14,27.));
#1567 = DIRECTION('',(0.,1.224646799147E-16,1.));
#1568 = DIRECTION('',(-1.,-1.224646799147E-16,1.499759782662E-32));
#1569 = PCURVE('',#1437,#1570);
#1570 = DEFINITIONAL_REPRESENTATION('',(#1571),#1579);
#1571 = ( BOUNDED_CURVE() B_SPLINE_CURVE(2,(#1572,#1573,#1574,#1575,
#1576,#1577,#1578),.UNSPECIFIED.,.T.,.F.) B_SPLINE_CURVE_WITH_KNOTS((1,2
    ,2,2,2,1),(-2.094395102393,0.,2.094395102393,4.188790204786,
6.28318530718,8.377580409573),.UNSPECIFIED.) CURVE() 
GEOMETRIC_REPRESENTATION_ITEM() RATIONAL_B_SPLINE_CURVE((1.,0.5,1.,0.5,
1.,0.5,1.)) REPRESENTATION_ITEM('') );
#1572 = CARTESIAN_POINT('',(-131.75,6.802503932132E-15));
#1573 = CARTESIAN_POINT('',(-131.75,19.225763964015));
#1574 = CARTESIAN_POINT('',(-115.1,9.612881982007));
#1575 = CARTESIAN_POINT('',(-98.45,5.443145985078E-15));
#1576 = CARTESIAN_POINT('',(-115.1,-9.612881982007));
#1577 = CARTESIAN_POINT('',(-131.75,-19.22576396401));
#1578 = CARTESIAN_POINT('',(-131.75,6.802503932132E-15));
#1579 = ( GEOMETRIC_REPRESENTATION_CONTEXT(2) 
PARAMETRIC_REPRESENTATION_CONTEXT() REPRESENTATION_CONTEXT('2D SPACE',''
  ) );
#1580 = PCURVE('',#1581,#1586);
#1581 = CYLINDRICAL_SURFACE('',#1582,11.1);
#1582 = AXIS2_PLACEMENT_3D('',#1583,#1584,#1585);
#1583 = CARTESIAN_POINT('',(-120.65,-1.46528989518E-14,28.));
#1584 = DIRECTION('',(-0.,1.224646799147E-16,1.));
#1585 = DIRECTION('',(-1.,-1.224646799147E-16,1.499759782662E-32));
#1586 = DEFINITIONAL_REPRESENTATION('',(#1587),#1591);
#1587 = LINE('',#1588,#1589);
#1588 = CARTESIAN_POINT('',(-6.28318530718,-1.));
#1589 = VECTOR('',#1590,1.);
#1590 = DIRECTION('',(1.,-0.));
#1591 = ( GEOMETRIC_REPRESENTATION_CONTEXT(2) 
PARAMETRIC_REPRESENTATION_CONTEXT() REPRESENTATION_CONTEXT('2D SPACE',''
  ) );
#1592 = FACE_BOUND('',#1593,.F.);
#1593 = EDGE_LOOP('',(#1594));
#1594 = ORIENTED_EDGE('',*,*,#1595,.T.);
#1595 = EDGE_CURVE('',#1596,#1596,#1598,.T.);
#1596 = VERTEX_POINT('',#1597);
#1597 = CARTESIAN_POINT('',(-93.16131842132,-93.16131842132,27.));
#1598 = SURFACE_CURVE('',#1599,(#1604,#1615),.PCURVE_S1.);
#1599 = CIRCLE('',#1600,11.1);
#1600 = AXIS2_PLACEMENT_3D('',#1601,#1602,#1603);
#1601 = CARTESIAN_POINT('',(-85.31243315015,-85.31243315015,27.));
#1602 = DIRECTION('',(0.,1.224646799147E-16,1.));
#1603 = DIRECTION('',(-0.707106781187,-0.707106781187,8.659560562355E-17
    ));
#1604 = PCURVE('',#1437,#1605);
#1605 = DEFINITIONAL_REPRESENTATION('',(#1606),#1614);
#1606 = ( BOUNDED_CURVE() B_SPLINE_CURVE(2,(#1607,#1608,#1609,#1610,
#1611,#1612,#1613),.UNSPECIFIED.,.T.,.F.) B_SPLINE_CURVE_WITH_KNOTS((1,2
    ,2,2,2,1),(-2.094395102393,0.,2.094395102393,4.188790204786,
6.28318530718,8.377580409573),.UNSPECIFIED.) CURVE() 
GEOMETRIC_REPRESENTATION_ITEM() RATIONAL_B_SPLINE_CURVE((1.,0.5,1.,0.5,
1.,0.5,1.)) REPRESENTATION_ITEM('') );
#1607 = CARTESIAN_POINT('',(-93.16131842132,93.161318421328));
#1608 = CARTESIAN_POINT('',(-79.56665034888,106.75598649377));
#1609 = CARTESIAN_POINT('',(-74.59065647834,88.185324550795));
#1610 = CARTESIAN_POINT('',(-69.61466260781,69.614662607816));
#1611 = CARTESIAN_POINT('',(-88.18532455079,74.590656478348));
#1612 = CARTESIAN_POINT('',(-106.7559864937,79.566650348881));
#1613 = CARTESIAN_POINT('',(-93.16131842132,93.161318421328));
#1614 = ( GEOMETRIC_REPRESENTATION_CONTEXT(2) 
PARAMETRIC_REPRESENTATION_CONTEXT() REPRESENTATION_CONTEXT('2D SPACE',''
  ) );
#1615 = PCURVE('',#1616,#1621);
#1616 = CYLINDRICAL_SURFACE('',#1617,11.1);
#1617 = AXIS2_PLACEMENT_3D('',#1618,#1619,#1620);
#1618 = CARTESIAN_POINT('',(-85.31243315015,-85.31243315015,28.));
#1619 = DIRECTION('',(-0.,1.224646799147E-16,1.));
#1620 = DIRECTION('',(-0.707106781187,-0.707106781187,8.659560562355E-17
    ));
#1621 = DEFINITIONAL_REPRESENTATION('',(#1622),#1626);
#1622 = LINE('',#1623,#1624);
#1623 = CARTESIAN_POINT('',(-6.28318530718,-1.));
#1624 = VECTOR('',#1625,1.);
#1625 = DIRECTION('',(1.,-0.));
#1626 = ( GEOMETRIC_REPRESENTATION_CONTEXT(2) 
PARAMETRIC_REPRESENTATION_CONTEXT() REPRESENTATION_CONTEXT('2D SPACE',''
  ) );
#1627 = FACE_BOUND('',#1628,.F.);
#1628 = EDGE_LOOP('',(#1629));
#1629 = ORIENTED_EDGE('',*,*,#1630,.F.);
#1630 = EDGE_CURVE('',#1631,#1631,#1633,.T.);
#1631 = VERTEX_POINT('',#1632);
#1632 = CARTESIAN_POINT('',(88.9,0.,27.));
#1633 = SURFACE_CURVE('',#1634,(#1639,#1646),.PCURVE_S1.);
#1634 = CIRCLE('',#1635,88.9);
#1635 = AXIS2_PLACEMENT_3D('',#1636,#1637,#1638);
#1636 = CARTESIAN_POINT('',(0.,0.,27.));
#1637 = DIRECTION('',(0.,-1.224646799147E-16,-1.));
#1638 = DIRECTION('',(1.,0.,0.));
#1639 = PCURVE('',#1437,#1640);
#1640 = DEFINITIONAL_REPRESENTATION('',(#1641),#1645);
#1641 = CIRCLE('',#1642,88.9);
#1642 = AXIS2_PLACEMENT_2D('',#1643,#1644);
#1643 = CARTESIAN_POINT('',(1.503498957466E-14,-9.332217646634E-15));
#1644 = DIRECTION('',(1.,0.));
#1645 = ( GEOMETRIC_REPRESENTATION_CONTEXT(2) 
PARAMETRIC_REPRESENTATION_CONTEXT() REPRESENTATION_CONTEXT('2D SPACE',''
  ) );
#1646 = PCURVE('',#1647,#1652);
#1647 = CYLINDRICAL_SURFACE('',#1648,88.9);
#1648 = AXIS2_PLACEMENT_3D('',#1649,#1650,#1651);
#1649 = CARTESIAN_POINT('',(0.,0.,27.));
#1650 = DIRECTION('',(-0.,1.224646799147E-16,1.));
#1651 = DIRECTION('',(1.,0.,0.));
#1652 = DEFINITIONAL_REPRESENTATION('',(#1653),#1657);
#1653 = LINE('',#1654,#1655);
#1654 = CARTESIAN_POINT('',(-0.,0.));
#1655 = VECTOR('',#1656,1.);
#1656 = DIRECTION('',(-1.,0.));
#1657 = ( GEOMETRIC_REPRESENTATION_CONTEXT(2) 
PARAMETRIC_REPRESENTATION_CONTEXT() REPRESENTATION_CONTEXT('2D SPACE',''
  ) );
#1658 = FACE_BOUND('',#1659,.F.);
#1659 = EDGE_LOOP('',(#1660));
#1660 = ORIENTED_EDGE('',*,*,#1661,.T.);
#1661 = EDGE_CURVE('',#1662,#1662,#1664,.T.);
#1662 = VERTEX_POINT('',#1663);
#1663 = CARTESIAN_POINT('',(131.75,0.,27.));
#1664 = SURFACE_CURVE('',#1665,(#1670,#1681),.PCURVE_S1.);
#1665 = CIRCLE('',#1666,11.1);
#1666 = AXIS2_PLACEMENT_3D('',#1667,#1668,#1669);
#1667 = CARTESIAN_POINT('',(120.65,0.,27.));
#1668 = DIRECTION('',(-0.,1.224646799147E-16,1.));
#1669 = DIRECTION('',(1.,0.,0.));
#1670 = PCURVE('',#1437,#1671);
#1671 = DEFINITIONAL_REPRESENTATION('',(#1672),#1680);
#1672 = ( BOUNDED_CURVE() B_SPLINE_CURVE(2,(#1673,#1674,#1675,#1676,
#1677,#1678,#1679),.UNSPECIFIED.,.T.,.F.) B_SPLINE_CURVE_WITH_KNOTS((1,2
    ,2,2,2,1),(-2.094395102393,0.,2.094395102393,4.188790204786,
6.28318530718,8.377580409573),.UNSPECIFIED.) CURVE() 
GEOMETRIC_REPRESENTATION_ITEM() RATIONAL_B_SPLINE_CURVE((1.,0.5,1.,0.5,
1.,0.5,1.)) REPRESENTATION_ITEM('') );
#1673 = CARTESIAN_POINT('',(131.75,-9.332217646634E-15));
#1674 = CARTESIAN_POINT('',(131.75,-19.22576396401));
#1675 = CARTESIAN_POINT('',(115.1,-9.612881982007));
#1676 = CARTESIAN_POINT('',(98.45,-1.205093354074E-14));
#1677 = CARTESIAN_POINT('',(115.1,9.612881982007));
#1678 = CARTESIAN_POINT('',(131.75,19.225763964015));
#1679 = CARTESIAN_POINT('',(131.75,-9.332217646634E-15));
#1680 = ( GEOMETRIC_REPRESENTATION_CONTEXT(2) 
PARAMETRIC_REPRESENTATION_CONTEXT() REPRESENTATION_CONTEXT('2D SPACE',''
  ) );
#1681 = PCURVE('',#1682,#1687);
#1682 = CYLINDRICAL_SURFACE('',#1683,11.1);
#1683 = AXIS2_PLACEMENT_3D('',#1684,#1685,#1686);
#1684 = CARTESIAN_POINT('',(120.65,1.224646799147E-16,28.));
#1685 = DIRECTION('',(-0.,1.224646799147E-16,1.));
#1686 = DIRECTION('',(1.,0.,0.));
#1687 = DEFINITIONAL_REPRESENTATION('',(#1688),#1692);
#1688 = LINE('',#1689,#1690);
#1689 = CARTESIAN_POINT('',(-6.28318530718,-1.));
#1690 = VECTOR('',#1691,1.);
#1691 = DIRECTION('',(1.,-0.));
#1692 = ( GEOMETRIC_REPRESENTATION_CONTEXT(2) 
PARAMETRIC_REPRESENTATION_CONTEXT() REPRESENTATION_CONTEXT('2D SPACE',''
  ) );
#1693 = FACE_BOUND('',#1694,.F.);
#1694 = EDGE_LOOP('',(#1695));
#1695 = ORIENTED_EDGE('',*,*,#1696,.T.);
#1696 = EDGE_CURVE('',#1697,#1697,#1699,.T.);
#1697 = VERTEX_POINT('',#1698);
#1698 = CARTESIAN_POINT('',(8.62002937319E-15,-131.75,27.));
#1699 = SURFACE_CURVE('',#1700,(#1705,#1716),.PCURVE_S1.);
#1700 = CIRCLE('',#1701,11.1);
#1701 = AXIS2_PLACEMENT_3D('',#1702,#1703,#1704);
#1702 = CARTESIAN_POINT('',(7.387681815856E-15,-120.65,27.));
#1703 = DIRECTION('',(0.,1.224646799147E-16,1.));
#1704 = DIRECTION('',(1.110223024625E-16,-1.,1.224646799147E-16));
#1705 = PCURVE('',#1437,#1706);
#1706 = DEFINITIONAL_REPRESENTATION('',(#1707),#1715);
#1707 = ( BOUNDED_CURVE() B_SPLINE_CURVE(2,(#1708,#1709,#1710,#1711,
#1712,#1713,#1714),.UNSPECIFIED.,.T.,.F.) B_SPLINE_CURVE_WITH_KNOTS((1,2
    ,2,2,2,1),(-2.094395102393,0.,2.094395102393,4.188790204786,
6.28318530718,8.377580409573),.UNSPECIFIED.) CURVE() 
GEOMETRIC_REPRESENTATION_ITEM() RATIONAL_B_SPLINE_CURVE((1.,0.5,1.,0.5,
1.,0.5,1.)) REPRESENTATION_ITEM('') );
#1708 = CARTESIAN_POINT('',(2.365501894785E-14,131.75));
#1709 = CARTESIAN_POINT('',(19.225763964015,131.75));
#1710 = CARTESIAN_POINT('',(9.612881982007,115.1));
#1711 = CARTESIAN_POINT('',(2.267669216996E-14,98.45));
#1712 = CARTESIAN_POINT('',(-9.612881982007,115.1));
#1713 = CARTESIAN_POINT('',(-19.22576396401,131.75));
#1714 = CARTESIAN_POINT('',(2.365501894785E-14,131.75));
#1715 = ( GEOMETRIC_REPRESENTATION_CONTEXT(2) 
PARAMETRIC_REPRESENTATION_CONTEXT() REPRESENTATION_CONTEXT('2D SPACE',''
  ) );
#1716 = PCURVE('',#1717,#1722);
#1717 = CYLINDRICAL_SURFACE('',#1718,11.1);
#1718 = AXIS2_PLACEMENT_3D('',#1719,#1720,#1721);
#1719 = CARTESIAN_POINT('',(7.387681815856E-15,-120.65,28.));
#1720 = DIRECTION('',(0.,1.224646799147E-16,1.));
#1721 = DIRECTION('',(1.110223024625E-16,-1.,1.224646799147E-16));
#1722 = DEFINITIONAL_REPRESENTATION('',(#1723),#1727);
#1723 = LINE('',#1724,#1725);
#1724 = CARTESIAN_POINT('',(-6.28318530718,-1.));
#1725 = VECTOR('',#1726,1.);
#1726 = DIRECTION('',(1.,-0.));
#1727 = ( GEOMETRIC_REPRESENTATION_CONTEXT(2) 
PARAMETRIC_REPRESENTATION_CONTEXT() REPRESENTATION_CONTEXT('2D SPACE',''
  ) );
#1728 = FACE_BOUND('',#1729,.F.);
#1729 = EDGE_LOOP('',(#1730));
#1730 = ORIENTED_EDGE('',*,*,#1731,.T.);
#1731 = EDGE_CURVE('',#1732,#1732,#1734,.T.);
#1732 = VERTEX_POINT('',#1733);
#1733 = CARTESIAN_POINT('',(93.161318421328,-93.16131842132,27.));
#1734 = SURFACE_CURVE('',#1735,(#1740,#1751),.PCURVE_S1.);
#1735 = CIRCLE('',#1736,11.1);
#1736 = AXIS2_PLACEMENT_3D('',#1737,#1738,#1739);
#1737 = CARTESIAN_POINT('',(85.312433150157,-85.31243315015,27.));
#1738 = DIRECTION('',(0.,1.224646799147E-16,1.));
#1739 = DIRECTION('',(0.707106781187,-0.707106781187,8.659560562355E-17)
  );
#1740 = PCURVE('',#1437,#1741);
#1741 = DEFINITIONAL_REPRESENTATION('',(#1742),#1750);
#1742 = ( BOUNDED_CURVE() B_SPLINE_CURVE(2,(#1743,#1744,#1745,#1746,
#1747,#1748,#1749),.UNSPECIFIED.,.T.,.F.) B_SPLINE_CURVE_WITH_KNOTS((1,2
    ,2,2,2,1),(-2.094395102393,0.,2.094395102393,4.188790204786,
6.28318530718,8.377580409573),.UNSPECIFIED.) CURVE() 
GEOMETRIC_REPRESENTATION_ITEM() RATIONAL_B_SPLINE_CURVE((1.,0.5,1.,0.5,
1.,0.5,1.)) REPRESENTATION_ITEM('') );
#1743 = CARTESIAN_POINT('',(93.161318421328,93.161318421328));
#1744 = CARTESIAN_POINT('',(106.75598649377,79.566650348881));
#1745 = CARTESIAN_POINT('',(88.185324550795,74.590656478348));
#1746 = CARTESIAN_POINT('',(69.614662607816,69.614662607816));
#1747 = CARTESIAN_POINT('',(74.590656478348,88.185324550795));
#1748 = CARTESIAN_POINT('',(79.566650348881,106.75598649377));
#1749 = CARTESIAN_POINT('',(93.161318421328,93.161318421328));
#1750 = ( GEOMETRIC_REPRESENTATION_CONTEXT(2) 
PARAMETRIC_REPRESENTATION_CONTEXT() REPRESENTATION_CONTEXT('2D SPACE',''
  ) );
#1751 = PCURVE('',#1752,#1757);
#1752 = CYLINDRICAL_SURFACE('',#1753,11.1);
#1753 = AXIS2_PLACEMENT_3D('',#1754,#1755,#1756);
#1754 = CARTESIAN_POINT('',(85.312433150157,-85.31243315015,28.));
#1755 = DIRECTION('',(0.,1.224646799147E-16,1.));
#1756 = DIRECTION('',(0.707106781187,-0.707106781187,8.659560562355E-17)
  );
#1757 = DEFINITIONAL_REPRESENTATION('',(#1758),#1762);
#1758 = LINE('',#1759,#1760);
#1759 = CARTESIAN_POINT('',(-6.28318530718,-1.));
#1760 = VECTOR('',#1761,1.);
#1761 = DIRECTION('',(1.,-0.));
#1762 = ( GEOMETRIC_REPRESENTATION_CONTEXT(2) 
PARAMETRIC_REPRESENTATION_CONTEXT() REPRESENTATION_CONTEXT('2D SPACE',''
  ) );
#1763 = ADVANCED_FACE('',(#1764,#1767,#1797,#1827,#1857,#1887,#1917,
    #1948,#1978,#2008),#1409,.T.);
#1764 = FACE_BOUND('',#1765,.T.);
#1765 = EDGE_LOOP('',(#1766));
#1766 = ORIENTED_EDGE('',*,*,#1394,.T.);
#1767 = FACE_BOUND('',#1768,.T.);
#1768 = EDGE_LOOP('',(#1769));
#1769 = ORIENTED_EDGE('',*,*,#1770,.T.);
#1770 = EDGE_CURVE('',#1771,#1771,#1773,.T.);
#1771 = VERTEX_POINT('',#1772);
#1772 = CARTESIAN_POINT('',(-93.16131842132,93.161318421328,1.6));
#1773 = SURFACE_CURVE('',#1774,(#1779,#1790),.PCURVE_S1.);
#1774 = CIRCLE('',#1775,11.1);
#1775 = AXIS2_PLACEMENT_3D('',#1776,#1777,#1778);
#1776 = CARTESIAN_POINT('',(-85.31243315015,85.312433150157,1.6));
#1777 = DIRECTION('',(1.232595164408E-32,1.224646799147E-16,1.));
#1778 = DIRECTION('',(-0.707106781187,0.707106781187,-8.659560562355E-17
    ));
#1779 = PCURVE('',#1409,#1780);
#1780 = DEFINITIONAL_REPRESENTATION('',(#1781),#1789);
#1781 = ( BOUNDED_CURVE() B_SPLINE_CURVE(2,(#1782,#1783,#1784,#1785,
#1786,#1787,#1788),.UNSPECIFIED.,.T.,.F.) B_SPLINE_CURVE_WITH_KNOTS((1,2
    ,2,2,2,1),(-2.094395102393,0.,2.094395102393,4.188790204786,
6.28318530718,8.377580409573),.UNSPECIFIED.) CURVE() 
GEOMETRIC_REPRESENTATION_ITEM() RATIONAL_B_SPLINE_CURVE((1.,0.5,1.,0.5,
1.,0.5,1.)) REPRESENTATION_ITEM('') );
#1782 = CARTESIAN_POINT('',(-93.16131842132,-93.16131842132));
#1783 = CARTESIAN_POINT('',(-106.7559864937,-79.56665034888));
#1784 = CARTESIAN_POINT('',(-88.18532455079,-74.59065647834));
#1785 = CARTESIAN_POINT('',(-69.61466260781,-69.61466260781));
#1786 = CARTESIAN_POINT('',(-74.59065647834,-88.18532455079));
#1787 = CARTESIAN_POINT('',(-79.56665034888,-106.7559864937));
#1788 = CARTESIAN_POINT('',(-93.16131842132,-93.16131842132));
#1789 = ( GEOMETRIC_REPRESENTATION_CONTEXT(2) 
PARAMETRIC_REPRESENTATION_CONTEXT() REPRESENTATION_CONTEXT('2D SPACE',''
  ) );
#1790 = PCURVE('',#1476,#1791);
#1791 = DEFINITIONAL_REPRESENTATION('',(#1792),#1796);
#1792 = LINE('',#1793,#1794);
#1793 = CARTESIAN_POINT('',(-6.28318530718,-26.4));
#1794 = VECTOR('',#1795,1.);
#1795 = DIRECTION('',(1.,-0.));
#1796 = ( GEOMETRIC_REPRESENTATION_CONTEXT(2) 
PARAMETRIC_REPRESENTATION_CONTEXT() REPRESENTATION_CONTEXT('2D SPACE',''
  ) );
#1797 = FACE_BOUND('',#1798,.T.);
#1798 = EDGE_LOOP('',(#1799));
#1799 = ORIENTED_EDGE('',*,*,#1800,.T.);
#1800 = EDGE_CURVE('',#1801,#1801,#1803,.T.);
#1801 = VERTEX_POINT('',#1802);
#1802 = CARTESIAN_POINT('',(-2.462774056224E-14,131.75,1.6));
#1803 = SURFACE_CURVE('',#1804,(#1809,#1820),.PCURVE_S1.);
#1804 = CIRCLE('',#1805,11.1);
#1805 = AXIS2_PLACEMENT_3D('',#1806,#1807,#1808);
#1806 = CARTESIAN_POINT('',(-2.216304544757E-14,120.65,1.6));
#1807 = DIRECTION('',(0.,1.224646799147E-16,1.));
#1808 = DIRECTION('',(-2.22044604925E-16,1.,-1.224646799147E-16));
#1809 = PCURVE('',#1409,#1810);
#1810 = DEFINITIONAL_REPRESENTATION('',(#1811),#1819);
#1811 = ( BOUNDED_CURVE() B_SPLINE_CURVE(2,(#1812,#1813,#1814,#1815,
#1816,#1817,#1818),.UNSPECIFIED.,.T.,.F.) B_SPLINE_CURVE_WITH_KNOTS((1,2
    ,2,2,2,1),(-2.094395102393,0.,2.094395102393,4.188790204786,
6.28318530718,8.377580409573),.UNSPECIFIED.) CURVE() 
GEOMETRIC_REPRESENTATION_ITEM() RATIONAL_B_SPLINE_CURVE((1.,0.5,1.,0.5,
1.,0.5,1.)) REPRESENTATION_ITEM('') );
#1812 = CARTESIAN_POINT('',(-9.592750987573E-15,-131.75));
#1813 = CARTESIAN_POINT('',(-19.22576396401,-131.75));
#1814 = CARTESIAN_POINT('',(-9.612881982007,-115.1));
#1815 = CARTESIAN_POINT('',(-4.917381537677E-15,-98.45));
#1816 = CARTESIAN_POINT('',(9.612881982007,-115.1));
#1817 = CARTESIAN_POINT('',(19.225763964015,-131.75));
#1818 = CARTESIAN_POINT('',(-9.592750987573E-15,-131.75));
#1819 = ( GEOMETRIC_REPRESENTATION_CONTEXT(2) 
PARAMETRIC_REPRESENTATION_CONTEXT() REPRESENTATION_CONTEXT('2D SPACE',''
  ) );
#1820 = PCURVE('',#1511,#1821);
#1821 = DEFINITIONAL_REPRESENTATION('',(#1822),#1826);
#1822 = LINE('',#1823,#1824);
#1823 = CARTESIAN_POINT('',(-6.28318530718,-26.4));
#1824 = VECTOR('',#1825,1.);
#1825 = DIRECTION('',(1.,-0.));
#1826 = ( GEOMETRIC_REPRESENTATION_CONTEXT(2) 
PARAMETRIC_REPRESENTATION_CONTEXT() REPRESENTATION_CONTEXT('2D SPACE',''
  ) );
#1827 = FACE_BOUND('',#1828,.T.);
#1828 = EDGE_LOOP('',(#1829));
#1829 = ORIENTED_EDGE('',*,*,#1830,.T.);
#1830 = EDGE_CURVE('',#1831,#1831,#1833,.T.);
#1831 = VERTEX_POINT('',#1832);
#1832 = CARTESIAN_POINT('',(93.161318421328,93.161318421328,1.6));
#1833 = SURFACE_CURVE('',#1834,(#1839,#1850),.PCURVE_S1.);
#1834 = CIRCLE('',#1835,11.1);
#1835 = AXIS2_PLACEMENT_3D('',#1836,#1837,#1838);
#1836 = CARTESIAN_POINT('',(85.312433150157,85.312433150157,1.6));
#1837 = DIRECTION('',(0.,1.224646799147E-16,1.));
#1838 = DIRECTION('',(0.707106781187,0.707106781187,-8.659560562355E-17)
  );
#1839 = PCURVE('',#1409,#1840);
#1840 = DEFINITIONAL_REPRESENTATION('',(#1841),#1849);
#1841 = ( BOUNDED_CURVE() B_SPLINE_CURVE(2,(#1842,#1843,#1844,#1845,
#1846,#1847,#1848),.UNSPECIFIED.,.T.,.F.) B_SPLINE_CURVE_WITH_KNOTS((1,2
    ,2,2,2,1),(-2.094395102393,0.,2.094395102393,4.188790204786,
6.28318530718,8.377580409573),.UNSPECIFIED.) CURVE() 
GEOMETRIC_REPRESENTATION_ITEM() RATIONAL_B_SPLINE_CURVE((1.,0.5,1.,0.5,
1.,0.5,1.)) REPRESENTATION_ITEM('') );
#1842 = CARTESIAN_POINT('',(93.161318421328,-93.16131842132));
#1843 = CARTESIAN_POINT('',(79.566650348881,-106.7559864937));
#1844 = CARTESIAN_POINT('',(74.590656478348,-88.18532455079));
#1845 = CARTESIAN_POINT('',(69.614662607816,-69.61466260781));
#1846 = CARTESIAN_POINT('',(88.185324550795,-74.59065647834));
#1847 = CARTESIAN_POINT('',(106.75598649377,-79.56665034888));
#1848 = CARTESIAN_POINT('',(93.161318421328,-93.16131842132));
#1849 = ( GEOMETRIC_REPRESENTATION_CONTEXT(2) 
PARAMETRIC_REPRESENTATION_CONTEXT() REPRESENTATION_CONTEXT('2D SPACE',''
  ) );
#1850 = PCURVE('',#1546,#1851);
#1851 = DEFINITIONAL_REPRESENTATION('',(#1852),#1856);
#1852 = LINE('',#1853,#1854);
#1853 = CARTESIAN_POINT('',(-6.28318530718,-26.4));
#1854 = VECTOR('',#1855,1.);
#1855 = DIRECTION('',(1.,-0.));
#1856 = ( GEOMETRIC_REPRESENTATION_CONTEXT(2) 
PARAMETRIC_REPRESENTATION_CONTEXT() REPRESENTATION_CONTEXT('2D SPACE',''
  ) );
#1857 = FACE_BOUND('',#1858,.T.);
#1858 = EDGE_LOOP('',(#1859));
#1859 = ORIENTED_EDGE('',*,*,#1860,.T.);
#1860 = EDGE_CURVE('',#1861,#1861,#1863,.T.);
#1861 = VERTEX_POINT('',#1862);
#1862 = CARTESIAN_POINT('',(-131.75,-1.92453244486E-14,1.6));
#1863 = SURFACE_CURVE('',#1864,(#1869,#1880),.PCURVE_S1.);
#1864 = CIRCLE('',#1865,11.1);
#1865 = AXIS2_PLACEMENT_3D('',#1866,#1867,#1868);
#1866 = CARTESIAN_POINT('',(-120.65,-1.788596650155E-14,1.6));
#1867 = DIRECTION('',(0.,1.224646799147E-16,1.));
#1868 = DIRECTION('',(-1.,-1.224646799147E-16,1.499759782662E-32));
#1869 = PCURVE('',#1409,#1870);
#1870 = DEFINITIONAL_REPRESENTATION('',(#1871),#1879);
#1871 = ( BOUNDED_CURVE() B_SPLINE_CURVE(2,(#1872,#1873,#1874,#1875,
#1876,#1877,#1878),.UNSPECIFIED.,.T.,.F.) B_SPLINE_CURVE_WITH_KNOTS((1,2
    ,2,2,2,1),(-2.094395102393,0.,2.094395102393,4.188790204786,
6.28318530718,8.377580409573),.UNSPECIFIED.) CURVE() 
GEOMETRIC_REPRESENTATION_ITEM() RATIONAL_B_SPLINE_CURVE((1.,0.5,1.,0.5,
1.,0.5,1.)) REPRESENTATION_ITEM('') );
#1872 = CARTESIAN_POINT('',(-131.75,6.802503932132E-15));
#1873 = CARTESIAN_POINT('',(-131.75,19.225763964015));
#1874 = CARTESIAN_POINT('',(-115.1,9.612881982007));
#1875 = CARTESIAN_POINT('',(-98.45,5.443145985078E-15));
#1876 = CARTESIAN_POINT('',(-115.1,-9.612881982007));
#1877 = CARTESIAN_POINT('',(-131.75,-19.22576396401));
#1878 = CARTESIAN_POINT('',(-131.75,6.802503932132E-15));
#1879 = ( GEOMETRIC_REPRESENTATION_CONTEXT(2) 
PARAMETRIC_REPRESENTATION_CONTEXT() REPRESENTATION_CONTEXT('2D SPACE',''
  ) );
#1880 = PCURVE('',#1581,#1881);
#1881 = DEFINITIONAL_REPRESENTATION('',(#1882),#1886);
#1882 = LINE('',#1883,#1884);
#1883 = CARTESIAN_POINT('',(-6.28318530718,-26.4));
#1884 = VECTOR('',#1885,1.);
#1885 = DIRECTION('',(1.,-0.));
#1886 = ( GEOMETRIC_REPRESENTATION_CONTEXT(2) 
PARAMETRIC_REPRESENTATION_CONTEXT() REPRESENTATION_CONTEXT('2D SPACE',''
  ) );
#1887 = FACE_BOUND('',#1888,.T.);
#1888 = EDGE_LOOP('',(#1889));
#1889 = ORIENTED_EDGE('',*,*,#1890,.T.);
#1890 = EDGE_CURVE('',#1891,#1891,#1893,.T.);
#1891 = VERTEX_POINT('',#1892);
#1892 = CARTESIAN_POINT('',(-93.16131842132,-93.16131842132,1.6));
#1893 = SURFACE_CURVE('',#1894,(#1899,#1910),.PCURVE_S1.);
#1894 = CIRCLE('',#1895,11.1);
#1895 = AXIS2_PLACEMENT_3D('',#1896,#1897,#1898);
#1896 = CARTESIAN_POINT('',(-85.31243315015,-85.31243315015,1.6));
#1897 = DIRECTION('',(0.,1.224646799147E-16,1.));
#1898 = DIRECTION('',(-0.707106781187,-0.707106781187,8.659560562355E-17
    ));
#1899 = PCURVE('',#1409,#1900);
#1900 = DEFINITIONAL_REPRESENTATION('',(#1901),#1909);
#1901 = ( BOUNDED_CURVE() B_SPLINE_CURVE(2,(#1902,#1903,#1904,#1905,
#1906,#1907,#1908),.UNSPECIFIED.,.T.,.F.) B_SPLINE_CURVE_WITH_KNOTS((1,2
    ,2,2,2,1),(-2.094395102393,0.,2.094395102393,4.188790204786,
6.28318530718,8.377580409573),.UNSPECIFIED.) CURVE() 
GEOMETRIC_REPRESENTATION_ITEM() RATIONAL_B_SPLINE_CURVE((1.,0.5,1.,0.5,
1.,0.5,1.)) REPRESENTATION_ITEM('') );
#1902 = CARTESIAN_POINT('',(-93.16131842132,93.161318421328));
#1903 = CARTESIAN_POINT('',(-79.56665034888,106.75598649377));
#1904 = CARTESIAN_POINT('',(-74.59065647834,88.185324550795));
#1905 = CARTESIAN_POINT('',(-69.61466260781,69.614662607816));
#1906 = CARTESIAN_POINT('',(-88.18532455079,74.590656478348));
#1907 = CARTESIAN_POINT('',(-106.7559864937,79.566650348881));
#1908 = CARTESIAN_POINT('',(-93.16131842132,93.161318421328));
#1909 = ( GEOMETRIC_REPRESENTATION_CONTEXT(2) 
PARAMETRIC_REPRESENTATION_CONTEXT() REPRESENTATION_CONTEXT('2D SPACE',''
  ) );
#1910 = PCURVE('',#1616,#1911);
#1911 = DEFINITIONAL_REPRESENTATION('',(#1912),#1916);
#1912 = LINE('',#1913,#1914);
#1913 = CARTESIAN_POINT('',(-6.28318530718,-26.4));
#1914 = VECTOR('',#1915,1.);
#1915 = DIRECTION('',(1.,-0.));
#1916 = ( GEOMETRIC_REPRESENTATION_CONTEXT(2) 
PARAMETRIC_REPRESENTATION_CONTEXT() REPRESENTATION_CONTEXT('2D SPACE',''
  ) );
#1917 = FACE_BOUND('',#1918,.T.);
#1918 = EDGE_LOOP('',(#1919));
#1919 = ORIENTED_EDGE('',*,*,#1920,.F.);
#1920 = EDGE_CURVE('',#1921,#1921,#1923,.T.);
#1921 = VERTEX_POINT('',#1922);
#1922 = CARTESIAN_POINT('',(107.95,-3.110602869834E-15,1.6));
#1923 = SURFACE_CURVE('',#1924,(#1929,#1936),.PCURVE_S1.);
#1924 = CIRCLE('',#1925,107.95);
#1925 = AXIS2_PLACEMENT_3D('',#1926,#1927,#1928);
#1926 = CARTESIAN_POINT('',(0.,-3.110602869834E-15,1.6));
#1927 = DIRECTION('',(0.,-1.224646799147E-16,-1.));
#1928 = DIRECTION('',(1.,0.,0.));
#1929 = PCURVE('',#1409,#1930);
#1930 = DEFINITIONAL_REPRESENTATION('',(#1931),#1935);
#1931 = CIRCLE('',#1932,107.95);
#1932 = AXIS2_PLACEMENT_2D('',#1933,#1934);
#1933 = CARTESIAN_POINT('',(1.503498957466E-14,-9.332217646634E-15));
#1934 = DIRECTION('',(1.,0.));
#1935 = ( GEOMETRIC_REPRESENTATION_CONTEXT(2) 
PARAMETRIC_REPRESENTATION_CONTEXT() REPRESENTATION_CONTEXT('2D SPACE',''
  ) );
#1936 = PCURVE('',#1937,#1942);
#1937 = CYLINDRICAL_SURFACE('',#1938,107.95);
#1938 = AXIS2_PLACEMENT_3D('',#1939,#1940,#1941);
#1939 = CARTESIAN_POINT('',(0.,-3.110602869834E-15,1.6));
#1940 = DIRECTION('',(-0.,1.224646799147E-16,1.));
#1941 = DIRECTION('',(1.,0.,0.));
#1942 = DEFINITIONAL_REPRESENTATION('',(#1943),#1947);
#1943 = LINE('',#1944,#1945);
#1944 = CARTESIAN_POINT('',(-0.,0.));
#1945 = VECTOR('',#1946,1.);
#1946 = DIRECTION('',(-1.,0.));
#1947 = ( GEOMETRIC_REPRESENTATION_CONTEXT(2) 
PARAMETRIC_REPRESENTATION_CONTEXT() REPRESENTATION_CONTEXT('2D SPACE',''
  ) );
#1948 = FACE_BOUND('',#1949,.T.);
#1949 = EDGE_LOOP('',(#1950));
#1950 = ORIENTED_EDGE('',*,*,#1951,.T.);
#1951 = EDGE_CURVE('',#1952,#1952,#1954,.T.);
#1952 = VERTEX_POINT('',#1953);
#1953 = CARTESIAN_POINT('',(131.75,-3.110602869834E-15,1.6));
#1954 = SURFACE_CURVE('',#1955,(#1960,#1971),.PCURVE_S1.);
#1955 = CIRCLE('',#1956,11.1);
#1956 = AXIS2_PLACEMENT_3D('',#1957,#1958,#1959);
#1957 = CARTESIAN_POINT('',(120.65,-3.110602869834E-15,1.6));
#1958 = DIRECTION('',(-0.,1.224646799147E-16,1.));
#1959 = DIRECTION('',(1.,0.,0.));
#1960 = PCURVE('',#1409,#1961);
#1961 = DEFINITIONAL_REPRESENTATION('',(#1962),#1970);
#1962 = ( BOUNDED_CURVE() B_SPLINE_CURVE(2,(#1963,#1964,#1965,#1966,
#1967,#1968,#1969),.UNSPECIFIED.,.T.,.F.) B_SPLINE_CURVE_WITH_KNOTS((1,2
    ,2,2,2,1),(-2.094395102393,0.,2.094395102393,4.188790204786,
6.28318530718,8.377580409573),.UNSPECIFIED.) CURVE() 
GEOMETRIC_REPRESENTATION_ITEM() RATIONAL_B_SPLINE_CURVE((1.,0.5,1.,0.5,
1.,0.5,1.)) REPRESENTATION_ITEM('') );
#1963 = CARTESIAN_POINT('',(131.75,-9.332217646634E-15));
#1964 = CARTESIAN_POINT('',(131.75,-19.22576396401));
#1965 = CARTESIAN_POINT('',(115.1,-9.612881982007));
#1966 = CARTESIAN_POINT('',(98.45,-1.205093354074E-14));
#1967 = CARTESIAN_POINT('',(115.1,9.612881982007));
#1968 = CARTESIAN_POINT('',(131.75,19.225763964015));
#1969 = CARTESIAN_POINT('',(131.75,-9.332217646634E-15));
#1970 = ( GEOMETRIC_REPRESENTATION_CONTEXT(2) 
PARAMETRIC_REPRESENTATION_CONTEXT() REPRESENTATION_CONTEXT('2D SPACE',''
  ) );
#1971 = PCURVE('',#1682,#1972);
#1972 = DEFINITIONAL_REPRESENTATION('',(#1973),#1977);
#1973 = LINE('',#1974,#1975);
#1974 = CARTESIAN_POINT('',(-6.28318530718,-26.4));
#1975 = VECTOR('',#1976,1.);
#1976 = DIRECTION('',(1.,-0.));
#1977 = ( GEOMETRIC_REPRESENTATION_CONTEXT(2) 
PARAMETRIC_REPRESENTATION_CONTEXT() REPRESENTATION_CONTEXT('2D SPACE',''
  ) );
#1978 = FACE_BOUND('',#1979,.T.);
#1979 = EDGE_LOOP('',(#1980));
#1980 = ORIENTED_EDGE('',*,*,#1981,.T.);
#1981 = EDGE_CURVE('',#1982,#1982,#1984,.T.);
#1982 = VERTEX_POINT('',#1983);
#1983 = CARTESIAN_POINT('',(8.62002937319E-15,-131.75,1.6));
#1984 = SURFACE_CURVE('',#1985,(#1990,#2001),.PCURVE_S1.);
#1985 = CIRCLE('',#1986,11.1);
#1986 = AXIS2_PLACEMENT_3D('',#1987,#1988,#1989);
#1987 = CARTESIAN_POINT('',(7.387681815856E-15,-120.65,1.6));
#1988 = DIRECTION('',(0.,1.224646799147E-16,1.));
#1989 = DIRECTION('',(1.110223024625E-16,-1.,1.224646799147E-16));
#1990 = PCURVE('',#1409,#1991);
#1991 = DEFINITIONAL_REPRESENTATION('',(#1992),#2000);
#1992 = ( BOUNDED_CURVE() B_SPLINE_CURVE(2,(#1993,#1994,#1995,#1996,
#1997,#1998,#1999),.UNSPECIFIED.,.T.,.F.) B_SPLINE_CURVE_WITH_KNOTS((1,2
    ,2,2,2,1),(-2.094395102393,0.,2.094395102393,4.188790204786,
6.28318530718,8.377580409573),.UNSPECIFIED.) CURVE() 
GEOMETRIC_REPRESENTATION_ITEM() RATIONAL_B_SPLINE_CURVE((1.,0.5,1.,0.5,
1.,0.5,1.)) REPRESENTATION_ITEM('') );
#1993 = CARTESIAN_POINT('',(2.365501894785E-14,131.75));
#1994 = CARTESIAN_POINT('',(19.225763964015,131.75));
#1995 = CARTESIAN_POINT('',(9.612881982007,115.1));
#1996 = CARTESIAN_POINT('',(2.267669216996E-14,98.45));
#1997 = CARTESIAN_POINT('',(-9.612881982007,115.1));
#1998 = CARTESIAN_POINT('',(-19.22576396401,131.75));
#1999 = CARTESIAN_POINT('',(2.365501894785E-14,131.75));
#2000 = ( GEOMETRIC_REPRESENTATION_CONTEXT(2) 
PARAMETRIC_REPRESENTATION_CONTEXT() REPRESENTATION_CONTEXT('2D SPACE',''
  ) );
#2001 = PCURVE('',#1717,#2002);
#2002 = DEFINITIONAL_REPRESENTATION('',(#2003),#2007);
#2003 = LINE('',#2004,#2005);
#2004 = CARTESIAN_POINT('',(-6.28318530718,-26.4));
#2005 = VECTOR('',#2006,1.);
#2006 = DIRECTION('',(1.,-0.));
#2007 = ( GEOMETRIC_REPRESENTATION_CONTEXT(2) 
PARAMETRIC_REPRESENTATION_CONTEXT() REPRESENTATION_CONTEXT('2D SPACE',''
  ) );
#2008 = FACE_BOUND('',#2009,.T.);
#2009 = EDGE_LOOP('',(#2010));
#2010 = ORIENTED_EDGE('',*,*,#2011,.T.);
#2011 = EDGE_CURVE('',#2012,#2012,#2014,.T.);
#2012 = VERTEX_POINT('',#2013);
#2013 = CARTESIAN_POINT('',(93.161318421328,-93.16131842132,1.6));
#2014 = SURFACE_CURVE('',#2015,(#2020,#2031),.PCURVE_S1.);
#2015 = CIRCLE('',#2016,11.1);
#2016 = AXIS2_PLACEMENT_3D('',#2017,#2018,#2019);
#2017 = CARTESIAN_POINT('',(85.312433150157,-85.31243315015,1.6));
#2018 = DIRECTION('',(0.,1.224646799147E-16,1.));
#2019 = DIRECTION('',(0.707106781187,-0.707106781187,8.659560562355E-17)
  );
#2020 = PCURVE('',#1409,#2021);
#2021 = DEFINITIONAL_REPRESENTATION('',(#2022),#2030);
#2022 = ( BOUNDED_CURVE() B_SPLINE_CURVE(2,(#2023,#2024,#2025,#2026,
#2027,#2028,#2029),.UNSPECIFIED.,.T.,.F.) B_SPLINE_CURVE_WITH_KNOTS((1,2
    ,2,2,2,1),(-2.094395102393,0.,2.094395102393,4.188790204786,
6.28318530718,8.377580409573),.UNSPECIFIED.) CURVE() 
GEOMETRIC_REPRESENTATION_ITEM() RATIONAL_B_SPLINE_CURVE((1.,0.5,1.,0.5,
1.,0.5,1.)) REPRESENTATION_ITEM('') );
#2023 = CARTESIAN_POINT('',(93.161318421328,93.161318421328));
#2024 = CARTESIAN_POINT('',(106.75598649377,79.566650348881));
#2025 = CARTESIAN_POINT('',(88.185324550795,74.590656478348));
#2026 = CARTESIAN_POINT('',(69.614662607816,69.614662607816));
#2027 = CARTESIAN_POINT('',(74.590656478348,88.185324550795));
#2028 = CARTESIAN_POINT('',(79.566650348881,106.75598649377));
#2029 = CARTESIAN_POINT('',(93.161318421328,93.161318421328));
#2030 = ( GEOMETRIC_REPRESENTATION_CONTEXT(2) 
PARAMETRIC_REPRESENTATION_CONTEXT() REPRESENTATION_CONTEXT('2D SPACE',''
  ) );
#2031 = PCURVE('',#1752,#2032);
#2032 = DEFINITIONAL_REPRESENTATION('',(#2033),#2037);
#2033 = LINE('',#2034,#2035);
#2034 = CARTESIAN_POINT('',(-6.28318530718,-26.4));
#2035 = VECTOR('',#2036,1.);
#2036 = DIRECTION('',(1.,-0.));
#2037 = ( GEOMETRIC_REPRESENTATION_CONTEXT(2) 
PARAMETRIC_REPRESENTATION_CONTEXT() REPRESENTATION_CONTEXT('2D SPACE',''
  ) );
#2038 = ADVANCED_FACE('',(#2039),#1476,.F.);
#2039 = FACE_BOUND('',#2040,.T.);
#2040 = EDGE_LOOP('',(#2041,#2042,#2063,#2064));
#2041 = ORIENTED_EDGE('',*,*,#1455,.T.);
#2042 = ORIENTED_EDGE('',*,*,#2043,.T.);
#2043 = EDGE_CURVE('',#1456,#1771,#2044,.T.);
#2044 = SEAM_CURVE('',#2045,(#2049,#2056),.PCURVE_S1.);
#2045 = LINE('',#2046,#2047);
#2046 = CARTESIAN_POINT('',(-93.16131842132,93.161318421328,28.));
#2047 = VECTOR('',#2048,1.);
#2048 = DIRECTION('',(0.,-1.224646799147E-16,-1.));
#2049 = PCURVE('',#1476,#2050);
#2050 = DEFINITIONAL_REPRESENTATION('',(#2051),#2055);
#2051 = LINE('',#2052,#2053);
#2052 = CARTESIAN_POINT('',(-6.28318530718,0.));
#2053 = VECTOR('',#2054,1.);
#2054 = DIRECTION('',(-0.,-1.));
#2055 = ( GEOMETRIC_REPRESENTATION_CONTEXT(2) 
PARAMETRIC_REPRESENTATION_CONTEXT() REPRESENTATION_CONTEXT('2D SPACE',''
  ) );
#2056 = PCURVE('',#1476,#2057);
#2057 = DEFINITIONAL_REPRESENTATION('',(#2058),#2062);
#2058 = LINE('',#2059,#2060);
#2059 = CARTESIAN_POINT('',(-0.,0.));
#2060 = VECTOR('',#2061,1.);
#2061 = DIRECTION('',(-0.,-1.));
#2062 = ( GEOMETRIC_REPRESENTATION_CONTEXT(2) 
PARAMETRIC_REPRESENTATION_CONTEXT() REPRESENTATION_CONTEXT('2D SPACE',''
  ) );
#2063 = ORIENTED_EDGE('',*,*,#1770,.F.);
#2064 = ORIENTED_EDGE('',*,*,#2043,.F.);
#2065 = ADVANCED_FACE('',(#2066),#1511,.F.);
#2066 = FACE_BOUND('',#2067,.T.);
#2067 = EDGE_LOOP('',(#2068,#2069,#2090,#2091));
#2068 = ORIENTED_EDGE('',*,*,#1490,.T.);
#2069 = ORIENTED_EDGE('',*,*,#2070,.T.);
#2070 = EDGE_CURVE('',#1491,#1801,#2071,.T.);
#2071 = SEAM_CURVE('',#2072,(#2076,#2083),.PCURVE_S1.);
#2072 = LINE('',#2073,#2074);
#2073 = CARTESIAN_POINT('',(-2.462774056224E-14,131.75,28.));
#2074 = VECTOR('',#2075,1.);
#2075 = DIRECTION('',(0.,-1.224646799147E-16,-1.));
#2076 = PCURVE('',#1511,#2077);
#2077 = DEFINITIONAL_REPRESENTATION('',(#2078),#2082);
#2078 = LINE('',#2079,#2080);
#2079 = CARTESIAN_POINT('',(-6.28318530718,0.));
#2080 = VECTOR('',#2081,1.);
#2081 = DIRECTION('',(-0.,-1.));
#2082 = ( GEOMETRIC_REPRESENTATION_CONTEXT(2) 
PARAMETRIC_REPRESENTATION_CONTEXT() REPRESENTATION_CONTEXT('2D SPACE',''
  ) );
#2083 = PCURVE('',#1511,#2084);
#2084 = DEFINITIONAL_REPRESENTATION('',(#2085),#2089);
#2085 = LINE('',#2086,#2087);
#2086 = CARTESIAN_POINT('',(-0.,0.));
#2087 = VECTOR('',#2088,1.);
#2088 = DIRECTION('',(-0.,-1.));
#2089 = ( GEOMETRIC_REPRESENTATION_CONTEXT(2) 
PARAMETRIC_REPRESENTATION_CONTEXT() REPRESENTATION_CONTEXT('2D SPACE',''
  ) );
#2090 = ORIENTED_EDGE('',*,*,#1800,.F.);
#2091 = ORIENTED_EDGE('',*,*,#2070,.F.);
#2092 = ADVANCED_FACE('',(#2093),#1546,.F.);
#2093 = FACE_BOUND('',#2094,.T.);
#2094 = EDGE_LOOP('',(#2095,#2096,#2117,#2118));
#2095 = ORIENTED_EDGE('',*,*,#1525,.T.);
#2096 = ORIENTED_EDGE('',*,*,#2097,.T.);
#2097 = EDGE_CURVE('',#1526,#1831,#2098,.T.);
#2098 = SEAM_CURVE('',#2099,(#2103,#2110),.PCURVE_S1.);
#2099 = LINE('',#2100,#2101);
#2100 = CARTESIAN_POINT('',(93.161318421328,93.161318421328,28.));
#2101 = VECTOR('',#2102,1.);
#2102 = DIRECTION('',(0.,-1.224646799147E-16,-1.));
#2103 = PCURVE('',#1546,#2104);
#2104 = DEFINITIONAL_REPRESENTATION('',(#2105),#2109);
#2105 = LINE('',#2106,#2107);
#2106 = CARTESIAN_POINT('',(-6.28318530718,0.));
#2107 = VECTOR('',#2108,1.);
#2108 = DIRECTION('',(-0.,-1.));
#2109 = ( GEOMETRIC_REPRESENTATION_CONTEXT(2) 
PARAMETRIC_REPRESENTATION_CONTEXT() REPRESENTATION_CONTEXT('2D SPACE',''
  ) );
#2110 = PCURVE('',#1546,#2111);
#2111 = DEFINITIONAL_REPRESENTATION('',(#2112),#2116);
#2112 = LINE('',#2113,#2114);
#2113 = CARTESIAN_POINT('',(-0.,0.));
#2114 = VECTOR('',#2115,1.);
#2115 = DIRECTION('',(-0.,-1.));
#2116 = ( GEOMETRIC_REPRESENTATION_CONTEXT(2) 
PARAMETRIC_REPRESENTATION_CONTEXT() REPRESENTATION_CONTEXT('2D SPACE',''
  ) );
#2117 = ORIENTED_EDGE('',*,*,#1830,.F.);
#2118 = ORIENTED_EDGE('',*,*,#2097,.F.);
#2119 = ADVANCED_FACE('',(#2120),#1581,.F.);
#2120 = FACE_BOUND('',#2121,.T.);
#2121 = EDGE_LOOP('',(#2122,#2123,#2144,#2145));
#2122 = ORIENTED_EDGE('',*,*,#1560,.T.);
#2123 = ORIENTED_EDGE('',*,*,#2124,.T.);
#2124 = EDGE_CURVE('',#1561,#1861,#2125,.T.);
#2125 = SEAM_CURVE('',#2126,(#2130,#2137),.PCURVE_S1.);
#2126 = LINE('',#2127,#2128);
#2127 = CARTESIAN_POINT('',(-131.75,-1.601225689885E-14,28.));
#2128 = VECTOR('',#2129,1.);
#2129 = DIRECTION('',(0.,-1.224646799147E-16,-1.));
#2130 = PCURVE('',#1581,#2131);
#2131 = DEFINITIONAL_REPRESENTATION('',(#2132),#2136);
#2132 = LINE('',#2133,#2134);
#2133 = CARTESIAN_POINT('',(-6.28318530718,0.));
#2134 = VECTOR('',#2135,1.);
#2135 = DIRECTION('',(-0.,-1.));
#2136 = ( GEOMETRIC_REPRESENTATION_CONTEXT(2) 
PARAMETRIC_REPRESENTATION_CONTEXT() REPRESENTATION_CONTEXT('2D SPACE',''
  ) );
#2137 = PCURVE('',#1581,#2138);
#2138 = DEFINITIONAL_REPRESENTATION('',(#2139),#2143);
#2139 = LINE('',#2140,#2141);
#2140 = CARTESIAN_POINT('',(-0.,0.));
#2141 = VECTOR('',#2142,1.);
#2142 = DIRECTION('',(-0.,-1.));
#2143 = ( GEOMETRIC_REPRESENTATION_CONTEXT(2) 
PARAMETRIC_REPRESENTATION_CONTEXT() REPRESENTATION_CONTEXT('2D SPACE',''
  ) );
#2144 = ORIENTED_EDGE('',*,*,#1860,.F.);
#2145 = ORIENTED_EDGE('',*,*,#2124,.F.);
#2146 = ADVANCED_FACE('',(#2147),#1616,.F.);
#2147 = FACE_BOUND('',#2148,.T.);
#2148 = EDGE_LOOP('',(#2149,#2150,#2171,#2172));
#2149 = ORIENTED_EDGE('',*,*,#1595,.T.);
#2150 = ORIENTED_EDGE('',*,*,#2151,.T.);
#2151 = EDGE_CURVE('',#1596,#1891,#2152,.T.);
#2152 = SEAM_CURVE('',#2153,(#2157,#2164),.PCURVE_S1.);
#2153 = LINE('',#2154,#2155);
#2154 = CARTESIAN_POINT('',(-93.16131842132,-93.16131842132,28.));
#2155 = VECTOR('',#2156,1.);
#2156 = DIRECTION('',(0.,-1.224646799147E-16,-1.));
#2157 = PCURVE('',#1616,#2158);
#2158 = DEFINITIONAL_REPRESENTATION('',(#2159),#2163);
#2159 = LINE('',#2160,#2161);
#2160 = CARTESIAN_POINT('',(-6.28318530718,0.));
#2161 = VECTOR('',#2162,1.);
#2162 = DIRECTION('',(-0.,-1.));
#2163 = ( GEOMETRIC_REPRESENTATION_CONTEXT(2) 
PARAMETRIC_REPRESENTATION_CONTEXT() REPRESENTATION_CONTEXT('2D SPACE',''
  ) );
#2164 = PCURVE('',#1616,#2165);
#2165 = DEFINITIONAL_REPRESENTATION('',(#2166),#2170);
#2166 = LINE('',#2167,#2168);
#2167 = CARTESIAN_POINT('',(-0.,0.));
#2168 = VECTOR('',#2169,1.);
#2169 = DIRECTION('',(-0.,-1.));
#2170 = ( GEOMETRIC_REPRESENTATION_CONTEXT(2) 
PARAMETRIC_REPRESENTATION_CONTEXT() REPRESENTATION_CONTEXT('2D SPACE',''
  ) );
#2171 = ORIENTED_EDGE('',*,*,#1890,.F.);
#2172 = ORIENTED_EDGE('',*,*,#2151,.F.);
#2173 = ADVANCED_FACE('',(#2174),#1647,.T.);
#2174 = FACE_BOUND('',#2175,.F.);
#2175 = EDGE_LOOP('',(#2176,#2177,#2200,#2227));
#2176 = ORIENTED_EDGE('',*,*,#1630,.T.);
#2177 = ORIENTED_EDGE('',*,*,#2178,.T.);
#2178 = EDGE_CURVE('',#1631,#2179,#2181,.T.);
#2179 = VERTEX_POINT('',#2180);
#2180 = CARTESIAN_POINT('',(88.9,6.123233995737E-16,32.));
#2181 = SEAM_CURVE('',#2182,(#2186,#2193),.PCURVE_S1.);
#2182 = LINE('',#2183,#2184);
#2183 = CARTESIAN_POINT('',(88.9,0.,27.));
#2184 = VECTOR('',#2185,1.);
#2185 = DIRECTION('',(0.,1.224646799147E-16,1.));
#2186 = PCURVE('',#1647,#2187);
#2187 = DEFINITIONAL_REPRESENTATION('',(#2188),#2192);
#2188 = LINE('',#2189,#2190);
#2189 = CARTESIAN_POINT('',(-0.,0.));
#2190 = VECTOR('',#2191,1.);
#2191 = DIRECTION('',(-0.,1.));
#2192 = ( GEOMETRIC_REPRESENTATION_CONTEXT(2) 
PARAMETRIC_REPRESENTATION_CONTEXT() REPRESENTATION_CONTEXT('2D SPACE',''
  ) );
#2193 = PCURVE('',#1647,#2194);
#2194 = DEFINITIONAL_REPRESENTATION('',(#2195),#2199);
#2195 = LINE('',#2196,#2197);
#2196 = CARTESIAN_POINT('',(-6.28318530718,0.));
#2197 = VECTOR('',#2198,1.);
#2198 = DIRECTION('',(-0.,1.));
#2199 = ( GEOMETRIC_REPRESENTATION_CONTEXT(2) 
PARAMETRIC_REPRESENTATION_CONTEXT() REPRESENTATION_CONTEXT('2D SPACE',''
  ) );
#2200 = ORIENTED_EDGE('',*,*,#2201,.F.);
#2201 = EDGE_CURVE('',#2179,#2179,#2202,.T.);
#2202 = SURFACE_CURVE('',#2203,(#2208,#2215),.PCURVE_S1.);
#2203 = CIRCLE('',#2204,88.9);
#2204 = AXIS2_PLACEMENT_3D('',#2205,#2206,#2207);
#2205 = CARTESIAN_POINT('',(0.,6.123233995737E-16,32.));
#2206 = DIRECTION('',(0.,-1.224646799147E-16,-1.));
#2207 = DIRECTION('',(1.,0.,0.));
#2208 = PCURVE('',#1647,#2209);
#2209 = DEFINITIONAL_REPRESENTATION('',(#2210),#2214);
#2210 = LINE('',#2211,#2212);
#2211 = CARTESIAN_POINT('',(-0.,5.));
#2212 = VECTOR('',#2213,1.);
#2213 = DIRECTION('',(-1.,0.));
#2214 = ( GEOMETRIC_REPRESENTATION_CONTEXT(2) 
PARAMETRIC_REPRESENTATION_CONTEXT() REPRESENTATION_CONTEXT('2D SPACE',''
  ) );
#2215 = PCURVE('',#2216,#2221);
#2216 = CONICAL_SURFACE('',#2217,88.9,6.4187750576E-02);
#2217 = AXIS2_PLACEMENT_3D('',#2218,#2219,#2220);
#2218 = CARTESIAN_POINT('',(0.,6.123233995737E-16,32.));
#2219 = DIRECTION('',(0.,-1.224646799147E-16,-1.));
#2220 = DIRECTION('',(1.,0.,0.));
#2221 = DEFINITIONAL_REPRESENTATION('',(#2222),#2226);
#2222 = LINE('',#2223,#2224);
#2223 = CARTESIAN_POINT('',(0.,-0.));
#2224 = VECTOR('',#2225,1.);
#2225 = DIRECTION('',(1.,-0.));
#2226 = ( GEOMETRIC_REPRESENTATION_CONTEXT(2) 
PARAMETRIC_REPRESENTATION_CONTEXT() REPRESENTATION_CONTEXT('2D SPACE',''
  ) );
#2227 = ORIENTED_EDGE('',*,*,#2178,.F.);
#2228 = ADVANCED_FACE('',(#2229),#1682,.F.);
#2229 = FACE_BOUND('',#2230,.T.);
#2230 = EDGE_LOOP('',(#2231,#2232,#2253,#2254));
#2231 = ORIENTED_EDGE('',*,*,#1661,.T.);
#2232 = ORIENTED_EDGE('',*,*,#2233,.T.);
#2233 = EDGE_CURVE('',#1662,#1952,#2234,.T.);
#2234 = SEAM_CURVE('',#2235,(#2239,#2246),.PCURVE_S1.);
#2235 = LINE('',#2236,#2237);
#2236 = CARTESIAN_POINT('',(131.75,1.224646799147E-16,28.));
#2237 = VECTOR('',#2238,1.);
#2238 = DIRECTION('',(0.,-1.224646799147E-16,-1.));
#2239 = PCURVE('',#1682,#2240);
#2240 = DEFINITIONAL_REPRESENTATION('',(#2241),#2245);
#2241 = LINE('',#2242,#2243);
#2242 = CARTESIAN_POINT('',(-6.28318530718,0.));
#2243 = VECTOR('',#2244,1.);
#2244 = DIRECTION('',(-0.,-1.));
#2245 = ( GEOMETRIC_REPRESENTATION_CONTEXT(2) 
PARAMETRIC_REPRESENTATION_CONTEXT() REPRESENTATION_CONTEXT('2D SPACE',''
  ) );
#2246 = PCURVE('',#1682,#2247);
#2247 = DEFINITIONAL_REPRESENTATION('',(#2248),#2252);
#2248 = LINE('',#2249,#2250);
#2249 = CARTESIAN_POINT('',(-0.,0.));
#2250 = VECTOR('',#2251,1.);
#2251 = DIRECTION('',(-0.,-1.));
#2252 = ( GEOMETRIC_REPRESENTATION_CONTEXT(2) 
PARAMETRIC_REPRESENTATION_CONTEXT() REPRESENTATION_CONTEXT('2D SPACE',''
  ) );
#2253 = ORIENTED_EDGE('',*,*,#1951,.F.);
#2254 = ORIENTED_EDGE('',*,*,#2233,.F.);
#2255 = ADVANCED_FACE('',(#2256),#1717,.F.);
#2256 = FACE_BOUND('',#2257,.T.);
#2257 = EDGE_LOOP('',(#2258,#2259,#2280,#2281));
#2258 = ORIENTED_EDGE('',*,*,#1696,.T.);
#2259 = ORIENTED_EDGE('',*,*,#2260,.T.);
#2260 = EDGE_CURVE('',#1697,#1982,#2261,.T.);
#2261 = SEAM_CURVE('',#2262,(#2266,#2273),.PCURVE_S1.);
#2262 = LINE('',#2263,#2264);
#2263 = CARTESIAN_POINT('',(8.62002937319E-15,-131.75,28.));
#2264 = VECTOR('',#2265,1.);
#2265 = DIRECTION('',(0.,-1.224646799147E-16,-1.));
#2266 = PCURVE('',#1717,#2267);
#2267 = DEFINITIONAL_REPRESENTATION('',(#2268),#2272);
#2268 = LINE('',#2269,#2270);
#2269 = CARTESIAN_POINT('',(-6.28318530718,0.));
#2270 = VECTOR('',#2271,1.);
#2271 = DIRECTION('',(-0.,-1.));
#2272 = ( GEOMETRIC_REPRESENTATION_CONTEXT(2) 
PARAMETRIC_REPRESENTATION_CONTEXT() REPRESENTATION_CONTEXT('2D SPACE',''
  ) );
#2273 = PCURVE('',#1717,#2274);
#2274 = DEFINITIONAL_REPRESENTATION('',(#2275),#2279);
#2275 = LINE('',#2276,#2277);
#2276 = CARTESIAN_POINT('',(-0.,0.));
#2277 = VECTOR('',#2278,1.);
#2278 = DIRECTION('',(-0.,-1.));
#2279 = ( GEOMETRIC_REPRESENTATION_CONTEXT(2) 
PARAMETRIC_REPRESENTATION_CONTEXT() REPRESENTATION_CONTEXT('2D SPACE',''
  ) );
#2280 = ORIENTED_EDGE('',*,*,#1981,.F.);
#2281 = ORIENTED_EDGE('',*,*,#2260,.F.);
#2282 = ADVANCED_FACE('',(#2283),#1752,.F.);
#2283 = FACE_BOUND('',#2284,.T.);
#2284 = EDGE_LOOP('',(#2285,#2286,#2307,#2308));
#2285 = ORIENTED_EDGE('',*,*,#1731,.T.);
#2286 = ORIENTED_EDGE('',*,*,#2287,.T.);
#2287 = EDGE_CURVE('',#1732,#2012,#2288,.T.);
#2288 = SEAM_CURVE('',#2289,(#2293,#2300),.PCURVE_S1.);
#2289 = LINE('',#2290,#2291);
#2290 = CARTESIAN_POINT('',(93.161318421328,-93.16131842132,28.));
#2291 = VECTOR('',#2292,1.);
#2292 = DIRECTION('',(0.,-1.224646799147E-16,-1.));
#2293 = PCURVE('',#1752,#2294);
#2294 = DEFINITIONAL_REPRESENTATION('',(#2295),#2299);
#2295 = LINE('',#2296,#2297);
#2296 = CARTESIAN_POINT('',(-6.28318530718,0.));
#2297 = VECTOR('',#2298,1.);
#2298 = DIRECTION('',(-0.,-1.));
#2299 = ( GEOMETRIC_REPRESENTATION_CONTEXT(2) 
PARAMETRIC_REPRESENTATION_CONTEXT() REPRESENTATION_CONTEXT('2D SPACE',''
  ) );
#2300 = PCURVE('',#1752,#2301);
#2301 = DEFINITIONAL_REPRESENTATION('',(#2302),#2306);
#2302 = LINE('',#2303,#2304);
#2303 = CARTESIAN_POINT('',(-0.,0.));
#2304 = VECTOR('',#2305,1.);
#2305 = DIRECTION('',(-0.,-1.));
#2306 = ( GEOMETRIC_REPRESENTATION_CONTEXT(2) 
PARAMETRIC_REPRESENTATION_CONTEXT() REPRESENTATION_CONTEXT('2D SPACE',''
  ) );
#2307 = ORIENTED_EDGE('',*,*,#2011,.F.);
#2308 = ORIENTED_EDGE('',*,*,#2287,.F.);
#2309 = ADVANCED_FACE('',(#2310),#1937,.T.);
#2310 = FACE_BOUND('',#2311,.F.);
#2311 = EDGE_LOOP('',(#2312,#2335,#2362,#2363));
#2312 = ORIENTED_EDGE('',*,*,#2313,.T.);
#2313 = EDGE_CURVE('',#1921,#2314,#2316,.T.);
#2314 = VERTEX_POINT('',#2315);
#2315 = CARTESIAN_POINT('',(107.95,-3.306546357698E-15,0.));
#2316 = SEAM_CURVE('',#2317,(#2321,#2328),.PCURVE_S1.);
#2317 = LINE('',#2318,#2319);
#2318 = CARTESIAN_POINT('',(107.95,-3.110602869834E-15,1.6));
#2319 = VECTOR('',#2320,1.);
#2320 = DIRECTION('',(0.,-1.224646799147E-16,-1.));
#2321 = PCURVE('',#1937,#2322);
#2322 = DEFINITIONAL_REPRESENTATION('',(#2323),#2327);
#2323 = LINE('',#2324,#2325);
#2324 = CARTESIAN_POINT('',(-0.,0.));
#2325 = VECTOR('',#2326,1.);
#2326 = DIRECTION('',(-0.,-1.));
#2327 = ( GEOMETRIC_REPRESENTATION_CONTEXT(2) 
PARAMETRIC_REPRESENTATION_CONTEXT() REPRESENTATION_CONTEXT('2D SPACE',''
  ) );
#2328 = PCURVE('',#1937,#2329);
#2329 = DEFINITIONAL_REPRESENTATION('',(#2330),#2334);
#2330 = LINE('',#2331,#2332);
#2331 = CARTESIAN_POINT('',(-6.28318530718,0.));
#2332 = VECTOR('',#2333,1.);
#2333 = DIRECTION('',(-0.,-1.));
#2334 = ( GEOMETRIC_REPRESENTATION_CONTEXT(2) 
PARAMETRIC_REPRESENTATION_CONTEXT() REPRESENTATION_CONTEXT('2D SPACE',''
  ) );
#2335 = ORIENTED_EDGE('',*,*,#2336,.T.);
#2336 = EDGE_CURVE('',#2314,#2314,#2337,.T.);
#2337 = SURFACE_CURVE('',#2338,(#2343,#2350),.PCURVE_S1.);
#2338 = CIRCLE('',#2339,107.95);
#2339 = AXIS2_PLACEMENT_3D('',#2340,#2341,#2342);
#2340 = CARTESIAN_POINT('',(0.,-3.306546357698E-15,0.));
#2341 = DIRECTION('',(0.,-1.224646799147E-16,-1.));
#2342 = DIRECTION('',(1.,0.,0.));
#2343 = PCURVE('',#1937,#2344);
#2344 = DEFINITIONAL_REPRESENTATION('',(#2345),#2349);
#2345 = LINE('',#2346,#2347);
#2346 = CARTESIAN_POINT('',(-0.,-1.6));
#2347 = VECTOR('',#2348,1.);
#2348 = DIRECTION('',(-1.,0.));
#2349 = ( GEOMETRIC_REPRESENTATION_CONTEXT(2) 
PARAMETRIC_REPRESENTATION_CONTEXT() REPRESENTATION_CONTEXT('2D SPACE',''
  ) );
#2350 = PCURVE('',#2351,#2356);
#2351 = PLANE('',#2352);
#2352 = AXIS2_PLACEMENT_3D('',#2353,#2354,#2355);
#2353 = CARTESIAN_POINT('',(-6.485681777306E-15,-5.385540736072E-15,
    -3.552713678801E-15));
#2354 = DIRECTION('',(0.,-1.224646799147E-16,-1.));
#2355 = DIRECTION('',(1.,0.,0.));
#2356 = DEFINITIONAL_REPRESENTATION('',(#2357),#2361);
#2357 = CIRCLE('',#2358,107.95);
#2358 = AXIS2_PLACEMENT_2D('',#2359,#2360);
#2359 = CARTESIAN_POINT('',(6.485681777306E-15,-2.078994378374E-15));
#2360 = DIRECTION('',(1.,0.));
#2361 = ( GEOMETRIC_REPRESENTATION_CONTEXT(2) 
PARAMETRIC_REPRESENTATION_CONTEXT() REPRESENTATION_CONTEXT('2D SPACE',''
  ) );
#2362 = ORIENTED_EDGE('',*,*,#2313,.F.);
#2363 = ORIENTED_EDGE('',*,*,#1920,.F.);
#2364 = ADVANCED_FACE('',(#2365),#2216,.T.);
#2365 = FACE_BOUND('',#2366,.F.);
#2366 = EDGE_LOOP('',(#2367,#2368,#2391,#2418));
#2367 = ORIENTED_EDGE('',*,*,#2201,.T.);
#2368 = ORIENTED_EDGE('',*,*,#2369,.T.);
#2369 = EDGE_CURVE('',#2179,#2370,#2372,.T.);
#2370 = VERTEX_POINT('',#2371);
#2371 = CARTESIAN_POINT('',(84.15,9.662463245273E-15,105.9));
#2372 = SEAM_CURVE('',#2373,(#2377,#2384),.PCURVE_S1.);
#2373 = LINE('',#2374,#2375);
#2374 = CARTESIAN_POINT('',(88.9,6.123233995737E-16,32.));
#2375 = VECTOR('',#2376,1.);
#2376 = DIRECTION('',(-6.414368334602E-02,1.222124851578E-16,
    0.997940673531));
#2377 = PCURVE('',#2216,#2378);
#2378 = DEFINITIONAL_REPRESENTATION('',(#2379),#2383);
#2379 = LINE('',#2380,#2381);
#2380 = CARTESIAN_POINT('',(0.,-0.));
#2381 = VECTOR('',#2382,1.);
#2382 = DIRECTION('',(0.,-1.));
#2383 = ( GEOMETRIC_REPRESENTATION_CONTEXT(2) 
PARAMETRIC_REPRESENTATION_CONTEXT() REPRESENTATION_CONTEXT('2D SPACE',''
  ) );
#2384 = PCURVE('',#2216,#2385);
#2385 = DEFINITIONAL_REPRESENTATION('',(#2386),#2390);
#2386 = LINE('',#2387,#2388);
#2387 = CARTESIAN_POINT('',(6.28318530718,-0.));
#2388 = VECTOR('',#2389,1.);
#2389 = DIRECTION('',(0.,-1.));
#2390 = ( GEOMETRIC_REPRESENTATION_CONTEXT(2) 
PARAMETRIC_REPRESENTATION_CONTEXT() REPRESENTATION_CONTEXT('2D SPACE',''
  ) );
#2391 = ORIENTED_EDGE('',*,*,#2392,.F.);
#2392 = EDGE_CURVE('',#2370,#2370,#2393,.T.);
#2393 = SURFACE_CURVE('',#2394,(#2399,#2406),.PCURVE_S1.);
#2394 = CIRCLE('',#2395,84.15);
#2395 = AXIS2_PLACEMENT_3D('',#2396,#2397,#2398);
#2396 = CARTESIAN_POINT('',(0.,9.662463245273E-15,105.9));
#2397 = DIRECTION('',(0.,-1.224646799147E-16,-1.));
#2398 = DIRECTION('',(1.,0.,0.));
#2399 = PCURVE('',#2216,#2400);
#2400 = DEFINITIONAL_REPRESENTATION('',(#2401),#2405);
#2401 = LINE('',#2402,#2403);
#2402 = CARTESIAN_POINT('',(0.,-73.9));
#2403 = VECTOR('',#2404,1.);
#2404 = DIRECTION('',(1.,-0.));
#2405 = ( GEOMETRIC_REPRESENTATION_CONTEXT(2) 
PARAMETRIC_REPRESENTATION_CONTEXT() REPRESENTATION_CONTEXT('2D SPACE',''
  ) );
#2406 = PCURVE('',#2407,#2412);
#2407 = CYLINDRICAL_SURFACE('',#2408,84.15);
#2408 = AXIS2_PLACEMENT_3D('',#2409,#2410,#2411);
#2409 = CARTESIAN_POINT('',(0.,9.662463245273E-15,105.9));
#2410 = DIRECTION('',(-0.,1.224646799147E-16,1.));
#2411 = DIRECTION('',(1.,0.,0.));
#2412 = DEFINITIONAL_REPRESENTATION('',(#2413),#2417);
#2413 = LINE('',#2414,#2415);
#2414 = CARTESIAN_POINT('',(-0.,0.));
#2415 = VECTOR('',#2416,1.);
#2416 = DIRECTION('',(-1.,0.));
#2417 = ( GEOMETRIC_REPRESENTATION_CONTEXT(2) 
PARAMETRIC_REPRESENTATION_CONTEXT() REPRESENTATION_CONTEXT('2D SPACE',''
  ) );
#2418 = ORIENTED_EDGE('',*,*,#2369,.F.);
#2419 = ADVANCED_FACE('',(#2420,#2423),#2351,.T.);
#2420 = FACE_BOUND('',#2421,.T.);
#2421 = EDGE_LOOP('',(#2422));
#2422 = ORIENTED_EDGE('',*,*,#2336,.T.);
#2423 = FACE_BOUND('',#2424,.T.);
#2424 = EDGE_LOOP('',(#2425));
#2425 = ORIENTED_EDGE('',*,*,#2426,.T.);
#2426 = EDGE_CURVE('',#2427,#2427,#2429,.T.);
#2427 = VERTEX_POINT('',#2428);
#2428 = CARTESIAN_POINT('',(77.04,-3.306546357698E-15,0.));
#2429 = SURFACE_CURVE('',#2430,(#2435,#2446),.PCURVE_S1.);
#2430 = CIRCLE('',#2431,77.04);
#2431 = AXIS2_PLACEMENT_3D('',#2432,#2433,#2434);
#2432 = CARTESIAN_POINT('',(0.,-3.306546357698E-15,0.));
#2433 = DIRECTION('',(-0.,1.224646799147E-16,1.));
#2434 = DIRECTION('',(1.,0.,0.));
#2435 = PCURVE('',#2351,#2436);
#2436 = DEFINITIONAL_REPRESENTATION('',(#2437),#2445);
#2437 = ( BOUNDED_CURVE() B_SPLINE_CURVE(2,(#2438,#2439,#2440,#2441,
#2442,#2443,#2444),.UNSPECIFIED.,.T.,.F.) B_SPLINE_CURVE_WITH_KNOTS((1,2
    ,2,2,2,1),(-2.094395102393,0.,2.094395102393,4.188790204786,
6.28318530718,8.377580409573),.UNSPECIFIED.) CURVE() 
GEOMETRIC_REPRESENTATION_ITEM() RATIONAL_B_SPLINE_CURVE((1.,0.5,1.,0.5,
1.,0.5,1.)) REPRESENTATION_ITEM('') );
#2438 = CARTESIAN_POINT('',(77.04,-2.078994378374E-15));
#2439 = CARTESIAN_POINT('',(77.04,-133.4371942151));
#2440 = CARTESIAN_POINT('',(-38.52,-66.71859710755));
#2441 = CARTESIAN_POINT('',(-154.08,-2.094835225964E-14));
#2442 = CARTESIAN_POINT('',(-38.52,66.718597107553));
#2443 = CARTESIAN_POINT('',(77.04,133.4371942151));
#2444 = CARTESIAN_POINT('',(77.04,-2.078994378374E-15));
#2445 = ( GEOMETRIC_REPRESENTATION_CONTEXT(2) 
PARAMETRIC_REPRESENTATION_CONTEXT() REPRESENTATION_CONTEXT('2D SPACE',''
  ) );
#2446 = PCURVE('',#2447,#2452);
#2447 = CYLINDRICAL_SURFACE('',#2448,77.04);
#2448 = AXIS2_PLACEMENT_3D('',#2449,#2450,#2451);
#2449 = CARTESIAN_POINT('',(0.,1.100957472433E-14,116.9));
#2450 = DIRECTION('',(-0.,1.224646799147E-16,1.));
#2451 = DIRECTION('',(1.,0.,0.));
#2452 = DEFINITIONAL_REPRESENTATION('',(#2453),#2457);
#2453 = LINE('',#2454,#2455);
#2454 = CARTESIAN_POINT('',(-6.28318530718,-116.9));
#2455 = VECTOR('',#2456,1.);
#2456 = DIRECTION('',(1.,-0.));
#2457 = ( GEOMETRIC_REPRESENTATION_CONTEXT(2) 
PARAMETRIC_REPRESENTATION_CONTEXT() REPRESENTATION_CONTEXT('2D SPACE',''
  ) );
#2458 = ADVANCED_FACE('',(#2459),#2407,.T.);
#2459 = FACE_BOUND('',#2460,.F.);
#2460 = EDGE_LOOP('',(#2461,#2462,#2485,#2512));
#2461 = ORIENTED_EDGE('',*,*,#2392,.T.);
#2462 = ORIENTED_EDGE('',*,*,#2463,.T.);
#2463 = EDGE_CURVE('',#2370,#2464,#2466,.T.);
#2464 = VERTEX_POINT('',#2465);
#2465 = CARTESIAN_POINT('',(84.15,1.051971600468E-14,112.9));
#2466 = SEAM_CURVE('',#2467,(#2471,#2478),.PCURVE_S1.);
#2467 = LINE('',#2468,#2469);
#2468 = CARTESIAN_POINT('',(84.15,9.662463245273E-15,105.9));
#2469 = VECTOR('',#2470,1.);
#2470 = DIRECTION('',(0.,1.224646799147E-16,1.));
#2471 = PCURVE('',#2407,#2472);
#2472 = DEFINITIONAL_REPRESENTATION('',(#2473),#2477);
#2473 = LINE('',#2474,#2475);
#2474 = CARTESIAN_POINT('',(-0.,0.));
#2475 = VECTOR('',#2476,1.);
#2476 = DIRECTION('',(-0.,1.));
#2477 = ( GEOMETRIC_REPRESENTATION_CONTEXT(2) 
PARAMETRIC_REPRESENTATION_CONTEXT() REPRESENTATION_CONTEXT('2D SPACE',''
  ) );
#2478 = PCURVE('',#2407,#2479);
#2479 = DEFINITIONAL_REPRESENTATION('',(#2480),#2484);
#2480 = LINE('',#2481,#2482);
#2481 = CARTESIAN_POINT('',(-6.28318530718,0.));
#2482 = VECTOR('',#2483,1.);
#2483 = DIRECTION('',(-0.,1.));
#2484 = ( GEOMETRIC_REPRESENTATION_CONTEXT(2) 
PARAMETRIC_REPRESENTATION_CONTEXT() REPRESENTATION_CONTEXT('2D SPACE',''
  ) );
#2485 = ORIENTED_EDGE('',*,*,#2486,.F.);
#2486 = EDGE_CURVE('',#2464,#2464,#2487,.T.);
#2487 = SURFACE_CURVE('',#2488,(#2493,#2500),.PCURVE_S1.);
#2488 = CIRCLE('',#2489,84.15);
#2489 = AXIS2_PLACEMENT_3D('',#2490,#2491,#2492);
#2490 = CARTESIAN_POINT('',(0.,1.051971600468E-14,112.9));
#2491 = DIRECTION('',(0.,-1.224646799147E-16,-1.));
#2492 = DIRECTION('',(1.,0.,0.));
#2493 = PCURVE('',#2407,#2494);
#2494 = DEFINITIONAL_REPRESENTATION('',(#2495),#2499);
#2495 = LINE('',#2496,#2497);
#2496 = CARTESIAN_POINT('',(-0.,7.));
#2497 = VECTOR('',#2498,1.);
#2498 = DIRECTION('',(-1.,0.));
#2499 = ( GEOMETRIC_REPRESENTATION_CONTEXT(2) 
PARAMETRIC_REPRESENTATION_CONTEXT() REPRESENTATION_CONTEXT('2D SPACE',''
  ) );
#2500 = PCURVE('',#2501,#2506);
#2501 = PLANE('',#2502);
#2502 = AXIS2_PLACEMENT_3D('',#2503,#2504,#2505);
#2503 = CARTESIAN_POINT('',(0.,1.051971600468E-14,112.9));
#2504 = DIRECTION('',(0.,-1.224646799147E-16,-1.));
#2505 = DIRECTION('',(1.,0.,0.));
#2506 = DEFINITIONAL_REPRESENTATION('',(#2507),#2511);
#2507 = CIRCLE('',#2508,84.15);
#2508 = AXIS2_PLACEMENT_2D('',#2509,#2510);
#2509 = CARTESIAN_POINT('',(0.,0.));
#2510 = DIRECTION('',(1.,0.));
#2511 = ( GEOMETRIC_REPRESENTATION_CONTEXT(2) 
PARAMETRIC_REPRESENTATION_CONTEXT() REPRESENTATION_CONTEXT('2D SPACE',''
  ) );
#2512 = ORIENTED_EDGE('',*,*,#2463,.F.);
#2513 = ADVANCED_FACE('',(#2514),#2447,.F.);
#2514 = FACE_BOUND('',#2515,.T.);
#2515 = EDGE_LOOP('',(#2516,#2517,#2540,#2562));
#2516 = ORIENTED_EDGE('',*,*,#2426,.F.);
#2517 = ORIENTED_EDGE('',*,*,#2518,.T.);
#2518 = EDGE_CURVE('',#2427,#2519,#2521,.T.);
#2519 = VERTEX_POINT('',#2520);
#2520 = CARTESIAN_POINT('',(77.04,1.051971600468E-14,112.9));
#2521 = SEAM_CURVE('',#2522,(#2526,#2533),.PCURVE_S1.);
#2522 = LINE('',#2523,#2524);
#2523 = CARTESIAN_POINT('',(77.04,-3.306546357698E-15,0.));
#2524 = VECTOR('',#2525,1.);
#2525 = DIRECTION('',(0.,1.224646799147E-16,1.));
#2526 = PCURVE('',#2447,#2527);
#2527 = DEFINITIONAL_REPRESENTATION('',(#2528),#2532);
#2528 = LINE('',#2529,#2530);
#2529 = CARTESIAN_POINT('',(-6.28318530718,-116.9));
#2530 = VECTOR('',#2531,1.);
#2531 = DIRECTION('',(0.,1.));
#2532 = ( GEOMETRIC_REPRESENTATION_CONTEXT(2) 
PARAMETRIC_REPRESENTATION_CONTEXT() REPRESENTATION_CONTEXT('2D SPACE',''
  ) );
#2533 = PCURVE('',#2447,#2534);
#2534 = DEFINITIONAL_REPRESENTATION('',(#2535),#2539);
#2535 = LINE('',#2536,#2537);
#2536 = CARTESIAN_POINT('',(-0.,-116.9));
#2537 = VECTOR('',#2538,1.);
#2538 = DIRECTION('',(0.,1.));
#2539 = ( GEOMETRIC_REPRESENTATION_CONTEXT(2) 
PARAMETRIC_REPRESENTATION_CONTEXT() REPRESENTATION_CONTEXT('2D SPACE',''
  ) );
#2540 = ORIENTED_EDGE('',*,*,#2541,.F.);
#2541 = EDGE_CURVE('',#2519,#2519,#2542,.T.);
#2542 = SURFACE_CURVE('',#2543,(#2548,#2555),.PCURVE_S1.);
#2543 = CIRCLE('',#2544,77.04);
#2544 = AXIS2_PLACEMENT_3D('',#2545,#2546,#2547);
#2545 = CARTESIAN_POINT('',(0.,1.051971600468E-14,112.9));
#2546 = DIRECTION('',(0.,-1.224646799147E-16,-1.));
#2547 = DIRECTION('',(1.,0.,0.));
#2548 = PCURVE('',#2447,#2549);
#2549 = DEFINITIONAL_REPRESENTATION('',(#2550),#2554);
#2550 = LINE('',#2551,#2552);
#2551 = CARTESIAN_POINT('',(-0.,-4.));
#2552 = VECTOR('',#2553,1.);
#2553 = DIRECTION('',(-1.,0.));
#2554 = ( GEOMETRIC_REPRESENTATION_CONTEXT(2) 
PARAMETRIC_REPRESENTATION_CONTEXT() REPRESENTATION_CONTEXT('2D SPACE',''
  ) );
#2555 = PCURVE('',#2501,#2556);
#2556 = DEFINITIONAL_REPRESENTATION('',(#2557),#2561);
#2557 = CIRCLE('',#2558,77.04);
#2558 = AXIS2_PLACEMENT_2D('',#2559,#2560);
#2559 = CARTESIAN_POINT('',(0.,0.));
#2560 = DIRECTION('',(1.,0.));
#2561 = ( GEOMETRIC_REPRESENTATION_CONTEXT(2) 
PARAMETRIC_REPRESENTATION_CONTEXT() REPRESENTATION_CONTEXT('2D SPACE',''
  ) );
#2562 = ORIENTED_EDGE('',*,*,#2518,.F.);
#2563 = ADVANCED_FACE('',(#2564,#2567),#2501,.F.);
#2564 = FACE_BOUND('',#2565,.F.);
#2565 = EDGE_LOOP('',(#2566));
#2566 = ORIENTED_EDGE('',*,*,#2486,.T.);
#2567 = FACE_BOUND('',#2568,.F.);
#2568 = EDGE_LOOP('',(#2569));
#2569 = ORIENTED_EDGE('',*,*,#2541,.F.);
#2570 = ( GEOMETRIC_REPRESENTATION_CONTEXT(3) 
GLOBAL_UNCERTAINTY_ASSIGNED_CONTEXT((#2574)) 
GLOBAL_UNIT_ASSIGNED_CONTEXT((#2571,#2572,#2573)) REPRESENTATION_CONTEXT
('Context #1','3D Context with UNIT and UNCERTAINTY') );
#2571 = ( LENGTH_UNIT() NAMED_UNIT(*) SI_UNIT(.MILLI.,.METRE.) );
#2572 = ( NAMED_UNIT(*) PLANE_ANGLE_UNIT() SI_UNIT($,.RADIAN.) );
#2573 = ( NAMED_UNIT(*) SI_UNIT($,.STERADIAN.) SOLID_ANGLE_UNIT() );
#2574 = UNCERTAINTY_MEASURE_WITH_UNIT(LENGTH_MEASURE(1.E-07),#2571,
  'distance_accuracy_value','confusion accuracy');
#2575 = CONTEXT_DEPENDENT_SHAPE_REPRESENTATION(#2576,#2578);
#2576 = ( REPRESENTATION_RELATIONSHIP('','',#1357,#10) 
REPRESENTATION_RELATIONSHIP_WITH_TRANSFORMATION(#2577) 
SHAPE_REPRESENTATION_RELATIONSHIP() );
#2577 = ITEM_DEFINED_TRANSFORMATION('','',#11,#19);
#2578 = PRODUCT_DEFINITION_SHAPE('Placement','Placement of an item',
  #2579);
#2579 = NEXT_ASSEMBLY_USAGE_OCCURRENCE('8','','',#5,#1352,$);
#2580 = PRODUCT_RELATED_PRODUCT_CATEGORY('part',$,(#1354));
ENDSEC;
END-ISO-10303-21;
